,Group,C(semantic_role)[T.patient],C(syntactic_role)[T.subject],C(valence)[T.-val],C(dominance)[T.-dom]
Group,1.855058699275849,0.0949604881254093,-0.15545225049143085,0.07006578062300528,0.03670087341533044
C(semantic_role)[T.patient],0.0949604881254093,0.010834749090796117,-0.0029374015115496022,0.003692151796248884,0.000802455678799896
C(syntactic_role)[T.subject],-0.15545225049143085,-0.0029374015115496022,0.04862391208952204,-0.003448148334543581,-0.0025940966152662452
C(valence)[T.-val],0.07006578062300528,0.003692151796248884,-0.003448148334543581,0.004841553956211142,0.001046806723238958
C(dominance)[T.-dom],0.03670087341533044,0.000802455678799896,-0.0025940966152662452,0.001046806723238958,0.003154767336183858
