,Group,C(semantic_role)[T.patient],C(syntactic_role)[T.subject]
Group,1.2538745207906847,0.059920486227538323,-0.04819785880407613
C(semantic_role)[T.patient],0.059920486227538323,0.005376626519807515,0.0014613285090026942
C(syntactic_role)[T.subject],-0.04819785880407613,0.0014613285090026942,0.019135987898622357
