,Group,C(semantic_role)[T.patient],C(syntactic_role)[T.subject],C(valence)[T.-val],C(dominance)[T.-dom]
Group,1.3550536641089068,0.0325323608644477,-0.1091179190648092,0.13547185471942258,0.0812911145498704
C(semantic_role)[T.patient],0.0325323608644477,0.002707029458893567,-0.0016138348840256092,0.0036844141198124013,-0.0007403934943926727
C(syntactic_role)[T.subject],-0.1091179190648092,-0.0016138348840256092,0.030414679987306174,-0.013931534805903945,-0.0003416475181478943
C(valence)[T.-val],0.13547185471942258,0.0036844141198124013,-0.013931534805903945,0.015812699841932922,0.004951887538646676
C(dominance)[T.-dom],0.0812911145498704,-0.0007403934943926727,-0.0003416475181478943,0.004951887538646676,0.01414401397826351
