,Group,C(semantic_role)[T.patient],C(syntactic_role)[T.subject],C(valence)[T.-val],C(dominance)[T.-dom]
Group,1.510058306791089,0.0743333191823073,-0.01311555602068011,0.11222967445229003,-0.015661193233163374
C(semantic_role)[T.patient],0.0743333191823073,0.005413220576124042,0.003627903917396689,0.006080914941051705,-0.001986077800174801
C(syntactic_role)[T.subject],-0.01311555602068011,0.003627903917396689,0.04022681625324372,0.0023676177943630604,0.0027208381272445406
C(valence)[T.-val],0.11222967445229003,0.006080914941051705,0.0023676177943630604,0.012431498510115829,-0.0028446160795569052
C(dominance)[T.-dom],-0.015661193233163374,-0.001986077800174801,0.0027208381272445406,-0.0028446160795569052,0.004279827891278514
