,Group,C(semantic_role)[T.patient],C(syntactic_role)[T.subject],C(valence)[T.-val],C(dominance)[T.-dom]
Group,1.513520043376114,0.06571911661435333,-0.017842084026623708,0.12251324499826556,-0.02597501358034218
C(semantic_role)[T.patient],0.06571911661435333,0.004674947641100685,0.0036852782629156378,0.006012812147647886,-0.002356525963270436
C(syntactic_role)[T.subject],-0.017842084026623708,0.0036852782629156378,0.039581248224816096,0.0021840967323691484,0.002600221143813695
C(valence)[T.-val],0.12251324499826556,0.006012812147647886,0.0021840967323691484,0.014328546245112228,-0.003994660353635815
C(dominance)[T.-dom],-0.02597501358034218,-0.002356525963270436,0.002600221143813695,-0.003994660353635815,0.004723593953843278
