,Group,C(semantic_role)[T.patient],C(syntactic_role)[T.subject],C(valence)[T.-val],C(dominance)[T.-dom]
Group,1.8538798981361875,0.0949161195492225,-0.15524797857339706,0.06999593635067355,0.03668250234892441
C(semantic_role)[T.patient],0.0949161195492225,0.01083313856820131,-0.0029302800293735934,0.003689442954522303,0.000801752938639492
C(syntactic_role)[T.subject],-0.15524797857339706,-0.0029302800293735934,0.04858359116272819,-0.0034370161904568658,-0.002590881764456669
C(valence)[T.-val],0.06999593635067355,0.003689442954522303,-0.0034370161904568658,0.0048373593298004875,0.0010457669921979478
C(dominance)[T.-dom],0.03668250234892441,0.000801752938639492,-0.002590881764456669,0.0010457669921979478,0.0031546849493940166
