,Group,C(semantic_role)[T.patient],C(syntactic_role)[T.subject],C(valence)[T.-val],C(dominance)[T.-dom]
Group,1.8638812287460582,0.08126183932065992,-0.14201185040621017,0.06109359501341177,0.04607907212260151
C(semantic_role)[T.patient],0.08126183932065992,0.008930760529791831,-0.001296561495472077,0.002304361325270124,0.0013859808598092808
C(syntactic_role)[T.subject],-0.14201185040621017,-0.001296561495472077,0.04643988596270758,-0.0034858260418995997,-0.0016791790158097854
C(valence)[T.-val],0.06109359501341177,0.002304361325270124,-0.0034858260418995997,0.004151790447471096,0.0006631173777927071
C(dominance)[T.-dom],0.04607907212260151,0.0013859808598092808,-0.0016791790158097854,0.0006631173777927071,0.004533614134866329
