,Group,C(semantic_role)[T.patient],C(syntactic_role)[T.subject]
Group,1.254272203677829,0.059992142301987406,-0.04811715661695294
C(semantic_role)[T.patient],0.059992142301987406,0.0053817683392496,0.001466810926788475
C(syntactic_role)[T.subject],-0.04811715661695294,0.001466810926788475,0.019117480166371485
