,Group,C(semantic_role)[T.patient],C(syntactic_role)[T.subject]
Group,1.253681214697022,0.05990132619903494,-0.048314135668872035
C(semantic_role)[T.patient],0.05990132619903494,0.005370769998260025,0.001458647751263853
C(syntactic_role)[T.subject],-0.048314135668872035,0.001458647751263853,0.019140954485910834
