,Group,C(semantic_role)[T.patient],C(syntactic_role)[T.subject],C(valence)[T.-val],C(dominance)[T.-dom]
Group,3.3492721347700494,0.2943501992626453,-0.20148026598690216,0.1263414989651018,0.04655554970744273
C(semantic_role)[T.patient],0.2943501992626453,0.04022180726567059,-0.008558612660008366,0.01011617602386034,0.0012552621425584618
C(syntactic_role)[T.subject],-0.20148026598690216,-0.008558612660008366,0.050414343645147235,-0.005500787840611438,-0.0027357913740300673
C(valence)[T.-val],0.1263414989651018,0.01011617602386034,-0.005500787840611438,0.007333162000670141,0.0016425314311823373
C(dominance)[T.-dom],0.04655554970744273,0.0012552621425584618,-0.0027357913740300673,0.0016425314311823373,0.0037132589442500116
