,Group,C(semantic_role)[T.patient],C(syntactic_role)[T.subject]
Group,0.8154388733443176,0.008260050348945568,0.03879555578160207
C(semantic_role)[T.patient],0.008260050348945568,0.004437955733599378,0.0033167506794289196
C(syntactic_role)[T.subject],0.03879555578160207,0.0033167506794289196,0.030545141539950714
