,Group,C(semantic_role)[T.patient],C(syntactic_role)[T.subject],C(valence)[T.-val],C(dominance)[T.-dom]
Group,1.865811140451056,0.09531779934697193,-0.15591946402621734,0.07052840120770065,0.036652180564488344
C(semantic_role)[T.patient],0.09531779934697193,0.010900558009955295,-0.0029055977771993875,0.0036757305443750367,0.0008008458710038819
C(syntactic_role)[T.subject],-0.15591946402621734,-0.0029055977771993875,0.04865123485142186,-0.0034610095321371778,-0.002597896284681582
C(valence)[T.-val],0.07052840120770065,0.0036757305443750367,-0.0034610095321371778,0.004834178799258592,0.0010486748640943595
C(dominance)[T.-dom],0.036652180564488344,0.0008008458710038819,-0.002597896284681582,0.0010486748640943595,0.003145230537501821
