,Group,C(semantic_role)[T.patient],C(syntactic_role)[T.subject],C(valence)[T.-val],C(dominance)[T.-dom]
Group,1.0969658916385951,-0.01646436727571958,0.07189978548896116,0.020704287188806656,0.026987588152432247
C(semantic_role)[T.patient],-0.01646436727571958,0.0016811635002242952,0.0005702326051072526,-0.0001866556047764629,-0.0003814657563919676
C(syntactic_role)[T.subject],0.07189978548896116,0.0005702326051072526,0.05397113003023382,0.0005891450512223017,0.0029574518743249126
C(valence)[T.-val],0.020704287188806656,-0.0001866556047764629,0.0005891450512223017,0.002150028809980644,0.0008091998901713114
C(dominance)[T.-dom],0.026987588152432247,-0.0003814657563919676,0.0029574518743249126,0.0008091998901713114,0.0018495701470944335
