,Group,C(semantic_role)[T.patient],C(syntactic_role)[T.subject],C(valence)[T.-val],C(dominance)[T.-dom]
Group,0.8918577322282888,-0.0172573705647928,0.07787787835106476,0.0006245083796188604,0.0486075159233015
C(semantic_role)[T.patient],-0.0172573705647928,0.0018686392673354353,-0.0017894582637182402,-2.0412128078459504e-05,-0.0008806856478386627
C(syntactic_role)[T.subject],0.07787787835106476,-0.0017894582637182402,0.03731362463034107,-0.0008038848300218386,0.005835053717354135
C(valence)[T.-val],0.0006245083796188604,-2.0412128078459504e-05,-0.0008038848300218386,0.001946276347474538,-0.00017562347935422284
C(dominance)[T.-dom],0.0486075159233015,-0.0008806856478386627,0.005835053717354135,-0.00017562347935422284,0.0039943493172127755
