,Group,C(semantic_role)[T.patient],C(syntactic_role)[T.subject]
Group,1.359608356839772,0.040921688888438924,0.0039815032747028516
C(semantic_role)[T.patient],0.040921688888438924,0.004411527626746061,0.0008097596813689032
C(syntactic_role)[T.subject],0.0039815032747028516,0.0008097596813689032,0.0067305063112536685
