,Group,C(semantic_role)[T.patient],C(syntactic_role)[T.subject],C(valence)[T.-val],C(dominance)[T.-dom]
Group,1.8538913692778036,0.09489566040698882,-0.1554102393899035,0.06996291734887351,0.03667987205698652
C(semantic_role)[T.patient],0.09489566040698882,0.010833580282195356,-0.0029179182244578167,0.0036912634299358215,0.0008011509795575886
C(syntactic_role)[T.subject],-0.1554102393899035,-0.0029179182244578167,0.0487540473523535,-0.003409569312048774,-0.0025939462855079877
C(valence)[T.-val],0.06996291734887351,0.0036912634299358215,-0.003409569312048774,0.004841518283618703,0.0010453259751606902
C(dominance)[T.-dom],0.03667987205698652,0.0008011509795575886,-0.0025939462855079877,0.0010453259751606902,0.0031550595221957077
