,Group,C(semantic_role)[T.patient],C(syntactic_role)[T.subject],C(valence)[T.-val],C(dominance)[T.-dom]
Group,2.3481877715100183,0.1977339360922227,-0.4647388505755665,0.173399914980932,0.05427151056575739
C(semantic_role)[T.patient],0.1977339360922227,0.1229509790370929,-0.03798363456982328,0.007058993166409002,0.0031407882461421083
C(syntactic_role)[T.subject],-0.4647388505755665,-0.03798363456982328,0.12290979069620943,-0.031310849202083595,-0.010365270172510105
C(valence)[T.-val],0.173399914980932,0.007058993166409002,-0.031310849202083595,0.12475413644043298,0.004715683834106568
C(dominance)[T.-dom],0.05427151056575739,0.0031407882461421083,-0.010365270172510105,0.004715683834106568,0.11709711012215375
