,Group,C(semantic_role)[T.patient],C(syntactic_role)[T.subject],C(valence)[T.-val],C(dominance)[T.-dom]
Group,2.3279817512429952,0.21440518637482572,-0.45094954120899866,0.1659183089687901,0.060283410079502546
C(semantic_role)[T.patient],0.21440518637482572,0.1231345972842848,-0.04019847753542572,0.007928036043080174,0.003862652170821218
C(syntactic_role)[T.subject],-0.45094954120899866,-0.04019847753542572,0.11668200642386223,-0.028386427778079586,-0.012192720140958036
C(valence)[T.-val],0.1659183089687901,0.007928036043080174,-0.028386427778079586,0.12167703596164481,0.004293655567311337
C(dominance)[T.-dom],0.060283410079502546,0.003862652170821218,-0.012192720140958036,0.004293655567311337,0.11639659710964427
