random_term,Group,C(semantic_role)[T.patient]
Group,1.352501502420915,0.04091845810869545
C(semantic_role)[T.patient],0.04091845810869545,0.004357570058149401
