,Group,C(semantic_role)[T.patient],C(syntactic_role)[T.subject],C(valence)[T.-val],C(dominance)[T.-dom]
Group,1.5119054451939393,0.06561591041925727,-0.018069673911061568,0.12234186768739007,-0.025956705905590283
C(semantic_role)[T.patient],0.06561591041925727,0.004679777333039221,0.003664721730741155,0.005998902057142559,-0.0023544000410308185
C(syntactic_role)[T.subject],-0.018069673911061568,0.003664721730741155,0.039603084494989206,0.0021691697522485238,0.0026133604588654932
C(valence)[T.-val],0.12234186768739007,0.005998902057142559,0.0021691697522485238,0.014323992182268111,-0.003991353371110991
C(dominance)[T.-dom],-0.025956705905590283,-0.0023544000410308185,0.0026133604588654932,-0.003991353371110991,0.00473690065150447
