,Group,C(semantic_role)[T.patient],C(syntactic_role)[T.subject],C(valence)[T.-val],C(dominance)[T.-dom]
Group,1.5089037478435838,0.07425924208272833,-0.013238082242102524,0.11213421141019791,-0.015655629409815477
C(semantic_role)[T.patient],0.07425924208272833,0.005420510963994844,0.003612771039418387,0.006077017295972129,-0.0019863888321267602
C(syntactic_role)[T.subject],-0.013238082242102524,0.003612771039418387,0.04021401150951645,0.00235719262981277,0.002725627798229603
C(valence)[T.-val],0.11213421141019791,0.006077017295972129,0.00235719262981277,0.01243694960511916,-0.002844782172802234
C(dominance)[T.-dom],-0.015655629409815477,-0.0019863888321267602,0.002725627798229603,-0.002844782172802234,0.004292058374333009
