,Group,C(semantic_role)[T.patient],C(syntactic_role)[T.subject],C(valence)[T.-val],C(dominance)[T.-dom]
Group,1.8649473715394043,0.09523058294595341,-0.15563832141274458,0.07051165791708254,0.0366096572988561
C(semantic_role)[T.patient],0.09523058294595341,0.010898954407191326,-0.002892337970451767,0.003672712020498343,0.0007962692339791193
C(syntactic_role)[T.subject],-0.15563832141274458,-0.002892337970451767,0.048635591901973765,-0.00345349224013227,-0.002590526014826373
C(valence)[T.-val],0.07051165791708254,0.003672712020498343,-0.00345349224013227,0.004841970244858143,0.001047133689605295
C(dominance)[T.-dom],0.0366096572988561,0.0007962692339791193,-0.002590526014826373,0.001047133689605295,0.003152094111859165
