,Group,C(semantic_role)[T.patient],C(syntactic_role)[T.subject],C(valence)[T.-val],C(dominance)[T.-dom]
Group,1.6604787666866385,0.11290831632405837,-0.03248085420227945,0.07627578460211956,0.062453729416114837
C(semantic_role)[T.patient],0.11290831632405837,0.011570140090971189,0.0028911345834075324,0.005008206584261976,0.0054207624394182665
C(syntactic_role)[T.subject],-0.03248085420227945,0.0028911345834075324,0.019489056318554288,-0.004473638670214357,-0.00021794521306231658
C(valence)[T.-val],0.07627578460211956,0.005008206584261976,-0.004473638670214357,0.006005029343766593,0.0015515768070320916
C(dominance)[T.-dom],0.062453729416114837,0.0054207624394182665,-0.00021794521306231658,0.0015515768070320916,0.0044046337839004105
