,Group,C(semantic_role)[T.patient],C(syntactic_role)[T.subject],C(valence)[T.-val],C(dominance)[T.-dom]
Group,2.3183966299344503,0.2137342427847163,-0.44895076473361784,0.1651730038715361,0.06000740727619467
C(semantic_role)[T.patient],0.2137342427847163,0.11794414851765837,-0.04009311112829862,0.008080079406656901,0.0038901507346400274
C(syntactic_role)[T.subject],-0.44895076473361784,-0.04009311112829862,0.11549154822079093,-0.028291566657532914,-0.012128043887132704
C(valence)[T.-val],0.1651730038715361,0.008080079406656901,-0.028291566657532914,0.11985716522618302,0.004272861282954801
C(dominance)[T.-dom],0.06000740727619467,0.0038901507346400274,-0.012128043887132704,0.004272861282954801,0.1145669535759734
