,Group,C(semantic_role)[T.patient],C(syntactic_role)[T.subject],C(valence)[T.-val],C(dominance)[T.-dom]
Group,2.3409908271445725,0.19729691866619384,-0.463215284659749,0.17282360520151654,0.05408656038802589
C(semantic_role)[T.patient],0.19729691866619384,0.11882648606075152,-0.037913940909262644,0.007185343641562162,0.0031600414823992067
C(syntactic_role)[T.subject],-0.463215284659749,-0.037913940909262644,0.12200371056158575,-0.031223813319530284,-0.010330882264343888
C(valence)[T.-val],0.17282360520151654,0.007185343641562162,-0.031223813319530284,0.12340483114147016,0.004696380390620206
C(dominance)[T.-dom],0.05408656038802589,0.0031600414823992067,-0.010330882264343888,0.004696380390620206,0.11575458737044451
