{
  "formula": "log_he_she_odds ~ C(tense) + C(syntactic_role) + C(valence) + C(dominance) + C(tense):C(syntactic_role) + C(tense):C(dominance) + C(syntactic_role):C(valence) + C(valence):C(dominance)",
  "re_formula": "1 + C(semantic_role) + C(syntactic_role) + C(valence) + C(dominance)",
  "group_col": "profession",
  "optimizer": "lbfgs",
  "converged": true,
  "aic": 2117.440279757211,
  "bic": 2369.5154867973474,
  "log_likelihood": -1021.7201398786056,
  "nobs": 6720,
  "residual_variance": 0.07655357256811675,
  "R2m": 0.019074087940439292,
  "R2c": 0.9037101149938329,
  "random_effect_variance_semantic_role": 0.01446707472364037,
  "random_effect_variance_syntactic_role": 0.025919865930413278,
  "random_effect_variance_valence": 0.0044211040442254474,
  "random_effect_variance_dominance": 0.005256852760258502
}