,Group,C(semantic_role)[T.patient],C(syntactic_role)[T.subject],C(valence)[T.-val],C(dominance)[T.-dom]
Group,1.5827775731722673,0.07828501125957628,-0.011705946668698657,0.12105643046802665,-0.017591565616982826
C(semantic_role)[T.patient],0.07828501125957628,0.00564312204539547,0.003702648230984021,0.0065618354368205695,-0.0020901334535743704
C(syntactic_role)[T.subject],-0.011705946668698657,0.003702648230984021,0.04026473199436757,0.0025418995268949264,0.0026887994264548137
C(valence)[T.-val],0.12105643046802665,0.0065618354368205695,0.0025418995268949264,0.01351557435760791,-0.003075041446769831
C(dominance)[T.-dom],-0.017591565616982826,-0.0020901334535743704,0.0026887994264548137,-0.003075041446769831,0.004339728763291136
