,Group,C(semantic_role)[T.patient],C(syntactic_role)[T.subject],C(valence)[T.-val],C(dominance)[T.-dom]
Group,1.605434787495291,0.07019704321727911,-0.016234213466965176,0.1341799739176687,-0.028950855672253775
C(semantic_role)[T.patient],0.07019704321727911,0.004905296825145361,0.0037324359075826827,0.006577669319362197,-0.0025046894452960848
C(syntactic_role)[T.subject],-0.016234213466965176,0.0037324359075826827,0.039543095516147625,0.002385476407284986,0.0025501715010872008
C(valence)[T.-val],0.1341799739176687,0.006577669319362197,0.002385476407284986,0.01582545792000614,-0.004375236125688825
C(dominance)[T.-dom],-0.028950855672253775,-0.0025046894452960848,0.0025501715010872008,-0.004375236125688825,0.004835674829596137
