,Group,C(semantic_role)[T.patient],C(syntactic_role)[T.subject]
Group,1.0082783017025405,0.11413566583827207,-0.15620510410446223
C(semantic_role)[T.patient],0.11413566583827207,0.01517000817369861,-0.016768775092752593
C(syntactic_role)[T.subject],-0.15620510410446223,-0.016768775092752593,0.07442637125897725
