,Group,C(semantic_role)[T.patient],C(syntactic_role)[T.subject],C(valence)[T.-val],C(dominance)[T.-dom]
Group,2.4770172329703484,-0.07162524826260074,-0.28138492388548897,0.2754538367949201,-0.007398305833537453
C(semantic_role)[T.patient],-0.07162524826260074,0.08713659027124843,0.006094703510321882,-0.006500348274680732,-0.0002466595635210906
C(syntactic_role)[T.subject],-0.28138492388548897,0.006094703510321882,0.06538928172852507,-0.025848220061189562,-0.0009396454174408307
C(valence)[T.-val],0.2754538367949201,-0.006500348274680732,-0.025848220061189562,0.0930924593196749,0.0008847176465915884
C(dominance)[T.-dom],-0.007398305833537453,-0.0002466595635210906,-0.0009396454174408307,0.0008847176465915884,0.07737017725646202
