,Group,C(semantic_role)[T.patient],C(syntactic_role)[T.subject],C(valence)[T.-val],C(dominance)[T.-dom]
Group,2.559267056866865,-0.07615368418733168,-0.2894644080733364,0.24159414134515964,0.035405942573377404
C(semantic_role)[T.patient],-0.07615368418733168,0.09951661844620587,0.0058130672878896955,-0.005264010132792993,-0.0018437901746488653
C(syntactic_role)[T.subject],-0.2894644080733364,0.0058130672878896955,0.07196547369742429,-0.021138869368016348,-0.006532016908982944
C(valence)[T.-val],0.24159414134515964,-0.005264010132792993,-0.021138869368016348,0.09639723682066804,0.005066788921974496
C(dominance)[T.-dom],0.035405942573377404,-0.0018437901746488653,-0.006532016908982944,0.005066788921974496,0.0879086025726042
