random_term,Group,C(semantic_role)[T.patient],C(syntactic_role)[T.subject]
Group,1.0051614441109906,0.11384953584136923,-0.15520281171849074
C(semantic_role)[T.patient],0.11384953584136923,0.015091920919380823,-0.016650225920741984
C(syntactic_role)[T.subject],-0.15520281171849074,-0.016650225920741984,0.07402436905374284
