,Group,C(semantic_role)[T.patient],C(syntactic_role)[T.subject],C(valence)[T.-val],C(dominance)[T.-dom]
Group,1.6050816002088304,0.12692563957763572,0.009501794929682667,0.1362605306794109,0.012801075145825404
C(semantic_role)[T.patient],0.12692563957763572,0.015290934712340788,0.00899823919421584,0.011341404999247509,0.00429150994744776
C(syntactic_role)[T.subject],0.009501794929682667,0.00899823919421584,0.04972832597322486,0.0020170127707611362,0.010114602675270269
C(valence)[T.-val],0.1362605306794109,0.011341404999247509,0.0020170127707611362,0.015527795414132475,-0.0016276644256325331
C(dominance)[T.-dom],0.012801075145825404,0.00429150994744776,0.010114602675270269,-0.0016276644256325331,0.007805484149953023
