,Group,C(semantic_role)[T.patient],C(syntactic_role)[T.subject],C(valence)[T.-val],C(dominance)[T.-dom]
Group,1.5885824723270305,0.14282665291219204,-0.00713066116755852,0.1521230228108103,-0.004213068915154568
C(semantic_role)[T.patient],0.14282665291219204,0.01792004145343144,0.006547017093914931,0.015045139680639306,0.0018996316916850941
C(syntactic_role)[T.subject],-0.00713066116755852,0.006547017093914931,0.04939811874561316,0.0014312768693679364,0.00899570476429663
C(valence)[T.-val],0.1521230228108103,0.015045139680639306,0.0014312768693679364,0.018560190447709634,-0.002293695786226122
C(dominance)[T.-dom],-0.004213068915154568,0.0018996316916850941,0.00899570476429663,-0.002293695786226122,0.006180943352041595
