,Group,C(semantic_role)[T.patient],C(syntactic_role)[T.subject],C(valence)[T.-val],C(dominance)[T.-dom]
Group,0.6061393628252083,0.009477592916765929,0.033195684220815876,-0.006104929213385289,0.029048363833311126
C(semantic_role)[T.patient],0.009477592916765929,0.01446707472364037,0.0030124858944600478,0.0025280352802159786,0.005957814999670304
C(syntactic_role)[T.subject],0.033195684220815876,0.0030124858944600478,0.025919865930413278,-0.004815922713773217,0.0037622011280670875
C(valence)[T.-val],-0.006104929213385289,0.0025280352802159786,-0.004815922713773217,0.0044211040442254474,0.002606839570522983
C(dominance)[T.-dom],0.029048363833311126,0.005957814999670304,0.0037622011280670875,0.002606839570522983,0.005256852760258502
