,Group,C(semantic_role)[T.patient],C(syntactic_role)[T.subject],C(valence)[T.-val],C(dominance)[T.-dom]
Group,1.8544101664754695,0.09494370850222647,-0.15527537058701496,0.07004285474257253,0.03668974184325698
C(semantic_role)[T.patient],0.09494370850222647,0.010835347798016459,-0.002931623773544674,0.0036919176412999986,0.0008021621486655273
C(syntactic_role)[T.subject],-0.15527537058701496,-0.002931623773544674,0.048586687192504495,-0.0034393952485980727,-0.002591246678985466
C(valence)[T.-val],0.07004285474257253,0.0036919176412999986,-0.0034393952485980727,0.00484235167145804,0.001046428991344561
C(dominance)[T.-dom],0.03668974184325698,0.0008021621486655273,-0.002591246678985466,0.001046428991344561,0.00315549535556645
