,Group,C(semantic_role)[T.patient],C(syntactic_role)[T.subject],C(valence)[T.-val],C(dominance)[T.-dom]
Group,1.864153996454385,0.08126624650436713,-0.14203185359211162,0.06111926872381649,0.04607706035566751
C(semantic_role)[T.patient],0.08126624650436713,0.008932785908453913,-0.0012990381866371393,0.00230501224688918,0.0013855582971583431
C(syntactic_role)[T.subject],-0.14203185359211162,-0.0012990381866371393,0.04644509657281009,-0.0034871691657881875,-0.0016786621075257195
C(valence)[T.-val],0.06111926872381649,0.00230501224688918,-0.0034871691657881875,0.0041562807725563965,0.00066360808808204
C(dominance)[T.-dom],0.04607706035566751,0.0013855582971583431,-0.0016786621075257195,0.00066360808808204,0.004535069506497823
