random_term,Group,C(semantic_role)[T.patient],C(syntactic_role)[T.subject]
Group,1.35932394363784,0.04089707825306885,0.00398692041135856
C(semantic_role)[T.patient],0.04089707825306885,0.004410278247705655,0.0008097521107889142
C(syntactic_role)[T.subject],0.00398692041135856,0.0008097521107889142,0.006730449693055446
