,Group,C(semantic_role)[T.patient],C(syntactic_role)[T.subject],C(valence)[T.-val],C(dominance)[T.-dom]
Group,1.122877162753447,-0.015070264992868112,0.0709381468107366,0.002150018330807209,0.046586011632295095
C(semantic_role)[T.patient],-0.015070264992868112,0.0017347837094525789,0.0009303671106783704,-1.2256492256361821e-05,-0.000594992099741412
C(syntactic_role)[T.subject],0.0709381468107366,0.0009303671106783704,0.0534311015177866,-0.0010497408430029638,0.004548202297408201
C(valence)[T.-val],0.002150018330807209,-1.2256492256361821e-05,-0.0010497408430029638,0.0010422290779850414,0.0005477836720922854
C(dominance)[T.-dom],0.046586011632295095,-0.000594992099741412,0.004548202297408201,0.0005477836720922854,0.003425670890814023
