,Group,C(semantic_role)[T.patient],C(syntactic_role)[T.subject]
Group,1.3602608572203023,0.04086851031195233,0.00398489920516185
C(semantic_role)[T.patient],0.04086851031195233,0.004428696256551821,0.0008081582197005257
C(syntactic_role)[T.subject],0.00398489920516185,0.0008081582197005257,0.006752974999333119
