{
  "formula": "log_he_she_odds ~ C(tense) + C(semantic_role) + C(syntactic_role) + C(valence) + C(dominance)",
  "re_formula": "1 + C(semantic_role) + C(syntactic_role) + C(valence) + C(dominance)",
  "group_col": "profession",
  "optimizer": "lbfgs",
  "converged": true,
  "aic": 21655.129347201757,
  "bic": 21853.756919376,
  "log_likelihood": -10801.564673600878,
  "nobs": 15360,
  "residual_variance": 0.23156442724270926,
  "R2m": 0.030231409027692897,
  "R2c": 0.897927918517773,
  "random_effect_variance_semantic_role": 0.019068604543016083,
  "random_effect_variance_syntactic_role": 0.05640649069629086,
  "random_effect_variance_valence": 0.01920162742835547,
  "random_effect_variance_dominance": 0.00625776086918681
}