,Group,C(semantic_role)[T.patient],C(syntactic_role)[T.subject],C(valence)[T.-val],C(dominance)[T.-dom]
Group,1.598813746105522,0.14825978876125714,0.002875790152207005,0.1515355078137207,0.003009514167400082
C(semantic_role)[T.patient],0.14825978876125714,0.019068604543016083,0.0036114577667366275,0.01594693949963927,0.0022986926955501693
C(syntactic_role)[T.subject],0.002875790152207005,0.0036114577667366275,0.05640649069629086,-0.0008206105204466532,0.00800927916462223
C(valence)[T.-val],0.1515355078137207,0.01594693949963927,-0.0008206105204466532,0.01920162742835547,-0.001993372936797799
C(dominance)[T.-dom],0.003009514167400082,0.0022986926955501693,0.00800927916462223,-0.001993372936797799,0.00625776086918681
