,Group,C(semantic_role)[T.patient],C(syntactic_role)[T.subject],C(valence)[T.-val],C(dominance)[T.-dom]
Group,1.85505651824738,0.09496034193660303,-0.1554500105792979,0.0700651335850569,0.036700844020859345
C(semantic_role)[T.patient],0.09496034193660303,0.010835597379985388,-0.00293699082628736,0.0036922142360814782,0.0008024378265620341
C(syntactic_role)[T.subject],-0.1554500105792979,-0.00293699082628736,0.048623636349648454,-0.0034479959036976225,-0.002594167033402618
C(valence)[T.-val],0.0700651335850569,0.0036922142360814782,-0.0034479959036976225,0.00484234999352584,0.0010468693201681574
C(dominance)[T.-dom],0.036700844020859345,0.0008024378265620341,-0.002594167033402618,0.0010468693201681574,0.0031556408389469856
