,Group,C(semantic_role)[T.patient],C(syntactic_role)[T.subject],C(valence)[T.-val],C(dominance)[T.-dom]
Group,1.354799896666379,0.032540486971574654,-0.10905928068731878,0.13544693140235362,0.0812755903365397
C(semantic_role)[T.patient],0.032540486971574654,0.0027077314528529293,-0.0016208691315069005,0.003686837709965809,-0.0007427131685098698
C(syntactic_role)[T.subject],-0.10905928068731878,-0.0016208691315069005,0.030410194426896287,-0.013930435120616933,-0.00032869490548793906
C(valence)[T.-val],0.13544693140235362,0.003686837709965809,-0.013930435120616933,0.015812551725405483,0.004946015208717712
C(dominance)[T.-dom],0.0812755903365397,-0.0007427131685098698,-0.00032869490548793906,0.004946015208717712,0.014140355965123287
