,Group,C(semantic_role)[T.patient],C(syntactic_role)[T.subject]
Group,1.5415184467601848,0.029088397563274235,-0.11433443095663183
C(semantic_role)[T.patient],0.029088397563274235,0.002059842693827625,-0.0013784787343538803
C(syntactic_role)[T.subject],-0.11433443095663183,-0.0013784787343538803,0.030301555920579724
