,Group,C(semantic_role)[T.patient],C(syntactic_role)[T.subject]
Group,0.8174199830148915,0.008300397035421944,0.03881326847918366
C(semantic_role)[T.patient],0.008300397035421944,0.004437605579376546,0.0033304723921712964
C(syntactic_role)[T.subject],0.03881326847918366,0.0033304723921712964,0.03053306324133755
