term,coef,std_err,z,p_value,ci_low,ci_high
Intercept,1.1051015799302966,0.323678964371957,3.4141902983240042,0.000639718768665229,0.47070246720803754,1.7395006926525556
C(tense)[T.past perfect],-0.17814655303955199,0.0118074078027464,-15.08769376104001,1.9514481703913054e-51,-0.20128864708371214,-0.15500445899539184
C(tense)[T.present continuous],-0.20313682556152463,0.011807407802746401,-17.20418477578754,2.4702879949824666e-66,-0.22627891960568478,-0.17999473151736448
C(tense)[T.present perfect],-0.2671688079833997,0.011807407802746398,-22.627219491924073,2.3389354531605974e-113,-0.2903109020275599,-0.24402671393923955
C(tense)[T.simple future],-0.01687679290771594,0.011807407802746401,-1.4293393765725952,0.15290671358302332,-0.040018886951876095,0.006265301136444221
C(tense)[T.simple past],-0.04237403869629015,0.0118074078027464,-3.5887672725620576,0.0003322452645507476,-0.06551613274045032,-0.019231944652129997
C(syntactic_role)[T.subject],-0.3939108427416943,0.0722560488767268,-5.451596771001554,4.9919544670521895e-08,-0.5355300962052447,-0.25229158927814394
C(valence)[T.-val],0.11021797294134636,0.025345649954790616,4.348595247624096,1.3701231152948482e-05,0.0605414118651975,0.1598945340174952
