{
  "formula": "log_he_she_odds ~ C(tense) + C(syntactic_role) + C(valence)",
  "re_formula": "1 + C(semantic_role) + C(syntactic_role) + C(valence) + C(dominance)",
  "group_col": "profession",
  "optimizer": "lbfgs",
  "converged": true,
  "aic": 17698.245219421922,
  "bic": 17881.593747582763,
  "log_likelihood": -8825.122609710961,
  "nobs": 15360,
  "residual_variance": 0.1784510451460553,
  "R2m": 0.015319461992358816,
  "R2c": 0.9477585311357974,
  "random_effect_variance_semantic_role": 0.04014221351195499,
  "random_effect_variance_syntactic_role": 0.049674160209821426,
  "random_effect_variance_valence": 0.006793784963023403,
  "random_effect_variance_dominance": 0.004169055962531291
}