,Group,C(semantic_role)[T.patient],C(syntactic_role)[T.subject],C(valence)[T.-val],C(dominance)[T.-dom]
Group,2.9254411922980093,0.2633679942828696,-0.17866765388981828,0.10891782058795466,0.019176955879431933
C(semantic_role)[T.patient],0.2633679942828696,0.04014221351195499,-0.006368435725426091,0.008889443998313576,-0.003339145253806586
C(syntactic_role)[T.subject],-0.17866765388981828,-0.006368435725426091,0.049674160209821426,-0.004821508881159808,-0.0020805706899921835
C(valence)[T.-val],0.10891782058795466,0.008889443998313576,-0.004821508881159808,0.006793784963023403,0.0006846137704551739
C(dominance)[T.-dom],0.019176955879431933,-0.003339145253806586,-0.0020805706899921835,0.0006846137704551739,0.004169055962531291
