,Group,C(semantic_role)[T.patient],C(syntactic_role)[T.subject]
Group,0.816617700185922,0.008273368321321403,0.038749797762434215
C(semantic_role)[T.patient],0.008273368321321403,0.004438735226716929,0.0033300265279129072
C(syntactic_role)[T.subject],0.038749797762434215,0.0033300265279129072,0.030514062157124624
