,Group,C(semantic_role)[T.patient],C(syntactic_role)[T.subject],C(valence)[T.-val],C(dominance)[T.-dom]
Group,2.001759958491724,0.05359207919574822,-0.05781998821966829,0.1115618780594788,0.039646017675874945
C(semantic_role)[T.patient],0.05359207919574822,0.003351992818576605,-0.0014560022006618691,0.0034069040467847663,0.0012272496463404448
C(syntactic_role)[T.subject],-0.05781998821966829,-0.0014560022006618691,0.03341425074993238,-0.004677950813635088,0.00010676121407855594
C(valence)[T.-val],0.1115618780594788,0.0034069040467847663,-0.004677950813635088,0.01010851619968244,0.001026770828814916
C(dominance)[T.-dom],0.039646017675874945,0.0012272496463404448,0.00010676121407855594,0.001026770828814916,0.006376919315780751
