,Group,C(semantic_role)[T.patient],C(syntactic_role)[T.subject],C(valence)[T.-val],C(dominance)[T.-dom]
Group,1.9584224199935758,0.05896014158694876,-0.06346932690697661,0.13258449117539128,0.01607011657258981
C(semantic_role)[T.patient],0.05896014158694876,0.003897849706549798,-0.0013597432345528575,0.00478932874336027,0.0005137339449159785
C(syntactic_role)[T.subject],-0.06346932690697661,-0.0013597432345528575,0.03385607318982204,-0.0048045628194300204,-0.000503120166341677
C(valence)[T.-val],0.13258449117539128,0.00478932874336027,-0.0048045628194300204,0.012458304459265606,0.001423456526189326
C(dominance)[T.-dom],0.01607011657258981,0.0005137339449159785,-0.000503120166341677,0.001423456526189326,0.003170668992735374
