,Group,C(semantic_role)[T.patient],C(syntactic_role)[T.subject],C(valence)[T.-val],C(dominance)[T.-dom]
Group,1.1971754074789327,0.03869005736639137,0.0037412678358669316,0.10677661752843882,0.05284380366150966
C(semantic_role)[T.patient],0.03869005736639137,0.004458590806613114,0.0008138471875264202,0.0036430280577017925,0.0011432989222913566
C(syntactic_role)[T.subject],0.0037412678358669316,0.0008138471875264202,0.006762787480088822,0.0012721505112283722,-0.0007511802997028949
C(valence)[T.-val],0.10677661752843882,0.0036430280577017925,0.0012721505112283722,0.011305980829327449,0.003038700779387601
C(dominance)[T.-dom],0.05284380366150966,0.0011432989222913566,-0.0007511802997028949,0.003038700779387601,0.005592008496804371
