,Group,C(semantic_role)[T.patient],C(syntactic_role)[T.subject],C(valence)[T.-val],C(dominance)[T.-dom]
Group,2.33670794693429,0.1121600034266735,-0.21101651727340665,0.11077194987617088,-0.06017952228185829
C(semantic_role)[T.patient],0.1121600034266735,0.008085698020031446,-0.011727055888599448,0.0063144380604862405,-0.0031998591043190644
C(syntactic_role)[T.subject],-0.21101651727340665,-0.011727055888599448,0.06591428694039392,-0.006587408263483313,0.004326906181780877
C(valence)[T.-val],0.11077194987617088,0.0063144380604862405,-0.006587408263483313,0.013290679428186365,-0.006684803313500206
C(dominance)[T.-dom],-0.06017952228185829,-0.0031998591043190644,0.004326906181780877,-0.006684803313500206,0.006699554894553355
