,Group,C(semantic_role)[T.patient],C(syntactic_role)[T.subject],C(valence)[T.-val],C(dominance)[T.-dom]
Group,1.8648692897532366,0.09508361815588776,-0.1558929811593287,0.07058816706544133,0.03659406167522161
C(semantic_role)[T.patient],0.09508361815588776,0.010824406119277147,-0.0029641556342736458,0.003689517746044049,0.0007983726518766539
C(syntactic_role)[T.subject],-0.1558929811593287,-0.0029641556342736458,0.048607312783738366,-0.003456564963522501,-0.0025880900494948613
C(valence)[T.-val],0.07058816706544133,0.003689517746044049,-0.003456564963522501,0.0048399866190835415,0.0010461091261946916
C(dominance)[T.-dom],0.03659406167522161,0.0007983726518766539,-0.0025880900494948613,0.0010461091261946916,0.00315103625765945
