{
  "formula": "log_he_she_odds ~ C(tense) + C(semantic_role) + C(syntactic_role) + C(valence) + C(dominance) + log_frequency + lex_emb_norm + C(tense):log_frequency + C(valence):log_frequency + C(valence):lex_emb_norm + log_frequency:lex_emb_norm + profession_embedding_1 + profession_embedding_2 + profession_embedding_3 + profession_embedding_4 + profession_embedding_5",
  "model_type": "OLS",
  "optimizer": "closed_form",
  "converged": true,
  "nobs": 15360,
  "aic": 48399.76909376648,
  "bic": 48590.757143934024,
  "log_likelihood": -24174.88454688324,
  "residual_variance": 1.3655035874296058,
  "R2m": 0.31930395467179096,
  "R2c": 0.31930395467179096,
  "warnings": [],
  "fixed_effect_variance_profession_embedding": 1.2437984842099588,
  "fixed_effect_variance_Intercept": 1.1360336640432597e-28,
  "fixed_effect_variance_C(tense)": 0.004688213061185109,
  "fixed_effect_variance_C(semantic_role)": 0.00024383622989250083,
  "fixed_effect_variance_C(syntactic_role)": 0.001570212066779613,
  "fixed_effect_variance_C(valence)": 1.3562391205504573e-05,
  "fixed_effect_variance_C(dominance)": 0.0013694447208710985,
  "fixed_effect_variance_log_frequency": 3.0593977691698453,
  "fixed_effect_variance_C(tense):log_frequency": 0.013438809679193017,
  "fixed_effect_variance_C(valence):log_frequency": 0.005837717967537473,
  "fixed_effect_variance_lex_emb_norm": 2.3257499204853986,
  "fixed_effect_variance_C(valence):lex_emb_norm": 0.011365745317126402,
  "fixed_effect_variance_log_frequency:lex_emb_norm": 5.224508167337336
}