,Group,C(semantic_role)[T.patient],C(syntactic_role)[T.subject],C(valence)[T.-val],C(dominance)[T.-dom]
Group,2.4505537077411805,-0.07074708023221737,-0.2779247469576901,0.27205855025439407,-0.007311074717342662
C(semantic_role)[T.patient],-0.07074708023221737,0.08227603700651664,0.006054290418553458,-0.006441514146960835,-0.00023305976519006737
C(syntactic_role)[T.subject],-0.2779247469576901,0.006054290418553458,0.062245064152150455,-0.025675464229403592,-0.0008648696936420511
C(valence)[T.-val],0.27205855025439407,-0.006441514146960835,-0.025675464229403592,0.08872752999668566,0.0008212382571459096
C(dominance)[T.-dom],-0.007311074717342662,-0.00023305976519006737,-0.0008648696936420511,0.0008212382571459096,0.07282747198936113
