,Group,C(semantic_role)[T.patient],C(syntactic_role)[T.subject],C(valence)[T.-val],C(dominance)[T.-dom]
Group,2.5357150320651636,-0.0753505608167482,-0.2864011610743633,0.2390299128376695,0.03502664478181573
C(semantic_role)[T.patient],-0.0753505608167482,0.09488663490794229,0.005793746655504986,-0.0052354009378847875,-0.001807283298101349
C(syntactic_role)[T.subject],-0.2864011610743633,0.005793746655504986,0.06896820899226902,-0.021059080525456842,-0.006382264984330083
C(valence)[T.-val],0.2390299128376695,-0.0052354009378847875,-0.021059080525456842,0.09230032306439598,0.0049616430354730645
C(dominance)[T.-dom],0.03502664478181573,-0.001807283298101349,-0.006382264984330083,0.0049616430354730645,0.08361003060277793
