semantic_role,Group,C(syntactic_role)[T.subject]
agent,0.02142874916533765,0.015980741135503004
patient,-0.02142874916533767,-0.01598074113550289
