random_term,Group,C(syntactic_role)[T.subject]
Group,0.0006828932446468452,0.0004677445766714153
C(syntactic_role)[T.subject],0.0004677445766714153,0.00043963121562316327
