,Group,C(semantic_role)[T.patient],C(syntactic_role)[T.subject],C(valence)[T.-val],C(dominance)[T.-dom]
Group,1.8645388086746781,0.0952307569962451,-0.1556379704779257,0.0704786867352045,0.03660470042767835
C(semantic_role)[T.patient],0.0952307569962451,0.010901013826448862,-0.002916105111361967,0.003669851073937948,0.0007972299790058611
C(syntactic_role)[T.subject],-0.1556379704779257,-0.002916105111361967,0.0486134446748799,-0.0034552299031548445,-0.0025880367554621045
C(valence)[T.-val],0.0704786867352045,0.003669851073937948,-0.0034552299031548445,0.0048442627332617085,0.001046849522623718
C(dominance)[T.-dom],0.03660470042767835,0.0007972299790058611,-0.0025880367554621045,0.001046849522623718,0.00315330246707758
