term,coef,std_err,z,p_value,ci_low,ci_high
Intercept,2.289479266315553,0.23280422566967612,9.834354422604319,8.007954634008329e-23,1.833191368554253,2.7457671640768537
C(tense)[T.past perfect],-0.17814655303955026,0.011807401440135222,-15.087701891290154,1.9512077648542594e-51,-0.20128863461322166,-0.15500447146587887
C(tense)[T.present continuous],-0.2031368255615229,0.011807401440135225,-17.204194046543442,2.4698927036444147e-66,-0.2262789071351943,-0.1799947439878515
C(tense)[T.present perfect],-0.26716880798339787,0.011807401440135225,-22.62723168497082,2.3382889868449362e-113,-0.2903108895570693,-0.24402672640972647
C(tense)[T.simple future],-0.016876792907714405,0.011807401440135224,-1.4293401467953413,0.15290649231332243,-0.04001887448138581,0.006265288665956999
C(tense)[T.simple past],-0.04237403869628864,0.011807401440135227,-3.5887692064278065,0.00033224280037796416,-0.06551612026996005,-0.01923195712261723
C(semantic_role)[T.patient],0.17174786544501267,0.020820253372886774,8.249076625968046,1.5962306490675687e-16,0.130940918685156,0.21255481220486933
C(syntactic_role)[T.subject],-0.4267949566712292,0.04107050523189508,-10.391763000270643,2.703097483548326e-25,-0.5072916677526074,-0.34629824558985095
C(valence)[T.-val],0.15045841652695777,0.015147228913801861,9.933065472448428,2.989216765198761e-23,0.12077039339032236,0.18014643966359317
