{
  "formula": "log_he_she_odds ~ C(tense) + C(semantic_role) + C(syntactic_role) + C(valence)",
  "re_formula": "1 + C(semantic_role) + C(syntactic_role) + C(valence) + C(dominance)",
  "group_col": "profession",
  "optimizer": "lbfgs",
  "converged": true,
  "aic": 17663.771698878118,
  "bic": 17854.759749045657,
  "log_likelihood": -8806.885849439059,
  "nobs": 15360,
  "residual_variance": 0.17845085282368991,
  "R2m": 0.03049337418743013,
  "R2c": 0.9212217206226267,
  "random_effect_variance_semantic_role": 0.011239849367772734,
  "random_effect_variance_syntactic_role": 0.04929870016084229,
  "random_effect_variance_valence": 0.005664534558867974,
  "random_effect_variance_dominance": 0.0041668105002538695
}