,Group,C(semantic_role)[T.patient],C(syntactic_role)[T.subject],C(valence)[T.-val],C(dominance)[T.-dom]
Group,1.9308423411675846,0.09164055279479345,-0.158151169320694,0.07539190655331664,0.0450386678672946
C(semantic_role)[T.patient],0.09164055279479345,0.011239849367772734,-0.002637502332310904,0.0030953693380195994,0.00041704451506740343
C(syntactic_role)[T.subject],-0.158151169320694,-0.002637502332310904,0.04929870016084229,-0.004129030025106513,-0.002795096613988347
C(valence)[T.-val],0.07539190655331664,0.0030953693380195994,-0.004129030025106513,0.005664534558867974,0.0015623071329599464
C(dominance)[T.-dom],0.0450386678672946,0.00041704451506740343,-0.002795096613988347,0.0015623071329599464,0.0041668105002538695
