,Group,C(semantic_role)[T.patient],C(syntactic_role)[T.subject],C(valence)[T.-val],C(dominance)[T.-dom]
Group,0.8905608976106396,-0.016964430327667222,0.07771675779835535,0.0006326390861483193,0.047997988764336696
C(semantic_role)[T.patient],-0.016964430327667222,0.0017986006912480128,-0.0017596467671684305,-2.1738244218829717e-05,-0.0008502480006369979
C(syntactic_role)[T.subject],0.07771675779835535,-0.0017596467671684305,0.0375319545350877,-0.0008017730198161799,0.005755596986672018
C(valence)[T.-val],0.0006326390861483193,-2.1738244218829717e-05,-0.0008017730198161799,0.0019155585304348566,-0.00018656389390538195
C(dominance)[T.-dom],0.047997988764336696,-0.0008502480006369979,0.005755596986672018,-0.00018656389390538195,0.003865031002744779
