,Group,C(semantic_role)[T.patient],C(syntactic_role)[T.subject]
Group,0.8171381552990014,0.008283251520027375,0.038742461125270765
C(semantic_role)[T.patient],0.008283251520027375,0.004439905258622393,0.0033351291177328543
C(syntactic_role)[T.subject],0.038742461125270765,0.0033351291177328543,0.030532790132952313
