,Group,C(semantic_role)[T.patient],C(syntactic_role)[T.subject],C(valence)[T.-val],C(dominance)[T.-dom]
Group,2.0071804628203425,0.05371366461882248,-0.05920141028565098,0.1118420299863596,0.03963232411754636
C(semantic_role)[T.patient],0.05371366461882248,0.003357665669765787,-0.0014957990436768513,0.003414981839940377,0.0012255743745813695
C(syntactic_role)[T.subject],-0.05920141028565098,-0.0014957990436768513,0.03412706098690393,-0.004779500576590726,0.00010963432870734041
C(valence)[T.-val],0.1118420299863596,0.003414981839940377,-0.004779500576590726,0.010125339798701397,0.00102362541106634
C(dominance)[T.-dom],0.03963232411754636,0.0012255743745813695,0.00010963432870734041,0.00102362541106634,0.006371297179107852
