,Group,C(semantic_role)[T.patient],C(syntactic_role)[T.subject],C(valence)[T.-val],C(dominance)[T.-dom]
Group,1.9622493561558603,0.05907492732533517,-0.0650413712329964,0.13284484198744717,0.01609702581280659
C(semantic_role)[T.patient],0.05907492732533517,0.0039039255038856185,-0.001389881379947797,0.00479692284094932,0.000514018335705121
C(syntactic_role)[T.subject],-0.0650413712329964,-0.001389881379947797,0.03462205408074678,-0.004920389122692217,-0.0005166769790708771
C(valence)[T.-val],0.13284484198744717,0.00479692284094932,-0.004920389122692217,0.012478915122505721,0.0014254074964108485
C(dominance)[T.-dom],0.01609702581280659,0.000514018335705121,-0.0005166769790708771,0.0014254074964108485,0.0031742321702899366
