,Group,C(semantic_role)[T.patient],C(syntactic_role)[T.subject],C(valence)[T.-val],C(dominance)[T.-dom]
Group,1.9600657639738792,0.10055211452055973,-0.16054241119629784,0.07952488368916602,0.03825947126344231
C(semantic_role)[T.patient],0.10055211452055973,0.011132879557524365,-0.0032026675035143073,0.004197358293121945,0.000886344810750843
C(syntactic_role)[T.subject],-0.16054241119629784,-0.0032026675035143073,0.04887724687530354,-0.0039101432170629506,-0.0026657773460939532
C(valence)[T.-val],0.07952488368916602,0.004197358293121945,-0.0039101432170629506,0.005695647105988627,0.0011884265967655467
C(dominance)[T.-dom],0.03825947126344231,0.000886344810750843,-0.0026657773460939532,0.0011884265967655467,0.0031790210647685505
