,Group,C(semantic_role)[T.patient],C(syntactic_role)[T.subject],C(valence)[T.-val],C(dominance)[T.-dom]
Group,1.8657438086870148,0.09529070128803042,-0.15567909421614884,0.07055069229029705,0.0366236298419615
C(semantic_role)[T.patient],0.09529070128803042,0.01089890846585655,-0.0028998895855672537,0.003674395890442619,0.0007980805785202446
C(syntactic_role)[T.subject],-0.15567909421614884,-0.0028998895855672537,0.04864402100420058,-0.0034560041640704655,-0.0025932939539707396
C(valence)[T.-val],0.07055069229029705,0.003674395890442619,-0.0034560041640704655,0.004841674225525048,0.0010480636911747163
C(dominance)[T.-dom],0.0366236298419615,0.0007980805785202446,-0.0025932939539707396,0.0010480636911747163,0.0031508622173432948
