,Group,C(semantic_role)[T.patient],C(syntactic_role)[T.subject]
Group,0.8171123839779968,0.008279958543467034,0.038766518233372314
C(semantic_role)[T.patient],0.008279958543467034,0.004436792993916617,0.0033308103554796167
C(syntactic_role)[T.subject],0.038766518233372314,0.0033308103554796167,0.030519269195513697
