,Group,C(semantic_role)[T.patient],C(syntactic_role)[T.subject],C(valence)[T.-val],C(dominance)[T.-dom]
Group,1.8643819879586248,0.09519302448951501,-0.15567197489359785,0.07047748390406215,0.03659487218767881
C(semantic_role)[T.patient],0.09519302448951501,0.010895782240436271,-0.002913326597677851,0.003669213535176632,0.0007969304901676516
C(syntactic_role)[T.subject],-0.15567197489359785,-0.002913326597677851,0.048617556652156564,-0.0034549213334876786,-0.002588523679853595
C(valence)[T.-val],0.07047748390406215,0.003669213535176632,-0.0034549213334876786,0.004843250721167475,0.0010460462207559445
C(dominance)[T.-dom],0.03659487218767881,0.0007969304901676516,-0.002588523679853595,0.0010460462207559445,0.003152433331754668
