{
  "formula": "log_he_she_odds ~ C(tense) + C(syntactic_role) + C(valence) + C(dominance) + C(tense):C(syntactic_role) + C(tense):C(valence) + C(tense):C(dominance) + C(valence):C(dominance)",
  "re_formula": "1 + C(semantic_role) + C(syntactic_role) + C(valence) + C(dominance)",
  "group_col": "profession",
  "optimizer": "lbfgs",
  "converged": true,
  "aic": 2099.478528973632,
  "bic": 2378.805109747837,
  "log_likelihood": -1008.739264486816,
  "nobs": 6720,
  "residual_variance": 0.0762448768420404,
  "R2m": 0.019371752740499827,
  "R2c": 0.9055013302516034,
  "random_effect_variance_semantic_role": 0.01578646754921258,
  "random_effect_variance_syntactic_role": 0.02799085170775394,
  "random_effect_variance_valence": 0.004396245342467008,
  "random_effect_variance_dominance": 0.005625981825337458
}