,Group,C(semantic_role)[T.patient],C(syntactic_role)[T.subject],C(valence)[T.-val],C(dominance)[T.-dom]
Group,0.6142823899825697,0.009504488228532592,0.03263273232944362,-0.0071446522905351,0.031243074948343493
C(semantic_role)[T.patient],0.009504488228532592,0.01578646754921258,0.0034919877341669753,0.0031130172671554063,0.00675794192529013
C(syntactic_role)[T.subject],0.03263273232944362,0.0034919877341669753,0.02799085170775394,-0.004789935276477073,0.003799394148126406
C(valence)[T.-val],-0.0071446522905351,0.0031130172671554063,-0.004789935276477073,0.004396245342467008,0.0027134963245426863
C(dominance)[T.-dom],0.031243074948343493,0.00675794192529013,0.003799394148126406,0.0027134963245426863,0.005625981825337458
