,Group,C(semantic_role)[T.patient],C(syntactic_role)[T.subject],C(valence)[T.-val],C(dominance)[T.-dom]
Group,1.6625477208626191,0.11299962651270329,-0.03246928427304145,0.07641063988918001,0.06249033784902783
C(semantic_role)[T.patient],0.11299962651270329,0.011569162552292015,0.002905228781443053,0.0050130931906631655,0.005419501597710023
C(syntactic_role)[T.subject],-0.03246928427304145,0.002905228781443053,0.01950544991011365,-0.004474911620811439,-0.0002157618751120859
C(valence)[T.-val],0.07641063988918001,0.0050130931906631655,-0.004474911620811439,0.006009300699570149,0.0015541215836460348
C(dominance)[T.-dom],0.06249033784902783,0.005419501597710023,-0.0002157618751120859,0.0015541215836460348,0.004399118765926212
