,Group,C(semantic_role)[T.patient],C(syntactic_role)[T.subject],C(valence)[T.-val],C(dominance)[T.-dom]
Group,1.0969430942167544,-0.01645045767722645,0.07185242838802369,0.020688653967509137,0.026993549647187046
C(semantic_role)[T.patient],-0.01645045767722645,0.0016846546296162394,0.0005765905769360489,-0.0001867775583044999,-0.0003812080705868838
C(syntactic_role)[T.subject],0.07185242838802369,0.0005765905769360489,0.05399720612984897,0.0005889931074638294,0.002955476688447169
C(valence)[T.-val],0.020688653967509137,-0.0001867775583044999,0.0005889931074638294,0.0021523952824505847,0.0008087633321634983
C(dominance)[T.-dom],0.026993549647187046,-0.0003812080705868838,0.002955476688447169,0.0008087633321634983,0.001851823878320197
