,Group,C(semantic_role)[T.patient],C(syntactic_role)[T.subject],C(valence)[T.-val],C(dominance)[T.-dom]
Group,1.1230685503095392,-0.015066976993337545,0.07085996852630252,0.0021727743475301025,0.0465711191788934
C(semantic_role)[T.patient],-0.015066976993337545,0.0017377470003089816,0.0009322577166414384,-1.2489029535451642e-05,-0.000594628019254867
C(syntactic_role)[T.subject],0.07085996852630252,0.0009322577166414384,0.05329639482974621,-0.0010486236061195997,0.004540701054272996
C(valence)[T.-val],0.0021727743475301025,-1.2489029535451642e-05,-0.0010486236061195997,0.001041844107792232,0.0005481917992933213
C(dominance)[T.-dom],0.0465711191788934,-0.000594628019254867,0.004540701054272996,0.0005481917992933213,0.0034245569133239794
