,Group,C(semantic_role)[T.patient],C(syntactic_role)[T.subject],C(valence)[T.-val],C(dominance)[T.-dom]
Group,1.13454342783929,-0.016614813108393845,0.07034095466337947,0.0021691576909460995,0.04703270807130765
C(semantic_role)[T.patient],-0.016614813108393845,0.0019729332014433287,0.001036319620436553,-1.3755729732698389e-05,-0.0006538231004820943
C(syntactic_role)[T.subject],0.07034095466337947,0.001036319620436553,0.05348721529540193,-0.0010496905260233712,0.004525718867750396
C(valence)[T.-val],0.0021691576909460995,-1.3755729732698389e-05,-0.0010496905260233712,0.0010432896518187055,0.0005484952005456275
C(dominance)[T.-dom],0.04703270807130765,-0.0006538231004820943,0.004525718867750396,0.0005484952005456275,0.003442869134275077
