,Group,C(semantic_role)[T.patient],C(syntactic_role)[T.subject],C(valence)[T.-val],C(dominance)[T.-dom]
Group,1.1053324388712522,-0.017584660630951345,0.07161025905422905,0.0207807794820413,0.02717764729636688
C(semantic_role)[T.patient],-0.017584660630951345,0.0018416756899340603,0.0006152641812774091,-0.00019916396349934073,-0.0004065505285655374
C(syntactic_role)[T.subject],0.07161025905422905,0.0006152641812774091,0.053993641066779445,0.0005847080667756029,0.0029530659163155837
C(valence)[T.-val],0.0207807794820413,-0.00019916396349934073,0.0005847080667756029,0.002152867495305892,0.0008106219752039964
C(dominance)[T.-dom],0.02717764729636688,-0.0004065505285655374,0.0029530659163155837,0.0008106219752039964,0.0018563507948625927
