,Group,C(semantic_role)[T.patient],C(syntactic_role)[T.subject],C(valence)[T.-val],C(dominance)[T.-dom]
Group,1.8647475685361876,0.09509787753146175,-0.15575528177256037,0.07058774406841384,0.0365895958513557
C(semantic_role)[T.patient],0.09509787753146175,0.010830127315669558,-0.0029519230411940455,0.0036919058315487145,0.0007992543664521992
C(syntactic_role)[T.subject],-0.15575528177256037,-0.0029519230411940455,0.04861211319869536,-0.0034488861488786906,-0.002586854773890976
C(valence)[T.-val],0.07058774406841384,0.0036919058315487145,-0.0034488861488786906,0.0048466296853794675,0.001045616915569715
C(dominance)[T.-dom],0.0365895958513557,0.0007992543664521992,-0.002586854773890976,0.001045616915569715,0.003151855580441542
