random_term,Group,C(semantic_role)[T.patient],C(syntactic_role)[T.subject]
Group,0.8167408770399953,0.008317707274495278,0.03869018199063311
C(semantic_role)[T.patient],0.008317707274495278,0.004410919289172123,0.003318461372489096
C(syntactic_role)[T.subject],0.03869018199063311,0.003318461372489096,0.03045290688388592
