,Group,C(semantic_role)[T.patient],C(syntactic_role)[T.subject],C(valence)[T.-val],C(dominance)[T.-dom]
Group,2.335831861736262,0.11212476623742655,-0.21065280746594361,0.11074483854412302,-0.06016754923315612
C(semantic_role)[T.patient],0.11212476623742655,0.008092945737509037,-0.011710806570545497,0.006314976823869181,-0.0031998804874935555
C(syntactic_role)[T.subject],-0.21065280746594361,-0.011710806570545497,0.0658894261008053,-0.006569502069630448,0.004314028646473677
C(valence)[T.-val],0.11074483854412302,0.006314976823869181,-0.006569502069630448,0.013295417407946528,-0.0066854693315749
C(dominance)[T.-dom],-0.06016754923315612,-0.0031998804874935555,0.004314028646473677,-0.0066854693315749,0.006713673734762745
