{
  "formula": "log_he_she_odds ~ C(tense) + C(syntactic_role) + C(valence) + C(dominance) + C(tense):C(valence) + C(tense):C(dominance) + C(valence):C(dominance)",
  "re_formula": "1 + C(semantic_role) + C(syntactic_role) + C(valence) + C(dominance)",
  "group_col": "profession",
  "optimizer": "lbfgs",
  "converged": true,
  "aic": 7034.305618565464,
  "bic": 7279.567982172083,
  "log_likelihood": -3481.152809282732,
  "nobs": 6720,
  "residual_variance": 0.16014116332241446,
  "R2m": 0.02898198132176992,
  "R2c": 0.9075858852347808,
  "random_effect_variance_semantic_role": 0.0026952384178462597,
  "random_effect_variance_syntactic_role": 0.03040458236250948,
  "random_effect_variance_valence": 0.015801116166603933,
  "random_effect_variance_dominance": 0.014131296340052103
}