{
  "formula": "log_he_she_odds ~ C(tense) + C(semantic_role) + C(syntactic_role) + C(valence) + C(dominance) + log_frequency + lex_emb_norm + C(tense):C(syntactic_role) + C(semantic_role):C(dominance) + log_frequency:lex_emb_norm + profession_embedding_1 + profession_embedding_2 + profession_embedding_3 + profession_embedding_4 + profession_embedding_5",
  "model_type": "OLS",
  "optimizer": "closed_form",
  "converged": true,
  "nobs": 15360,
  "aic": 52099.194894355765,
  "bic": 52282.5434225166,
  "log_likelihood": -26025.597447177883,
  "residual_variance": 1.7374809305405545,
  "R2m": 0.22647093714499755,
  "R2c": 0.22647093714499755,
  "warnings": [],
  "fixed_effect_variance_profession_embedding": 1.0178066771930692,
  "fixed_effect_variance_Intercept": 5.049038506858933e-29,
  "fixed_effect_variance_C(tense)": 0.012797347940848748,
  "fixed_effect_variance_C(semantic_role)": 0.012214590214210163,
  "fixed_effect_variance_C(syntactic_role)": 0.025270460142160795,
  "fixed_effect_variance_C(valence)": 0.004529799091879406,
  "fixed_effect_variance_C(dominance)": 0.000884541245734999,
  "fixed_effect_variance_C(tense):C(syntactic_role)": 0.005553532665611601,
  "fixed_effect_variance_C(semantic_role):C(dominance)": 0.003841308800182029,
  "fixed_effect_variance_log_frequency": 0.00047770788033226,
  "fixed_effect_variance_lex_emb_norm": 0.0023668791646123816,
  "fixed_effect_variance_log_frequency:lex_emb_norm": 0.46982583737002537
}