,Group,C(semantic_role)[T.patient],C(syntactic_role)[T.subject]
Group,1.005840916484744,0.1139132113139501,-0.1556888822919631
C(semantic_role)[T.patient],0.1139132113139501,0.015115016883940922,-0.01669098284242291
C(syntactic_role)[T.subject],-0.1556888822919631,-0.01669098284242291,0.07422456836079833
