,Group,C(semantic_role)[T.patient],C(syntactic_role)[T.subject]
Group,1.3589497704810922,0.040797334481058684,0.003941083985630209
C(semantic_role)[T.patient],0.040797334481058684,0.004430273069541814,0.000810645007695365
C(syntactic_role)[T.subject],0.003941083985630209,0.000810645007695365,0.006746629999824396
