{
  "formula": "log_he_she_odds ~ C(tense) + C(semantic_role) + C(valence) + C(dominance) + lex_emb_norm",
  "re_formula": "1 + C(semantic_role) + C(syntactic_role) + C(valence) + C(dominance)",
  "group_col": "profession",
  "optimizer": "lbfgs",
  "converged": true,
  "aic": 17709.43343667724,
  "bic": 17908.06100885148,
  "log_likelihood": -8828.71671833862,
  "nobs": 15360,
  "residual_variance": 0.17845053266664299,
  "R2m": 0.010224223549473456,
  "R2c": 0.9497766625700764,
  "random_effect_variance_semantic_role": 0.01170912700033668,
  "random_effect_variance_syntactic_role": 0.22188767800448655,
  "random_effect_variance_valence": 0.006723526882706318,
  "random_effect_variance_dominance": 0.00412244065132168
}