,Group,C(semantic_role)[T.patient],C(syntactic_role)[T.subject],C(valence)[T.-val],C(dominance)[T.-dom]
Group,3.6303122833291384,0.11873929071428493,-0.7038988189058023,0.1202139797746122,0.06770718132699799
C(semantic_role)[T.patient],0.11873929071428493,0.01170912700033668,-0.011641681016382563,0.003804384273745683,0.0008343525275769962
C(syntactic_role)[T.subject],-0.7038988189058023,-0.011641681016382563,0.22188767800448655,-0.017787557717025046,-0.01119786982229669
C(valence)[T.-val],0.1202139797746122,0.003804384273745683,-0.017787557717025046,0.006723526882706318,0.0021198561605553197
C(dominance)[T.-dom],0.06770718132699799,0.0008343525275769962,-0.01119786982229669,0.0021198561605553197,0.00412244065132168
