random_term,Group,C(semantic_role)[T.patient]
Group,1.0138491022164102,0.0643187208413169
C(semantic_role)[T.patient],0.0643187208413169,0.00858206619019157
