,Group,C(semantic_role)[T.patient],C(syntactic_role)[T.subject],C(valence)[T.-val],C(dominance)[T.-dom]
Group,1.8796611235533975,0.09490439409261714,-0.15639795996174,0.07105574654100874,0.039367778874079606
C(semantic_role)[T.patient],0.09490439409261714,0.010908433119190583,-0.0029194441363110837,0.0036818496368741425,0.0006976646219440741
C(syntactic_role)[T.subject],-0.15639795996174,-0.0029194441363110837,0.0486094619446669,-0.003462845764385074,-0.002727040351946125
C(valence)[T.-val],0.07105574654100874,0.0036818496368741425,-0.003462845764385074,0.004862940976894018,0.0011400758336538425
C(dominance)[T.-dom],0.039367778874079606,0.0006976646219440741,-0.002727040351946125,0.0011400758336538425,0.0037081087122742607
