,Group,C(semantic_role)[T.patient],C(syntactic_role)[T.subject]
Group,1.2547211331194832,0.05991712988911941,-0.048517883030018145
C(semantic_role)[T.patient],0.05991712988911941,0.005373092804540446,0.001443148184025631
C(syntactic_role)[T.subject],-0.048517883030018145,0.001443148184025631,0.01914642110296924
