,Group,C(semantic_role)[T.patient],C(syntactic_role)[T.subject],C(valence)[T.-val],C(dominance)[T.-dom]
Group,1.9609966751287886,0.05901206512733971,-0.06358175040097609,0.13279648998689478,0.016086988157068865
C(semantic_role)[T.patient],0.05901206512733971,0.00390267766729159,-0.0013759765873732712,0.004794535810093955,0.0005124965367381785
C(syntactic_role)[T.subject],-0.06358175040097609,-0.0013759765873732712,0.03389168613432372,-0.004821357927536654,-0.0005069395820203165
C(valence)[T.-val],0.13279648998689478,0.004794535810093955,-0.004821357927536654,0.012482285023813622,0.0014252016906254228
C(dominance)[T.-dom],0.016086988157068865,0.0005124965367381785,-0.0005069395820203165,0.0014252016906254228,0.0031754579114511112
