,Group,C(semantic_role)[T.patient],C(syntactic_role)[T.subject],C(valence)[T.-val],C(dominance)[T.-dom]
Group,2.002818059169373,0.05365458422225896,-0.05791298277944097,0.11160620745323845,0.039654860905086874
C(semantic_role)[T.patient],0.05365458422225896,0.003355405567088185,-0.0014621920241632354,0.0034105989673036794,0.0012275156599958496
C(syntactic_role)[T.subject],-0.05791298277944097,-0.0014621920241632354,0.0334157686164051,-0.0046833796543251415,0.00010440240331283561
C(valence)[T.-val],0.11160620745323845,0.0034105989673036794,-0.0046833796543251415,0.010113149688991246,0.0010261979598806354
C(dominance)[T.-dom],0.039654860905086874,0.0012275156599958496,0.00010440240331283561,0.0010261979598806354,0.006376849483074663
