,Group,C(semantic_role)[T.patient],C(syntactic_role)[T.subject],C(valence)[T.-val],C(dominance)[T.-dom]
Group,1.9608848806059662,0.059046739041076574,-0.06362372791046636,0.1327486078399435,0.016067157818644026
C(semantic_role)[T.patient],0.059046739041076574,0.0039032563406770264,-0.0013672123907545854,0.004794894774980528,0.0005129085797126224
C(syntactic_role)[T.subject],-0.06362372791046636,-0.0013672123907545854,0.03389104748673933,-0.004817706554876864,-0.0005046885805154542
C(valence)[T.-val],0.1327486078399435,0.004794894774980528,-0.004817706554876864,0.012472596065928272,0.0014233242610434116
C(dominance)[T.-dom],0.016067157818644026,0.0005129085797126224,-0.0005046885805154542,0.0014233242610434116,0.003172949200972924
