,Group,C(semantic_role)[T.patient],C(syntactic_role)[T.subject],C(valence)[T.-val],C(dominance)[T.-dom]
Group,2.0012800746490127,0.05360148630886165,-0.057880376966249855,0.11148196280759293,0.039635682133220496
C(semantic_role)[T.patient],0.05360148630886165,0.003356686726846602,-0.001454156612516729,0.0034075102319077086,0.0012247968949061284
C(syntactic_role)[T.subject],-0.057880376966249855,-0.001454156612516729,0.03338970454517362,-0.004673739221686673,0.00010414943211186984
C(valence)[T.-val],0.11148196280759293,0.0034075102319077086,-0.004673739221686673,0.010102004457492889,0.0010209032449009106
C(dominance)[T.-dom],0.039635682133220496,0.0012247968949061284,0.00010414943211186984,0.0010209032449009106,0.006380592744337221
