,Group,C(semantic_role)[T.patient],C(syntactic_role)[T.subject]
Group,1.3602009532572628,0.04087232895332415,0.003984721122905474
C(semantic_role)[T.patient],0.04087232895332415,0.004429055274305037,0.0008078939106010608
C(syntactic_role)[T.subject],0.003984721122905474,0.0008078939106010608,0.006752997444403163
