random_term,Group,C(semantic_role)[T.patient],C(syntactic_role)[T.subject]
Group,1.5404147425848305,0.0292394001867369,-0.11404542417561185
C(semantic_role)[T.patient],0.0292394001867369,0.001745132483077705,-0.0013801820821808181
C(syntactic_role)[T.subject],-0.11404542417561185,-0.0013801820821808181,0.02995228200009741
