semantic_role,Group,C(syntactic_role)[T.subject]
agent,-0.0858960086309817,0.050031660829985496
patient,0.0858960086310599,-0.050031660830030106
