random_term,Group,C(syntactic_role)[T.subject]
Group,0.008559552798726437,-0.004981897725782748
C(syntactic_role)[T.subject],-0.004981897725782748,0.0030549473656389273
