,Group,C(semantic_role)[T.patient],C(syntactic_role)[T.subject],C(valence)[T.-val],C(dominance)[T.-dom]
Group,0.9538148695497081,-0.020235233283807934,0.08530077099685258,0.000578051118096896,0.055695510985456546
C(semantic_role)[T.patient],-0.020235233283807934,0.004846959160644062,-0.0022979482708079197,-1.5308449492487586e-05,-0.0011188216353005306
C(syntactic_role)[T.subject],0.08530077099685258,-0.0022979482708079197,0.03391431499318088,-0.0008191424115005188,0.006681836766655645
C(valence)[T.-val],0.000578051118096896,-1.5308449492487586e-05,-0.0008191424115005188,0.004864429513005247,-0.00020028562392475656
C(dominance)[T.-dom],0.055695510985456546,-0.0011188216353005306,0.006681836766655645,-0.00020028562392475656,0.007375540263856468
