,Group,C(semantic_role)[T.patient],C(syntactic_role)[T.subject]
Group,1.36090655898792,0.04090935016197922,0.003981387916111844
C(semantic_role)[T.patient],0.04090935016197922,0.004427371663191811,0.000811509071923288
C(syntactic_role)[T.subject],0.003981387916111844,0.000811509071923288,0.00674612924487779
