,Group,C(semantic_role)[T.patient],C(syntactic_role)[T.subject],C(valence)[T.-val],C(dominance)[T.-dom]
Group,1.960316005949585,0.0590272055119089,-0.06369575351055322,0.1327028211694055,0.016091711049439347
C(semantic_role)[T.patient],0.0590272055119089,0.0038964397582640876,-0.0013694921537369615,0.004793814614367442,0.0005145108293726464
C(syntactic_role)[T.subject],-0.06369575351055322,-0.0013694921537369615,0.033881720512934956,-0.004823649269022135,-0.0005063433737963069
C(valence)[T.-val],0.1327028211694055,0.004793814614367442,-0.004823649269022135,0.012463445275447384,0.0014244855194418783
C(dominance)[T.-dom],0.016091711049439347,0.0005145108293726464,-0.0005063433737963069,0.0014244855194418783,0.0031682837202383326
