,Group,C(semantic_role)[T.patient],C(syntactic_role)[T.subject],C(valence)[T.-val],C(dominance)[T.-dom]
Group,2.002865354831306,0.05362174464555409,-0.057487902602219004,0.11153575950022414,0.03962056375278933
C(semantic_role)[T.patient],0.05362174464555409,0.0033378153528043964,-0.0014450472200883294,0.0034032572975606634,0.0012298271744742302
C(syntactic_role)[T.subject],-0.057487902602219004,-0.0014450472200883294,0.033396377684639066,-0.004653229829360737,0.00011760254746667539
C(valence)[T.-val],0.11153575950022414,0.0034032572975606634,-0.004653229829360737,0.010090957998251503,0.0010249782924349159
C(dominance)[T.-dom],0.03962056375278933,0.0012298271744742302,0.00011760254746667539,0.0010249782924349159,0.006364475317178765
