,Group,C(semantic_role)[T.patient],C(syntactic_role)[T.subject],C(valence)[T.-val],C(dominance)[T.-dom]
Group,1.5098424850840624,0.07429917166654965,-0.013253555469357773,0.11219970801132387,-0.01567406329175356
C(semantic_role)[T.patient],0.07429917166654965,0.005421425662725388,0.003622187648623708,0.006078898915406532,-0.00198685170544367
C(syntactic_role)[T.subject],-0.013253555469357773,0.003622187648623708,0.04024021906202254,0.0023561124001907786,0.0027234630946676008
C(valence)[T.-val],0.11219970801132387,0.006078898915406532,0.0023561124001907786,0.012436888290054623,-0.0028454985843300138
C(dominance)[T.-dom],-0.01567406329175356,-0.00198685170544367,0.0027234630946676008,-0.0028454985843300138,0.004287925392540398
