,Group,C(semantic_role)[T.patient],C(syntactic_role)[T.subject],C(valence)[T.-val],C(dominance)[T.-dom]
Group,1.5126514979813157,0.06559166323908494,-0.018526837779450488,0.1223487933093687,-0.02598697819575414
C(semantic_role)[T.patient],0.06559166323908494,0.004675957012722138,0.003652999399638018,0.005991500565692255,-0.0023517840969272436
C(syntactic_role)[T.subject],-0.018526837779450488,0.003652999399638018,0.039659016139640624,0.002135457130157553,0.0026229155094108043
C(valence)[T.-val],0.1223487933093687,0.005991500565692255,0.002135457130157553,0.014320187968866584,-0.003990972503535351
C(dominance)[T.-dom],-0.02598697819575414,-0.0023517840969272436,0.0026229155094108043,-0.003990972503535351,0.004730668327836396
