,Group,C(semantic_role)[T.patient],C(syntactic_role)[T.subject],C(valence)[T.-val],C(dominance)[T.-dom]
Group,1.1256968261886022,-0.015144642004655512,0.07026880641107587,0.0022418029016700374,0.0468732850452044
C(semantic_role)[T.patient],-0.015144642004655512,0.0017380738207650398,0.0009422794887999105,-1.4099246601378825e-05,-0.0006019925776320497
C(syntactic_role)[T.subject],0.07026880641107587,0.0009422794887999105,0.053419959362772544,-0.0010570510474443625,0.00448860418920376
C(valence)[T.-val],0.0022418029016700374,-1.4099246601378825e-05,-0.0010570510474443625,0.0010437148794980296,0.0005555860423519958
C(dominance)[T.-dom],0.0468732850452044,-0.0006019925776320497,0.00448860418920376,0.0005555860423519958,0.0034547437527653307
