,Group,C(semantic_role)[T.patient],C(syntactic_role)[T.subject],C(valence)[T.-val],C(dominance)[T.-dom]
Group,1.8636053523579232,0.09503339300591514,-0.15559556012384496,0.07051338155429367,0.036584533216444816
C(semantic_role)[T.patient],0.09503339300591514,0.010825095777914193,-0.002946343132007529,0.0036875726078019113,0.0007989854716473014
C(syntactic_role)[T.subject],-0.15559556012384496,-0.002946343132007529,0.048571346938947456,-0.0034406257491499796,-0.0025849295318019247
C(valence)[T.-val],0.07051338155429367,0.0036875726078019113,-0.0034406257491499796,0.0048409865390835185,0.001044666280786711
C(dominance)[T.-dom],0.036584533216444816,0.0007989854716473014,-0.0025849295318019247,0.001044666280786711,0.003152423631700752
