,Group,C(semantic_role)[T.patient],C(syntactic_role)[T.subject],C(valence)[T.-val],C(dominance)[T.-dom]
Group,1.874691793031814,0.08140553324463544,-0.1424611844808972,0.06166087067212424,0.0460029691486139
C(semantic_role)[T.patient],0.08140553324463544,0.008930599794735813,-0.0012921631908020712,0.0023064586231986667,0.001386622417577771
C(syntactic_role)[T.subject],-0.1424611844808972,-0.0012921631908020712,0.04648634432454,-0.003488855788699171,-0.0016801171245738413
C(valence)[T.-val],0.06166087067212424,0.0023064586231986667,-0.003488855788699171,0.004152673279298972,0.0006640512999603923
C(dominance)[T.-dom],0.0460029691486139,0.001386622417577771,-0.0016801171245738413,0.0006640512999603923,0.004535803556444715
