,Group,C(semantic_role)[T.patient],C(syntactic_role)[T.subject]
Group,1.253566168338213,0.059892108536949644,-0.048293439773827614
C(semantic_role)[T.patient],0.059892108536949644,0.0053651195862867524,0.0014596800604854557
C(syntactic_role)[T.subject],-0.048293439773827614,0.0014596800604854557,0.019133436609119318
