,Group,C(semantic_role)[T.patient],C(syntactic_role)[T.subject],C(valence)[T.-val],C(dominance)[T.-dom]
Group,1.5881858323161546,0.14271783007640543,-0.007042753281056596,0.15210290104115368,-0.004220991711567645
C(semantic_role)[T.patient],0.14271783007640543,0.0179261536936409,0.0065856886368154165,0.015028565083358545,0.0019280147077867296
C(syntactic_role)[T.subject],-0.007042753281056596,0.0065856886368154165,0.04958950932203089,0.0014081492680021394,0.009117420915029999
C(valence)[T.-val],0.15210290104115368,0.015028565083358545,0.0014081492680021394,0.01857598372561479,-0.002316218217792475
C(dominance)[T.-dom],-0.004220991711567645,0.0019280147077867296,0.009117420915029999,-0.002316218217792475,0.006298186404269754
