,Group,C(semantic_role)[T.patient],C(syntactic_role)[T.subject],C(valence)[T.-val],C(dominance)[T.-dom]
Group,1.584959998962732,0.12537100277199678,0.00926207111294705,0.1344427651447211,0.012808009418676056
C(semantic_role)[T.patient],0.12537100277199678,0.015220308629843379,0.009092010489051755,0.011178833444339576,0.0043851313991053725
C(syntactic_role)[T.subject],0.00926207111294705,0.009092010489051755,0.05002652572478001,0.0019327455865014807,0.010371123886716535
C(valence)[T.-val],0.1344427651447211,0.011178833444339576,0.0019327455865014807,0.01539842896296511,-0.001693698536844844
C(dominance)[T.-dom],0.012808009418676056,0.0043851313991053725,0.010371123886716535,-0.001693698536844844,0.008072166668006125
