,Group,C(semantic_role)[T.patient],C(syntactic_role)[T.subject],C(valence)[T.-val],C(dominance)[T.-dom]
Group,1.1953758542211148,0.03862683384771356,0.0037334195885001297,0.10663805920598761,0.05277827129108182
C(semantic_role)[T.patient],0.03862683384771356,0.004458197213039667,0.0008129836253175114,0.003637947136153407,0.0011411523900608377
C(syntactic_role)[T.subject],0.0037334195885001297,0.0008129836253175114,0.006761535021663416,0.0012734068298595037,-0.0007493331787634643
C(valence)[T.-val],0.10663805920598761,0.003637947136153407,0.0012734068298595037,0.01129546241216046,0.0030333315104373185
C(dominance)[T.-dom],0.05277827129108182,0.0011411523900608377,-0.0007493331787634643,0.0030333315104373185,0.005589228169797384
