,Group,C(semantic_role)[T.patient],C(syntactic_role)[T.subject],C(valence)[T.-val],C(dominance)[T.-dom]
Group,1.8636272704261339,0.0812503469541853,-0.142033395245067,0.06107363924102923,0.046080376393174076
C(semantic_role)[T.patient],0.0812503469541853,0.008929484214237114,-0.0012924724511753382,0.0023040929069534774,0.001385138858264003
C(syntactic_role)[T.subject],-0.142033395245067,-0.0012924724511753382,0.046440586523782766,-0.0034842537655427725,-0.0016802692938046528
C(valence)[T.-val],0.06107363924102923,0.0023040929069534774,-0.0034842537655427725,0.004148831336196964,0.0006615693885787837
C(dominance)[T.-dom],0.046080376393174076,0.001385138858264003,-0.0016802692938046528,0.0006615693885787837,0.004533245696464421
