,Group,C(semantic_role)[T.patient],C(syntactic_role)[T.subject],C(valence)[T.-val],C(dominance)[T.-dom]
Group,1.8538843906000015,0.09491614271196402,-0.15525295332049946,0.06999717284988104,0.03668217645941619
C(semantic_role)[T.patient],0.09491614271196402,0.010831721749085834,-0.002931088597494449,0.0036893295639757458,0.000801768294616336
C(syntactic_role)[T.subject],-0.15525295332049946,-0.002931088597494449,0.048584213073442926,-0.003437353557107861,-0.002590730900655102
C(valence)[T.-val],0.06999717284988104,0.0036893295639757458,-0.003437353557107861,0.004836063591565784,0.0010456503354426493
C(dominance)[T.-dom],0.03668217645941619,0.000801768294616336,-0.002590730900655102,0.0010456503354426493,0.0031532263876167385
