,Group,C(semantic_role)[T.patient],C(syntactic_role)[T.subject],C(valence)[T.-val],C(dominance)[T.-dom]
Group,2.3251542512433248,0.11173352861325943,-0.20936569700066768,0.11033903248618726,-0.0598732239375255
C(semantic_role)[T.patient],0.11173352861325943,0.008084577860414915,-0.011666574490820099,0.006312505370563988,-0.0032014678985263414
C(syntactic_role)[T.subject],-0.20936569700066768,-0.011666574490820099,0.06573678482501533,-0.006559516819073838,0.004321238445165224
C(valence)[T.-val],0.11033903248618726,0.006312505370563988,-0.006559516819073838,0.013287920622953312,-0.006682016860454242
C(dominance)[T.-dom],-0.0598732239375255,-0.0032014678985263414,0.004321238445165224,-0.006682016860454242,0.006708610587490576
