random_term,Group,C(semantic_role)[T.patient],C(syntactic_role)[T.subject]
Group,0.8153036342635475,0.008256691962330908,0.03878321191597079
C(semantic_role)[T.patient],0.008256691962330908,0.004438168169480633,0.0033165765823203216
C(syntactic_role)[T.subject],0.03878321191597079,0.0033165765823203216,0.030543183773602517
