,Group,C(semantic_role)[T.patient],C(syntactic_role)[T.subject],C(valence)[T.-val],C(dominance)[T.-dom]
Group,2.4496143674813298,-0.07071592410042997,-0.2778020037757467,0.27193812080732455,-0.0073079743998745225
C(semantic_role)[T.patient],-0.07071592410042997,0.0821062677882613,0.00605284520323179,-0.006439419768748511,-0.00023258069303252907
C(syntactic_role)[T.subject],-0.2778020037757467,0.00605284520323179,0.062135693174057226,-0.025669287194236983,-0.000862237236913419
C(valence)[T.-val],0.27193812080732455,-0.006439419768748511,-0.025669287194236983,0.08857514112402994,0.0008190029365951931
C(dominance)[T.-dom],-0.0073079743998745225,-0.00023258069303252907,-0.000862237236913419,0.0008190029365951931,0.07266891332193068
