,Group,C(semantic_role)[T.patient],C(syntactic_role)[T.subject],C(valence)[T.-val],C(dominance)[T.-dom]
Group,2.533480348159859,-0.07527438950015121,-0.28611067206074403,0.2387867709020414,0.034990691124094024
C(semantic_role)[T.patient],-0.07527438950015121,0.09445346274021145,0.005791880968978995,-0.0052326662242736,-0.0018038338116087957
C(syntactic_role)[T.subject],-0.28611067206074403,0.005791880968978995,0.06868878758199179,-0.02105139922889991,-0.006368124099285433
C(valence)[T.-val],0.2387867709020414,-0.0052326662242736,-0.02105139922889991,0.09191728418561061,0.00495170988086945
C(dominance)[T.-dom],0.034990691124094024,-0.0018038338116087957,-0.006368124099285433,0.00495170988086945,0.08320812133162409
