,Group,C(semantic_role)[T.patient],C(syntactic_role)[T.subject]
Group,1.007979505205841,0.11409734919241266,-0.15616077446081458
C(semantic_role)[T.patient],0.11409734919241266,0.015169285278084307,-0.016760666328183516
C(syntactic_role)[T.subject],-0.15616077446081458,-0.016760666328183516,0.07442398102956865
