,Group,C(semantic_role)[T.patient],C(syntactic_role)[T.subject],C(valence)[T.-val],C(dominance)[T.-dom]
Group,1.6595783152724148,0.11286736024630534,-0.03254754000773421,0.07629957984540224,0.062409291140931446
C(semantic_role)[T.patient],0.11286736024630534,0.011558771101113188,0.002885550525705604,0.005010695677038571,0.005416513243417534
C(syntactic_role)[T.subject],-0.03254754000773421,0.002885550525705604,0.0194704058423962,-0.0044762560313408315,-0.0002197526237790997
C(valence)[T.-val],0.07629957984540224,0.005010695677038571,-0.0044762560313408315,0.005998781506433993,0.0015514258906475927
C(dominance)[T.-dom],0.062409291140931446,0.005416513243417534,-0.0002197526237790997,0.0015514258906475927,0.004391824602892052
