,Group,C(semantic_role)[T.patient],C(syntactic_role)[T.subject],C(valence)[T.-val],C(dominance)[T.-dom]
Group,1.8544108559025203,0.09494363337975106,-0.15527777165397993,0.07004337515462968,0.0366895752066714
C(semantic_role)[T.patient],0.09494363337975106,0.010834617518356262,-0.0029320307336846724,0.0036918562262082404,0.0008021696024880135
C(syntactic_role)[T.subject],-0.15527777165397993,-0.0029320307336846724,0.048586927845512204,-0.0034395592680910724,-0.0025911683865489778
C(valence)[T.-val],0.07004337515462968,0.0036918562262082404,-0.0034395592680910724,0.004841687256294676,0.00104637087558946
C(dominance)[T.-dom],0.0366895752066714,0.0008021696024880135,-0.0025911683865489778,0.00104637087558946,0.0031547575894080465
