{
  "formula": "log_he_she_odds ~ C(tense) + C(semantic_role) + C(syntactic_role) + C(valence) + C(dominance) + log_frequency + lex_emb_norm + C(tense):C(syntactic_role) + C(valence):C(dominance) + log_frequency:lex_emb_norm + profession_embedding_1 + profession_embedding_2 + profession_embedding_3 + profession_embedding_4 + profession_embedding_5",
  "model_type": "OLS",
  "optimizer": "closed_form",
  "converged": true,
  "nobs": 15360,
  "aic": 52089.58255322382,
  "bic": 52272.93108138466,
  "log_likelihood": -26020.79127661191,
  "residual_variance": 1.7363939491179252,
  "R2m": 0.22695486287126476,
  "R2c": 0.22695486287126476,
  "warnings": [],
  "fixed_effect_variance_profession_embedding": 1.0178066771930654,
  "fixed_effect_variance_Intercept": 2.019615402743573e-28,
  "fixed_effect_variance_C(tense)": 0.012797347940848428,
  "fixed_effect_variance_C(semantic_role)": 0.005585537421968706,
  "fixed_effect_variance_C(syntactic_role)": 0.025270460142160504,
  "fixed_effect_variance_C(valence)": 0.013442818411349818,
  "fixed_effect_variance_C(dominance)": 0.0018145419571851825,
  "fixed_effect_variance_C(tense):C(syntactic_role)": 0.005553532665611655,
  "fixed_effect_variance_C(valence):C(dominance)": 0.007097369825791693,
  "fixed_effect_variance_log_frequency": 0.00047770788033242237,
  "fixed_effect_variance_lex_emb_norm": 0.0023668791646128534,
  "fixed_effect_variance_log_frequency:lex_emb_norm": 0.4698258373700041
}