,Group,C(semantic_role)[T.patient],C(syntactic_role)[T.subject],C(valence)[T.-val],C(dominance)[T.-dom]
Group,2.4496086742374876,-0.07071587438061831,-0.27780148966111495,0.27193758542412616,-0.007307977083757218
C(semantic_role)[T.patient],-0.07071587438061831,0.08209758249438597,0.006052953237935668,-0.006439495947462789,-0.00023255555112025106
C(syntactic_role)[T.subject],-0.27780148966111495,0.006052953237935668,0.06213561296201581,-0.025669246237795918,-0.0008622352812079889
C(valence)[T.-val],0.27193758542412616,-0.006439495947462789,-0.025669246237795918,0.08857503610903347,0.000819001335342177
C(dominance)[T.-dom],-0.007307977083757218,-0.00023255555112025106,-0.0008622352812079889,0.000819001335342177,0.07266884434007981
