,Group,C(semantic_role)[T.patient],C(syntactic_role)[T.subject],C(valence)[T.-val],C(dominance)[T.-dom]
Group,2.533380541519856,-0.07527352306275546,-0.28610169922493306,0.23877876153188518,0.0349892765551074
C(semantic_role)[T.patient],-0.07527352306275546,0.09429772914120993,0.0057942118206914,-0.005234249815208669,-0.0018031567026661186
C(syntactic_role)[T.subject],-0.28610169922493306,0.0057942118206914,0.06868731500889938,-0.021050805691238697,-0.006367968569797774
C(valence)[T.-val],0.23877876153188518,-0.005234249815208669,-0.021050805691238697,0.0919155416806964,0.004951581588864279
C(dominance)[T.-dom],0.0349892765551074,-0.0018031567026661186,-0.006367968569797774,0.004951581588864279,0.08320679149704115
