,Group,C(semantic_role)[T.patient],C(syntactic_role)[T.subject],C(valence)[T.-val],C(dominance)[T.-dom]
Group,1.8544102114602208,0.09494370942608296,-0.15527547087159663,0.07004287932901097,0.03668973935960921
C(semantic_role)[T.patient],0.09494370942608296,0.010835312366104386,-0.0029316414397364357,0.003691914884240375,0.0008021627365280986
C(syntactic_role)[T.subject],-0.15527547087159663,-0.0029316414397364357,0.048586698188956265,-0.003439402025783834,-0.00259124343221192
C(valence)[T.-val],0.07004287932901097,0.003691914884240375,-0.003439402025783834,0.004842318891048125,0.0010464263394194
C(dominance)[T.-dom],0.03668973935960921,0.0008021627365280986,-0.00259124343221192,0.0010464263394194,0.0031554593507781767
