,Group,C(semantic_role)[T.patient],C(syntactic_role)[T.subject],C(valence)[T.-val],C(dominance)[T.-dom]
Group,1.6050102361181036,0.1269564419545189,0.009522702879005605,0.13621658741636009,0.01276441711176506
C(semantic_role)[T.patient],0.1269564419545189,0.015305139040265404,0.008999673628745585,0.011343471680921832,0.004288217256966408
C(syntactic_role)[T.subject],0.009522702879005605,0.008999673628745585,0.049701227686811865,0.002015924857970422,0.010105774543613843
C(valence)[T.-val],0.13621658741636009,0.011343471680921832,0.002015924857970422,0.015536668688762446,-0.0016324051635006956
C(dominance)[T.-dom],0.01276441711176506,0.004288217256966408,0.010105774543613843,-0.0016324051635006956,0.007814232865912754
