,Group,C(semantic_role)[T.patient],C(syntactic_role)[T.subject],C(valence)[T.-val],C(dominance)[T.-dom]
Group,1.5880657586431868,0.14277081726131463,-0.007134225920465949,0.15207395128777398,-0.0042089174033064815
C(semantic_role)[T.patient],0.14277081726131463,0.01792243727982491,0.006552643734127743,0.015040887044685147,0.0019002950431477946
C(syntactic_role)[T.subject],-0.007134225920465949,0.006552643734127743,0.04939384623054803,0.001431761107424233,0.008989314776477242
C(valence)[T.-val],0.15207395128777398,0.015040887044685147,0.001431761107424233,0.018561369895675316,-0.0022928227309678712
C(dominance)[T.-dom],-0.0042089174033064815,0.0019002950431477946,0.008989314776477242,-0.0022928227309678712,0.006184254159523465
