,Group,C(semantic_role)[T.patient],C(syntactic_role)[T.subject],C(valence)[T.-val],C(dominance)[T.-dom]
Group,2.332741458864604,0.21491246133835157,-0.45201277836320025,0.16631105181244224,0.06042700406192297
C(semantic_role)[T.patient],0.21491246133835157,0.12425545906312563,-0.0403011900523284,0.007920874855141206,0.0038664938121979243
C(syntactic_role)[T.subject],-0.45201277836320025,-0.0403011900523284,0.11740705585960942,-0.028435373373052523,-0.012229024224559345
C(valence)[T.-val],0.16631105181244224,0.007920874855141206,-0.028435373373052523,0.12281605072743634,0.004304978448250393
C(dominance)[T.-dom],0.06042700406192297,0.0038664938121979243,-0.012229024224559345,0.004304978448250393,0.11754532387744732
