,Group,C(semantic_role)[T.patient],C(syntactic_role)[T.subject],C(valence)[T.-val],C(dominance)[T.-dom]
Group,2.3533537263130437,0.19823738333920699,-0.46591773127591374,0.1738414209848515,0.054410808958746226
C(semantic_role)[T.patient],0.19823738333920699,0.12417296378627948,-0.038088537005545015,0.007048250348932438,0.0031439715059242827
C(syntactic_role)[T.subject],-0.46591773127591374,-0.038088537005545015,0.12372209887191796,-0.03137819892327168,-0.010392406922559053
C(valence)[T.-val],0.1738414209848515,0.007048250348932438,-0.03137819892327168,0.12600186918421724,0.004731622276514065
C(dominance)[T.-dom],0.054410808958746226,0.0031439715059242827,-0.010392406922559053,0.004731622276514065,0.11834333624961112
