,Group,C(semantic_role)[T.patient],C(syntactic_role)[T.subject],C(valence)[T.-val],C(dominance)[T.-dom]
Group,1.604752189482929,0.12690153038123023,0.009395005825129825,0.13622525652455572,0.012738791386460982
C(semantic_role)[T.patient],0.12690153038123023,0.015301075422703099,0.0089848273168871,0.011338661749832656,0.004289895246815216
C(syntactic_role)[T.subject],0.009395005825129825,0.0089848273168871,0.049737471692010746,0.002012414151995385,0.010109386754479598
C(valence)[T.-val],0.13622525652455572,0.011338661749832656,0.002012414151995385,0.015536438554562345,-0.0016310526333272297
C(dominance)[T.-dom],0.012738791386460982,0.004289895246815216,0.010109386754479598,-0.0016310526333272297,0.007815035822996875
