,Group,C(semantic_role)[T.patient],C(syntactic_role)[T.subject],C(valence)[T.-val],C(dominance)[T.-dom]
Group,1.5888080783562224,0.14287897073475533,-0.007090307790739372,0.15212470759559163,-0.004218910299126637
C(semantic_role)[T.patient],0.14287897073475533,0.017936702033032496,0.006552506863869134,0.015050443139767212,0.0018982296864005796
C(syntactic_role)[T.subject],-0.007090307790739372,0.006552506863869134,0.049393798217518096,0.0014338908344551037,0.008993024919816786
C(valence)[T.-val],0.15212470759559163,0.015050443139767212,0.0014338908344551037,0.018567762141415596,-0.0022930242135820417
C(dominance)[T.-dom],-0.004218910299126637,0.0018982296864005796,0.008993024919816786,-0.0022930242135820417,0.006182723973097628
