,Group,C(semantic_role)[T.patient],C(syntactic_role)[T.subject],C(valence)[T.-val],C(dominance)[T.-dom]
Group,0.8858990905237925,-0.015643974217547908,0.07712438642123592,0.0006667766527188237,0.04527692614888178
C(semantic_role)[T.patient],-0.015643974217547908,0.0015234178669532876,-0.0016290077548543724,-2.7471328403509744e-05,-0.0007169714800799515
C(syntactic_role)[T.subject],0.07712438642123592,-0.0016290077548543724,0.037965345723800094,-0.0007854912972632186,0.0053805320779384755
C(valence)[T.-val],0.0006667766527188237,-2.7471328403509744e-05,-0.0007854912972632186,0.0018207959386561338,-0.00023972861641249825
C(dominance)[T.-dom],0.04527692614888178,-0.0007169714800799515,0.0053805320779384755,-0.00023972861641249825,0.0033348832045601434
