,Group,C(semantic_role)[T.patient],C(syntactic_role)[T.subject],C(valence)[T.-val],C(dominance)[T.-dom]
Group,1.0970663916095953,-0.0164427232949893,0.07185470992376078,0.020684815946060742,0.0270024972185729
C(semantic_role)[T.patient],-0.0164427232949893,0.0016806018807558002,0.0005779085718994973,-0.00018679088582502191,-0.0003811587854955382
C(syntactic_role)[T.subject],0.07185470992376078,0.0005779085718994973,0.053976014020044545,0.0005890040148776868,0.0029563205752986227
C(valence)[T.-val],0.020684815946060742,-0.00018679088582502191,0.0005890040148776868,0.002148313135524875,0.0008086724017171082
C(dominance)[T.-dom],0.0270024972185729,-0.0003811587854955382,0.0029563205752986227,0.0008086724017171082,0.001848619057725332
