,Group,C(semantic_role)[T.patient],C(syntactic_role)[T.subject],C(valence)[T.-val],C(dominance)[T.-dom]
Group,1.855568309306841,0.09494735739155484,-0.15579322635124007,0.07003335817867629,0.03670913162181671
C(semantic_role)[T.patient],0.09494735739155484,0.010834190265401548,-0.0029389213002051695,0.0036904737838685687,0.0008021246468515978
C(syntactic_role)[T.subject],-0.15579322635124007,-0.0029389213002051695,0.04875902463409437,-0.003448821037083576,-0.0026000150202248064
C(valence)[T.-val],0.07003335817867629,0.0036904737838685687,-0.003448821037083576,0.004838634092363114,0.0010465669620758687
C(dominance)[T.-dom],0.03670913162181671,0.0008021246468515978,-0.0026000150202248064,0.0010465669620758687,0.0031556378508617693
