,Group,C(semantic_role)[T.patient],C(syntactic_role)[T.subject],C(valence)[T.-val],C(dominance)[T.-dom]
Group,1.8650224089404688,0.08126764250074768,-0.14238513776724143,0.06111346553151479,0.04608880416496455
C(semantic_role)[T.patient],0.08126764250074768,0.008932791378577823,-0.001299832148531028,0.002303941204221797,0.0013856628121454494
C(syntactic_role)[T.subject],-0.14238513776724143,-0.001299832148531028,0.04656502051914015,-0.003494792593108068,-0.0016834266467381056
C(valence)[T.-val],0.06111346553151479,0.002303941204221797,-0.003494792593108068,0.004153215164924222,0.0006636936907949462
C(dominance)[T.-dom],0.04608880416496455,0.0013856628121454494,-0.0016834266467381056,0.0006636936907949462,0.004534833530562372
