target_model,embedding_method,embedding_method_label,model_name,model_dir,formula,model_type,optimizer,converged,nobs,aic,bic,log_likelihood,residual_variance,R2m,R2c,warnings,fixed_effect_variance_C(tense),fixed_effect_variance_C(semantic_role),fixed_effect_variance_C(syntactic_role),"fixed_effect_variance_C(valence, Treatment(reference='-val'))","fixed_effect_variance_C(dominance, Treatment(reference='-dom'))",fixed_effect_variance_log_frequency,fixed_effect_variance_lex_emb_norm,fixed_effect_variance_profession_embedding
EleutherAI_pythia-12b-deduped,tfidf,TF-IDF,no_profession_embedding_baseline,profession_embedding_model_selection_data/runs/tfidf/he_she_odds_results__EleutherAI_pythia-12b-deduped/models/no_profession_embedding_baseline,"log_he_she_odds ~ C(tense) + C(semantic_role) + C(syntactic_role) + C(valence, Treatment(reference='-val')) + C(dominance, Treatment(reference='-dom')) + log_frequency + lex_emb_norm",OLS,closed_form,True,16320,65427.57187390457,65519.97363344679,-32701.785936952285,3.2233793737298346,0.019738990447031757,0.019738990447031757,[],0.021062749395727567,0.00011035142884346557,0.001635997941419906,4.431656134791375e-05,0.00015256086676244807,0.020486623808553085,0.021371110860488325,
EleutherAI_pythia-12b-deduped,tfidf,TF-IDF,selected_profession_embedding,profession_embedding_model_selection_data/runs/tfidf/he_she_odds_results__EleutherAI_pythia-12b-deduped/models/selected_profession_embedding,log_he_she_odds ~ C(tense) + C(syntactic_role) + log_frequency + profession_embedding_1 + profession_embedding_3 + profession_embedding_4 + profession_embedding_6 + profession_embedding_7 + profession_embedding_8 + profession_embedding_9 + profession_embedding_10,OLS,closed_form,True,16320,60414.18473395787,60537.38708001416,-30191.092366978934,2.3702432265306577,0.2793627882410047,0.2793627882410047,[],0.021062749395727633,,0.001635997941419996,,,-0.0658830408052978,,0.9611900633686353
EleutherAI_pythia-2.8b-deduped,tfidf,TF-IDF,no_profession_embedding_baseline,profession_embedding_model_selection_data/runs/tfidf/he_she_odds_results__EleutherAI_pythia-2.8b-deduped/models/no_profession_embedding_baseline,"log_he_she_odds ~ C(tense) + C(semantic_role) + C(syntactic_role) + C(valence, Treatment(reference='-val')) + C(dominance, Treatment(reference='-dom')) + log_frequency + lex_emb_norm",OLS,closed_form,True,16320,59210.109098113666,59302.510857655885,-29593.054549056833,2.2022032144669024,0.016970808007690907,0.016970808007690907,[],0.01046451233685842,0.0013960742889093892,6.941362113513121e-05,0.00321722390816208,0.003490755126740033,0.005063872802598417,0.014290891629875355,
EleutherAI_pythia-2.8b-deduped,tfidf,TF-IDF,selected_profession_embedding,profession_embedding_model_selection_data/runs/tfidf/he_she_odds_results__EleutherAI_pythia-2.8b-deduped/models/selected_profession_embedding,"log_he_she_odds ~ C(tense) + C(semantic_role) + C(syntactic_role) + C(valence, Treatment(reference='-val')) + C(dominance, Treatment(reference='-dom')) + log_frequency + lex_emb_norm + profession_embedding_1 + profession_embedding_2 + profession_embedding_3 + profession_embedding_4 + profession_embedding_5 + profession_embedding_6 + profession_embedding_7 + profession_embedding_8 + profession_embedding_9 + profession_embedding_10",OLS,closed_form,True,16320,53393.340335222616,53562.74356105001,-26674.670167611308,1.5409923000952224,0.3125468568775398,0.3125468568775398,[],0.01046451233685837,0.0013960742889092745,6.941362113514994e-05,0.0032172239081620095,0.0034907551267400016,-0.029383383079171405,-0.012175635550838285,0.7226232943422377
EleutherAI_pythia-6.9b-deduped,tfidf,TF-IDF,no_profession_embedding_baseline,profession_embedding_model_selection_data/runs/tfidf/he_she_odds_results__EleutherAI_pythia-6.9b-deduped/models/no_profession_embedding_baseline,"log_he_she_odds ~ C(tense) + C(semantic_role) + C(syntactic_role) + C(valence, Treatment(reference='-val')) + C(dominance, Treatment(reference='-dom')) + log_frequency + lex_emb_norm",OLS,closed_form,True,16320,63831.148029123986,63923.549788666205,-31903.574014561993,2.9229992093617314,0.016886792803900152,0.016886792803900152,[],0.007817684753545962,0.0002463911431823872,0.0034131689377816746,0.0026088488724245046,0.00016954050614417687,0.01943949899900224,0.016478956558626776,
EleutherAI_pythia-6.9b-deduped,tfidf,TF-IDF,selected_profession_embedding,profession_embedding_model_selection_data/runs/tfidf/he_she_odds_results__EleutherAI_pythia-6.9b-deduped/models/selected_profession_embedding,"log_he_she_odds ~ C(tense) + C(semantic_role) + C(syntactic_role) + C(valence, Treatment(reference='-val')) + C(dominance, Treatment(reference='-dom')) + log_frequency + lex_emb_norm + profession_embedding_1 + profession_embedding_3 + profession_embedding_4 + profession_embedding_6 + profession_embedding_7 + profession_embedding_8 + profession_embedding_9 + profession_embedding_10",OLS,closed_form,True,16320,59077.81351238666,59231.816444957025,-29518.90675619333,2.183354068988795,0.2660171641699999,0.2660171641699999,[],0.007817684753546003,0.00024639114318242544,0.003413168937782026,0.0026088488724245805,0.00016954050614416099,-0.07301667532763711,0.002438569065646268,0.8467134735025469
Qwen_Qwen3-4B-Base,tfidf,TF-IDF,no_profession_embedding_baseline,profession_embedding_model_selection_data/runs/tfidf/he_she_odds_results__Qwen_Qwen3-4B-Base/models/no_profession_embedding_baseline,"log_he_she_odds ~ C(tense) + C(semantic_role) + C(syntactic_role) + C(valence, Treatment(reference='-val')) + C(dominance, Treatment(reference='-dom')) + log_frequency + lex_emb_norm",OLS,closed_form,True,16320,60811.45538950982,60903.85714905204,-30393.72769475491,2.4292438337263396,0.02250051453176838,0.02250051453176838,[],0.008530802986897519,0.004985127611973116,0.03218248493218127,0.003922792933674059,0.00019393314457925287,0.005904489585460403,0.0001600836690122595,
Qwen_Qwen3-4B-Base,tfidf,TF-IDF,selected_profession_embedding,profession_embedding_model_selection_data/runs/tfidf/he_she_odds_results__Qwen_Qwen3-4B-Base/models/selected_profession_embedding,"log_he_she_odds ~ C(tense) + C(semantic_role) + C(syntactic_role) + C(valence, Treatment(reference='-val')) + C(dominance, Treatment(reference='-dom')) + log_frequency + lex_emb_norm + profession_embedding_1 + profession_embedding_2 + profession_embedding_3 + profession_embedding_4 + profession_embedding_5 + profession_embedding_6 + profession_embedding_7 + profession_embedding_8 + profession_embedding_9 + profession_embedding_10",OLS,closed_form,True,16320,54961.242637295174,55130.64586312257,-27458.621318647587,1.6963841319377104,0.317813311868659,0.317813311868659,[],0.008530802986897365,0.004985127611973171,0.03218248493218118,0.00392279293367406,0.00019393314457924794,-0.021191954279524944,0.0022299096517070377,0.758431842349986
Qwen_Qwen3-8B-Base,tfidf,TF-IDF,no_profession_embedding_baseline,profession_embedding_model_selection_data/runs/tfidf/he_she_odds_results__Qwen_Qwen3-8B-Base/models/no_profession_embedding_baseline,"log_he_she_odds ~ C(tense) + C(semantic_role) + C(syntactic_role) + C(valence, Treatment(reference='-val')) + C(dominance, Treatment(reference='-dom')) + log_frequency + lex_emb_norm",OLS,closed_form,True,16320,61685.997553490255,61778.399313032474,-30830.998776745128,2.56297110082166,0.027767942629218778,0.027767942629218778,[],0.019667879624567237,0.0016763463453020493,0.02835896846790933,0.008587568665807042,0.0012466928693620303,0.0009380079560480736,0.012676271903019037,
Qwen_Qwen3-8B-Base,tfidf,TF-IDF,selected_profession_embedding,profession_embedding_model_selection_data/runs/tfidf/he_she_odds_results__Qwen_Qwen3-8B-Base/models/selected_profession_embedding,"log_he_she_odds ~ C(tense) + C(semantic_role) + C(syntactic_role) + C(valence, Treatment(reference='-val')) + C(dominance, Treatment(reference='-dom')) + log_frequency + lex_emb_norm + profession_embedding_1 + profession_embedding_2 + profession_embedding_3 + profession_embedding_4 + profession_embedding_5 + profession_embedding_6 + profession_embedding_7 + profession_embedding_8 + profession_embedding_9 + profession_embedding_10",OLS,closed_form,True,16320,54218.04023141091,54387.4434572383,-27087.020115705454,1.620864488042654,0.3855217069717277,0.3855217069717277,[],0.019667879624567286,0.0016763463453020864,0.028358968467909355,0.008587568665806664,0.0012466928693620025,-0.011277413018699362,0.09127580943070901,0.8760806966145585
allenai_Olmo-3-1025-7B,tfidf,TF-IDF,no_profession_embedding_baseline,profession_embedding_model_selection_data/runs/tfidf/he_she_odds_results__allenai_Olmo-3-1025-7B/models/no_profession_embedding_baseline,"log_he_she_odds ~ C(tense) + C(semantic_role) + C(syntactic_role) + C(valence, Treatment(reference='-val')) + C(dominance, Treatment(reference='-dom')) + log_frequency + lex_emb_norm",OLS,closed_form,True,16320,62502.0992163668,62594.50097590902,-31239.0496081834,2.6943942233941685,0.015439333274309242,0.015439333274309242,[],0.010535637473029732,0.0006836333236006611,0.012097876504672008,0.006326639203889513,0.00046964038699478985,5.001547940456079e-07,0.012109585524761692,
allenai_Olmo-3-1025-7B,tfidf,TF-IDF,selected_profession_embedding,profession_embedding_model_selection_data/runs/tfidf/he_she_odds_results__allenai_Olmo-3-1025-7B/models/selected_profession_embedding,"log_he_she_odds ~ C(tense) + C(semantic_role) + C(syntactic_role) + C(valence, Treatment(reference='-val')) + C(dominance, Treatment(reference='-dom')) + log_frequency + lex_emb_norm + profession_embedding_1 + profession_embedding_3 + profession_embedding_4 + profession_embedding_5 + profession_embedding_6 + profession_embedding_7 + profession_embedding_8 + profession_embedding_9 + profession_embedding_10",OLS,closed_form,True,16320,57361.47944696866,57523.18252616754,-28659.73972348433,1.9652776483659016,0.2822627030510184,0.2822627030510184,[],0.010535637473029531,0.0006836333236006467,0.012097876504671975,0.006326639203889561,0.0004696403869947838,0.00028089966135783073,0.009521513525384455,0.732016637772321
allenai_Olmo-3-1125-32B,tfidf,TF-IDF,no_profession_embedding_baseline,profession_embedding_model_selection_data/runs/tfidf/he_she_odds_results__allenai_Olmo-3-1125-32B/models/no_profession_embedding_baseline,"log_he_she_odds ~ C(tense) + C(semantic_role) + C(syntactic_role) + C(valence, Treatment(reference='-val')) + C(dominance, Treatment(reference='-dom')) + log_frequency + lex_emb_norm",OLS,closed_form,True,16320,63665.551923919724,63757.95368346194,-31820.775961959862,2.8934900273867243,0.046158838162636884,0.046158838162636884,[],0.04141920171297055,1.0548448848977718e-05,0.07908299493508483,0.0032561476212045032,0.003260867574047428,0.006732254050581494,0.006167059355523905,
allenai_Olmo-3-1125-32B,tfidf,TF-IDF,selected_profession_embedding,profession_embedding_model_selection_data/runs/tfidf/he_she_odds_results__allenai_Olmo-3-1125-32B/models/selected_profession_embedding,"log_he_she_odds ~ C(tense) + C(syntactic_role) + C(valence, Treatment(reference='-val')) + C(dominance, Treatment(reference='-dom')) + log_frequency + lex_emb_norm + profession_embedding_1 + profession_embedding_2 + profession_embedding_3 + profession_embedding_4 + profession_embedding_5 + profession_embedding_6 + profession_embedding_7 + profession_embedding_8 + profession_embedding_9 + profession_embedding_10",OLS,closed_form,True,16320,58300.73604927075,58462.43912846963,-29129.368024635376,2.081702399187203,0.3141439565704385,0.3141439565704385,[],0.04141920171297055,,0.07908299493508535,0.003256147621204356,0.003260867574047416,-0.0323660402682538,0.008713441576927931,0.8489509624318416
google_gemma-3-12b-pt,tfidf,TF-IDF,no_profession_embedding_baseline,profession_embedding_model_selection_data/runs/tfidf/he_she_odds_results__google_gemma-3-12b-pt/models/no_profession_embedding_baseline,"log_he_she_odds ~ C(tense) + C(semantic_role) + C(syntactic_role) + C(valence, Treatment(reference='-val')) + C(dominance, Treatment(reference='-dom')) + log_frequency + lex_emb_norm",OLS,closed_form,True,16320,60149.33841140791,60241.74017095013,-30062.669205703955,2.3326597406307066,0.020089834607162516,0.020089834607162516,[],0.009986042029022072,2.182571608116112e-05,0.005603916434424688,0.0008810346607791801,3.2755752818317484e-05,0.005525160516183001,0.025740543817199084,
google_gemma-3-12b-pt,tfidf,TF-IDF,selected_profession_embedding,profession_embedding_model_selection_data/runs/tfidf/he_she_odds_results__google_gemma-3-12b-pt/models/selected_profession_embedding,"log_he_she_odds ~ C(tense) + C(syntactic_role) + C(valence, Treatment(reference='-val')) + log_frequency + lex_emb_norm + profession_embedding_1 + profession_embedding_2 + profession_embedding_3 + profession_embedding_4 + profession_embedding_5 + profession_embedding_6 + profession_embedding_7 + profession_embedding_8 + profession_embedding_9 + profession_embedding_10",OLS,closed_form,True,16320,53444.41631527317,53598.419247843536,-26702.208157636585,1.5460118365793403,0.3508656587248711,0.3508656587248711,[],0.009986042029021874,,0.005603916434425062,0.000881034660779174,,-0.056947472165081815,-0.08412373747611013,0.9592670462714843
google_gemma-3-4b-pt,tfidf,TF-IDF,no_profession_embedding_baseline,profession_embedding_model_selection_data/runs/tfidf/he_she_odds_results__google_gemma-3-4b-pt/models/no_profession_embedding_baseline,"log_he_she_odds ~ C(tense) + C(semantic_role) + C(syntactic_role) + C(valence, Treatment(reference='-val')) + C(dominance, Treatment(reference='-dom')) + log_frequency + lex_emb_norm",OLS,closed_form,True,16320,58102.02972155748,58194.4314810997,-29039.01486077874,2.057643301977821,0.032184916304104694,0.032184916304104694,[],0.012014540384282265,0.0002995851343359943,0.03863208379397855,0.003085365893012444,0.00032378956113389385,0.01147807913984015,0.0025478397050652623,
google_gemma-3-4b-pt,tfidf,TF-IDF,selected_profession_embedding,profession_embedding_model_selection_data/runs/tfidf/he_she_odds_results__google_gemma-3-4b-pt/models/selected_profession_embedding,"log_he_she_odds ~ C(tense) + C(semantic_role) + C(syntactic_role) + C(valence, Treatment(reference='-val')) + C(dominance, Treatment(reference='-dom')) + log_frequency + lex_emb_norm + profession_embedding_1 + profession_embedding_2 + profession_embedding_3 + profession_embedding_4 + profession_embedding_5 + profession_embedding_6 + profession_embedding_7 + profession_embedding_8 + profession_embedding_9 + profession_embedding_10",OLS,closed_form,True,16320,51847.632959012684,52017.03618484008,-25901.816479506342,1.4017396857269622,0.341094283405998,0.341094283405998,[],0.012014540384282202,0.0002995851343359827,0.0386320837939784,0.0030853658930123356,0.00032378956113390415,-0.08001419631777285,-0.025438644754512185,0.7757992189328349
gpt2,tfidf,TF-IDF,no_profession_embedding_baseline,profession_embedding_model_selection_data/runs/tfidf/he_she_odds_results__gpt2/models/no_profession_embedding_baseline,"log_he_she_odds ~ C(tense) + C(semantic_role) + C(syntactic_role) + C(valence, Treatment(reference='-val')) + C(dominance, Treatment(reference='-dom')) + log_frequency + lex_emb_norm",OLS,closed_form,True,16320,54385.493722974716,54477.895482516935,-27180.746861487358,1.638583875482354,0.07632041793219169,0.07632041793219169,[],0.012188886452562388,0.0026661820424529713,0.00014678671151130394,0.002397578656679623,0.0007556681178630926,0.011221792802438159,0.10592230670462671,
gpt2,tfidf,TF-IDF,selected_profession_embedding,profession_embedding_model_selection_data/runs/tfidf/he_she_odds_results__gpt2/models/selected_profession_embedding,"log_he_she_odds ~ C(tense) + C(semantic_role) + C(valence, Treatment(reference='-val')) + C(dominance, Treatment(reference='-dom')) + log_frequency + lex_emb_norm + profession_embedding_1 + profession_embedding_3 + profession_embedding_4 + profession_embedding_5 + profession_embedding_6 + profession_embedding_7 + profession_embedding_8 + profession_embedding_9 + profession_embedding_10",OLS,closed_form,True,16320,50926.45219320378,51080.45512577415,-25443.22609660189,1.3249723471078916,0.2534715163131208,0.2534715163131208,[],0.012188886452562357,0.002666182042453257,,0.0023975786566797714,0.0007556681178636198,0.043444904294058936,0.12599042181141074,0.26190523126376797
meta-llama_Llama-3.1-70B,tfidf,TF-IDF,no_profession_embedding_baseline,profession_embedding_model_selection_data/runs/tfidf/he_she_odds_results__meta-llama_Llama-3.1-70B/models/no_profession_embedding_baseline,"log_he_she_odds ~ C(tense) + C(semantic_role) + C(syntactic_role) + C(valence, Treatment(reference='-val')) + C(dominance, Treatment(reference='-dom')) + log_frequency + lex_emb_norm",OLS,closed_form,True,16320,58611.82722706004,58704.22898660226,-29293.91361353002,2.1229335708056047,0.023446238731526736,0.023446238731526736,[],0.04022005985540465,0.0001287912501994925,0.0019060736209493407,0.00010152941943211878,0.001370776426489322,2.4725493984011842e-05,0.007183545933686676,
meta-llama_Llama-3.1-70B,tfidf,TF-IDF,selected_profession_embedding,profession_embedding_model_selection_data/runs/tfidf/he_she_odds_results__meta-llama_Llama-3.1-70B/models/selected_profession_embedding,"log_he_she_odds ~ C(tense) + C(syntactic_role) + C(dominance, Treatment(reference='-dom')) + log_frequency + lex_emb_norm + profession_embedding_1 + profession_embedding_3 + profession_embedding_4 + profession_embedding_5 + profession_embedding_6 + profession_embedding_7 + profession_embedding_8 + profession_embedding_9 + profession_embedding_10",OLS,closed_form,True,16320,53357.991638217725,53504.29442415957,-26659.995819108863,1.5379404910097028,0.29284791180897185,0.29284791180897185,[],0.04022005985540342,,0.0019060736209492832,,0.001370776426489381,0.0024346898136187157,0.00983733265093077,0.5804250247310185
meta-llama_Llama-3.1-8B,tfidf,TF-IDF,no_profession_embedding_baseline,profession_embedding_model_selection_data/runs/tfidf/he_she_odds_results__meta-llama_Llama-3.1-8B/models/no_profession_embedding_baseline,"log_he_she_odds ~ C(tense) + C(semantic_role) + C(syntactic_role) + C(valence, Treatment(reference='-val')) + C(dominance, Treatment(reference='-dom')) + log_frequency + lex_emb_norm",OLS,closed_form,True,16320,60371.41648945906,60463.81824900128,-30173.70824472953,2.364618886247776,0.02766638608741756,0.02766638608741756,[],0.02305378318192544,6.377982571993803e-06,0.023157221715390926,0.00016378952700491658,0.0002757360718357744,0.01157789551763365,0.009001750152226708,
meta-llama_Llama-3.1-8B,tfidf,TF-IDF,selected_profession_embedding,profession_embedding_model_selection_data/runs/tfidf/he_she_odds_results__meta-llama_Llama-3.1-8B/models/selected_profession_embedding,log_he_she_odds ~ C(tense) + C(syntactic_role) + log_frequency + lex_emb_norm + profession_embedding_1 + profession_embedding_2 + profession_embedding_3 + profession_embedding_4 + profession_embedding_5 + profession_embedding_6 + profession_embedding_7 + profession_embedding_8 + profession_embedding_9 + profession_embedding_10,OLS,closed_form,True,16320,54501.021471639186,54647.32425758103,-27231.510735819593,1.649517417048819,0.3220079585800524,0.3220079585800524,[],0.02305378318192517,,0.023157221715391904,,,-0.042405507213800146,0.01434664677723643,0.7644114138925022
mistralai_Mistral-7B-v0.3,tfidf,TF-IDF,no_profession_embedding_baseline,profession_embedding_model_selection_data/runs/tfidf/he_she_odds_results__mistralai_Mistral-7B-v0.3/models/no_profession_embedding_baseline,"log_he_she_odds ~ C(tense) + C(semantic_role) + C(syntactic_role) + C(valence, Treatment(reference='-val')) + C(dominance, Treatment(reference='-dom')) + log_frequency + lex_emb_norm",OLS,closed_form,True,16320,60074.685693121624,60167.08745266384,-30025.342846560812,2.3220138023092622,0.015512048591900252,0.015512048591900252,[],0.023983579181939364,0.00011580186563998711,0.0014165507615686633,0.00022969615424300088,0.0018440699023184932,0.007329823548029472,0.0016425429084942235,
mistralai_Mistral-7B-v0.3,tfidf,TF-IDF,selected_profession_embedding,profession_embedding_model_selection_data/runs/tfidf/he_she_odds_results__mistralai_Mistral-7B-v0.3/models/selected_profession_embedding,"log_he_she_odds ~ C(tense) + C(syntactic_role) + C(valence, Treatment(reference='-val')) + C(dominance, Treatment(reference='-dom')) + log_frequency + lex_emb_norm + profession_embedding_1 + profession_embedding_2 + profession_embedding_3 + profession_embedding_4 + profession_embedding_5 + profession_embedding_6 + profession_embedding_7 + profession_embedding_8 + profession_embedding_9 + profession_embedding_10",OLS,closed_form,True,16320,52480.95873103828,52642.66181023716,-26219.47936551914,1.4572950586014393,0.3824766871726649,0.3824766871726649,[],0.023983579181939375,,0.0014165507615686544,0.00022969615424301524,0.0018440699023183906,-0.050278490732109576,-0.017296886576205234,0.941603120844314
tiiuae_Falcon3-10B-Base,tfidf,TF-IDF,no_profession_embedding_baseline,profession_embedding_model_selection_data/runs/tfidf/he_she_odds_results__tiiuae_Falcon3-10B-Base/models/no_profession_embedding_baseline,"log_he_she_odds ~ C(tense) + C(semantic_role) + C(syntactic_role) + C(valence, Treatment(reference='-val')) + C(dominance, Treatment(reference='-dom')) + log_frequency + lex_emb_norm",OLS,closed_form,True,16320,59861.28717485569,59953.68893439791,-29918.643587427847,2.2918490514508725,0.07038657726099007,0.07038657726099007,[],0.027344994670860493,0.00016604051821046933,0.020327413516482217,0.008114223381191313,0.00014813271584543863,0.004037839892611209,0.1132739480824663,
tiiuae_Falcon3-10B-Base,tfidf,TF-IDF,selected_profession_embedding,profession_embedding_model_selection_data/runs/tfidf/he_she_odds_results__tiiuae_Falcon3-10B-Base/models/selected_profession_embedding,"log_he_she_odds ~ C(tense) + C(semantic_role) + C(syntactic_role) + C(valence, Treatment(reference='-val')) + C(dominance, Treatment(reference='-dom')) + log_frequency + lex_emb_norm + profession_embedding_1 + profession_embedding_2 + profession_embedding_3 + profession_embedding_4 + profession_embedding_5 + profession_embedding_6 + profession_embedding_7 + profession_embedding_8 + profession_embedding_9 + profession_embedding_10",OLS,closed_form,True,16320,54687.08205006123,54856.485275888626,-27321.541025030616,1.6681245126488518,0.32379488646162913,0.32379488646162913,[],0.027344994670860743,0.00016604051821046784,0.020327413516482644,0.008114223381191468,0.00014813271584543893,-0.055227330822845144,-0.24635626267638,1.0432216896984485
tiiuae_Falcon3-3B-Base,tfidf,TF-IDF,no_profession_embedding_baseline,profession_embedding_model_selection_data/runs/tfidf/he_she_odds_results__tiiuae_Falcon3-3B-Base/models/no_profession_embedding_baseline,"log_he_she_odds ~ C(tense) + C(semantic_role) + C(syntactic_role) + C(valence, Treatment(reference='-val')) + C(dominance, Treatment(reference='-dom')) + log_frequency + lex_emb_norm",OLS,closed_form,True,16320,55020.5016572498,55112.90341679202,-27498.2508286249,1.7035974771086502,0.08368752677940139,0.08368752677940139,[],0.01458608393021217,8.23520317006673e-05,0.014258648349099535,0.0006673461848772284,0.00113023815720149,0.013790028531661665,0.1109713000938641,
tiiuae_Falcon3-3B-Base,tfidf,TF-IDF,selected_profession_embedding,profession_embedding_model_selection_data/runs/tfidf/he_she_odds_results__tiiuae_Falcon3-3B-Base/models/selected_profession_embedding,"log_he_she_odds ~ C(tense) + C(syntactic_role) + C(valence, Treatment(reference='-val')) + C(dominance, Treatment(reference='-dom')) + log_frequency + profession_embedding_1 + profession_embedding_2 + profession_embedding_3 + profession_embedding_4 + profession_embedding_5 + profession_embedding_6 + profession_embedding_7 + profession_embedding_8 + profession_embedding_9 + profession_embedding_10",OLS,closed_form,True,16320,50972.01151008594,51126.014442656306,-25466.00575504297,1.3286763404576354,0.2856966063940414,0.2856966063940414,[],0.014586083930212173,,0.01425864834909939,0.0006673461848771647,0.0011302381572014463,-0.038539847181737696,,0.538703296650068
tiiuae_Falcon3-7B-Base,tfidf,TF-IDF,no_profession_embedding_baseline,profession_embedding_model_selection_data/runs/tfidf/he_she_odds_results__tiiuae_Falcon3-7B-Base/models/no_profession_embedding_baseline,"log_he_she_odds ~ C(tense) + C(semantic_role) + C(syntactic_role) + C(valence, Treatment(reference='-val')) + C(dominance, Treatment(reference='-dom')) + log_frequency + lex_emb_norm",OLS,closed_form,True,16320,56795.42803603954,56887.82979558176,-28385.71401801977,1.899327586982976,0.07749475888192836,0.07749475888192836,[],0.03486241362937467,0.0006125131744768767,0.04782602873317565,0.0070618381482152465,0.0002457298174639577,0.012097055996375537,0.05673928130231548,
tiiuae_Falcon3-7B-Base,tfidf,TF-IDF,selected_profession_embedding,profession_embedding_model_selection_data/runs/tfidf/he_she_odds_results__tiiuae_Falcon3-7B-Base/models/selected_profession_embedding,"log_he_she_odds ~ C(tense) + C(semantic_role) + C(syntactic_role) + C(valence, Treatment(reference='-val')) + C(dominance, Treatment(reference='-dom')) + log_frequency + lex_emb_norm + profession_embedding_1 + profession_embedding_2 + profession_embedding_3 + profession_embedding_4 + profession_embedding_5 + profession_embedding_6 + profession_embedding_7 + profession_embedding_8 + profession_embedding_9 + profession_embedding_10",OLS,closed_form,True,16320,51207.57736846,51376.98059428739,-25581.78868423,1.3478288051740357,0.3457596728789475,0.3457596728789475,[],0.03486241362937543,0.0006125131744767612,0.04782602873317408,0.007061838148214892,0.000245729817463952,-0.08858808869538704,-0.21008641442566056,0.919463804559209
EleutherAI_pythia-12b-deduped,raw_counts,Raw counts,no_profession_embedding_baseline,profession_embedding_model_selection_data/runs/raw_counts/he_she_odds_results__EleutherAI_pythia-12b-deduped/models/no_profession_embedding_baseline,"log_he_she_odds ~ C(tense) + C(semantic_role) + C(syntactic_role) + C(valence, Treatment(reference='-val')) + C(dominance, Treatment(reference='-dom')) + log_frequency + lex_emb_norm",OLS,closed_form,True,16320,65427.57187390457,65519.97363344679,-32701.785936952285,3.2233793737298346,0.019738990447031757,0.019738990447031757,[],0.021062749395727567,0.00011035142884346557,0.001635997941419906,4.431656134791375e-05,0.00015256086676244807,0.020486623808553085,0.021371110860488325,
EleutherAI_pythia-12b-deduped,raw_counts,Raw counts,selected_profession_embedding,profession_embedding_model_selection_data/runs/raw_counts/he_she_odds_results__EleutherAI_pythia-12b-deduped/models/selected_profession_embedding,"log_he_she_odds ~ C(tense) + C(semantic_role) + C(syntactic_role) + C(dominance, Treatment(reference='-dom')) + log_frequency + lex_emb_norm + profession_embedding_1 + profession_embedding_2 + profession_embedding_3 + profession_embedding_4 + profession_embedding_5 + profession_embedding_6 + profession_embedding_7 + profession_embedding_8 + profession_embedding_9 + profession_embedding_10",OLS,closed_form,True,16320,59329.73587716426,59491.43895636314,-29643.86793858213,2.2171830198233393,0.3261051972394008,0.3261051972394008,[],0.021062749395721305,0.0001103514288445751,0.0016359979414220366,,0.0001525608667619504,0.012496785478883969,0.018427076191407227,1.0177190919848096
EleutherAI_pythia-2.8b-deduped,raw_counts,Raw counts,no_profession_embedding_baseline,profession_embedding_model_selection_data/runs/raw_counts/he_she_odds_results__EleutherAI_pythia-2.8b-deduped/models/no_profession_embedding_baseline,"log_he_she_odds ~ C(tense) + C(semantic_role) + C(syntactic_role) + C(valence, Treatment(reference='-val')) + C(dominance, Treatment(reference='-dom')) + log_frequency + lex_emb_norm",OLS,closed_form,True,16320,59210.109098113666,59302.510857655885,-29593.054549056833,2.2022032144669024,0.016970808007690907,0.016970808007690907,[],0.01046451233685842,0.0013960742889093892,6.941362113513121e-05,0.00321722390816208,0.003490755126740033,0.005063872802598417,0.014290891629875355,
EleutherAI_pythia-2.8b-deduped,raw_counts,Raw counts,selected_profession_embedding,profession_embedding_model_selection_data/runs/raw_counts/he_she_odds_results__EleutherAI_pythia-2.8b-deduped/models/selected_profession_embedding,"log_he_she_odds ~ C(tense) + C(semantic_role) + C(syntactic_role) + C(valence, Treatment(reference='-val')) + C(dominance, Treatment(reference='-dom')) + log_frequency + lex_emb_norm + profession_embedding_1 + profession_embedding_2 + profession_embedding_3 + profession_embedding_4 + profession_embedding_5 + profession_embedding_6 + profession_embedding_7 + profession_embedding_8 + profession_embedding_9 + profession_embedding_10",OLS,closed_form,True,16320,53115.557702461556,53284.96092828895,-26535.778851230778,1.514985040988282,0.3241489732644689,0.3241489732644689,[],0.010464512336860392,0.001396074288910819,6.941362113473862e-05,0.003217223908160781,0.0034907551267367044,-0.014159795475822592,0.021563138910148966,0.6996347241099011
EleutherAI_pythia-6.9b-deduped,raw_counts,Raw counts,no_profession_embedding_baseline,profession_embedding_model_selection_data/runs/raw_counts/he_she_odds_results__EleutherAI_pythia-6.9b-deduped/models/no_profession_embedding_baseline,"log_he_she_odds ~ C(tense) + C(semantic_role) + C(syntactic_role) + C(valence, Treatment(reference='-val')) + C(dominance, Treatment(reference='-dom')) + log_frequency + lex_emb_norm",OLS,closed_form,True,16320,63831.148029123986,63923.549788666205,-31903.574014561993,2.9229992093617314,0.016886792803900152,0.016886792803900152,[],0.007817684753545962,0.0002463911431823872,0.0034131689377816746,0.0026088488724245046,0.00016954050614417687,0.01943949899900224,0.016478956558626776,
EleutherAI_pythia-6.9b-deduped,raw_counts,Raw counts,selected_profession_embedding,profession_embedding_model_selection_data/runs/raw_counts/he_she_odds_results__EleutherAI_pythia-6.9b-deduped/models/selected_profession_embedding,"log_he_she_odds ~ C(tense) + C(semantic_role) + C(syntactic_role) + C(valence, Treatment(reference='-val')) + C(dominance, Treatment(reference='-dom')) + log_frequency + lex_emb_norm + profession_embedding_1 + profession_embedding_2 + profession_embedding_3 + profession_embedding_4 + profession_embedding_5 + profession_embedding_6 + profession_embedding_7 + profession_embedding_8 + profession_embedding_9 + profession_embedding_10",OLS,closed_form,True,16320,58153.09904196199,58322.50226778939,-29054.549520980996,2.0628292052830814,0.3066193547848408,0.3066193547848408,[],0.007817684753533217,0.0002463911431820582,0.003413168937783654,0.002608848872425006,0.00016954050614414906,-0.00012579457814721788,0.018405159186124266,0.8784933539897936
Qwen_Qwen3-4B-Base,raw_counts,Raw counts,no_profession_embedding_baseline,profession_embedding_model_selection_data/runs/raw_counts/he_she_odds_results__Qwen_Qwen3-4B-Base/models/no_profession_embedding_baseline,"log_he_she_odds ~ C(tense) + C(semantic_role) + C(syntactic_role) + C(valence, Treatment(reference='-val')) + C(dominance, Treatment(reference='-dom')) + log_frequency + lex_emb_norm",OLS,closed_form,True,16320,60811.45538950982,60903.85714905204,-30393.72769475491,2.4292438337263396,0.02250051453176838,0.02250051453176838,[],0.008530802986897519,0.004985127611973116,0.03218248493218127,0.003922792933674059,0.00019393314457925287,0.005904489585460403,0.0001600836690122595,
Qwen_Qwen3-4B-Base,raw_counts,Raw counts,selected_profession_embedding,profession_embedding_model_selection_data/runs/raw_counts/he_she_odds_results__Qwen_Qwen3-4B-Base/models/selected_profession_embedding,"log_he_she_odds ~ C(tense) + C(semantic_role) + C(syntactic_role) + C(valence, Treatment(reference='-val')) + C(dominance, Treatment(reference='-dom')) + log_frequency + lex_emb_norm + profession_embedding_1 + profession_embedding_2 + profession_embedding_3 + profession_embedding_4 + profession_embedding_5 + profession_embedding_6 + profession_embedding_7 + profession_embedding_8 + profession_embedding_9 + profession_embedding_10",OLS,closed_form,True,16320,54382.59528248438,54551.99850831177,-27169.29764124219,1.6372903856932453,0.34157736759213353,0.34157736759213353,[],0.008530802986896492,0.0049851276119727405,0.03218248493216946,0.003922792933675012,0.00019393314457899827,0.011181688483419014,0.0002576969340789382,0.7870481141414307
Qwen_Qwen3-8B-Base,raw_counts,Raw counts,no_profession_embedding_baseline,profession_embedding_model_selection_data/runs/raw_counts/he_she_odds_results__Qwen_Qwen3-8B-Base/models/no_profession_embedding_baseline,"log_he_she_odds ~ C(tense) + C(semantic_role) + C(syntactic_role) + C(valence, Treatment(reference='-val')) + C(dominance, Treatment(reference='-dom')) + log_frequency + lex_emb_norm",OLS,closed_form,True,16320,61685.997553490255,61778.399313032474,-30830.998776745128,2.56297110082166,0.027767942629218778,0.027767942629218778,[],0.019667879624567237,0.0016763463453020493,0.02835896846790933,0.008587568665807042,0.0012466928693620303,0.0009380079560480736,0.012676271903019037,
Qwen_Qwen3-8B-Base,raw_counts,Raw counts,selected_profession_embedding,profession_embedding_model_selection_data/runs/raw_counts/he_she_odds_results__Qwen_Qwen3-8B-Base/models/selected_profession_embedding,"log_he_she_odds ~ C(tense) + C(semantic_role) + C(syntactic_role) + C(valence, Treatment(reference='-val')) + C(dominance, Treatment(reference='-dom')) + log_frequency + lex_emb_norm + profession_embedding_1 + profession_embedding_2 + profession_embedding_3 + profession_embedding_4 + profession_embedding_5 + profession_embedding_6 + profession_embedding_7 + profession_embedding_8 + profession_embedding_9 + profession_embedding_10",OLS,closed_form,True,16320,55752.96548062824,55922.368706455636,-27854.48274031412,1.7807087046394146,0.32492391974805324,0.32492391974805324,[],0.019667879624566537,0.0016763463453031765,0.02835896846790449,0.008587568665803331,0.0012466928693619806,-0.0028801723466712024,0.003441096596808415,0.7958796466799011
allenai_Olmo-3-1025-7B,raw_counts,Raw counts,no_profession_embedding_baseline,profession_embedding_model_selection_data/runs/raw_counts/he_she_odds_results__allenai_Olmo-3-1025-7B/models/no_profession_embedding_baseline,"log_he_she_odds ~ C(tense) + C(semantic_role) + C(syntactic_role) + C(valence, Treatment(reference='-val')) + C(dominance, Treatment(reference='-dom')) + log_frequency + lex_emb_norm",OLS,closed_form,True,16320,62502.0992163668,62594.50097590902,-31239.0496081834,2.6943942233941685,0.015439333274309242,0.015439333274309242,[],0.010535637473029732,0.0006836333236006611,0.012097876504672008,0.006326639203889513,0.00046964038699478985,5.001547940456079e-07,0.012109585524761692,
allenai_Olmo-3-1025-7B,raw_counts,Raw counts,selected_profession_embedding,profession_embedding_model_selection_data/runs/raw_counts/he_she_odds_results__allenai_Olmo-3-1025-7B/models/selected_profession_embedding,"log_he_she_odds ~ C(tense) + C(semantic_role) + C(syntactic_role) + C(valence, Treatment(reference='-val')) + C(dominance, Treatment(reference='-dom')) + log_frequency + lex_emb_norm + profession_embedding_1 + profession_embedding_2 + profession_embedding_3 + profession_embedding_4 + profession_embedding_5 + profession_embedding_6 + profession_embedding_7 + profession_embedding_8 + profession_embedding_9 + profession_embedding_10",OLS,closed_form,True,16320,54088.70005570597,54258.10328153337,-27022.350027852986,1.608069491036865,0.4127544073206061,0.4127544073206061,[],0.010535637473022153,0.000683633323600119,0.012097876504663917,0.006326639203888758,0.00046964038699489453,3.452534635064444e-05,0.015049591154323767,1.0836038495753137
allenai_Olmo-3-1125-32B,raw_counts,Raw counts,no_profession_embedding_baseline,profession_embedding_model_selection_data/runs/raw_counts/he_she_odds_results__allenai_Olmo-3-1125-32B/models/no_profession_embedding_baseline,"log_he_she_odds ~ C(tense) + C(semantic_role) + C(syntactic_role) + C(valence, Treatment(reference='-val')) + C(dominance, Treatment(reference='-dom')) + log_frequency + lex_emb_norm",OLS,closed_form,True,16320,63665.551923919724,63757.95368346194,-31820.775961959862,2.8934900273867243,0.046158838162636884,0.046158838162636884,[],0.04141920171297055,1.0548448848977718e-05,0.07908299493508483,0.0032561476212045032,0.003260867574047428,0.006732254050581494,0.006167059355523905,
allenai_Olmo-3-1125-32B,raw_counts,Raw counts,selected_profession_embedding,profession_embedding_model_selection_data/runs/raw_counts/he_she_odds_results__allenai_Olmo-3-1125-32B/models/selected_profession_embedding,"log_he_she_odds ~ C(tense) + C(syntactic_role) + C(valence, Treatment(reference='-val')) + C(dominance, Treatment(reference='-dom')) + log_frequency + lex_emb_norm + profession_embedding_1 + profession_embedding_3 + profession_embedding_4 + profession_embedding_5 + profession_embedding_6 + profession_embedding_7 + profession_embedding_8 + profession_embedding_9 + profession_embedding_10",OLS,closed_form,True,16320,57221.58567575379,57375.58860832416,-28590.792837876896,1.94862268455931,0.35795018421903657,0.35795018421903657,[],0.04141920171296589,,0.07908299493511223,0.003256147621202986,0.0032608675740472674,0.007294622387789826,0.005485392900477905,0.9453155569856658
google_gemma-3-12b-pt,raw_counts,Raw counts,no_profession_embedding_baseline,profession_embedding_model_selection_data/runs/raw_counts/he_she_odds_results__google_gemma-3-12b-pt/models/no_profession_embedding_baseline,"log_he_she_odds ~ C(tense) + C(semantic_role) + C(syntactic_role) + C(valence, Treatment(reference='-val')) + C(dominance, Treatment(reference='-dom')) + log_frequency + lex_emb_norm",OLS,closed_form,True,16320,60149.33841140791,60241.74017095013,-30062.669205703955,2.3326597406307066,0.020089834607162516,0.020089834607162516,[],0.009986042029022072,2.182571608116112e-05,0.005603916434424688,0.0008810346607791801,3.2755752818317484e-05,0.005525160516183001,0.025740543817199084,
google_gemma-3-12b-pt,raw_counts,Raw counts,selected_profession_embedding,profession_embedding_model_selection_data/runs/raw_counts/he_she_odds_results__google_gemma-3-12b-pt/models/selected_profession_embedding,"log_he_she_odds ~ C(tense) + C(semantic_role) + C(syntactic_role) + C(valence, Treatment(reference='-val')) + C(dominance, Treatment(reference='-dom')) + log_frequency + lex_emb_norm + profession_embedding_1 + profession_embedding_2 + profession_embedding_3 + profession_embedding_4 + profession_embedding_5 + profession_embedding_6 + profession_embedding_7 + profession_embedding_8 + profession_embedding_9 + profession_embedding_10",OLS,closed_form,True,16320,52626.067505732644,52795.47073156004,-26291.033752866322,1.4702203582373743,0.38276447791804025,0.38276447791804025,[],0.009986042029041901,2.1825716081015168e-05,0.005603916434423568,0.0008810346607812847,3.27557528176669e-05,-0.028149161666539663,0.057318083235564796,0.8648557540038266
google_gemma-3-4b-pt,raw_counts,Raw counts,no_profession_embedding_baseline,profession_embedding_model_selection_data/runs/raw_counts/he_she_odds_results__google_gemma-3-4b-pt/models/no_profession_embedding_baseline,"log_he_she_odds ~ C(tense) + C(semantic_role) + C(syntactic_role) + C(valence, Treatment(reference='-val')) + C(dominance, Treatment(reference='-dom')) + log_frequency + lex_emb_norm",OLS,closed_form,True,16320,58102.02972155748,58194.4314810997,-29039.01486077874,2.057643301977821,0.032184916304104694,0.032184916304104694,[],0.012014540384282265,0.0002995851343359943,0.03863208379397855,0.003085365893012444,0.00032378956113389385,0.01147807913984015,0.0025478397050652623,
google_gemma-3-4b-pt,raw_counts,Raw counts,selected_profession_embedding,profession_embedding_model_selection_data/runs/raw_counts/he_she_odds_results__google_gemma-3-4b-pt/models/selected_profession_embedding,"log_he_she_odds ~ C(tense) + C(semantic_role) + C(syntactic_role) + C(valence, Treatment(reference='-val')) + C(dominance, Treatment(reference='-dom')) + log_frequency + lex_emb_norm + profession_embedding_1 + profession_embedding_2 + profession_embedding_3 + profession_embedding_4 + profession_embedding_5 + profession_embedding_6 + profession_embedding_7 + profession_embedding_8 + profession_embedding_9 + profession_embedding_10",OLS,closed_form,True,16320,50287.64471959752,50457.047945424914,-25121.82235979876,1.273955443946913,0.40116090508821034,0.40116090508821034,[],0.012014540384291382,0.0002995851343376313,0.038632083793988324,0.0030853658930142876,0.0003237895611346466,-0.039303686552808,0.012889651398168632,0.8243802164661193
gpt2,raw_counts,Raw counts,no_profession_embedding_baseline,profession_embedding_model_selection_data/runs/raw_counts/he_she_odds_results__gpt2/models/no_profession_embedding_baseline,"log_he_she_odds ~ C(tense) + C(semantic_role) + C(syntactic_role) + C(valence, Treatment(reference='-val')) + C(dominance, Treatment(reference='-dom')) + log_frequency + lex_emb_norm",OLS,closed_form,True,16320,54385.493722974716,54477.895482516935,-27180.746861487358,1.638583875482354,0.07632041793219169,0.07632041793219169,[],0.012188886452562388,0.0026661820424529713,0.00014678671151130394,0.002397578656679623,0.0007556681178630926,0.011221792802438159,0.10592230670462671,
gpt2,raw_counts,Raw counts,selected_profession_embedding,profession_embedding_model_selection_data/runs/raw_counts/he_she_odds_results__gpt2/models/selected_profession_embedding,"log_he_she_odds ~ C(tense) + C(semantic_role) + C(syntactic_role) + C(valence, Treatment(reference='-val')) + C(dominance, Treatment(reference='-dom')) + log_frequency + lex_emb_norm + profession_embedding_1 + profession_embedding_2 + profession_embedding_3 + profession_embedding_4 + profession_embedding_5 + profession_embedding_6 + profession_embedding_7 + profession_embedding_8 + profession_embedding_9 + profession_embedding_10",OLS,closed_form,True,16320,44480.42345062971,44649.8266764571,-22218.211725314854,0.8925184855923083,0.4971904736473909,0.4971904736473909,[],0.01218888645254096,0.0026661820424547745,0.00014678671151148505,0.0023975786566794405,0.0007556681178619985,0.02722763498600244,0.12880305628639935,0.707222824447781
meta-llama_Llama-3.1-70B,raw_counts,Raw counts,no_profession_embedding_baseline,profession_embedding_model_selection_data/runs/raw_counts/he_she_odds_results__meta-llama_Llama-3.1-70B/models/no_profession_embedding_baseline,"log_he_she_odds ~ C(tense) + C(semantic_role) + C(syntactic_role) + C(valence, Treatment(reference='-val')) + C(dominance, Treatment(reference='-dom')) + log_frequency + lex_emb_norm",OLS,closed_form,True,16320,58611.82722706004,58704.22898660226,-29293.91361353002,2.1229335708056047,0.023446238731526736,0.023446238731526736,[],0.04022005985540465,0.0001287912501994925,0.0019060736209493407,0.00010152941943211878,0.001370776426489322,2.4725493984011842e-05,0.007183545933686676,
meta-llama_Llama-3.1-70B,raw_counts,Raw counts,selected_profession_embedding,profession_embedding_model_selection_data/runs/raw_counts/he_she_odds_results__meta-llama_Llama-3.1-70B/models/selected_profession_embedding,"log_he_she_odds ~ C(tense) + C(semantic_role) + C(syntactic_role) + C(valence, Treatment(reference='-val')) + C(dominance, Treatment(reference='-dom')) + lex_emb_norm + profession_embedding_1 + profession_embedding_3 + profession_embedding_4 + profession_embedding_5 + profession_embedding_6 + profession_embedding_7 + profession_embedding_8 + profession_embedding_9 + profession_embedding_10",OLS,closed_form,True,16320,52438.53530406249,52592.538236632856,-26199.267652031245,1.4536007303091476,0.33166872233914935,0.33166872233914935,[],0.040220059855353346,0.00012879125019995546,0.0019060736209471304,0.00010152941943239522,0.0013707764264874918,,0.014187116264923763,0.662615417596998
meta-llama_Llama-3.1-8B,raw_counts,Raw counts,no_profession_embedding_baseline,profession_embedding_model_selection_data/runs/raw_counts/he_she_odds_results__meta-llama_Llama-3.1-8B/models/no_profession_embedding_baseline,"log_he_she_odds ~ C(tense) + C(semantic_role) + C(syntactic_role) + C(valence, Treatment(reference='-val')) + C(dominance, Treatment(reference='-dom')) + log_frequency + lex_emb_norm",OLS,closed_form,True,16320,60371.41648945906,60463.81824900128,-30173.70824472953,2.364618886247776,0.02766638608741756,0.02766638608741756,[],0.02305378318192544,6.377982571993803e-06,0.023157221715390926,0.00016378952700491658,0.0002757360718357744,0.01157789551763365,0.009001750152226708,
meta-llama_Llama-3.1-8B,raw_counts,Raw counts,selected_profession_embedding,profession_embedding_model_selection_data/runs/raw_counts/he_she_odds_results__meta-llama_Llama-3.1-8B/models/selected_profession_embedding,"log_he_she_odds ~ C(tense) + C(syntactic_role) + C(valence, Treatment(reference='-val')) + C(dominance, Treatment(reference='-dom')) + log_frequency + lex_emb_norm + profession_embedding_1 + profession_embedding_2 + profession_embedding_3 + profession_embedding_5 + profession_embedding_6 + profession_embedding_7 + profession_embedding_8 + profession_embedding_9 + profession_embedding_10",OLS,closed_form,True,16320,53838.95622524482,53992.95915781519,-26899.47811262241,1.583842483128955,0.34904190033576954,0.34904190033576954,[],0.023053783181908226,,0.023157221715382866,0.00016378952700530814,0.0002757360718356632,0.013139422380249989,0.017606009906309103,0.7708671445808875
mistralai_Mistral-7B-v0.3,raw_counts,Raw counts,no_profession_embedding_baseline,profession_embedding_model_selection_data/runs/raw_counts/he_she_odds_results__mistralai_Mistral-7B-v0.3/models/no_profession_embedding_baseline,"log_he_she_odds ~ C(tense) + C(semantic_role) + C(syntactic_role) + C(valence, Treatment(reference='-val')) + C(dominance, Treatment(reference='-dom')) + log_frequency + lex_emb_norm",OLS,closed_form,True,16320,60074.685693121624,60167.08745266384,-30025.342846560812,2.3220138023092622,0.015512048591900252,0.015512048591900252,[],0.023983579181939364,0.00011580186563998711,0.0014165507615686633,0.00022969615424300088,0.0018440699023184932,0.007329823548029472,0.0016425429084942235,
mistralai_Mistral-7B-v0.3,raw_counts,Raw counts,selected_profession_embedding,profession_embedding_model_selection_data/runs/raw_counts/he_she_odds_results__mistralai_Mistral-7B-v0.3/models/selected_profession_embedding,"log_he_she_odds ~ C(tense) + C(semantic_role) + C(syntactic_role) + C(valence, Treatment(reference='-val')) + C(dominance, Treatment(reference='-dom')) + log_frequency + lex_emb_norm + profession_embedding_1 + profession_embedding_2 + profession_embedding_3 + profession_embedding_4 + profession_embedding_5 + profession_embedding_6 + profession_embedding_8 + profession_embedding_9 + profession_embedding_10",OLS,closed_form,True,16320,53058.92202703249,53220.62510623137,-26508.461013516244,1.509829054394988,0.36021560358014726,0.36021560358014726,[],0.023983579181941897,0.00011580186563974535,0.0014165507615679423,0.00022969615424290848,0.0018440699023172828,-0.01707570851579352,0.009105787445258168,0.8294122507891388
tiiuae_Falcon3-10B-Base,raw_counts,Raw counts,no_profession_embedding_baseline,profession_embedding_model_selection_data/runs/raw_counts/he_she_odds_results__tiiuae_Falcon3-10B-Base/models/no_profession_embedding_baseline,"log_he_she_odds ~ C(tense) + C(semantic_role) + C(syntactic_role) + C(valence, Treatment(reference='-val')) + C(dominance, Treatment(reference='-dom')) + log_frequency + lex_emb_norm",OLS,closed_form,True,16320,59861.28717485569,59953.68893439791,-29918.643587427847,2.2918490514508725,0.07038657726099007,0.07038657726099007,[],0.027344994670860493,0.00016604051821046933,0.020327413516482217,0.008114223381191313,0.00014813271584543863,0.004037839892611209,0.1132739480824663,
tiiuae_Falcon3-10B-Base,raw_counts,Raw counts,selected_profession_embedding,profession_embedding_model_selection_data/runs/raw_counts/he_she_odds_results__tiiuae_Falcon3-10B-Base/models/selected_profession_embedding,"log_he_she_odds ~ C(tense) + C(semantic_role) + C(syntactic_role) + C(valence, Treatment(reference='-val')) + C(dominance, Treatment(reference='-dom')) + log_frequency + lex_emb_norm + profession_embedding_1 + profession_embedding_2 + profession_embedding_3 + profession_embedding_4 + profession_embedding_5 + profession_embedding_6 + profession_embedding_7 + profession_embedding_8 + profession_embedding_9 + profession_embedding_10",OLS,closed_form,True,16320,52922.80131224182,53092.204538069214,-26439.40065612091,1.4971967280332248,0.39308362427853016,0.39308362427853016,[],0.027344994670837963,0.00016604051821037,0.02032741351648742,0.008114223381191383,0.00014813271584609603,-0.026204973186389674,0.1778899607671891,0.7606609359151848
tiiuae_Falcon3-3B-Base,raw_counts,Raw counts,no_profession_embedding_baseline,profession_embedding_model_selection_data/runs/raw_counts/he_she_odds_results__tiiuae_Falcon3-3B-Base/models/no_profession_embedding_baseline,"log_he_she_odds ~ C(tense) + C(semantic_role) + C(syntactic_role) + C(valence, Treatment(reference='-val')) + C(dominance, Treatment(reference='-dom')) + log_frequency + lex_emb_norm",OLS,closed_form,True,16320,55020.5016572498,55112.90341679202,-27498.2508286249,1.7035974771086502,0.08368752677940139,0.08368752677940139,[],0.01458608393021217,8.23520317006673e-05,0.014258648349099535,0.0006673461848772284,0.00113023815720149,0.013790028531661665,0.1109713000938641,
tiiuae_Falcon3-3B-Base,raw_counts,Raw counts,selected_profession_embedding,profession_embedding_model_selection_data/runs/raw_counts/he_she_odds_results__tiiuae_Falcon3-3B-Base/models/selected_profession_embedding,"log_he_she_odds ~ C(tense) + C(semantic_role) + C(syntactic_role) + C(valence, Treatment(reference='-val')) + C(dominance, Treatment(reference='-dom')) + log_frequency + lex_emb_norm + profession_embedding_1 + profession_embedding_2 + profession_embedding_3 + profession_embedding_5 + profession_embedding_6 + profession_embedding_7 + profession_embedding_8 + profession_embedding_9 + profession_embedding_10",OLS,closed_form,True,16320,47253.91773076862,47415.6208099675,-23605.95886538431,1.057912516865921,0.4312955550018619,0.4312955550018619,[],0.014586083930189054,8.235203170071958e-05,0.014258648349100374,0.0006673461848780803,0.0011302381571987857,-0.026385173195753474,0.13934902351809975,0.6576306509414647
tiiuae_Falcon3-7B-Base,raw_counts,Raw counts,no_profession_embedding_baseline,profession_embedding_model_selection_data/runs/raw_counts/he_she_odds_results__tiiuae_Falcon3-7B-Base/models/no_profession_embedding_baseline,"log_he_she_odds ~ C(tense) + C(semantic_role) + C(syntactic_role) + C(valence, Treatment(reference='-val')) + C(dominance, Treatment(reference='-dom')) + log_frequency + lex_emb_norm",OLS,closed_form,True,16320,56795.42803603954,56887.82979558176,-28385.71401801977,1.899327586982976,0.07749475888192836,0.07749475888192836,[],0.03486241362937467,0.0006125131744768767,0.04782602873317565,0.0070618381482152465,0.0002457298174639577,0.012097055996375537,0.05673928130231548,
tiiuae_Falcon3-7B-Base,raw_counts,Raw counts,selected_profession_embedding,profession_embedding_model_selection_data/runs/raw_counts/he_she_odds_results__tiiuae_Falcon3-7B-Base/models/selected_profession_embedding,"log_he_she_odds ~ C(tense) + C(semantic_role) + C(syntactic_role) + C(valence, Treatment(reference='-val')) + C(dominance, Treatment(reference='-dom')) + log_frequency + lex_emb_norm + profession_embedding_1 + profession_embedding_2 + profession_embedding_3 + profession_embedding_4 + profession_embedding_5 + profession_embedding_6 + profession_embedding_7 + profession_embedding_8 + profession_embedding_9 + profession_embedding_10",OLS,closed_form,True,16320,49420.48131799492,49589.884543822314,-24688.24065899746,1.2080307697447337,0.4136180775064827,0.4136180775064827,[],0.03486241362942001,0.0006125131744779275,0.0478260287331647,0.007061838148208894,0.0002457298174633778,-0.05038474646092267,0.11231340176953877,0.6984787833569202
EleutherAI_pythia-12b-deduped,log_counts,log(1 + x) counts,no_profession_embedding_baseline,profession_embedding_model_selection_data/runs/log_counts/he_she_odds_results__EleutherAI_pythia-12b-deduped/models/no_profession_embedding_baseline,"log_he_she_odds ~ C(tense) + C(semantic_role) + C(syntactic_role) + C(valence, Treatment(reference='-val')) + C(dominance, Treatment(reference='-dom')) + log_frequency + lex_emb_norm",OLS,closed_form,True,16320,65427.57187390457,65519.97363344679,-32701.785936952285,3.2233793737298346,0.019738990447031757,0.019738990447031757,[],0.021062749395727567,0.00011035142884346557,0.001635997941419906,4.431656134791375e-05,0.00015256086676244807,0.020486623808553085,0.021371110860488325,
EleutherAI_pythia-12b-deduped,log_counts,log(1 + x) counts,selected_profession_embedding,profession_embedding_model_selection_data/runs/log_counts/he_she_odds_results__EleutherAI_pythia-12b-deduped/models/selected_profession_embedding,"log_he_she_odds ~ C(tense) + C(semantic_role) + C(syntactic_role) + C(valence, Treatment(reference='-val')) + C(dominance, Treatment(reference='-dom')) + log_frequency + lex_emb_norm + profession_embedding_1 + profession_embedding_2 + profession_embedding_3 + profession_embedding_4 + profession_embedding_5 + profession_embedding_6 + profession_embedding_7 + profession_embedding_8 + profession_embedding_9 + profession_embedding_10",OLS,closed_form,True,16320,57009.14349868282,57178.54672451021,-28482.57174934141,1.9231858850363315,0.41549910608687257,0.41549910608687257,[],0.021062749395727692,0.00011035142884379404,0.0016359979414200046,4.4316561347895644e-05,0.00015256086676244138,0.9435225795601312,-0.0589613358212778,0.45779206495215163
EleutherAI_pythia-2.8b-deduped,log_counts,log(1 + x) counts,no_profession_embedding_baseline,profession_embedding_model_selection_data/runs/log_counts/he_she_odds_results__EleutherAI_pythia-2.8b-deduped/models/no_profession_embedding_baseline,"log_he_she_odds ~ C(tense) + C(semantic_role) + C(syntactic_role) + C(valence, Treatment(reference='-val')) + C(dominance, Treatment(reference='-dom')) + log_frequency + lex_emb_norm",OLS,closed_form,True,16320,59210.109098113666,59302.510857655885,-29593.054549056833,2.2022032144669024,0.016970808007690907,0.016970808007690907,[],0.01046451233685842,0.0013960742889093892,6.941362113513121e-05,0.00321722390816208,0.003490755126740033,0.005063872802598417,0.014290891629875355,
EleutherAI_pythia-2.8b-deduped,log_counts,log(1 + x) counts,selected_profession_embedding,profession_embedding_model_selection_data/runs/log_counts/he_she_odds_results__EleutherAI_pythia-2.8b-deduped/models/selected_profession_embedding,"log_he_she_odds ~ C(tense) + C(semantic_role) + C(syntactic_role) + C(valence, Treatment(reference='-val')) + C(dominance, Treatment(reference='-dom')) + log_frequency + lex_emb_norm + profession_embedding_1 + profession_embedding_2 + profession_embedding_3 + profession_embedding_4 + profession_embedding_5 + profession_embedding_6 + profession_embedding_7 + profession_embedding_8 + profession_embedding_9 + profession_embedding_10",OLS,closed_form,True,16320,52031.44872251483,52200.85194834223,-25993.724361257417,1.4176170365193668,0.3675858812279814,0.3675858812279814,[],0.010464512336857953,0.0013960742889098832,6.941362113514868e-05,0.003217223908162483,0.0034907551267395914,0.24389021219797158,-0.016436522778357242,0.5768270852055171
EleutherAI_pythia-6.9b-deduped,log_counts,log(1 + x) counts,no_profession_embedding_baseline,profession_embedding_model_selection_data/runs/log_counts/he_she_odds_results__EleutherAI_pythia-6.9b-deduped/models/no_profession_embedding_baseline,"log_he_she_odds ~ C(tense) + C(semantic_role) + C(syntactic_role) + C(valence, Treatment(reference='-val')) + C(dominance, Treatment(reference='-dom')) + log_frequency + lex_emb_norm",OLS,closed_form,True,16320,63831.148029123986,63923.549788666205,-31903.574014561993,2.9229992093617314,0.016886792803900152,0.016886792803900152,[],0.007817684753545962,0.0002463911431823872,0.0034131689377816746,0.0026088488724245046,0.00016954050614417687,0.01943949899900224,0.016478956558626776,
EleutherAI_pythia-6.9b-deduped,log_counts,log(1 + x) counts,selected_profession_embedding,profession_embedding_model_selection_data/runs/log_counts/he_she_odds_results__EleutherAI_pythia-6.9b-deduped/models/selected_profession_embedding,"log_he_she_odds ~ C(tense) + C(semantic_role) + C(syntactic_role) + C(valence, Treatment(reference='-val')) + C(dominance, Treatment(reference='-dom')) + log_frequency + lex_emb_norm + profession_embedding_1 + profession_embedding_2 + profession_embedding_3 + profession_embedding_4 + profession_embedding_5 + profession_embedding_6 + profession_embedding_7 + profession_embedding_8 + profession_embedding_9 + profession_embedding_10",OLS,closed_form,True,16320,56285.758505372476,56455.16173119987,-28120.879252686238,1.839802198736916,0.3815856240733174,0.3815856240733174,[],0.007817684753546177,0.0002463911431817007,0.0034131689377821573,0.0026088488724244456,0.00016954050614409165,0.7953117609062659,-0.043950292640976704,0.3681512560132454
Qwen_Qwen3-4B-Base,log_counts,log(1 + x) counts,no_profession_embedding_baseline,profession_embedding_model_selection_data/runs/log_counts/he_she_odds_results__Qwen_Qwen3-4B-Base/models/no_profession_embedding_baseline,"log_he_she_odds ~ C(tense) + C(semantic_role) + C(syntactic_role) + C(valence, Treatment(reference='-val')) + C(dominance, Treatment(reference='-dom')) + log_frequency + lex_emb_norm",OLS,closed_form,True,16320,60811.45538950982,60903.85714905204,-30393.72769475491,2.4292438337263396,0.02250051453176838,0.02250051453176838,[],0.008530802986897519,0.004985127611973116,0.03218248493218127,0.003922792933674059,0.00019393314457925287,0.005904489585460403,0.0001600836690122595,
Qwen_Qwen3-4B-Base,log_counts,log(1 + x) counts,selected_profession_embedding,profession_embedding_model_selection_data/runs/log_counts/he_she_odds_results__Qwen_Qwen3-4B-Base/models/selected_profession_embedding,"log_he_she_odds ~ C(tense) + C(semantic_role) + C(syntactic_role) + C(valence, Treatment(reference='-val')) + C(dominance, Treatment(reference='-dom')) + log_frequency + lex_emb_norm + profession_embedding_1 + profession_embedding_2 + profession_embedding_3 + profession_embedding_4 + profession_embedding_5 + profession_embedding_6 + profession_embedding_7 + profession_embedding_8 + profession_embedding_9 + profession_embedding_10",OLS,closed_form,True,16320,52435.67471355695,52605.07793938435,-26195.837356778477,1.4531680978776775,0.4156206054244712,0.4156206054244712,[],0.008530802986898229,0.004985127611972918,0.0321824849321814,0.0039227929336738,0.00019393314457924696,0.3618222034374412,0.00350696403685008,0.6170436833216257
Qwen_Qwen3-8B-Base,log_counts,log(1 + x) counts,no_profession_embedding_baseline,profession_embedding_model_selection_data/runs/log_counts/he_she_odds_results__Qwen_Qwen3-8B-Base/models/no_profession_embedding_baseline,"log_he_she_odds ~ C(tense) + C(semantic_role) + C(syntactic_role) + C(valence, Treatment(reference='-val')) + C(dominance, Treatment(reference='-dom')) + log_frequency + lex_emb_norm",OLS,closed_form,True,16320,61685.997553490255,61778.399313032474,-30830.998776745128,2.56297110082166,0.027767942629218778,0.027767942629218778,[],0.019667879624567237,0.0016763463453020493,0.02835896846790933,0.008587568665807042,0.0012466928693620303,0.0009380079560480736,0.012676271903019037,
Qwen_Qwen3-8B-Base,log_counts,log(1 + x) counts,selected_profession_embedding,profession_embedding_model_selection_data/runs/log_counts/he_she_odds_results__Qwen_Qwen3-8B-Base/models/selected_profession_embedding,"log_he_she_odds ~ C(tense) + C(semantic_role) + C(syntactic_role) + C(valence, Treatment(reference='-val')) + C(dominance, Treatment(reference='-dom')) + log_frequency + lex_emb_norm + profession_embedding_1 + profession_embedding_2 + profession_embedding_3 + profession_embedding_4 + profession_embedding_5 + profession_embedding_6 + profession_embedding_7 + profession_embedding_8 + profession_embedding_9 + profession_embedding_10",OLS,closed_form,True,16320,54508.83983256289,54678.24305839028,-27232.419916281444,1.650004878406272,0.3744744309897381,0.3744744309897381,[],0.019667879624567338,0.0016763463453015987,0.02835896846790842,0.008587568665807127,0.0012466928693622046,0.0971291916864061,0.0215145334024193,0.8083324766977515
allenai_Olmo-3-1025-7B,log_counts,log(1 + x) counts,no_profession_embedding_baseline,profession_embedding_model_selection_data/runs/log_counts/he_she_odds_results__allenai_Olmo-3-1025-7B/models/no_profession_embedding_baseline,"log_he_she_odds ~ C(tense) + C(semantic_role) + C(syntactic_role) + C(valence, Treatment(reference='-val')) + C(dominance, Treatment(reference='-dom')) + log_frequency + lex_emb_norm",OLS,closed_form,True,16320,62502.0992163668,62594.50097590902,-31239.0496081834,2.6943942233941685,0.015439333274309242,0.015439333274309242,[],0.010535637473029732,0.0006836333236006611,0.012097876504672008,0.006326639203889513,0.00046964038699478985,5.001547940456079e-07,0.012109585524761692,
allenai_Olmo-3-1025-7B,log_counts,log(1 + x) counts,selected_profession_embedding,profession_embedding_model_selection_data/runs/log_counts/he_she_odds_results__allenai_Olmo-3-1025-7B/models/selected_profession_embedding,"log_he_she_odds ~ C(tense) + C(semantic_role) + C(syntactic_role) + C(valence, Treatment(reference='-val')) + C(dominance, Treatment(reference='-dom')) + log_frequency + lex_emb_norm + profession_embedding_1 + profession_embedding_2 + profession_embedding_3 + profession_embedding_4 + profession_embedding_5 + profession_embedding_6 + profession_embedding_7 + profession_embedding_8 + profession_embedding_9 + profession_embedding_10",OLS,closed_form,True,16320,52229.388030341404,52398.7912561688,-26092.694015170702,1.4349154860164917,0.4759879472078875,0.4759879472078875,[],0.010535637473029715,0.0006836333236003984,0.012097876504672115,0.006326639203889227,0.00046964038699476806,-0.0025641803349234493,0.028287402771056888,1.2458959265447103
allenai_Olmo-3-1125-32B,log_counts,log(1 + x) counts,no_profession_embedding_baseline,profession_embedding_model_selection_data/runs/log_counts/he_she_odds_results__allenai_Olmo-3-1125-32B/models/no_profession_embedding_baseline,"log_he_she_odds ~ C(tense) + C(semantic_role) + C(syntactic_role) + C(valence, Treatment(reference='-val')) + C(dominance, Treatment(reference='-dom')) + log_frequency + lex_emb_norm",OLS,closed_form,True,16320,63665.551923919724,63757.95368346194,-31820.775961959862,2.8934900273867243,0.046158838162636884,0.046158838162636884,[],0.04141920171297055,1.0548448848977718e-05,0.07908299493508483,0.0032561476212045032,0.003260867574047428,0.006732254050581494,0.006167059355523905,
allenai_Olmo-3-1125-32B,log_counts,log(1 + x) counts,selected_profession_embedding,profession_embedding_model_selection_data/runs/log_counts/he_she_odds_results__allenai_Olmo-3-1125-32B/models/selected_profession_embedding,"log_he_she_odds ~ C(tense) + C(semantic_role) + C(syntactic_role) + C(valence, Treatment(reference='-val')) + C(dominance, Treatment(reference='-dom')) + log_frequency + lex_emb_norm + profession_embedding_1 + profession_embedding_2 + profession_embedding_3 + profession_embedding_4 + profession_embedding_5 + profession_embedding_6 + profession_embedding_7 + profession_embedding_8 + profession_embedding_9 + profession_embedding_10",OLS,closed_form,True,16320,55581.803988911706,55751.2072147391,-27768.901994455853,1.762130515682756,0.4194685493239789,0.4194685493239789,[],0.04141920171297045,1.0548448849006688e-05,0.0790829949350862,0.0032561476212044395,0.0032608675740475068,0.2986681249598728,0.014630579528576642,0.8312773183989428
google_gemma-3-12b-pt,log_counts,log(1 + x) counts,no_profession_embedding_baseline,profession_embedding_model_selection_data/runs/log_counts/he_she_odds_results__google_gemma-3-12b-pt/models/no_profession_embedding_baseline,"log_he_she_odds ~ C(tense) + C(semantic_role) + C(syntactic_role) + C(valence, Treatment(reference='-val')) + C(dominance, Treatment(reference='-dom')) + log_frequency + lex_emb_norm",OLS,closed_form,True,16320,60149.33841140791,60241.74017095013,-30062.669205703955,2.3326597406307066,0.020089834607162516,0.020089834607162516,[],0.009986042029022072,2.182571608116112e-05,0.005603916434424688,0.0008810346607791801,3.2755752818317484e-05,0.005525160516183001,0.025740543817199084,
google_gemma-3-12b-pt,log_counts,log(1 + x) counts,selected_profession_embedding,profession_embedding_model_selection_data/runs/log_counts/he_she_odds_results__google_gemma-3-12b-pt/models/selected_profession_embedding,"log_he_she_odds ~ C(tense) + C(semantic_role) + C(syntactic_role) + C(valence, Treatment(reference='-val')) + C(dominance, Treatment(reference='-dom')) + log_frequency + lex_emb_norm + profession_embedding_1 + profession_embedding_2 + profession_embedding_3 + profession_embedding_4 + profession_embedding_5 + profession_embedding_6 + profession_embedding_7 + profession_embedding_8 + profession_embedding_9 + profession_embedding_10",OLS,closed_form,True,16320,51087.7917451605,51257.1949709879,-25521.89587258025,1.337972221054453,0.4382855755148183,0.4382855755148183,[],0.00998604202902266,2.1825716081113847e-05,0.005603916434424682,0.0008810346607793939,3.2755752818340646e-05,0.22171510239952852,0.06222927442543855,0.7421582532674265
google_gemma-3-4b-pt,log_counts,log(1 + x) counts,no_profession_embedding_baseline,profession_embedding_model_selection_data/runs/log_counts/he_she_odds_results__google_gemma-3-4b-pt/models/no_profession_embedding_baseline,"log_he_she_odds ~ C(tense) + C(semantic_role) + C(syntactic_role) + C(valence, Treatment(reference='-val')) + C(dominance, Treatment(reference='-dom')) + log_frequency + lex_emb_norm",OLS,closed_form,True,16320,58102.02972155748,58194.4314810997,-29039.01486077874,2.057643301977821,0.032184916304104694,0.032184916304104694,[],0.012014540384282265,0.0002995851343359943,0.03863208379397855,0.003085365893012444,0.00032378956113389385,0.01147807913984015,0.0025478397050652623,
google_gemma-3-4b-pt,log_counts,log(1 + x) counts,selected_profession_embedding,profession_embedding_model_selection_data/runs/log_counts/he_she_odds_results__google_gemma-3-4b-pt/models/selected_profession_embedding,"log_he_she_odds ~ C(tense) + C(semantic_role) + C(syntactic_role) + C(valence, Treatment(reference='-val')) + C(dominance, Treatment(reference='-dom')) + log_frequency + lex_emb_norm + profession_embedding_1 + profession_embedding_2 + profession_embedding_3 + profession_embedding_4 + profession_embedding_5 + profession_embedding_6 + profession_embedding_7 + profession_embedding_8 + profession_embedding_9 + profession_embedding_10",OLS,closed_form,True,16320,48917.76209608058,49087.165321907974,-24436.88104804029,1.17138603964942,0.449374969031338,0.449374969031338,[],0.012014540384283156,0.00029958513433569865,0.03863208379397827,0.0030853658930124358,0.00032378956113386604,0.26948895191409594,0.013931927260511442,0.6169827156583159
gpt2,log_counts,log(1 + x) counts,no_profession_embedding_baseline,profession_embedding_model_selection_data/runs/log_counts/he_she_odds_results__gpt2/models/no_profession_embedding_baseline,"log_he_she_odds ~ C(tense) + C(semantic_role) + C(syntactic_role) + C(valence, Treatment(reference='-val')) + C(dominance, Treatment(reference='-dom')) + log_frequency + lex_emb_norm",OLS,closed_form,True,16320,54385.493722974716,54477.895482516935,-27180.746861487358,1.638583875482354,0.07632041793219169,0.07632041793219169,[],0.012188886452562388,0.0026661820424529713,0.00014678671151130394,0.002397578656679623,0.0007556681178630926,0.011221792802438159,0.10592230670462671,
gpt2,log_counts,log(1 + x) counts,selected_profession_embedding,profession_embedding_model_selection_data/runs/log_counts/he_she_odds_results__gpt2/models/selected_profession_embedding,"log_he_she_odds ~ C(tense) + C(semantic_role) + C(syntactic_role) + C(valence, Treatment(reference='-val')) + C(dominance, Treatment(reference='-dom')) + log_frequency + lex_emb_norm + profession_embedding_2 + profession_embedding_4 + profession_embedding_5 + profession_embedding_6 + profession_embedding_7 + profession_embedding_8 + profession_embedding_9 + profession_embedding_10",OLS,closed_form,True,16320,43765.669331200654,43919.67226377102,-21862.834665600327,0.8543777348036529,0.5186183951302763,0.5186183951302763,[],0.012188886452562449,0.0026661820424530537,0.00014678671151130017,0.0023975786566796603,0.0007556681178630882,0.01747646232866838,0.12130470066438277,0.7624593127666425
meta-llama_Llama-3.1-70B,log_counts,log(1 + x) counts,no_profession_embedding_baseline,profession_embedding_model_selection_data/runs/log_counts/he_she_odds_results__meta-llama_Llama-3.1-70B/models/no_profession_embedding_baseline,"log_he_she_odds ~ C(tense) + C(semantic_role) + C(syntactic_role) + C(valence, Treatment(reference='-val')) + C(dominance, Treatment(reference='-dom')) + log_frequency + lex_emb_norm",OLS,closed_form,True,16320,58611.82722706004,58704.22898660226,-29293.91361353002,2.1229335708056047,0.023446238731526736,0.023446238731526736,[],0.04022005985540465,0.0001287912501994925,0.0019060736209493407,0.00010152941943211878,0.001370776426489322,2.4725493984011842e-05,0.007183545933686676,
meta-llama_Llama-3.1-70B,log_counts,log(1 + x) counts,selected_profession_embedding,profession_embedding_model_selection_data/runs/log_counts/he_she_odds_results__meta-llama_Llama-3.1-70B/models/selected_profession_embedding,"log_he_she_odds ~ C(tense) + C(semantic_role) + C(syntactic_role) + C(valence, Treatment(reference='-val')) + C(dominance, Treatment(reference='-dom')) + log_frequency + lex_emb_norm + profession_embedding_1 + profession_embedding_2 + profession_embedding_3 + profession_embedding_4 + profession_embedding_5 + profession_embedding_6 + profession_embedding_7 + profession_embedding_8 + profession_embedding_9 + profession_embedding_10",OLS,closed_form,True,16320,49649.50349972649,49818.90672555388,-24802.751749863244,1.2251028415407326,0.43679576712643864,0.43679576712643864,[],0.04022005985540557,0.00012879125019969243,0.0019060736209494857,0.00010152941943216632,0.0013707764264895355,-0.022134468035559962,0.03304986081281197,0.894269137077135
meta-llama_Llama-3.1-8B,log_counts,log(1 + x) counts,no_profession_embedding_baseline,profession_embedding_model_selection_data/runs/log_counts/he_she_odds_results__meta-llama_Llama-3.1-8B/models/no_profession_embedding_baseline,"log_he_she_odds ~ C(tense) + C(semantic_role) + C(syntactic_role) + C(valence, Treatment(reference='-val')) + C(dominance, Treatment(reference='-dom')) + log_frequency + lex_emb_norm",OLS,closed_form,True,16320,60371.41648945906,60463.81824900128,-30173.70824472953,2.364618886247776,0.02766638608741756,0.02766638608741756,[],0.02305378318192544,6.377982571993803e-06,0.023157221715390926,0.00016378952700491658,0.0002757360718357744,0.01157789551763365,0.009001750152226708,
meta-llama_Llama-3.1-8B,log_counts,log(1 + x) counts,selected_profession_embedding,profession_embedding_model_selection_data/runs/log_counts/he_she_odds_results__meta-llama_Llama-3.1-8B/models/selected_profession_embedding,"log_he_she_odds ~ C(tense) + C(semantic_role) + C(syntactic_role) + C(valence, Treatment(reference='-val')) + C(dominance, Treatment(reference='-dom')) + log_frequency + lex_emb_norm + profession_embedding_1 + profession_embedding_2 + profession_embedding_3 + profession_embedding_4 + profession_embedding_5 + profession_embedding_6 + profession_embedding_7 + profession_embedding_8 + profession_embedding_9 + profession_embedding_10",OLS,closed_form,True,16320,51463.297702442505,51632.7009282699,-25709.648851221253,1.3691144492154939,0.43736400844856926,0.43736400844856926,[],0.023053783181926232,6.37798257194145e-06,0.0231572217153906,0.00016378952700497933,0.00027573607183575783,0.5459330715711808,0.04393013723730371,0.4263888128412283
mistralai_Mistral-7B-v0.3,log_counts,log(1 + x) counts,no_profession_embedding_baseline,profession_embedding_model_selection_data/runs/log_counts/he_she_odds_results__mistralai_Mistral-7B-v0.3/models/no_profession_embedding_baseline,"log_he_she_odds ~ C(tense) + C(semantic_role) + C(syntactic_role) + C(valence, Treatment(reference='-val')) + C(dominance, Treatment(reference='-dom')) + log_frequency + lex_emb_norm",OLS,closed_form,True,16320,60074.685693121624,60167.08745266384,-30025.342846560812,2.3220138023092622,0.015512048591900252,0.015512048591900252,[],0.023983579181939364,0.00011580186563998711,0.0014165507615686633,0.00022969615424300088,0.0018440699023184932,0.007329823548029472,0.0016425429084942235,
mistralai_Mistral-7B-v0.3,log_counts,log(1 + x) counts,selected_profession_embedding,profession_embedding_model_selection_data/runs/log_counts/he_she_odds_results__mistralai_Mistral-7B-v0.3/models/selected_profession_embedding,"log_he_she_odds ~ C(tense) + C(semantic_role) + C(syntactic_role) + C(valence, Treatment(reference='-val')) + C(dominance, Treatment(reference='-dom')) + log_frequency + lex_emb_norm + profession_embedding_1 + profession_embedding_2 + profession_embedding_3 + profession_embedding_4 + profession_embedding_5 + profession_embedding_6 + profession_embedding_7 + profession_embedding_8 + profession_embedding_9 + profession_embedding_10",OLS,closed_form,True,16320,51853.0572577087,52022.460483536095,-25904.52862885435,1.4022056611236722,0.4058570675998058,0.4058570675998058,[],0.02398357918193907,0.0001158018656401074,0.0014165507615685946,0.0002296961542430149,0.001844069902318335,0.18100992969417984,0.013006714460839966,0.7350031040691283
tiiuae_Falcon3-10B-Base,log_counts,log(1 + x) counts,no_profession_embedding_baseline,profession_embedding_model_selection_data/runs/log_counts/he_she_odds_results__tiiuae_Falcon3-10B-Base/models/no_profession_embedding_baseline,"log_he_she_odds ~ C(tense) + C(semantic_role) + C(syntactic_role) + C(valence, Treatment(reference='-val')) + C(dominance, Treatment(reference='-dom')) + log_frequency + lex_emb_norm",OLS,closed_form,True,16320,59861.28717485569,59953.68893439791,-29918.643587427847,2.2918490514508725,0.07038657726099007,0.07038657726099007,[],0.027344994670860493,0.00016604051821046933,0.020327413516482217,0.008114223381191313,0.00014813271584543863,0.004037839892611209,0.1132739480824663,
tiiuae_Falcon3-10B-Base,log_counts,log(1 + x) counts,selected_profession_embedding,profession_embedding_model_selection_data/runs/log_counts/he_she_odds_results__tiiuae_Falcon3-10B-Base/models/selected_profession_embedding,"log_he_she_odds ~ C(tense) + C(semantic_role) + C(syntactic_role) + C(valence, Treatment(reference='-val')) + C(dominance, Treatment(reference='-dom')) + log_frequency + lex_emb_norm + profession_embedding_1 + profession_embedding_2 + profession_embedding_3 + profession_embedding_4 + profession_embedding_5 + profession_embedding_6 + profession_embedding_7 + profession_embedding_8 + profession_embedding_9 + profession_embedding_10",OLS,closed_form,True,16320,52139.49309262566,52308.89631845305,-26047.74654631283,1.4270333150996444,0.42152566097856814,0.42152566097856814,[],0.02734499467086032,0.0001660405182102966,0.020327413516482457,0.008114223381191481,0.00014813271584543172,0.16938675628970756,0.17099316022956845,0.6420391305750348
tiiuae_Falcon3-3B-Base,log_counts,log(1 + x) counts,no_profession_embedding_baseline,profession_embedding_model_selection_data/runs/log_counts/he_she_odds_results__tiiuae_Falcon3-3B-Base/models/no_profession_embedding_baseline,"log_he_she_odds ~ C(tense) + C(semantic_role) + C(syntactic_role) + C(valence, Treatment(reference='-val')) + C(dominance, Treatment(reference='-dom')) + log_frequency + lex_emb_norm",OLS,closed_form,True,16320,55020.5016572498,55112.90341679202,-27498.2508286249,1.7035974771086502,0.08368752677940139,0.08368752677940139,[],0.01458608393021217,8.23520317006673e-05,0.014258648349099535,0.0006673461848772284,0.00113023815720149,0.013790028531661665,0.1109713000938641,
tiiuae_Falcon3-3B-Base,log_counts,log(1 + x) counts,selected_profession_embedding,profession_embedding_model_selection_data/runs/log_counts/he_she_odds_results__tiiuae_Falcon3-3B-Base/models/selected_profession_embedding,"log_he_she_odds ~ C(tense) + C(semantic_role) + C(syntactic_role) + C(valence, Treatment(reference='-val')) + C(dominance, Treatment(reference='-dom')) + log_frequency + lex_emb_norm + profession_embedding_1 + profession_embedding_2 + profession_embedding_3 + profession_embedding_4 + profession_embedding_5 + profession_embedding_6 + profession_embedding_7 + profession_embedding_8 + profession_embedding_9 + profession_embedding_10",OLS,closed_form,True,16320,46542.79180593901,46712.1950317664,-23249.395902969503,1.0127430662424484,0.4556108018226711,0.4556108018226711,[],0.014586083930212306,8.235203170072036e-05,0.014258648349099354,0.000667346184877346,0.0011302381572013986,0.2836610142592626,0.13022503758097495,0.4018846010740811
tiiuae_Falcon3-7B-Base,log_counts,log(1 + x) counts,no_profession_embedding_baseline,profession_embedding_model_selection_data/runs/log_counts/he_she_odds_results__tiiuae_Falcon3-7B-Base/models/no_profession_embedding_baseline,"log_he_she_odds ~ C(tense) + C(semantic_role) + C(syntactic_role) + C(valence, Treatment(reference='-val')) + C(dominance, Treatment(reference='-dom')) + log_frequency + lex_emb_norm",OLS,closed_form,True,16320,56795.42803603954,56887.82979558176,-28385.71401801977,1.899327586982976,0.07749475888192836,0.07749475888192836,[],0.03486241362937467,0.0006125131744768767,0.04782602873317565,0.0070618381482152465,0.0002457298174639577,0.012097055996375537,0.05673928130231548,
tiiuae_Falcon3-7B-Base,log_counts,log(1 + x) counts,selected_profession_embedding,profession_embedding_model_selection_data/runs/log_counts/he_she_odds_results__tiiuae_Falcon3-7B-Base/models/selected_profession_embedding,"log_he_she_odds ~ C(tense) + C(semantic_role) + C(syntactic_role) + C(valence, Treatment(reference='-val')) + C(dominance, Treatment(reference='-dom')) + log_frequency + lex_emb_norm + profession_embedding_1 + profession_embedding_2 + profession_embedding_3 + profession_embedding_4 + profession_embedding_5 + profession_embedding_6 + profession_embedding_7 + profession_embedding_8 + profession_embedding_9 + profession_embedding_10",OLS,closed_form,True,16320,48514.41147848191,48683.814704309305,-24235.205739240955,1.1427899367674494,0.4452861823465458,0.4452861823465458,[],0.03486241362937622,0.0006125131744763681,0.047826028733176665,0.007061838148214895,0.0002457298174638745,0.23780439537412157,0.10833631608260486,0.47942360544136875
EleutherAI_pythia-12b-deduped,ppmi,PPMI,no_profession_embedding_baseline,profession_embedding_model_selection_data/runs/ppmi/he_she_odds_results__EleutherAI_pythia-12b-deduped/models/no_profession_embedding_baseline,"log_he_she_odds ~ C(tense) + C(semantic_role) + C(syntactic_role) + C(valence, Treatment(reference='-val')) + C(dominance, Treatment(reference='-dom')) + log_frequency + lex_emb_norm",OLS,closed_form,True,16320,65427.57187390457,65519.97363344679,-32701.785936952285,3.2233793737298346,0.019738990447031757,0.019738990447031757,[],0.021062749395727567,0.00011035142884346557,0.001635997941419906,4.431656134791375e-05,0.00015256086676244807,0.020486623808553085,0.021371110860488325,
EleutherAI_pythia-12b-deduped,ppmi,PPMI,selected_profession_embedding,profession_embedding_model_selection_data/runs/ppmi/he_she_odds_results__EleutherAI_pythia-12b-deduped/models/selected_profession_embedding,"log_he_she_odds ~ C(tense) + C(semantic_role) + C(syntactic_role) + C(valence, Treatment(reference='-val')) + C(dominance, Treatment(reference='-dom')) + log_frequency + lex_emb_norm + profession_embedding_1 + profession_embedding_2 + profession_embedding_3 + profession_embedding_4 + profession_embedding_5 + profession_embedding_6 + profession_embedding_7 + profession_embedding_8 + profession_embedding_9 + profession_embedding_10",OLS,closed_form,True,16320,51152.05868676744,51321.46191259484,-25554.02934338372,1.3432514435425549,0.5917546631297734,0.5917546631297734,[],0.021062749395727654,0.00011035142884345974,0.001635997941419933,4.43165613479447e-05,0.00015256086676243043,0.018610134385578393,-0.0069720259487379005,1.9099033568486388
EleutherAI_pythia-2.8b-deduped,ppmi,PPMI,no_profession_embedding_baseline,profession_embedding_model_selection_data/runs/ppmi/he_she_odds_results__EleutherAI_pythia-2.8b-deduped/models/no_profession_embedding_baseline,"log_he_she_odds ~ C(tense) + C(semantic_role) + C(syntactic_role) + C(valence, Treatment(reference='-val')) + C(dominance, Treatment(reference='-dom')) + log_frequency + lex_emb_norm",OLS,closed_form,True,16320,59210.109098113666,59302.510857655885,-29593.054549056833,2.2022032144669024,0.016970808007690907,0.016970808007690907,[],0.01046451233685842,0.0013960742889093892,6.941362113513121e-05,0.00321722390816208,0.003490755126740033,0.005063872802598417,0.014290891629875355,
EleutherAI_pythia-2.8b-deduped,ppmi,PPMI,selected_profession_embedding,profession_embedding_model_selection_data/runs/ppmi/he_she_odds_results__EleutherAI_pythia-2.8b-deduped/models/selected_profession_embedding,"log_he_she_odds ~ C(tense) + C(semantic_role) + C(valence, Treatment(reference='-val')) + C(dominance, Treatment(reference='-dom')) + log_frequency + profession_embedding_2 + profession_embedding_3 + profession_embedding_4 + profession_embedding_5 + profession_embedding_6 + profession_embedding_7 + profession_embedding_8 + profession_embedding_9 + profession_embedding_10",OLS,closed_form,True,16320,43961.235641144725,44107.53842708657,-21961.617820572363,0.8647304495903281,0.6141634912539664,0.6141634912539664,[],0.01046451233685835,0.0013960742889093387,,0.0032172239081621214,0.0034907551267399973,0.00568034113037661,,1.35068598795911
EleutherAI_pythia-6.9b-deduped,ppmi,PPMI,no_profession_embedding_baseline,profession_embedding_model_selection_data/runs/ppmi/he_she_odds_results__EleutherAI_pythia-6.9b-deduped/models/no_profession_embedding_baseline,"log_he_she_odds ~ C(tense) + C(semantic_role) + C(syntactic_role) + C(valence, Treatment(reference='-val')) + C(dominance, Treatment(reference='-dom')) + log_frequency + lex_emb_norm",OLS,closed_form,True,16320,63831.148029123986,63923.549788666205,-31903.574014561993,2.9229992093617314,0.016886792803900152,0.016886792803900152,[],0.007817684753545962,0.0002463911431823872,0.0034131689377816746,0.0026088488724245046,0.00016954050614417687,0.01943949899900224,0.016478956558626776,
EleutherAI_pythia-6.9b-deduped,ppmi,PPMI,selected_profession_embedding,profession_embedding_model_selection_data/runs/ppmi/he_she_odds_results__EleutherAI_pythia-6.9b-deduped/models/selected_profession_embedding,"log_he_she_odds ~ C(tense) + C(semantic_role) + C(syntactic_role) + C(valence, Treatment(reference='-val')) + C(dominance, Treatment(reference='-dom')) + log_frequency + lex_emb_norm + profession_embedding_1 + profession_embedding_2 + profession_embedding_4 + profession_embedding_5 + profession_embedding_6 + profession_embedding_7 + profession_embedding_8 + profession_embedding_9 + profession_embedding_10",OLS,closed_form,True,16320,48381.27487378768,48542.97795298656,-24169.63743689384,1.1335744825693497,0.6189472057109672,0.6189472057109672,[],0.007817684753545944,0.00024639114318226573,0.003413168937782173,0.002608848872424848,0.00016954050614407262,0.011316345837111077,-0.006791071118591837,1.820236897664479
Qwen_Qwen3-4B-Base,ppmi,PPMI,no_profession_embedding_baseline,profession_embedding_model_selection_data/runs/ppmi/he_she_odds_results__Qwen_Qwen3-4B-Base/models/no_profession_embedding_baseline,"log_he_she_odds ~ C(tense) + C(semantic_role) + C(syntactic_role) + C(valence, Treatment(reference='-val')) + C(dominance, Treatment(reference='-dom')) + log_frequency + lex_emb_norm",OLS,closed_form,True,16320,60811.45538950982,60903.85714905204,-30393.72769475491,2.4292438337263396,0.02250051453176838,0.02250051453176838,[],0.008530802986897519,0.004985127611973116,0.03218248493218127,0.003922792933674059,0.00019393314457925287,0.005904489585460403,0.0001600836690122595,
Qwen_Qwen3-4B-Base,ppmi,PPMI,selected_profession_embedding,profession_embedding_model_selection_data/runs/ppmi/he_she_odds_results__Qwen_Qwen3-4B-Base/models/selected_profession_embedding,"log_he_she_odds ~ C(tense) + C(semantic_role) + C(syntactic_role) + C(valence, Treatment(reference='-val')) + C(dominance, Treatment(reference='-dom')) + log_frequency + lex_emb_norm + profession_embedding_1 + profession_embedding_2 + profession_embedding_3 + profession_embedding_4 + profession_embedding_5 + profession_embedding_6 + profession_embedding_7 + profession_embedding_8 + profession_embedding_9 + profession_embedding_10",OLS,closed_form,True,16320,46069.13911420005,46238.542340027445,-23012.569557100025,0.9837728226341667,0.6043839887963147,0.6043839887963147,[],0.008530802986897427,0.004985127611973082,0.03218248493218135,0.003922792933674086,0.0001939331445792355,0.007983391796478116,-0.0012772298660716497,1.4444579258235597
Qwen_Qwen3-8B-Base,ppmi,PPMI,no_profession_embedding_baseline,profession_embedding_model_selection_data/runs/ppmi/he_she_odds_results__Qwen_Qwen3-8B-Base/models/no_profession_embedding_baseline,"log_he_she_odds ~ C(tense) + C(semantic_role) + C(syntactic_role) + C(valence, Treatment(reference='-val')) + C(dominance, Treatment(reference='-dom')) + log_frequency + lex_emb_norm",OLS,closed_form,True,16320,61685.997553490255,61778.399313032474,-30830.998776745128,2.56297110082166,0.027767942629218778,0.027767942629218778,[],0.019667879624567237,0.0016763463453020493,0.02835896846790933,0.008587568665807042,0.0012466928693620303,0.0009380079560480736,0.012676271903019037,
Qwen_Qwen3-8B-Base,ppmi,PPMI,selected_profession_embedding,profession_embedding_model_selection_data/runs/ppmi/he_she_odds_results__Qwen_Qwen3-8B-Base/models/selected_profession_embedding,"log_he_she_odds ~ C(tense) + C(semantic_role) + C(syntactic_role) + C(valence, Treatment(reference='-val')) + C(dominance, Treatment(reference='-dom')) + log_frequency + lex_emb_norm + profession_embedding_1 + profession_embedding_2 + profession_embedding_3 + profession_embedding_4 + profession_embedding_5 + profession_embedding_6 + profession_embedding_7 + profession_embedding_8 + profession_embedding_9 + profession_embedding_10",OLS,closed_form,True,16320,47071.507800267515,47240.91102609491,-23513.753900133757,1.0460899644159345,0.6034217663288124,0.6034217663288124,[],0.019667879624567654,0.0016763463453020567,0.028358968467909137,0.008587568665807042,0.0012466928693619722,-0.00029724523951809575,0.004943412177709876,1.5254678048228778
allenai_Olmo-3-1025-7B,ppmi,PPMI,no_profession_embedding_baseline,profession_embedding_model_selection_data/runs/ppmi/he_she_odds_results__allenai_Olmo-3-1025-7B/models/no_profession_embedding_baseline,"log_he_she_odds ~ C(tense) + C(semantic_role) + C(syntactic_role) + C(valence, Treatment(reference='-val')) + C(dominance, Treatment(reference='-dom')) + log_frequency + lex_emb_norm",OLS,closed_form,True,16320,62502.0992163668,62594.50097590902,-31239.0496081834,2.6943942233941685,0.015439333274309242,0.015439333274309242,[],0.010535637473029732,0.0006836333236006611,0.012097876504672008,0.006326639203889513,0.00046964038699478985,5.001547940456079e-07,0.012109585524761692,
allenai_Olmo-3-1025-7B,ppmi,PPMI,selected_profession_embedding,profession_embedding_model_selection_data/runs/ppmi/he_she_odds_results__allenai_Olmo-3-1025-7B/models/selected_profession_embedding,"log_he_she_odds ~ C(tense) + C(semantic_role) + C(syntactic_role) + C(valence, Treatment(reference='-val')) + C(dominance, Treatment(reference='-dom')) + log_frequency + lex_emb_norm + profession_embedding_1 + profession_embedding_2 + profession_embedding_3 + profession_embedding_4 + profession_embedding_5 + profession_embedding_6 + profession_embedding_7 + profession_embedding_8 + profession_embedding_9 + profession_embedding_10",OLS,closed_form,True,16320,47280.58612595104,47449.98935177844,-23618.29306297552,1.0595778159074862,0.6130562727787833,0.6130562727787833,[],0.010535637473029724,0.0006836333236006981,0.012097876504671956,0.0063266392038894385,0.0004696403869947656,-0.00010301961931746817,0.007041277297160509,1.6395355605497854
allenai_Olmo-3-1125-32B,ppmi,PPMI,no_profession_embedding_baseline,profession_embedding_model_selection_data/runs/ppmi/he_she_odds_results__allenai_Olmo-3-1125-32B/models/no_profession_embedding_baseline,"log_he_she_odds ~ C(tense) + C(semantic_role) + C(syntactic_role) + C(valence, Treatment(reference='-val')) + C(dominance, Treatment(reference='-dom')) + log_frequency + lex_emb_norm",OLS,closed_form,True,16320,63665.551923919724,63757.95368346194,-31820.775961959862,2.8934900273867243,0.046158838162636884,0.046158838162636884,[],0.04141920171297055,1.0548448848977718e-05,0.07908299493508483,0.0032561476212045032,0.003260867574047428,0.006732254050581494,0.006167059355523905,
allenai_Olmo-3-1125-32B,ppmi,PPMI,selected_profession_embedding,profession_embedding_model_selection_data/runs/ppmi/he_she_odds_results__allenai_Olmo-3-1125-32B/models/selected_profession_embedding,"log_he_she_odds ~ C(tense) + C(syntactic_role) + C(valence, Treatment(reference='-val')) + C(dominance, Treatment(reference='-dom')) + log_frequency + lex_emb_norm + profession_embedding_1 + profession_embedding_2 + profession_embedding_3 + profession_embedding_4 + profession_embedding_5 + profession_embedding_6 + profession_embedding_7 + profession_embedding_8 + profession_embedding_9 + profession_embedding_10",OLS,closed_form,True,16320,50922.76029207517,51084.46337127405,-25440.380146037583,1.3245915824164392,0.5635883677556623,0.5635883677556623,[],0.04141920171297033,,0.0790829949350851,0.003256147621204539,0.0032608675740473047,0.007127489763353853,-0.004576624750982808,1.57893042675968
google_gemma-3-12b-pt,ppmi,PPMI,no_profession_embedding_baseline,profession_embedding_model_selection_data/runs/ppmi/he_she_odds_results__google_gemma-3-12b-pt/models/no_profession_embedding_baseline,"log_he_she_odds ~ C(tense) + C(semantic_role) + C(syntactic_role) + C(valence, Treatment(reference='-val')) + C(dominance, Treatment(reference='-dom')) + log_frequency + lex_emb_norm",OLS,closed_form,True,16320,60149.33841140791,60241.74017095013,-30062.669205703955,2.3326597406307066,0.020089834607162516,0.020089834607162516,[],0.009986042029022072,2.182571608116112e-05,0.005603916434424688,0.0008810346607791801,3.2755752818317484e-05,0.005525160516183001,0.025740543817199084,
google_gemma-3-12b-pt,ppmi,PPMI,selected_profession_embedding,profession_embedding_model_selection_data/runs/ppmi/he_she_odds_results__google_gemma-3-12b-pt/models/selected_profession_embedding,"log_he_she_odds ~ C(tense) + C(semantic_role) + C(syntactic_role) + C(valence, Treatment(reference='-val')) + C(dominance, Treatment(reference='-dom')) + log_frequency + lex_emb_norm + profession_embedding_1 + profession_embedding_2 + profession_embedding_3 + profession_embedding_4 + profession_embedding_5 + profession_embedding_6 + profession_embedding_7 + profession_embedding_8 + profession_embedding_9 + profession_embedding_10",OLS,closed_form,True,16320,46698.05517752601,46867.458403353405,-23327.027588763005,1.0224239642689197,0.570760678262392,0.570760678262392,[],0.009986042029021971,2.1825716081155864e-05,0.00560391643442466,0.0008810346607791263,3.275575281830415e-05,0.00925286506424171,0.019437248587615,1.3125547119849432
google_gemma-3-4b-pt,ppmi,PPMI,no_profession_embedding_baseline,profession_embedding_model_selection_data/runs/ppmi/he_she_odds_results__google_gemma-3-4b-pt/models/no_profession_embedding_baseline,"log_he_she_odds ~ C(tense) + C(semantic_role) + C(syntactic_role) + C(valence, Treatment(reference='-val')) + C(dominance, Treatment(reference='-dom')) + log_frequency + lex_emb_norm",OLS,closed_form,True,16320,58102.02972155748,58194.4314810997,-29039.01486077874,2.057643301977821,0.032184916304104694,0.032184916304104694,[],0.012014540384282265,0.0002995851343359943,0.03863208379397855,0.003085365893012444,0.00032378956113389385,0.01147807913984015,0.0025478397050652623,
google_gemma-3-4b-pt,ppmi,PPMI,selected_profession_embedding,profession_embedding_model_selection_data/runs/ppmi/he_she_odds_results__google_gemma-3-4b-pt/models/selected_profession_embedding,"log_he_she_odds ~ C(tense) + C(semantic_role) + C(syntactic_role) + C(valence, Treatment(reference='-val')) + C(dominance, Treatment(reference='-dom')) + log_frequency + lex_emb_norm + profession_embedding_1 + profession_embedding_2 + profession_embedding_3 + profession_embedding_4 + profession_embedding_5 + profession_embedding_6 + profession_embedding_7 + profession_embedding_8 + profession_embedding_9 + profession_embedding_10",OLS,closed_form,True,16320,44498.66420244721,44668.067428274604,-22227.332101223605,0.8935166050602743,0.5799910604367677,0.5799910604367677,[],0.01201454038428222,0.00029958513433598754,0.038632083793978964,0.0030853658930124817,0.000323789561133921,0.015160685454842823,0.003993484757100086,1.1587612847186157
gpt2,ppmi,PPMI,no_profession_embedding_baseline,profession_embedding_model_selection_data/runs/ppmi/he_she_odds_results__gpt2/models/no_profession_embedding_baseline,"log_he_she_odds ~ C(tense) + C(semantic_role) + C(syntactic_role) + C(valence, Treatment(reference='-val')) + C(dominance, Treatment(reference='-dom')) + log_frequency + lex_emb_norm",OLS,closed_form,True,16320,54385.493722974716,54477.895482516935,-27180.746861487358,1.638583875482354,0.07632041793219169,0.07632041793219169,[],0.012188886452562388,0.0026661820424529713,0.00014678671151130394,0.002397578656679623,0.0007556681178630926,0.011221792802438159,0.10592230670462671,
gpt2,ppmi,PPMI,selected_profession_embedding,profession_embedding_model_selection_data/runs/ppmi/he_she_odds_results__gpt2/models/selected_profession_embedding,"log_he_she_odds ~ C(tense) + C(semantic_role) + C(syntactic_role) + C(valence, Treatment(reference='-val')) + C(dominance, Treatment(reference='-dom')) + log_frequency + lex_emb_norm + profession_embedding_1 + profession_embedding_2 + profession_embedding_3 + profession_embedding_4 + profession_embedding_5 + profession_embedding_6 + profession_embedding_7 + profession_embedding_8 + profession_embedding_9 + profession_embedding_10",OLS,closed_form,True,16320,39981.10962200892,40150.51284783631,-19968.55481100446,0.6774623479885078,0.6183445745801328,0.6183445745801328,[],0.012188886452562385,0.0026661820424529656,0.000146786711511311,0.0023975786566796478,0.0007556681178630508,0.01788142985464812,0.05376431720164983,1.0063871626627656
meta-llama_Llama-3.1-70B,ppmi,PPMI,no_profession_embedding_baseline,profession_embedding_model_selection_data/runs/ppmi/he_she_odds_results__meta-llama_Llama-3.1-70B/models/no_profession_embedding_baseline,"log_he_she_odds ~ C(tense) + C(semantic_role) + C(syntactic_role) + C(valence, Treatment(reference='-val')) + C(dominance, Treatment(reference='-dom')) + log_frequency + lex_emb_norm",OLS,closed_form,True,16320,58611.82722706004,58704.22898660226,-29293.91361353002,2.1229335708056047,0.023446238731526736,0.023446238731526736,[],0.04022005985540465,0.0001287912501994925,0.0019060736209493407,0.00010152941943211878,0.001370776426489322,2.4725493984011842e-05,0.007183545933686676,
meta-llama_Llama-3.1-70B,ppmi,PPMI,selected_profession_embedding,profession_embedding_model_selection_data/runs/ppmi/he_she_odds_results__meta-llama_Llama-3.1-70B/models/selected_profession_embedding,"log_he_she_odds ~ C(tense) + C(semantic_role) + C(syntactic_role) + C(valence, Treatment(reference='-val')) + C(dominance, Treatment(reference='-dom')) + log_frequency + lex_emb_norm + profession_embedding_2 + profession_embedding_3 + profession_embedding_4 + profession_embedding_5 + profession_embedding_6 + profession_embedding_7 + profession_embedding_8 + profession_embedding_9 + profession_embedding_10",OLS,closed_form,True,16320,45631.909138499366,45793.612217698246,-22794.954569249683,0.9578250491246375,0.5596416864375544,0.5596416864375544,[],0.040220059855404486,0.00012879125019947443,0.001906073620949326,0.000101529419432128,0.001370776426489218,-0.0004833033893389786,0.00908774188154498,1.1634552452165652
meta-llama_Llama-3.1-8B,ppmi,PPMI,no_profession_embedding_baseline,profession_embedding_model_selection_data/runs/ppmi/he_she_odds_results__meta-llama_Llama-3.1-8B/models/no_profession_embedding_baseline,"log_he_she_odds ~ C(tense) + C(semantic_role) + C(syntactic_role) + C(valence, Treatment(reference='-val')) + C(dominance, Treatment(reference='-dom')) + log_frequency + lex_emb_norm",OLS,closed_form,True,16320,60371.41648945906,60463.81824900128,-30173.70824472953,2.364618886247776,0.02766638608741756,0.02766638608741756,[],0.02305378318192544,6.377982571993803e-06,0.023157221715390926,0.00016378952700491658,0.0002757360718357744,0.01157789551763365,0.009001750152226708,
meta-llama_Llama-3.1-8B,ppmi,PPMI,selected_profession_embedding,profession_embedding_model_selection_data/runs/ppmi/he_she_odds_results__meta-llama_Llama-3.1-8B/models/selected_profession_embedding,"log_he_she_odds ~ C(tense) + C(syntactic_role) + C(valence, Treatment(reference='-val')) + C(dominance, Treatment(reference='-dom')) + log_frequency + lex_emb_norm + profession_embedding_1 + profession_embedding_2 + profession_embedding_3 + profession_embedding_4 + profession_embedding_5 + profession_embedding_7 + profession_embedding_8 + profession_embedding_9 + profession_embedding_10",OLS,closed_form,True,16320,46391.8225144468,46545.82544701717,-23175.9112572234,1.0035406316853397,0.5875455359379054,0.5875455359379054,[],0.02305378318192571,,0.023157221715391463,0.00016378952700493742,0.0002757360718357223,0.019913083707676613,0.012464879580198946,1.3488608271062086
mistralai_Mistral-7B-v0.3,ppmi,PPMI,no_profession_embedding_baseline,profession_embedding_model_selection_data/runs/ppmi/he_she_odds_results__mistralai_Mistral-7B-v0.3/models/no_profession_embedding_baseline,"log_he_she_odds ~ C(tense) + C(semantic_role) + C(syntactic_role) + C(valence, Treatment(reference='-val')) + C(dominance, Treatment(reference='-dom')) + log_frequency + lex_emb_norm",OLS,closed_form,True,16320,60074.685693121624,60167.08745266384,-30025.342846560812,2.3220138023092622,0.015512048591900252,0.015512048591900252,[],0.023983579181939364,0.00011580186563998711,0.0014165507615686633,0.00022969615424300088,0.0018440699023184932,0.007329823548029472,0.0016425429084942235,
mistralai_Mistral-7B-v0.3,ppmi,PPMI,selected_profession_embedding,profession_embedding_model_selection_data/runs/ppmi/he_she_odds_results__mistralai_Mistral-7B-v0.3/models/selected_profession_embedding,"log_he_she_odds ~ C(tense) + C(semantic_role) + C(syntactic_role) + C(valence, Treatment(reference='-val')) + C(dominance, Treatment(reference='-dom')) + log_frequency + lex_emb_norm + profession_embedding_1 + profession_embedding_2 + profession_embedding_3 + profession_embedding_4 + profession_embedding_5 + profession_embedding_6 + profession_embedding_7 + profession_embedding_8 + profession_embedding_9 + profession_embedding_10",OLS,closed_form,True,16320,47211.749353541236,47381.15257936863,-23583.874676770618,1.055117993042934,0.5529251408724374,0.5529251408724374,[],0.023983579181938743,0.0001158018656399989,0.0014165507615686505,0.00022969615424304742,0.0018440699023185,0.0003817274743626834,0.01044016922918093,1.2648388720721015
tiiuae_Falcon3-10B-Base,ppmi,PPMI,no_profession_embedding_baseline,profession_embedding_model_selection_data/runs/ppmi/he_she_odds_results__tiiuae_Falcon3-10B-Base/models/no_profession_embedding_baseline,"log_he_she_odds ~ C(tense) + C(semantic_role) + C(syntactic_role) + C(valence, Treatment(reference='-val')) + C(dominance, Treatment(reference='-dom')) + log_frequency + lex_emb_norm",OLS,closed_form,True,16320,59861.28717485569,59953.68893439791,-29918.643587427847,2.2918490514508725,0.07038657726099007,0.07038657726099007,[],0.027344994670860493,0.00016604051821046933,0.020327413516482217,0.008114223381191313,0.00014813271584543863,0.004037839892611209,0.1132739480824663,
tiiuae_Falcon3-10B-Base,ppmi,PPMI,selected_profession_embedding,profession_embedding_model_selection_data/runs/ppmi/he_she_odds_results__tiiuae_Falcon3-10B-Base/models/selected_profession_embedding,"log_he_she_odds ~ C(tense) + C(semantic_role) + C(syntactic_role) + C(valence, Treatment(reference='-val')) + C(dominance, Treatment(reference='-dom')) + log_frequency + lex_emb_norm + profession_embedding_1 + profession_embedding_2 + profession_embedding_3 + profession_embedding_4 + profession_embedding_5 + profession_embedding_6 + profession_embedding_7 + profession_embedding_8 + profession_embedding_9 + profession_embedding_10",OLS,closed_form,True,16320,46547.154497132644,46716.55772296004,-23251.577248566322,1.013013830694719,0.5893561138831731,0.5893561138831731,[],0.02734499467086046,0.00016604051821046667,0.020327413516482297,0.008114223381191318,0.00014813271584547267,0.01429883352482772,0.12226135538129242,1.2593455642872913
tiiuae_Falcon3-3B-Base,ppmi,PPMI,no_profession_embedding_baseline,profession_embedding_model_selection_data/runs/ppmi/he_she_odds_results__tiiuae_Falcon3-3B-Base/models/no_profession_embedding_baseline,"log_he_she_odds ~ C(tense) + C(semantic_role) + C(syntactic_role) + C(valence, Treatment(reference='-val')) + C(dominance, Treatment(reference='-dom')) + log_frequency + lex_emb_norm",OLS,closed_form,True,16320,55020.5016572498,55112.90341679202,-27498.2508286249,1.7035974771086502,0.08368752677940139,0.08368752677940139,[],0.01458608393021217,8.23520317006673e-05,0.014258648349099535,0.0006673461848772284,0.00113023815720149,0.013790028531661665,0.1109713000938641,
tiiuae_Falcon3-3B-Base,ppmi,PPMI,selected_profession_embedding,profession_embedding_model_selection_data/runs/ppmi/he_she_odds_results__tiiuae_Falcon3-3B-Base/models/selected_profession_embedding,"log_he_she_odds ~ C(tense) + C(semantic_role) + C(syntactic_role) + C(valence, Treatment(reference='-val')) + C(dominance, Treatment(reference='-dom')) + log_frequency + lex_emb_norm + profession_embedding_1 + profession_embedding_2 + profession_embedding_3 + profession_embedding_4 + profession_embedding_5 + profession_embedding_6 + profession_embedding_7 + profession_embedding_8 + profession_embedding_9 + profession_embedding_10",OLS,closed_form,True,16320,40352.18842840469,40521.591654232085,-20154.094214202345,0.6930427241123449,0.627462299710448,0.627462299710448,[],0.014586083930212226,8.235203170066134e-05,0.01425864834909939,0.0006673461848772423,0.0011302381572014049,0.024619456790447785,0.09012910383876371,1.0203110300898763
tiiuae_Falcon3-7B-Base,ppmi,PPMI,no_profession_embedding_baseline,profession_embedding_model_selection_data/runs/ppmi/he_she_odds_results__tiiuae_Falcon3-7B-Base/models/no_profession_embedding_baseline,"log_he_she_odds ~ C(tense) + C(semantic_role) + C(syntactic_role) + C(valence, Treatment(reference='-val')) + C(dominance, Treatment(reference='-dom')) + log_frequency + lex_emb_norm",OLS,closed_form,True,16320,56795.42803603954,56887.82979558176,-28385.71401801977,1.899327586982976,0.07749475888192836,0.07749475888192836,[],0.03486241362937467,0.0006125131744768767,0.04782602873317565,0.0070618381482152465,0.0002457298174639577,0.012097055996375537,0.05673928130231548,
tiiuae_Falcon3-7B-Base,ppmi,PPMI,selected_profession_embedding,profession_embedding_model_selection_data/runs/ppmi/he_she_odds_results__tiiuae_Falcon3-7B-Base/models/selected_profession_embedding,"log_he_she_odds ~ C(tense) + C(semantic_role) + C(syntactic_role) + C(valence, Treatment(reference='-val')) + C(dominance, Treatment(reference='-dom')) + log_frequency + lex_emb_norm + profession_embedding_1 + profession_embedding_2 + profession_embedding_3 + profession_embedding_4 + profession_embedding_5 + profession_embedding_6 + profession_embedding_7 + profession_embedding_8 + profession_embedding_9 + profession_embedding_10",OLS,closed_form,True,16320,42569.71091637199,42739.11414219938,-21262.855458185993,0.7939093227776836,0.6146339260263417,0.6146339260263417,[],0.034862413629373534,0.0006125131744768676,0.04782602873317592,0.007061838148215258,0.00024572981746392915,0.028625422881783436,0.07297899488258654,1.072391558353336
