,Group,C(semantic_role)[T.patient],C(syntactic_role)[T.subject],C(valence)[T.-val],C(dominance)[T.-dom]
Group,2.335580099585231,0.11201899001176988,-0.2102451074625602,0.11076695787728225,-0.060229391011429434
C(semantic_role)[T.patient],0.11201899001176988,0.00808347908507138,-0.01166436297956891,0.00631013781247525,-0.003200184229228141
C(syntactic_role)[T.subject],-0.2102451074625602,-0.01166436297956891,0.06575666749044762,-0.006564224616672292,0.004317485391067636
C(valence)[T.-val],0.11076695787728225,0.00631013781247525,-0.006564224616672292,0.013288360794139132,-0.006685446409016119
C(dominance)[T.-dom],-0.060229391011429434,-0.003200184229228141,0.004317485391067636,-0.006685446409016119,0.006711080925911102
