,Group,C(semantic_role)[T.patient],C(syntactic_role)[T.subject],C(valence)[T.-val],C(dominance)[T.-dom]
Group,1.8554470045417981,0.09496587608459603,-0.15544947343492518,0.07010054924520175,0.03666753252684111
C(semantic_role)[T.patient],0.09496587608459603,0.010824639345899834,-0.0029466050914928902,0.0036915438087157027,0.0008004166781641827
C(syntactic_role)[T.subject],-0.15544947343492518,-0.0029466050914928902,0.04860520983397905,-0.0034531567198672537,-0.002587436336285968
C(valence)[T.-val],0.07010054924520175,0.0036915438087157027,-0.0034531567198672537,0.00483885667293502,0.001046550769587828
C(dominance)[T.-dom],0.03666753252684111,0.0008004166781641827,-0.002587436336285968,0.001046550769587828,0.0031464519152744263
