,Group,C(semantic_role)[T.patient],C(syntactic_role)[T.subject],C(valence)[T.-val],C(dominance)[T.-dom]
Group,1.97537233365776,0.05956577065269171,-0.06400965000027932,0.13431147133568316,0.01627875852840972
C(semantic_role)[T.patient],0.05956577065269171,0.003922476868361311,-0.001385254838509797,0.004850415223545602,0.0005197766114173935
C(syntactic_role)[T.subject],-0.06400965000027932,-0.001385254838509797,0.03389818032899891,-0.004865533655832088,-0.0005114138773843827
C(valence)[T.-val],0.13431147133568316,0.004850415223545602,-0.004865533655832088,0.012639099083890272,0.0014439856956462995
C(dominance)[T.-dom],0.01627875852840972,0.0005197766114173935,-0.0005114138773843827,0.0014439856956462995,0.0031747356881171936
