,Group,C(semantic_role)[T.patient],C(syntactic_role)[T.subject],C(valence)[T.-val],C(dominance)[T.-dom]
Group,2.011042288361419,0.05394240141615769,-0.058478906941859844,0.11252708506728325,0.039686140284804675
C(semantic_role)[T.patient],0.05394240141615769,0.0033660141136696155,-0.0014651351750120322,0.0034391659450257596,0.0012321854707291763
C(syntactic_role)[T.subject],-0.058478906941859844,-0.0014651351750120322,0.03344412826625511,-0.0047349338077106035,9.953936561828827e-05
C(valence)[T.-val],0.11252708506728325,0.0034391659450257596,-0.0047349338077106035,0.010209031072900285,0.0010339461391453387
C(dominance)[T.-dom],0.039686140284804675,0.0012321854707291763,9.953936561828827e-05,0.0010339461391453387,0.006376890060869781
