random_term,Group,C(semantic_role)[T.patient],C(syntactic_role)[T.subject]
Group,1.541236125093506,0.029081491399969708,-0.11415587534906745
C(semantic_role)[T.patient],0.029081491399969708,0.0020467928928074104,-0.0013750824342025165
C(syntactic_role)[T.subject],-0.11415587534906745,-0.0013750824342025165,0.030246809094713126
