term,coef,std_err,z,p_value,ci_low,ci_high
Intercept,0.9059731099922855,0.3594206571393104,2.5206484157117686,0.011713882774204383,0.20152156669951815,1.6104246532850528
C(tense)[T.past perfect],-0.1781465530395502,0.011807369443450361,-15.087742777318573,1.949999241906586e-51,-0.20128857190087165,-0.15500453417822876
C(tense)[T.present continuous],-0.2031368255615229,0.01180736944345036,-17.204240668035037,2.4679057875764344e-66,-0.22627884442284435,-0.17999480670020146
C(tense)[T.present perfect],-0.2671688079833979,0.011807369443450356,-22.627293002303627,2.335040689615531e-113,-0.29031082684471937,-0.24402678912207648
C(tense)[T.simple future],-0.016876792907714218,0.011807369443450358,-1.4293440201514072,0.15290537957872907,-0.04001881176903566,0.006265225953607227
C(tense)[T.simple past],-0.042374038696288474,0.011807369443450361,-3.588778931601372,0.00033223040861463966,-0.06551605755760992,-0.019232019834967022
C(syntactic_role)[T.subject],-0.38108240553203615,0.07165551281256508,-5.318256622192673,1.0476623671938238e-07,-0.5215246299384121,-0.2406401811256602
C(valence)[T.-val],0.10315212417382694,0.025544539516695983,4.038128152844815,5.387941749037045e-05,0.05308574671944261,0.15321850162821127
C(dominance)[T.-dom],-0.026972911761120162,0.02300788159045104,-1.1723335612225476,0.24106316226576208,-0.07206753103896633,0.01812170751672601
