{
  "formula": "log_he_she_odds ~ C(tense) + C(syntactic_role) + C(valence) + C(dominance)",
  "re_formula": "1 + C(semantic_role) + C(syntactic_role) + C(valence) + C(dominance)",
  "group_col": "profession",
  "optimizer": "lbfgs",
  "converged": true,
  "aic": 17698.893761748855,
  "bic": 17889.881811916395,
  "log_likelihood": -8824.446880874428,
  "nobs": 15360,
  "residual_variance": 0.17844988566288078,
  "R2m": 0.012655878567816883,
  "R2c": 0.9545117703343187,
  "random_effect_variance_semantic_role": 0.040233793256151125,
  "random_effect_variance_syntactic_role": 0.05042272996081468,
  "random_effect_variance_valence": 0.007336562433476156,
  "random_effect_variance_dominance": 0.0037168604446562482
}