,Group,C(semantic_role)[T.patient],C(syntactic_role)[T.subject],C(valence)[T.-val],C(dominance)[T.-dom]
Group,3.3747401120859872,0.2979584843241414,-0.19878901394866527,0.12452178949457562,0.04750829737284745
C(semantic_role)[T.patient],0.2979584843241414,0.040233793256151125,-0.008556106822068144,0.01011737632151854,0.001246454726140533
C(syntactic_role)[T.subject],-0.19878901394866527,-0.008556106822068144,0.05042272996081468,-0.0055119420418374655,-0.0027431926373390285
C(valence)[T.-val],0.12452178949457562,0.01011737632151854,-0.0055119420418374655,0.007336562433476156,0.0016412600154249758
C(dominance)[T.-dom],0.04750829737284745,0.001246454726140533,-0.0027431926373390285,0.0016412600154249758,0.0037168604446562482
