,Group,C(semantic_role)[T.patient],C(syntactic_role)[T.subject],C(valence)[T.-val],C(dominance)[T.-dom]
Group,2.3346196610047483,0.1120208190144938,-0.21088403102235642,0.11063928522494722,-0.060173929092191665
C(semantic_role)[T.patient],0.1120208190144938,0.008084343265040641,-0.011708041150525211,0.006307132417043075,-0.00320024500735631
C(syntactic_role)[T.subject],-0.21088403102235642,-0.011708041150525211,0.06587825267695357,-0.006586120400404162,0.0043324399349369365
C(valence)[T.-val],0.11063928522494722,0.006307132417043075,-0.006586120400404162,0.013275770806782779,-0.006681663865183451
C(dominance)[T.-dom],-0.060173929092191665,-0.00320024500735631,0.0043324399349369365,-0.006681663865183451,0.006711256240911783
