,Group,C(semantic_role)[T.patient],C(syntactic_role)[T.subject],C(valence)[T.-val],C(dominance)[T.-dom]
Group,2.350236050663526,0.19793353751607107,-0.46520624638081504,0.17357495835241335,0.05432673670713073
C(semantic_role)[T.patient],0.19793353751607107,0.12343472079155673,-0.03802522410848256,0.007054744623035452,0.003142052200654259
C(syntactic_role)[T.subject],-0.46520624638081504,-0.03802522410848256,0.12323127033195934,-0.03133755730680443,-0.010376029234488248
C(valence)[T.-val],0.17357495835241335,0.007054744623035452,-0.03133755730680443,0.12524807815352193,0.004722001772209517
C(dominance)[T.-dom],0.05432673670713073,0.003142052200654259,-0.010376029234488248,0.004722001772209517,0.11759044583493697
