,Group,C(semantic_role)[T.patient],C(syntactic_role)[T.subject],C(valence)[T.-val],C(dominance)[T.-dom]
Group,2.3270374577661523,0.21430455860917155,-0.4507386232045068,0.16584040124765606,0.060254926609103726
C(semantic_role)[T.patient],0.21430455860917155,0.12291287630139695,-0.04017810336720145,0.007929447708172258,0.003861888189958148
C(syntactic_role)[T.subject],-0.4507386232045068,-0.04017810336720145,0.11653866451830519,-0.028376711217944585,-0.012185520585947445
C(valence)[T.-val],0.16584040124765606,0.007929447708172258,-0.028376711217944585,0.12145172228970705,0.00429140965771353
C(dominance)[T.-dom],0.060254926609103726,0.003861888189958148,-0.012185520585947445,0.00429140965771353,0.1161693659967616
