,Group,C(semantic_role)[T.patient],C(syntactic_role)[T.subject],C(valence)[T.-val],C(dominance)[T.-dom]
Group,2.457952922955364,-0.07099253446903435,-0.27889178741173787,0.2730073901794078,-0.007335486531433419
C(semantic_role)[T.patient],-0.07099253446903435,0.08361992409996886,0.0060656487065647085,-0.006457997208182294,-0.00023684222527049819
C(syntactic_role)[T.subject],-0.27889178741173787,0.0060656487065647085,0.06311193380225225,-0.025724013140493846,-0.0008856578863291965
C(valence)[T.-val],0.2730073901794078,-0.006457997208182294,-0.025724013140493846,0.08993400241533721,0.000838888990527184
C(dominance)[T.-dom],-0.007335486531433419,-0.00023684222527049819,-0.0008856578863291965,0.000838888990527184,0.07408288108361906
