,Group,C(semantic_role)[T.patient],C(syntactic_role)[T.subject],C(valence)[T.-val],C(dominance)[T.-dom]
Group,2.5420893141693925,-0.07556786439360273,-0.2872299150054586,0.23972361109584614,0.03512923372926476
C(semantic_role)[T.patient],-0.07556786439360273,0.0961280688565344,0.0057990374145198,-0.005243182271143196,-0.0018171364630853485
C(syntactic_role)[T.subject],-0.2872299150054586,0.0057990374145198,0.06976996659137522,-0.0210808853321516,-0.006422665816060289
C(valence)[T.-val],0.23972361109584614,-0.005243182271143196,-0.0210808853321516,0.09339832986967107,0.004990018106994761
C(dominance)[T.-dom],0.03512923372926476,-0.0018171364630853485,-0.006422665816060289,0.004990018106994761,0.08476211521738328
