,Group,C(semantic_role)[T.patient],C(syntactic_role)[T.subject]
Group,1.3588015312817123,0.04084608007263988,0.003975980944793153
C(semantic_role)[T.patient],0.04084608007263988,0.004432668415972045,0.000809099487682102
C(syntactic_role)[T.subject],0.003975980944793153,0.000809099487682102,0.006752857030218848
