,Group,C(semantic_role)[T.patient],C(syntactic_role)[T.subject]
Group,1.2536494702793768,0.059894569605170686,-0.04832109784449691
C(semantic_role)[T.patient],0.059894569605170686,0.005368787429587495,0.0014584860837594672
C(syntactic_role)[T.subject],-0.04832109784449691,0.0014584860837594672,0.019140401528941746
