{
  "formula": "log_he_she_odds ~ C(tense) + C(syntactic_role) + C(valence) + C(dominance) + C(tense):C(valence) + C(tense):C(dominance) + C(syntactic_role):C(valence)",
  "re_formula": "1 + C(semantic_role) + C(syntactic_role) + C(valence) + C(dominance)",
  "group_col": "profession",
  "optimizer": "lbfgs",
  "converged": true,
  "aic": 5582.168880313104,
  "bic": 5827.431243919723,
  "log_likelihood": -2755.084440156552,
  "nobs": 6720,
  "residual_variance": 0.12914090090391944,
  "R2m": 0.028698530914373195,
  "R2c": 0.9187793565050374,
  "random_effect_variance_semantic_role": 0.004449732633247557,
  "random_effect_variance_syntactic_role": 0.0067528561697557405,
  "random_effect_variance_valence": 0.011284041350561616,
  "random_effect_variance_dominance": 0.005580940157032789
}