,Group,C(semantic_role)[T.patient],C(syntactic_role)[T.subject],C(valence)[T.-val],C(dominance)[T.-dom]
Group,1.194908740522133,0.038606981621839634,0.0037379419485673417,0.10660379845951783,0.05276345292658803
C(semantic_role)[T.patient],0.038606981621839634,0.004449732633247557,0.0008184421110940282,0.0036362619119505338,0.0011382948964699458
C(syntactic_role)[T.subject],0.0037379419485673417,0.0008184421110940282,0.0067528561697557405,0.0012723134761236303,-0.0007485990410686552
C(valence)[T.-val],0.10660379845951783,0.0036362619119505338,0.0012723134761236303,0.011284041350561616,0.0030326147820166267
C(dominance)[T.-dom],0.05276345292658803,0.0011382948964699458,-0.0007485990410686552,0.0030326147820166267,0.005580940157032789
