,Group,C(semantic_role)[T.patient],C(syntactic_role)[T.subject]
Group,1.3592188833405328,0.04084608932545051,0.003948959721842444
C(semantic_role)[T.patient],0.04084608932545051,0.004430879266495258,0.0008076802593375299
C(syntactic_role)[T.subject],0.003948959721842444,0.0008076802593375299,0.006754163421822574
