,Group,C(semantic_role)[T.patient],C(syntactic_role)[T.subject],C(valence)[T.-val],C(dominance)[T.-dom]
Group,2.3418954770771334,0.19714581557718722,-0.46367933264863803,0.1728834553548284,0.05410610976871337
C(semantic_role)[T.patient],0.19714581557718722,0.12165768559589032,-0.037886657245485976,0.007067408920283627,0.003136304078525154
C(syntactic_role)[T.subject],-0.46367933264863803,-0.037886657245485976,0.12089429001914898,-0.03132167252129483,-0.010349497186300861
C(valence)[T.-val],0.1728834553548284,0.007067408920283627,-0.03132167252129483,0.12343400097074761,0.004697805806244549
C(dominance)[T.-dom],0.05410610976871337,0.003136304078525154,-0.010349497186300861,0.004697805806244549,0.11578097682294602
