,Group,C(semantic_role)[T.patient],C(syntactic_role)[T.subject],C(valence)[T.-val],C(dominance)[T.-dom]
Group,2.319458728514951,0.21353266990668354,-0.4495309626719355,0.1652414971842182,0.06003296381505555
C(semantic_role)[T.patient],0.21353266990668354,0.12137727348473332,-0.04005798579690372,0.007935288776790948,0.003854935266105196
C(syntactic_role)[T.subject],-0.4495309626719355,-0.04005798579690372,0.11406144340450054,-0.028441931462043175,-0.012128540562014742
C(valence)[T.-val],0.1652414971842182,0.007935288776790948,-0.028441931462043175,0.11989246656612655,0.004274630249918499
C(dominance)[T.-dom],0.06003296381505555,0.003854935266105196,-0.012128540562014742,0.004274630249918499,0.11459985485432744
