,Group,C(semantic_role)[T.patient],C(syntactic_role)[T.subject],C(valence)[T.-val],C(dominance)[T.-dom]
Group,2.3486410214115123,0.11279431783398051,-0.21519244260186107,0.11113124258674098,-0.06045012448937079
C(semantic_role)[T.patient],0.11279431783398051,0.008124935007077288,-0.011943153420338677,0.006335037402070494,-0.0032156463298340003
C(syntactic_role)[T.subject],-0.21519244260186107,-0.011943153420338677,0.0672767102548709,-0.006724736112592418,0.0044240712329992144
C(valence)[T.-val],0.11113124258674098,0.006335037402070494,-0.006724736112592418,0.01329976144401925,-0.006688479024793143
C(dominance)[T.-dom],-0.06045012448937079,-0.0032156463298340003,0.0044240712329992144,-0.006688479024793143,0.006712400298332739
