random_term,Group,C(syntactic_role)[T.subject]
Group,1.1557313817913226,-0.2111999806023039
C(syntactic_role)[T.subject],-0.2111999806023039,0.10125317183704324
