,Group,C(semantic_role)[T.patient],C(syntactic_role)[T.subject],C(valence)[T.-val],C(dominance)[T.-dom]
Group,1.8552657384485232,0.09496234675395974,-0.15541158419134518,0.0700896188385514,0.03667931976928707
C(semantic_role)[T.patient],0.09496234675395974,0.010825072567885874,-0.002932785594833304,0.0036945537923492675,0.0008017907570131528
C(syntactic_role)[T.subject],-0.15541158419134518,-0.002932785594833304,0.04863272797780219,-0.0034434933478905993,-0.0025885023142687507
C(valence)[T.-val],0.0700896188385514,0.0036945537923492675,-0.0034434933478905993,0.004835089871128648,0.0010471257745657497
C(dominance)[T.-dom],0.03667931976928707,0.0008017907570131528,-0.0025885023142687507,0.0010471257745657497,0.003142996346668648
