,Group,C(semantic_role)[T.patient],C(syntactic_role)[T.subject],C(valence)[T.-val],C(dominance)[T.-dom]
Group,2.3500950559058498,0.19791979725132994,-0.46517407178820985,0.1735629086168124,0.05432293496478363
C(semantic_role)[T.patient],0.19791979725132994,0.12340138965487579,-0.03802236110170565,0.007055037535508222,0.003141965271746061
C(syntactic_role)[T.subject],-0.46517407178820985,-0.03802236110170565,0.123209115908387,-0.03133571901351858,-0.010375288604357887
C(valence)[T.-val],0.1735629086168124,0.007055037535508222,-0.03133571901351858,0.12521404451564594,0.004721566805780598
C(dominance)[T.-dom],0.05432293496478363,0.003141965271746061,-0.010375288604357887,0.004721566805780598,0.11755645354777851
