,Group,C(semantic_role)[T.patient],C(syntactic_role)[T.subject],C(valence)[T.-val],C(dominance)[T.-dom]
Group,2.328398581242843,0.2144496067584382,-0.45104264684020196,0.16595270002332568,0.06029598373655324
C(semantic_role)[T.patient],0.2144496067584382,0.12323253785645281,-0.040207471447570496,0.00792741195071008,0.0038629892148876613
C(syntactic_role)[T.subject],-0.45104264684020196,-0.040207471447570496,0.11674533337608675,-0.028390716220399084,-0.012195898476877942
C(valence)[T.-val],0.16595270002332568,0.00792741195071008,-0.028390716220399084,0.12177656333943208,0.004294647006491365
C(dominance)[T.-dom],0.06029598373655324,0.0038629892148876613,-0.012195898476877942,0.004294647006491365,0.11649697186946317
