,Group,C(semantic_role)[T.patient],C(syntactic_role)[T.subject],C(valence)[T.-val],C(dominance)[T.-dom]
Group,1.6604006373574158,0.11290245276435047,-0.03247841216979139,0.0762654430709816,0.06246623093228737
C(semantic_role)[T.patient],0.11290245276435047,0.011569028135159845,0.0028907403541631256,0.005007122623913709,0.005421867500945629
C(syntactic_role)[T.subject],-0.03247841216979139,0.0028907403541631256,0.0194862464066725,-0.0044737117404074975,-0.00021753324687132702
C(valence)[T.-val],0.0762654430709816,0.005007122623913709,-0.0044737117404074975,0.006004203048239303,0.0015517785063877266
C(dominance)[T.-dom],0.06246623093228737,0.005421867500945629,-0.00021753324687132702,0.0015517785063877266,0.004405752155529311
