,Group,C(semantic_role)[T.patient],C(syntactic_role)[T.subject],C(valence)[T.-val],C(dominance)[T.-dom]
Group,1.854943095301962,0.09495601892900894,-0.1552824416884619,0.07007937723183841,0.03665731666327586
C(semantic_role)[T.patient],0.09495601892900894,0.010824592167043675,-0.0029396692423970237,0.0036914351794134445,0.0008003238606653819
C(syntactic_role)[T.subject],-0.1552824416884619,-0.0029396692423970237,0.04856652451569928,-0.003444267059552674,-0.002584419361990107
C(valence)[T.-val],0.07007937723183841,0.0036914351794134445,-0.003444267059552674,0.004838775177627119,0.001045950242419326
C(dominance)[T.-dom],0.03665731666327586,0.0008003238606653819,-0.002584419361990107,0.001045950242419326,0.003146254254496248
