,Group,C(semantic_role)[T.patient],C(syntactic_role)[T.subject]
Group,1.2537309909816539,0.05990984291786411,-0.04829109336317724
C(semantic_role)[T.patient],0.05990984291786411,0.005372109310245176,0.0014593631794599102
C(syntactic_role)[T.subject],-0.04829109336317724,0.0014593631794599102,0.01913954816907621
