random_term,Group,C(semantic_role)[T.patient],C(syntactic_role)[T.subject]
Group,1.0053465356190439,0.11390696959550377,-0.15525312675012104
C(semantic_role)[T.patient],0.11390696959550377,0.015105243661095684,-0.016657165498330934
C(syntactic_role)[T.subject],-0.15525312675012104,-0.016657165498330934,0.07401335925411465
