,Group,C(semantic_role)[T.patient],C(syntactic_role)[T.subject],C(valence)[T.-val],C(dominance)[T.-dom]
Group,2.4117446919382943,0.32571349270119204,0.019941055301081565,0.334781987245482,0.0002806576108368741
C(semantic_role)[T.patient],0.32571349270119204,0.18966913701600382,-0.002937235613901066,0.0329510776710223,-0.0045406619657903605
C(syntactic_role)[T.subject],0.019941055301081565,-0.002937235613901066,0.09706261803001956,0.0013442862885647575,0.011747010834816217
C(valence)[T.-val],0.334781987245482,0.0329510776710223,0.0013442862885647575,0.19507932893070315,0.004365397825941764
C(dominance)[T.-dom],0.0002806576108368741,-0.0045406619657903605,0.011747010834816217,0.004365397825941764,0.16757230929250505
