,Group,C(semantic_role)[T.patient],C(syntactic_role)[T.subject],C(valence)[T.-val],C(dominance)[T.-dom]
Group,1.8550564004217944,0.09496032952600322,-0.1554499401637259,0.07006510765171234,0.036700835544186045
C(semantic_role)[T.patient],0.09496032952600322,0.010835631271738522,-0.0029369771360258745,0.0036922163854335834,0.0008024368265526201
C(syntactic_role)[T.subject],-0.1554499401637259,-0.0029369771360258745,0.04862362628065036,-0.0034479912579212756,-0.0025941690924056425
C(valence)[T.-val],0.07006510765171234,0.0036922163854335834,-0.0034479912579212756,0.004842382512269857,0.0010468715776002814
C(dominance)[T.-dom],0.036700835544186045,0.0008024368265526201,-0.0025941690924056425,0.0010468715776002814,0.0031556760599235883
