target_model,best_model_name,best_model_aic,Unnamed: 0,Group,C(tense)[T.past perfect],C(tense)[T.present continuous],C(tense)[T.present perfect],C(tense)[T.simple future],C(tense)[T.simple past],C(semantic_role)[T.patient],C(syntactic_role)[T.subject],"C(valence, Treatment(reference='-val'))[T.+val]","C(dominance, Treatment(reference='-dom'))[T.+dom]"
EleutherAI_pythia-12b-deduped,full_mixed_random_slopes,14742.11766481481,CEO,0.7508171787672071,0.0127545428581707,-0.1191201111697978,-0.1100866847585812,-0.3253515248710357,-0.0449391459410325,-0.0157924258779358,-0.3643775896016549,-0.0493359963539434,-0.1200251662063611
EleutherAI_pythia-12b-deduped,full_mixed_random_slopes,14742.11766481481,accountant,-0.1183772625739122,0.03052271467419,-0.026506900842525,-0.0206932755075208,0.054885528786451,0.0229675818946516,0.0372759406069234,-0.0289034266021301,0.0265996207522439,0.0053311368347246
EleutherAI_pythia-12b-deduped,full_mixed_random_slopes,14742.11766481481,administrator,-0.4551816263680536,-0.1533189371197567,0.4562832294214628,0.3947376795378202,0.506672386803671,0.0585069699922923,0.0918412955582059,0.1374483362786611,0.0166517378460594,-0.0090677935780057
EleutherAI_pythia-12b-deduped,full_mixed_random_slopes,14742.11766481481,agronomist,0.5198150431567098,-0.0128504875371024,-0.0084438246417372,-0.0376371452700956,0.0396635940599682,-0.0315750675759071,0.1866955855283249,0.1922700090614252,0.0643952348999349,0.0683715304965453
EleutherAI_pythia-12b-deduped,full_mixed_random_slopes,14742.11766481481,bodyguard,1.0299225041091598,-0.0565862650425734,-0.1131163209335413,-0.1725546891379621,-0.088795764713667,-0.0955545790964041,0.0362953749551617,-0.0776651736982761,-0.038740951897567,-0.0129908850986182
EleutherAI_pythia-12b-deduped,full_mixed_random_slopes,14742.11766481481,bookbinder,0.8559385493757661,0.2145737761492135,-0.230460273487446,-0.0450362368980677,-0.1392416136321614,0.0320952533318526,0.0011634806756411,-0.5093878979425112,0.0066808386605313,0.1068244440713197
EleutherAI_pythia-12b-deduped,full_mixed_random_slopes,14742.11766481481,builder,1.5450218310967243,0.1051145113949237,-0.2815817305605751,-0.1489429152208161,-0.5414100976966136,-0.0560207751962117,-0.0137562019351318,-0.555589191865269,-0.051043524504436,-0.0303517870592668
EleutherAI_pythia-12b-deduped,full_mixed_random_slopes,14742.11766481481,cashier,-1.931733123234185,0.0263822949378872,0.3520952872014265,0.3529611066841737,0.6506352936613791,0.1368975104226192,-0.0544190872211898,0.0143716302166222,0.0233335575918095,0.0387607104598496
EleutherAI_pythia-12b-deduped,full_mixed_random_slopes,14742.11766481481,chauffeur,2.1302112263519373,-0.021024528766019,-0.2974110724528683,-0.3018806759973308,-0.4839773469758474,-0.1261310289496404,0.1439396820286421,-0.0750914329400974,0.0312472997778461,-0.0590144041350401
EleutherAI_pythia-12b-deduped,full_mixed_random_slopes,14742.11766481481,colonel,2.2686081249413363,-0.1096900630103253,-0.335256649865964,-0.3943997241765966,-0.5538960102427175,-0.1395363085460561,0.2255994221722494,0.2388152427000277,0.0871984466007053,-0.0823713547245715
EleutherAI_pythia-12b-deduped,full_mixed_random_slopes,14742.11766481481,doctor,0.1453679712528964,0.0342377088718107,-0.0694236995987854,-0.0334646065286866,-0.0172617248970516,0.0041659616456643,0.0080286987839445,0.1068191534155606,0.0456265663701917,0.05433569077944
EleutherAI_pythia-12b-deduped,full_mixed_random_slopes,14742.11766481481,electrician,1.6250798154045691,-0.048321927594705,-0.3794078208472115,-0.4508519385914651,-0.522960337619133,-0.164991609734977,0.0798248670202717,-0.1391012209809216,-0.0313163252651909,-0.1225368810752985
EleutherAI_pythia-12b-deduped,full_mixed_random_slopes,14742.11766481481,farmer,2.7821112438754283,-0.056469535319187,-0.5201520282111638,-0.5587168752889908,-0.7847210499606894,-0.2070909201707179,0.193470729856913,-0.0777272911502515,-0.0034618746315575,-0.0632887079123654
EleutherAI_pythia-12b-deduped,full_mixed_random_slopes,14742.11766481481,farmhand,0.997495556597269,-0.1238222329956027,-0.0720407422438295,-0.2092809649259346,-0.1465167786887993,-0.1404287573850118,0.129478367676782,-0.0362244395870172,-0.0483686194723092,-0.1008369425465033
EleutherAI_pythia-12b-deduped,full_mixed_random_slopes,14742.11766481481,fisherman,3.214606841476747,-0.2403643425029327,-0.288037481972176,-0.4257527444592526,-0.4398899170906212,-0.2457253653560418,0.2136183116169977,0.149199943605166,0.0040534267614381,-0.0819403654685238
EleutherAI_pythia-12b-deduped,full_mixed_random_slopes,14742.11766481481,hairdresser,-1.4935423912442494,-0.0317120825906164,0.2118788702251993,0.1923196292058628,0.23227240726315,0.1149831275326456,0.0347729223689836,0.3266806781461702,0.0698174799827335,0.0076341153150841
EleutherAI_pythia-12b-deduped,full_mixed_random_slopes,14742.11766481481,hawker,-0.0919000974485044,0.0101810244697473,-0.0278427523810742,-0.0560663511203761,-0.0815064892913706,-0.0254065527588103,-0.000689123959257,0.2429728606316296,0.0309810422606506,0.0211853761941899
EleutherAI_pythia-12b-deduped,full_mixed_random_slopes,14742.11766481481,housekeeper,-3.030890257981679,0.0454935370807816,0.5219125798417633,0.5029653678774713,0.6840925071586854,0.1723241496285775,-0.2203606545557758,0.0398815211679734,-0.0455521034736156,-0.0054701825990071
EleutherAI_pythia-12b-deduped,full_mixed_random_slopes,14742.11766481481,manager,-0.5933421467487783,-0.0379802844728839,0.2602707891486537,0.2520387575004863,0.3236360238565971,0.0601309093457753,0.1629119969275161,-0.0838165186671377,0.0391468985066464,-0.0010120172976434
EleutherAI_pythia-12b-deduped,full_mixed_random_slopes,14742.11766481481,midwife,-5.6568060950496175,0.2151080384702794,0.238960340645216,0.2813109034823455,-0.1303264829032501,0.2610319161441505,-0.3380373781700103,0.3756771662129517,-0.0211642497108136,-0.0584737260484448
EleutherAI_pythia-12b-deduped,full_mixed_random_slopes,14742.11766481481,molder,-0.8729496363451156,0.037781356533783,-0.0087099779867484,0.0573356038233691,-0.0793136027755159,0.0757103706391998,-0.1084662552951714,0.35703706486736,0.0474179725168033,0.0664898004375666
EleutherAI_pythia-12b-deduped,full_mixed_random_slopes,14742.11766481481,nurse,-3.590839011552733,0.0874045946778657,0.4668413659444235,0.5130553406625511,0.5702939019090281,0.2546878929206964,-0.236525927220346,0.1751986750421142,-0.020077922722787,0.02279000401279
EleutherAI_pythia-12b-deduped,full_mixed_random_slopes,14742.11766481481,paralegal,-1.7698114755324297,0.0552909423511157,0.2741632150378641,0.2676502140875686,0.5804855766214537,0.0743778036534811,-0.1649642813489472,-0.1438622668459335,-0.034292608014504,0.0221486192113073
EleutherAI_pythia-12b-deduped,full_mixed_random_slopes,14742.11766481481,programmer,0.7882361052975133,-0.1161794219046401,-0.0625041552045833,-0.1237219228700101,-0.3419524665788372,-0.089883740874098,0.0211629569030145,-0.1787172540456648,-0.0597926387354531,-0.1490396582484711
EleutherAI_pythia-12b-deduped,full_mixed_random_slopes,14742.11766481481,salesperson,-0.450146794236299,-0.0912592410352643,0.3275567808403642,0.3089945926988525,0.3714248956301461,0.0594365107525387,-0.0423456885043924,-0.0767995178572293,-0.0389432169141532,-0.0240652206420032
EleutherAI_pythia-12b-deduped,full_mixed_random_slopes,14742.11766481481,scientist,0.3677889778366056,0.0157241844656363,-0.181440379773686,-0.2082756942953664,-0.2358034237582972,-0.061711934732168,-0.0246981344057492,0.0427032779770315,0.0005694530533775,-0.0400196086379646
EleutherAI_pythia-12b-deduped,full_mixed_random_slopes,14742.11766481481,scrivener,1.224959213606709,0.0020036670624768,-0.1924250569491329,-0.0956571806214344,-0.2052885395973404,-0.0127203527868706,-0.1610434188469458,0.0149616065139137,-0.0686554043098763,0.1093334883524258
EleutherAI_pythia-12b-deduped,full_mixed_random_slopes,14742.11766481481,secretary,-3.136808562026533,0.3410342376337822,0.2636920443722474,0.4560406295556465,0.5673112636028674,0.2073063147301015,-0.2231934198239951,0.2257797707767409,0.0530677588873343,0.3433881122189905
EleutherAI_pythia-12b-deduped,full_mixed_random_slopes,14742.11766481481,sergeant,1.299647172021445,-0.0171613199312588,-0.2406037009018157,-0.3248618127362959,-0.0854551046598365,-0.1094711908523985,0.0575447845840883,0.1025832801152329,-0.0128076190263348,0.0302719486807781
EleutherAI_pythia-12b-deduped,full_mixed_random_slopes,14742.11766481481,soldier,1.996245656561452,-0.1461104324178368,-0.2773920398128527,-0.3198084462835915,-0.2104092253236102,-0.1080162790338571,0.0286435511825701,0.2051065479726878,-0.0089213322139615,0.0193356960765044
EleutherAI_pythia-12b-deduped,full_mixed_random_slopes,14742.11766481481,solicitor,0.159089130789099,0.0913506644913821,0.0348590998329008,0.0609766372052978,0.2394063467509171,0.0003311365238816,-0.0146505344655031,-0.4343710246094176,-0.0444989491277218,0.0207428871712515
EleutherAI_pythia-12b-deduped,full_mixed_random_slopes,14742.11766481481,teacher,-1.670022883581461,0.0252916197301569,0.3176130151760905,0.3500158341101883,0.5964208671692357,0.1429050648068242,-0.1073710782889965,0.1506933241675985,0.019027480560333,0.0963544166475326
EleutherAI_pythia-12b-deduped,full_mixed_random_slopes,14742.11766481481,tradesperson,0.18580449922595,-0.0740476753669415,0.2320089377596547,0.2621331370502537,0.2462364483299622,0.0575458705349632,0.0401806297028908,-0.1869072015302028,-0.0020560205047584,-0.0258460562257155
EleutherAI_pythia-12b-deduped,full_mixed_random_slopes,14742.11766481481,welder,0.9755847216824244,-0.0133506382289833,-0.2262588355511064,-0.2148455487286585,-0.2493595402584473,-0.07620073547921,0.0338650117423011,-0.1296586409278465,0.0132145418501249,-0.0469472194515995
EleutherAI_pythia-2.8b-deduped,full_mixed_random_slopes,9099.38330401,CEO,0.4465065119599091,-0.0598437733146518,0.0946357576409189,0.036727836469108,0.1058286037517384,0.0077781493755529,0.0654530446241228,-0.1296588412224646,-0.0324569732510672,0.0149637110453818
EleutherAI_pythia-2.8b-deduped,full_mixed_random_slopes,9099.38330401,accountant,0.0117692614084636,0.0230977116574449,-0.0187799552675808,-0.0229349727444046,-0.0635255194782752,0.0216747610300136,-0.0119289406388195,0.1495400795092904,0.0601775813535396,-0.0211522861340047
EleutherAI_pythia-2.8b-deduped,full_mixed_random_slopes,9099.38330401,administrator,-0.4655832894331779,-0.0693074877051708,0.1349803509153979,0.1021706659867077,0.2432406619225538,-0.0374808065219974,0.0291548466610422,0.2248121919584341,-0.0570898010995379,0.0185213500375448
EleutherAI_pythia-2.8b-deduped,full_mixed_random_slopes,9099.38330401,agronomist,0.5874240454984025,0.0084977523763456,0.0129702555706712,-0.0112620194931112,-0.0676582440594674,-0.0098795016902618,0.0173080925902587,0.0285748332920654,0.0345471211355117,0.0091183129720614
EleutherAI_pythia-2.8b-deduped,full_mixed_random_slopes,9099.38330401,bodyguard,1.7144636112014258,-0.1213235841260592,0.1634195081248486,0.0282860465142412,-0.0503508366377432,-0.0255754105222391,0.018054902661261,-0.6595708710656182,-0.0539060581364375,-0.0381202632992973
EleutherAI_pythia-2.8b-deduped,full_mixed_random_slopes,9099.38330401,bookbinder,0.3197388693033072,0.0736813264772474,-0.2905941139307241,-0.1768284388745793,-0.321257632955463,0.032072607268916,-0.0196480297987675,-0.443478253197078,-0.08623435495908,0.0401237104274353
EleutherAI_pythia-2.8b-deduped,full_mixed_random_slopes,9099.38330401,builder,1.5028244246241271,-0.0967185486099837,0.0302896183452075,-0.0600128824824889,-0.2971106967712715,-0.0603507609311567,0.0821818107599255,-0.2196516786801135,-0.0637449183193095,-0.0594087691820469
EleutherAI_pythia-2.8b-deduped,full_mixed_random_slopes,9099.38330401,cashier,-1.2825251414767036,-0.0195285839743788,0.1098236470708082,0.1286390391124187,0.280441235072762,0.0035543688211508,-0.1083202368355173,0.2063872664930321,0.0111708254617974,0.0145719206954026
EleutherAI_pythia-2.8b-deduped,full_mixed_random_slopes,9099.38330401,chauffeur,2.368126727838909,0.0078745422397226,-0.0079007369136907,-0.0764235508501148,-0.0392730881319997,0.0288827091262006,0.1108104230886368,-0.7704645554899469,-0.0515759369303699,-0.0219310875481289
EleutherAI_pythia-2.8b-deduped,full_mixed_random_slopes,9099.38330401,colonel,1.6715091607663852,0.0536885457184893,-0.0469659516626778,-0.0931036004155857,-0.1615408546823282,0.0489549333260118,0.0823956856005961,-0.1705313453299148,0.0791993316691834,-0.0066569603596241
EleutherAI_pythia-2.8b-deduped,full_mixed_random_slopes,9099.38330401,doctor,0.2406348554969665,0.0157817244647803,-0.0375263096102794,-0.0381356818843568,-0.0681197839847351,0.0004616541409803,-0.0235817762621011,-0.083572519291574,0.0020236478473621,-0.0225685362431231
EleutherAI_pythia-2.8b-deduped,full_mixed_random_slopes,9099.38330401,electrician,1.5824444035916216,-0.0186709809739591,0.0796008089729159,-0.0451390999387232,-0.1202808644549464,-0.0446032064452166,0.1295597856477696,-0.2870164924837502,0.0413375218662659,-0.1506035405891839
EleutherAI_pythia-2.8b-deduped,full_mixed_random_slopes,9099.38330401,farmer,1.868064849400722,-0.00303927426374,-0.1154958218797111,-0.1505340633728722,-0.3516412859308574,-0.0149144761738512,0.0721416686565061,-0.2105515987231536,-0.0452897974083942,-0.005401729754302
EleutherAI_pythia-2.8b-deduped,full_mixed_random_slopes,9099.38330401,farmhand,1.0394310849024904,-0.0438341972071383,0.011990446790646,-0.0635129696470058,-0.2689150893991862,-0.0491410156769864,0.063463377689872,-0.5837618838515687,-0.0063215918982727,-0.096693277758357
EleutherAI_pythia-2.8b-deduped,full_mixed_random_slopes,9099.38330401,fisherman,2.67543665362071,-0.0725490965514829,0.0590980937868463,-0.101067529784888,-0.3696624183069953,-0.0346150468074229,0.1518678222330266,-0.2199194598916022,0.0301041063972133,-0.0670507741284114
EleutherAI_pythia-2.8b-deduped,full_mixed_random_slopes,9099.38330401,hairdresser,-2.095443177101621,-0.0048701452216423,0.0720077680224272,0.1053029945508022,0.1898769920407272,-0.0014157581200353,-0.095725386856287,0.8417032838761033,0.0784111451703676,0.0248721744816935
EleutherAI_pythia-2.8b-deduped,full_mixed_random_slopes,9099.38330401,hawker,0.9837363586212948,-0.01797041519527,0.0128652981952518,-0.0168779110673987,0.0631411544587654,-0.040286220158365,-0.0345805648814337,0.0938575666833976,-0.0922329183360139,-0.0081669721843986
EleutherAI_pythia-2.8b-deduped,full_mixed_random_slopes,9099.38330401,housekeeper,-3.6733325327430655,0.0487185301377479,-0.0326092515491823,0.127257918205092,0.1994833018039201,0.0252703449203715,-0.1041078745259649,0.8824582201480315,0.0889752043401821,0.1020739773846553
EleutherAI_pythia-2.8b-deduped,full_mixed_random_slopes,9099.38330401,manager,0.2432108947665328,8.108896532460497e-05,-0.0204356200115875,-0.0198853891638984,0.0340408110246232,-0.0262408502845342,0.0999775160787225,-0.1632242781496009,-0.065796162685386,-0.0330373435816871
EleutherAI_pythia-2.8b-deduped,full_mixed_random_slopes,9099.38330401,midwife,-3.486265692354321,0.0566126344612987,-0.1457750358675222,0.0492361356450069,-0.1853991542940798,-0.0088615223233508,-0.0391216124200064,0.0105247164764235,0.080005235683892,0.0573837268387352
EleutherAI_pythia-2.8b-deduped,full_mixed_random_slopes,9099.38330401,molder,-0.2776759143926014,0.028275946399043,-0.1042118060491709,-0.0536549619886834,-0.0773338703092036,-0.0017558621870664,0.0094879224010286,0.0622753561490973,-0.0346519716103567,0.0005514427254076
EleutherAI_pythia-2.8b-deduped,full_mixed_random_slopes,9099.38330401,nurse,-2.8424422118957406,0.0660113310616198,-0.0239119382405999,0.1167166290661135,0.1370870118230817,0.0106504618384005,-0.1359018190044594,0.0845080896484948,0.0848991368751294,0.0429001955087605
EleutherAI_pythia-2.8b-deduped,full_mixed_random_slopes,9099.38330401,paralegal,-1.725119997244997,-0.0385261681497001,0.0814067195771693,0.0972141814288487,0.1438391609197272,-0.0195389790068489,-0.0383026973583459,0.3455819883765156,0.0204430700888699,-0.0127669566954473
EleutherAI_pythia-2.8b-deduped,full_mixed_random_slopes,9099.38330401,programmer,0.3411386861361218,0.0217453656639362,0.0034775598478072,-0.016714406310634,-0.1050052574333749,0.0064200657755431,-0.1034871662711515,0.2233491396200516,0.0817486635817981,-0.0188826504341599
EleutherAI_pythia-2.8b-deduped,full_mixed_random_slopes,9099.38330401,salesperson,-0.3902724780288216,-0.0175007737612143,0.1955400065504592,0.1595114499535689,0.4344061774995433,0.0026229265748671,-0.0222271414241682,0.025037630003684,0.0131764412737473,0.0043599640188572
EleutherAI_pythia-2.8b-deduped,full_mixed_random_slopes,9099.38330401,scientist,0.2204207835285022,0.022827218190406,-0.0586772827710488,-0.047502082869661,-0.2011287719558093,-0.0076018647376962,-0.0501081240017221,-0.0536084320784624,0.0396795937278715,-0.0082334204860924
EleutherAI_pythia-2.8b-deduped,full_mixed_random_slopes,9099.38330401,scrivener,0.2467916423808983,0.1510788024547911,-0.3939238907134544,-0.2146871138305054,-0.2610856868850248,0.1192662220914343,-0.0791219760874466,0.2817412709304258,-0.0370814123926115,0.1394243746191513
EleutherAI_pythia-2.8b-deduped,full_mixed_random_slopes,9099.38330401,secretary,-2.659138406079631,0.0391846040850452,-0.0253369148404588,0.1336778113109221,0.3930828373699358,0.047885181946757,-0.1608964583512026,0.4310004006585847,-0.0368561470532392,0.1358820931225821
EleutherAI_pythia-2.8b-deduped,full_mixed_random_slopes,9099.38330401,sergeant,0.972206331969748,0.0729474709231415,-0.1679446995082591,-0.1457557572126824,-0.0729786078136,0.0432675537208288,0.0944736671637361,-0.2067314429323218,-0.0459618612251675,0.0176750352570546
EleutherAI_pythia-2.8b-deduped,full_mixed_random_slopes,9099.38330401,soldier,1.076369785891623,-0.0030255663070357,0.0119687166748101,-0.0163670442623916,0.0057434945456938,0.046246301554814,0.0066501279184128,-0.185553951851999,-0.0019467574205594,0.0295194195383948
EleutherAI_pythia-2.8b-deduped,full_mixed_random_slopes,9099.38330401,solicitor,-0.1845738185746674,-0.0124822860591115,0.0407478448450792,0.0287436888451761,0.1507278940396037,-0.0239276673532635,-0.0068970871275114,-0.0466389187377473,-0.0467906869772622,-0.0133273439732687
EleutherAI_pythia-2.8b-deduped,full_mixed_random_slopes,9099.38330401,teacher,-1.5550222719219324,0.0160584769165252,0.0222059090819059,0.0739867109244263,0.2218587199544893,-0.0058236464425265,-0.0639317386775786,0.2935233902690144,-0.0011879462783315,-0.0001252041830517
EleutherAI_pythia-2.8b-deduped,full_mixed_random_slopes,9099.38330401,tradesperson,-0.2875994326883218,-0.0523538691717956,0.3017069501651654,0.234132310477071,0.5814884608076034,0.0244495041293638,-0.0133102571226739,0.1183321028591649,0.0306621085239915,0.0342711389473516
EleutherAI_pythia-2.8b-deduped,full_mixed_random_slopes,9099.38330401,welder,0.8127454212439369,-0.0546183216028895,0.0513540686370831,-0.0512039423051981,-0.1020188535697002,-0.057445150259291,0.0782181938787079,0.1307269959918691,-0.0174354390179852,-0.1020854310904164
EleutherAI_pythia-6.9b-deduped,full_mixed_random_slopes,15586.837956665113,CEO,0.4673549115608951,-0.0271875071457918,0.0123971903165453,0.0097670544073995,-0.2543722943042172,-0.0519626914174492,-0.1153748562713609,-0.1715852310356578,0.0007076568307535,-0.0725313203780377
EleutherAI_pythia-6.9b-deduped,full_mixed_random_slopes,15586.837956665113,accountant,0.0239860563298174,0.0571544171862109,-0.2618761479292392,-0.2299980332649688,-0.3194403943609027,0.0021031970580449,-0.0020690554318674,0.39081397568352,-0.0143653422277,-0.0139279919990489
EleutherAI_pythia-6.9b-deduped,full_mixed_random_slopes,15586.837956665113,administrator,-0.2909414663737139,-0.0933908113990053,0.2671589489589427,0.1977540931486716,0.3435231502178801,0.0417284358009507,-0.0361706317662293,0.1839469693737868,-0.0272791703916238,0.0198439642954841
EleutherAI_pythia-6.9b-deduped,full_mixed_random_slopes,15586.837956665113,agronomist,0.7963514634773312,-0.0091706083819514,-0.1629694436699992,-0.13240208179386,-0.1852972404983434,-0.0403329273286324,0.0270942942993098,0.2855437285256483,-0.0556632704239678,-0.0423441509005091
EleutherAI_pythia-6.9b-deduped,full_mixed_random_slopes,15586.837956665113,bodyguard,1.0553275013055736,0.0825066032523587,-0.185532467052571,-0.113477326305882,-0.3274776730336545,-0.0355718835008783,-0.0173290583272573,-0.049290249191127,-0.016440798017468,0.0140956551346229
EleutherAI_pythia-6.9b-deduped,full_mixed_random_slopes,15586.837956665113,bookbinder,1.1820236179306356,0.2200752174416546,-0.2895030974189248,-0.117344479182309,-0.3629776805867455,-0.0761376902429828,-0.1364636983716992,-0.2786485507074723,-0.0738806759085866,0.0305549101523555
EleutherAI_pythia-6.9b-deduped,full_mixed_random_slopes,15586.837956665113,builder,1.6978241780216878,0.2844191217203931,-0.0979932240398474,0.1198499175582326,-0.1756732758101823,0.083073992465042,-0.0422986328132535,-0.7003863083510096,-0.0572830050423064,-0.0193879002463049
EleutherAI_pythia-6.9b-deduped,full_mixed_random_slopes,15586.837956665113,cashier,-2.257179976454538,-0.0224816562760901,0.3174582326969923,0.2515104202331305,0.5416230428353193,0.0966015179983969,-0.055042931964446,0.379149379479724,0.0881084744971148,0.0501683889317821
EleutherAI_pythia-6.9b-deduped,full_mixed_random_slopes,15586.837956665113,chauffeur,2.155771389315177,0.1285006753925738,-0.2613751458593262,-0.0860988010093138,-0.1880004676120402,-0.0048454684238811,0.0021000791595145,-0.4182039386301868,-0.0159897658975331,-0.0112613259132852
EleutherAI_pythia-6.9b-deduped,full_mixed_random_slopes,15586.837956665113,colonel,2.781096017917142,-0.0165641033717829,-0.6430576696529116,-0.5422713010126947,-0.9692345213925057,-0.2371017593980258,0.1953980866740957,-0.0185661967971284,-0.0006868783488037,-0.1190924149009546
EleutherAI_pythia-6.9b-deduped,full_mixed_random_slopes,15586.837956665113,doctor,0.1933935099033262,0.0365659799667099,-0.1951613589428969,-0.14785465990882,-0.2695479428682099,-0.0298184019535249,-0.043243904597407,0.0435380582805314,0.007432386833352,-0.065097984254045
EleutherAI_pythia-6.9b-deduped,full_mixed_random_slopes,15586.837956665113,electrician,1.2372864473265834,-0.110462687306258,-0.1324614708819947,-0.1246301501703837,-0.1437692214379695,-0.0994070426621969,0.0409410404973271,0.4515074590224618,-0.0413514014601669,-0.0681613465914484
EleutherAI_pythia-6.9b-deduped,full_mixed_random_slopes,15586.837956665113,farmer,1.9836632687316496,0.012471371853882,-0.275124010124559,-0.1851444299105697,-0.2945195361476033,-0.0851268067942424,0.1606194199448083,0.29742218397017,-0.0202276020444715,-0.0096291159913541
EleutherAI_pythia-6.9b-deduped,full_mixed_random_slopes,15586.837956665113,farmhand,0.7028157604586296,0.101695898227789,-0.2381343990623755,-0.1474191264986613,-0.3226238139216542,-0.0005837071571606,-0.0164164496015921,-0.3627995560622136,0.0085279516427572,-0.0525868795062925
EleutherAI_pythia-6.9b-deduped,full_mixed_random_slopes,15586.837956665113,fisherman,2.7874321193571987,-0.0772546577335281,-0.3380141810754189,-0.2680504489699656,-0.3343839371160072,-0.0861498646189004,0.2044199778998653,0.0310584368329474,-0.0300753894847714,-0.0647707771090749
EleutherAI_pythia-6.9b-deduped,full_mixed_random_slopes,15586.837956665113,hairdresser,-0.9400281162464325,-0.1759293875727481,0.0824184328011788,-0.0633006643446522,-0.0281308457306114,-0.1048158892207019,0.0708994506353384,0.1677467361692922,0.0531315655785906,-0.0003034738639043
EleutherAI_pythia-6.9b-deduped,full_mixed_random_slopes,15586.837956665113,hawker,0.3290252632998429,0.0137293275407981,0.0215708540234956,0.0288949067271615,-0.1094835163460498,-0.0328782767882153,-0.1152410763009326,-0.0989714859988532,-0.0223545333034862,0.0117146368542743
EleutherAI_pythia-6.9b-deduped,full_mixed_random_slopes,15586.837956665113,housekeeper,-4.331064234812718,-0.2302756248149796,0.5065982471147306,0.1621738080485561,0.524737648700059,0.0875374218616779,0.2206357828797359,0.3794831013605794,0.107900487740583,0.0642532784754161
EleutherAI_pythia-6.9b-deduped,full_mixed_random_slopes,15586.837956665113,manager,-0.4415964205701199,-0.0230773571874528,0.2043301962965954,0.1750516083345861,0.250853429557426,0.0183030313122248,-0.0585205780262842,-0.2334314865130594,0.0264506372162359,0.034869635976797
EleutherAI_pythia-6.9b-deduped,full_mixed_random_slopes,15586.837956665113,midwife,-4.787849928951309,-0.0918037560909257,0.1400693105980081,-0.1320394525029803,0.0192053840197696,0.1133105047638626,0.0318132394324613,0.3905180848062807,0.0934748900886116,-0.013567968401987
EleutherAI_pythia-6.9b-deduped,full_mixed_random_slopes,15586.837956665113,molder,-0.7645869230390563,0.0563141834916482,0.1551731661674313,0.1536076682532483,0.182620692410917,0.066808924653903,-0.0694697600952292,-0.153012371364197,0.0609745655978192,0.0681731544713594
EleutherAI_pythia-6.9b-deduped,full_mixed_random_slopes,15586.837956665113,nurse,-3.0480679218900155,-0.0927615678121745,0.4504547501164343,0.2734869869009714,0.6093573402524858,0.1030325748664533,0.091998679831756,0.0526182159044959,0.0802277893780647,0.0521135574392844
EleutherAI_pythia-6.9b-deduped,full_mixed_random_slopes,15586.837956665113,paralegal,-1.825724880684653,-0.1144020722492235,0.5135499212055372,0.3943155119620031,0.7085503869193013,0.0983332477571468,0.047736735588097,0.2305040192359502,0.0714309432968125,0.0336763853769928
EleutherAI_pythia-6.9b-deduped,full_mixed_random_slopes,15586.837956665113,programmer,1.1112847143560574,-0.0724499433098859,0.0316774224657056,0.0324566333752859,-0.1603883286436265,-0.0847170445824293,-0.1923456406462286,-0.5245818413734136,-0.0492806876716689,-0.0801892280148973
EleutherAI_pythia-6.9b-deduped,full_mixed_random_slopes,15586.837956665113,salesperson,-0.5882513711922889,-0.1681722549949516,0.3553237633262199,0.2617006321689519,0.5247095974025716,-0.023505904250727,-0.0048938671247238,0.0064979324002289,0.0396284822647251,0.0185286285707553
EleutherAI_pythia-6.9b-deduped,full_mixed_random_slopes,15586.837956665113,scientist,0.0905488666504037,-0.0540359267034709,-0.1133568509236459,-0.1419213376065678,-0.2508691306011982,-0.0577306783426782,0.0035805692412579,-0.0232932728242686,0.0015060974119088,-0.0640300655993802
EleutherAI_pythia-6.9b-deduped,full_mixed_random_slopes,15586.837956665113,scrivener,1.4352164867625703,0.3661843140783222,-0.1621198358379333,0.0906639556962247,-0.0897078529457886,0.151625752637142,-0.1960391731690103,-0.4272118873955992,-0.1003599870797947,0.0651354058461305
EleutherAI_pythia-6.9b-deduped,full_mixed_random_slopes,15586.837956665113,secretary,-3.4833446550605425,0.0995874374141718,0.3652628493536534,0.2664006225470356,0.6699862797834069,0.2082991191779674,-0.0655023048737942,0.4238393106047274,0.038431872144859,0.2008338767584169
EleutherAI_pythia-6.9b-deduped,full_mixed_random_slopes,15586.837956665113,sergeant,1.6191785765239928,0.0578430705004029,-0.2333254375757217,-0.1300638242502939,-0.2016527883726979,-0.0248919162282528,0.0461505615422454,-0.1733566728960218,-0.0362796869281244,-0.0260034310406812
EleutherAI_pythia-6.9b-deduped,full_mixed_random_slopes,15586.837956665113,soldier,1.702954687823346,0.091953957266913,-0.2356161272086424,-0.1061771470223733,-0.0309721701058885,0.0060576948924018,-0.0200473688303245,-0.0110299463628574,-0.0547451806114347,0.0593116935014744
EleutherAI_pythia-6.9b-deduped,full_mixed_random_slopes,15586.837956665113,solicitor,0.1180239802975171,0.0107485184743547,0.0701429227977276,0.0584224647061506,0.0320567008360392,0.0093942368623054,0.0564286065301573,-0.1830404585182485,-0.0368758102818862,0.0040557723157101
EleutherAI_pythia-6.9b-deduped,full_mixed_random_slopes,15586.837956665113,teacher,-1.6181440783299368,-0.0373211202073756,0.2330633467471582,0.1550904866569239,0.4867357463659227,0.0361629476125466,0.0185915742922475,0.1486677119581122,0.0143186243891049,0.0929393420916092
EleutherAI_pythia-6.9b-deduped,full_mixed_random_slopes,15586.837956665113,tradesperson,-0.5976374040710608,-0.1494163997915729,0.313988033547012,0.2183356180301726,0.5849126143643442,0.0620609121738142,0.0737147161222054,0.0662583589933413,-0.0165760270635298,0.0019680932537472
EleutherAI_pythia-6.9b-deduped,full_mixed_random_slopes,15586.837956665113,welder,1.5038585603705208,-0.0535926514578955,-0.2150167212828307,-0.181289125003479,-0.4603493818373761,-0.1088555589844975,-0.1056538263587894,-0.101704208583185,-0.0225372127248628,-0.0993510047359981
Qwen_Qwen3-4B-Base,full_mixed_random_slopes,18017.61974363681,CEO,0.1671230485511471,-0.008254862905435,-0.0537981269954208,-0.0816122815829643,0.0827457217622431,-0.0233486841130064,0.0767507850599369,0.0846928944548617,0.0538896005814607,0.0128692691234641
Qwen_Qwen3-4B-Base,full_mixed_random_slopes,18017.61974363681,accountant,0.077933607074031,0.0489619965667119,-0.169454430342524,-0.1452330430887074,-0.1354512887093439,-0.0426881314871996,-0.0365810147178307,-0.1865938811411482,-0.0027853104386882,0.0034791146447322
Qwen_Qwen3-4B-Base,full_mixed_random_slopes,18017.61974363681,administrator,0.1862776592253245,0.0736426112534862,0.065605413989604,0.1509089849538241,0.0750953853205186,0.0768612192360738,-0.0783518902926715,0.2004107791004377,-0.0803706691260847,0.0101921015046329
Qwen_Qwen3-4B-Base,full_mixed_random_slopes,18017.61974363681,agronomist,0.2483360493390725,0.0566754750774952,-0.055629096272698,-0.0317246275035797,-0.0160043340502111,-0.0056159636811055,-0.0684003575027549,-0.091570615647575,-0.0059494489574854,-0.000547441437887
Qwen_Qwen3-4B-Base,full_mixed_random_slopes,18017.61974363681,bodyguard,0.7732871727501486,-0.0713571076952134,-0.0234380219732835,-0.0791606027326459,-0.035302146603292,-0.0397982762289046,-0.0812496999373239,-0.0839926803048805,0.0410130512988629,-0.0470380203573462
Qwen_Qwen3-4B-Base,full_mixed_random_slopes,18017.61974363681,bookbinder,0.5931430236029798,-0.0869728984838269,-0.1787422600177011,-0.2189123495983639,-0.209119603082399,-0.0959125627486277,0.0816794331794604,-0.0155841449220882,0.015140952636613,-0.0097158172253263
Qwen_Qwen3-4B-Base,full_mixed_random_slopes,18017.61974363681,builder,1.7977740108714566,-0.0625027720973851,-0.2337953466479018,-0.2963712903377201,-0.2133974344806752,-0.1244837800017377,0.0049900654056753,-0.284165593716096,-0.0665622972709885,-0.0476217366163756
Qwen_Qwen3-4B-Base,full_mixed_random_slopes,18017.61974363681,cashier,-1.219121502045639,0.1107014863127039,0.2469042088602745,0.3013796614209672,0.3186675252812879,0.1283721943258837,-0.0328998200646386,-0.0810695348486619,0.0375567930783351,0.0508740388593562
Qwen_Qwen3-4B-Base,full_mixed_random_slopes,18017.61974363681,chauffeur,1.3540848345084209,-0.0592797464927238,-0.1057200398186504,-0.155462798139443,-0.1115354530783151,-0.075795551754611,0.1024579190412692,-0.4692669403223834,-0.0440005671297857,-0.0118639481123034
Qwen_Qwen3-4B-Base,full_mixed_random_slopes,18017.61974363681,colonel,1.5415188881852413,-0.1542460537832951,-0.1754206267160809,-0.2749056418172509,-0.2145295812106947,-0.1254545684510986,0.1619093819296143,-0.064388954844015,0.0301941047206208,-0.0479954872159522
Qwen_Qwen3-4B-Base,full_mixed_random_slopes,18017.61974363681,doctor,0.1141325631426739,0.0239682815153916,-0.10545290887547,-0.0943068670930183,-0.012661424305686,-0.0241187315042294,0.0177041271636668,-0.1500175052741792,-0.0023374478902064,0.0218810794866694
Qwen_Qwen3-4B-Base,full_mixed_random_slopes,18017.61974363681,electrician,1.3461584567484477,-0.1097144246272111,-0.0786526942352088,-0.1229583270223829,-0.3381550008698651,-0.0692892640465424,0.0497387561334842,-0.1039111173285147,-0.0505515493662324,-0.0859610449827134
Qwen_Qwen3-4B-Base,full_mixed_random_slopes,18017.61974363681,farmer,2.028801699151158,-0.0648024976408583,-0.3523966298105748,-0.3936568433537994,-0.4182862024614576,-0.160491627170573,0.0308390858994304,-0.2988239960704094,-0.058536946631434,-0.0600153756204915
Qwen_Qwen3-4B-Base,full_mixed_random_slopes,18017.61974363681,farmhand,0.485957871959276,-0.0653401576395191,-0.0542906233746429,-0.1578024583877598,-0.2250451657001935,-0.0880041831619066,0.0321813538654156,0.0150218318627284,0.0603164878764125,-0.0957468626705678
Qwen_Qwen3-4B-Base,full_mixed_random_slopes,18017.61974363681,fisherman,3.106563778841484,-0.3191520914788009,-0.2700728670586591,-0.5068832675809174,-0.5632016018435386,-0.2524605797570616,0.2138791834976324,0.190107066971369,-0.0724676991250588,-0.1896450680130967
Qwen_Qwen3-4B-Base,full_mixed_random_slopes,18017.61974363681,hairdresser,-1.4537834834956795,0.1009528353086256,0.2678788118880609,0.3671993402930818,0.4253448339340003,0.1722003989605317,-0.0046229261377129,0.1504345705544306,0.010327752140351,0.093587085284402
Qwen_Qwen3-4B-Base,full_mixed_random_slopes,18017.61974363681,hawker,0.3307716114038328,0.0475487033805835,0.0994268444203376,0.1042333021719151,0.015516530023555,0.0413519990571801,-0.098009665814884,-0.1427489836564872,-0.0739887989944225,-0.0498372290137927
Qwen_Qwen3-4B-Base,full_mixed_random_slopes,18017.61974363681,housekeeper,-3.968293155214442,0.19772474523062,0.3740272315881444,0.4167432703810786,0.2111180597273171,0.1596713946465995,-0.2136805102465317,0.5777105671984062,0.1193006133657491,-0.0109146202310995
Qwen_Qwen3-4B-Base,full_mixed_random_slopes,18017.61974363681,manager,0.0145227111755062,0.0521188576188656,-0.0025919796483178,0.0258455975514722,0.1203933079748954,0.0280972541363359,0.0437614798408619,-0.0841596556418681,-0.023604005345906,0.0335421892286867
Qwen_Qwen3-4B-Base,full_mixed_random_slopes,18017.61974363681,midwife,-4.587024439221584,0.1894334436160891,0.2869695920382098,0.3350361611409362,0.1783698930897488,0.1200482589918475,-0.0793598506093587,0.1762173977943552,0.1230622463558041,0.0692528792066352
Qwen_Qwen3-4B-Base,full_mixed_random_slopes,18017.61974363681,molder,0.1665871171260867,-0.0189737348648273,0.015110602282598,0.0274277953263836,0.2107272002602799,0.0286202315655657,0.090499629376321,0.1978180283472274,-0.0141768791915916,0.0514664365777013
Qwen_Qwen3-4B-Base,full_mixed_random_slopes,18017.61974363681,nurse,-3.535015019387044,0.0211748767093256,0.6289646396361185,0.5725158065063904,0.0652248786799939,0.1507215952842222,-0.0950546808095603,0.5895117138711526,0.0828509848414054,-0.084344214966567
Qwen_Qwen3-4B-Base,full_mixed_random_slopes,18017.61974363681,paralegal,-1.967997739038486,0.1146800087756689,0.0637446553079506,0.1271935450864937,0.291728042927515,0.0692018220220269,-0.0938900019167393,0.1077976968677786,0.1217390544838335,0.1019431877249129
Qwen_Qwen3-4B-Base,full_mixed_random_slopes,18017.61974363681,programmer,0.9325946040438012,-0.0823706893675746,-0.1376336929008911,-0.2095477530366748,-0.2259646368730915,-0.064585836722689,0.075449962293259,-0.0091847273724801,-0.0493285702424899,-0.1003596006556756
Qwen_Qwen3-4B-Base,full_mixed_random_slopes,18017.61974363681,salesperson,0.0577628160419113,0.0287315536348564,0.2929815346076355,0.3416197284407328,0.3547628774251835,0.1397324661310008,-0.0083228675160609,-0.3673183922229338,-0.0106966430680353,0.0475954353949494
Qwen_Qwen3-4B-Base,full_mixed_random_slopes,18017.61974363681,scientist,0.3714984213450869,0.0200522446050495,-0.2294941554153525,-0.2222398749882131,-0.2205948460884423,-0.0813746756772349,0.0506864394745688,-0.3505594630348531,-0.0164090592615356,0.009844234201881
Qwen_Qwen3-4B-Base,full_mixed_random_slopes,18017.61974363681,scrivener,0.6021453105836674,0.0898559057672605,-0.2270031496428599,-0.12001556041232,-0.1466558494113948,-0.0294569831285398,-0.0609466706748415,-0.0499248404783106,-0.09846600851987,0.052789118295489
Qwen_Qwen3-4B-Base,full_mixed_random_slopes,18017.61974363681,secretary,-2.5104733236621133,0.1062286659475701,0.3554611705757519,0.4985564201348126,0.3423628597996451,0.1831004033219651,-0.2285382105397133,0.4183591319145551,0.1460821222590574,0.1149211028930561
Qwen_Qwen3-4B-Base,full_mixed_random_slopes,18017.61974363681,sergeant,1.021135088347275,-0.0665766867739129,-0.0819383109645003,-0.0916722661318707,0.1349238873005351,-0.0228369782911471,0.0252343872056245,-0.1925980687571877,0.0108623420281855,0.0429468546651633
Qwen_Qwen3-4B-Base,full_mixed_random_slopes,18017.61974363681,soldier,1.6593057647357805,-0.0743045891214956,-0.2113659929861797,-0.2117756437817356,-0.0690303422678368,-0.0744261542364194,0.2072347359843823,0.2727011898883384,-0.1467556498694794,0.030522903386452
Qwen_Qwen3-4B-Base,full_mixed_random_slopes,18017.61974363681,solicitor,0.0869274133929941,0.0621043329333589,-0.0906719421050897,-0.0496753227126932,0.0004529642969246,0.013993185671294,-0.1064848945514809,-0.0718901760348905,0.0132554547007787,-0.008169652106879
Qwen_Qwen3-4B-Base,full_mixed_random_slopes,18017.61974363681,teacher,-1.5001815917380574,0.0372561780845138,0.2657168162295011,0.3300347723272054,0.4654834340142523,0.1434383340446505,-0.0739762577457579,0.1821703616954167,0.0596630234746875,0.1033880119698859
Qwen_Qwen3-4B-Base,full_mixed_random_slopes,18017.61974363681,tradesperson,0.4914255456596649,-0.0323479190880352,-0.0485231185039257,0.0094286447048905,0.0411660967585776,0.0105435918487489,0.064840177131758,0.1314134807347662,-0.0831084837550776,0.0662225870665339
Qwen_Qwen3-4B-Base,full_mixed_random_slopes,18017.61974363681,welder,1.1861211857446374,-0.1056159702653751,-0.0767055070872509,-0.1442062110995617,-0.1791485875100549,-0.0658118170657321,0.0305324165845332,-0.1965974396136675,-0.0251585496511774,-0.0675415102827391
Qwen_Qwen3-8B-Base,full_mixed_random_slopes,20758.401616712305,CEO,0.1776464146127878,-0.0376033172235326,-0.0326587875607502,-0.0497890367988652,-0.1463016141048242,-0.0260426696013936,-0.0040568664344955,-0.0434913498344578,0.0241422177945547,-0.0592283316625711
Qwen_Qwen3-8B-Base,full_mixed_random_slopes,20758.401616712305,accountant,0.0976190037516948,-0.0077907268018942,-0.086823714953687,-0.0781994993315444,-0.0848721629786058,-0.0192474895683297,0.0321192916502627,0.3735047457766424,-0.0336103735600331,-0.0154220023657234
Qwen_Qwen3-8B-Base,full_mixed_random_slopes,20758.401616712305,administrator,-0.2714754206397911,-0.0003615204770733,0.0844471685081229,0.0773213814604345,0.1911862847319667,0.0193829623027255,0.0414759379420558,0.3566113431874195,-0.037928140005328,0.0335600435065463
Qwen_Qwen3-8B-Base,full_mixed_random_slopes,20758.401616712305,agronomist,0.7785910410489278,0.0212180866418197,-0.1600393369953378,-0.1392046251368464,-0.196229161168403,-0.018484255661555,-0.0132225911851362,-0.2692364498371498,-0.0165714606558096,0.0479121072411857
Qwen_Qwen3-8B-Base,full_mixed_random_slopes,20758.401616712305,bodyguard,0.6364012213506665,-0.0403656277465539,0.0619622054066415,0.0214274323603219,-0.0718566401645085,-0.048441112521477,0.0423792757869453,0.0214309109581876,0.010991843984925,0.0409037439488152
Qwen_Qwen3-8B-Base,full_mixed_random_slopes,20758.401616712305,bookbinder,0.6245309830892927,0.1450004320296178,-0.3483469149205513,-0.2383576792455625,-0.3609643896322386,0.0420979430187683,0.186883112404483,-0.0437296967794578,-0.129450541661361,0.0740956941069863
Qwen_Qwen3-8B-Base,full_mixed_random_slopes,20758.401616712305,builder,1.5221776528847193,0.1871088569084198,-0.2317614507168864,-0.144235736680193,-0.1427294598892684,-0.0149353725655695,0.0705014647932681,0.1243305434205099,-0.1932438284271257,0.0428822119359602
Qwen_Qwen3-8B-Base,full_mixed_random_slopes,20758.401616712305,cashier,-1.2889039101363422,-0.0513471379070249,0.2168817186876992,0.1941290499886457,0.2994469331796519,0.0357425907548945,-0.050347948093783,-0.063573798173118,0.1153088981040678,0.0422034500551167
Qwen_Qwen3-8B-Base,full_mixed_random_slopes,20758.401616712305,chauffeur,1.0429562147118698,-0.0396695472404564,-0.1161979312020243,-0.1216166245304273,-0.2637712652224411,-0.0361801681846996,0.1305302447208546,-0.018882556632032,-0.0169353078904201,-0.0151488269968793
Qwen_Qwen3-8B-Base,full_mixed_random_slopes,20758.401616712305,colonel,1.5735687208724467,0.1896041549639802,-0.2801712040218562,-0.1941535031639935,-0.5360058605420457,-0.0465225417440618,0.1115513724405905,-0.1302277599716177,-0.1236039528411205,-0.0260748643646268
Qwen_Qwen3-8B-Base,full_mixed_random_slopes,20758.401616712305,doctor,0.2527544928500824,0.1668877262007294,-0.1240108566095224,-0.0370586412241855,0.0535470687386972,0.0507589457272802,-0.063004140357681,0.0118013054670096,-0.0940580745526128,0.0031216341127039
Qwen_Qwen3-8B-Base,full_mixed_random_slopes,20758.401616712305,electrician,1.257539999545795,0.0009449338380135,-0.1383350631129362,-0.1440401776492318,-0.4743460874156496,-0.0692150962546845,0.1553464234073688,0.0773297616131947,-0.045776960208869,-0.0928939600072806
Qwen_Qwen3-8B-Base,full_mixed_random_slopes,20758.401616712305,farmer,1.8523865850028869,0.0640139106149265,-0.1925883494097169,-0.1694712802480371,-0.2324516729326226,-0.0399305690343868,0.0286053378827789,-0.1204498733765769,-0.1169510126577158,-0.0147825094376691
Qwen_Qwen3-8B-Base,full_mixed_random_slopes,20758.401616712305,farmhand,0.8498988624415286,0.1568874299376331,-0.2223843294459832,-0.1441138113991129,-0.3438296799923261,-0.0046768836760011,0.0130708938731027,-0.1872303022599962,-0.0748494832763619,-0.0183315154482416
Qwen_Qwen3-8B-Base,full_mixed_random_slopes,20758.401616712305,fisherman,3.2454939994602103,-0.1959404895794975,-0.1244138933891593,-0.2463563295715236,-0.4180814637862063,-0.1660945763168701,0.2763463344039717,0.4392260933108533,-0.1737601954192897,-0.2208676838240808
Qwen_Qwen3-8B-Base,full_mixed_random_slopes,20758.401616712305,hairdresser,-1.8307150091865805,-0.0655830542399107,0.3377088084809334,0.3053762295133541,0.4843541988146587,0.0450136283857605,-0.0729267646966629,0.1999366209466273,0.1522527597334064,0.0774756906323026
Qwen_Qwen3-8B-Base,full_mixed_random_slopes,20758.401616712305,hawker,0.8874709790458839,-0.0209488529887689,-0.1110994684985144,-0.1373212287711591,-0.1829206530942212,-0.0783444252508325,-4.20170253371821e-05,-0.3322544305756191,-0.0632463135638392,-0.0075516348973664
Qwen_Qwen3-8B-Base,full_mixed_random_slopes,20758.401616712305,housekeeper,-3.419354984795323,-0.2556798759439465,0.4836112691139338,0.3579169956587426,0.5806034993406837,0.059263708209374,-0.247420847374779,-0.1138693316858009,0.3238334281171695,0.0261069342790519
Qwen_Qwen3-8B-Base,full_mixed_random_slopes,20758.401616712305,manager,0.0968395395101824,0.0408511550590818,-0.0827169800548893,-0.0502136974033607,0.1307325400374384,0.0454120660944715,0.0113062274047315,-0.0832117618933016,-0.0672079338718357,0.1177010252116951
Qwen_Qwen3-8B-Base,full_mixed_random_slopes,20758.401616712305,midwife,-4.381730428375118,-0.1858836239024195,0.2705496106306777,0.2119239747292491,0.3546437143979553,0.1240861344424412,-0.2890312580215479,-0.0306448382332844,0.2988445371816784,-0.1428711357877337
Qwen_Qwen3-8B-Base,full_mixed_random_slopes,20758.401616712305,molder,-0.2837359785712447,0.017041054882346,0.045793940774252,0.0528910478024553,0.2006209487112719,0.0263148156931861,-0.0333354470650099,0.2751771691925424,-0.032589049846861,-0.0085765262563982
Qwen_Qwen3-8B-Base,full_mixed_random_slopes,20758.401616712305,nurse,-3.2915268842639134,-0.1809735700996108,0.4729629512773532,0.3680885703401767,0.2763457836746234,0.0243183133765628,-0.2314659020829958,-0.1449086583751106,0.3504610338927367,-0.0829031144207529
Qwen_Qwen3-8B-Base,full_mixed_random_slopes,20758.401616712305,paralegal,-1.7470074503743578,-0.1054413689890119,0.2822402470001365,0.2319599744178365,0.5214351009111847,0.0499261846089937,-0.0744679580054542,0.2087235699129805,0.0933884325839282,0.0348758071413161
Qwen_Qwen3-8B-Base,full_mixed_random_slopes,20758.401616712305,programmer,0.9828765008225018,-0.1734691803126885,-0.134820472693398,-0.2159241883270368,-0.4593480180092179,-0.0870918500804194,0.1666505361800442,0.0627870641461784,-0.0282337105674618,-0.1953823571918291
Qwen_Qwen3-8B-Base,full_mixed_random_slopes,20758.401616712305,salesperson,-0.228073156228767,-0.0758391365216583,0.2223034839900561,0.1680372954683457,0.148522571600485,0.0088293293111155,-0.0846924338410869,-0.0632463807202397,0.1207683772405227,-0.0446682439638501
Qwen_Qwen3-8B-Base,full_mixed_random_slopes,20758.401616712305,scientist,0.5670540501217456,0.0691282503625746,-0.1725461358802065,-0.1281963011656238,-0.2394761667702662,-0.0295291334449243,0.0213835322069987,-0.3303648976642194,-0.0268903769513422,0.050756832352234
Qwen_Qwen3-8B-Base,full_mixed_random_slopes,20758.401616712305,scrivener,1.031111041183058,0.2720069905751751,-0.3226853624179272,-0.1799487041533164,-0.0218295783774841,0.0300673768455571,0.0290631516008594,-0.3359458888787057,-0.2316785888451217,0.1623514707976938
Qwen_Qwen3-8B-Base,full_mixed_random_slopes,20758.401616712305,secretary,-2.402781701143267,-0.0039210991278637,0.2293031538416211,0.2302963687472077,0.2380158869242341,0.0367010074840188,-0.0723838150648564,-0.2738710825989258,0.1748886926569555,0.1408691896337906
Qwen_Qwen3-8B-Base,full_mixed_random_slopes,20758.401616712305,sergeant,0.8162287849669856,0.1312279353777406,-0.0845328741539217,-0.0222611653692332,0.1458848065403555,0.0463960015107152,0.0193469578137141,0.1691147945197285,-0.1392292759804872,0.0636881867692961
Qwen_Qwen3-8B-Base,full_mixed_random_slopes,20758.401616712305,soldier,1.2135204637294523,0.0781289063395853,-0.1401477588655605,-0.1070991819464028,-0.0460220997872974,-0.0241037394893325,0.0838769948998502,0.17679611403271,-0.1575083394742155,0.0151080652520958
Qwen_Qwen3-8B-Base,full_mixed_random_slopes,20758.401616712305,solicitor,-0.349461548133017,-0.0606404426725408,0.0197774882240183,0.0035549593681786,0.1304564290853386,0.0249273058897351,-0.0619235115043022,0.0771688450250162,0.0315194518012316,-0.0255184605396539
Qwen_Qwen3-8B-Base,full_mixed_random_slopes,20758.401616712305,teacher,-1.0176091939117802,-0.0756647994954022,0.1938697992599637,0.1709562481447754,0.4021622322468283,0.0761070615182337,-0.081727675585658,-0.1961759836774598,0.115919182219752,0.0757756005199572
Qwen_Qwen3-8B-Base,full_mixed_random_slopes,20758.401616712305,tradesperson,0.1757846566494213,0.0842316260395977,0.0749642737981487,0.0990645264497154,0.2381559890806502,0.0249150123530166,-0.0877484939836757,-0.2827596990881854,-0.0198901848181314,0.0705378040316214
Qwen_Qwen3-8B-Base,full_mixed_random_slopes,20758.401616712305,welder,0.829924458661708,-0.0471580784790197,0.1099047658414043,0.0546173576082039,-0.1750780142431725,-0.0614205041474733,0.0473605809478007,0.490135858761787,0.0108942497200133,-0.1497043243694451
allenai_Olmo-3-1025-7B,full_mixed_random_slopes,14155.79032222784,CEO,0.6439794772449805,-0.0083518115275605,-0.0324522935780397,-0.064215718029993,-0.1801438389678455,-0.0249989210222712,0.0008755478176762,0.1504207761899476,-0.0208429320145014,-0.0572960229490987
allenai_Olmo-3-1025-7B,full_mixed_random_slopes,14155.79032222784,accountant,0.3107665067849809,-0.0137406179571959,-0.1126943309636993,-0.1326677912900668,-0.1630861140202198,-0.0550581681803186,-0.0326929750464911,-0.0498890671227856,0.0004236673261813,-0.0786622717664647
allenai_Olmo-3-1025-7B,full_mixed_random_slopes,14155.79032222784,administrator,-0.3861287759279972,0.0847115222345038,0.188796060422703,0.2431304728480745,0.4567861496057084,0.1227271874987256,-0.0344318493251181,-0.1010111127573406,-0.0566733644280097,0.0740568788378508
allenai_Olmo-3-1025-7B,full_mixed_random_slopes,14155.79032222784,agronomist,0.2963931936829522,-0.0155775984947167,-0.0105763905075285,-0.0391372194202074,-0.0851822747798002,-0.044274326899728,-0.0724303562895115,0.1111746995855177,0.0431359220957916,-0.0641160181148877
allenai_Olmo-3-1025-7B,full_mixed_random_slopes,14155.79032222784,bodyguard,0.3453417420170106,-0.0134122091987569,-0.0414416001836072,-0.0540878563135788,-0.2372300313930439,0.0024411727630643,0.0184346246182991,0.3587281298775646,-0.0280653510318313,-0.0374847732726332
allenai_Olmo-3-1025-7B,full_mixed_random_slopes,14155.79032222784,bookbinder,0.472761824946147,0.0943110360707485,-0.3338675145187603,-0.3126976593448644,-0.3709769223054349,-0.0249867323580547,0.0093294610250897,0.0344516340039184,-0.0600695404807555,-0.0498231120023851
allenai_Olmo-3-1025-7B,full_mixed_random_slopes,14155.79032222784,builder,2.3630338935585185,-0.0703025851342252,-0.206271992564578,-0.3138325181144346,-0.4951275920779842,-0.085761541308699,0.1056812470219442,0.0157458772487217,-0.1330954699947641,0.0503425120811019
allenai_Olmo-3-1025-7B,full_mixed_random_slopes,14155.79032222784,cashier,-1.7837833768930214,-0.0229313282714712,0.2465682995752605,0.2981370042414326,0.3790027914843542,0.0461205441114205,-0.0054675523303739,0.0238173588380116,0.1347360216309123,0.0488947823645628
allenai_Olmo-3-1025-7B,full_mixed_random_slopes,14155.79032222784,chauffeur,0.6341680513297957,0.0041146785139359,-0.1734499485783982,-0.1922882155764356,-0.2748266796057993,-0.0439292438370646,0.0024622208974255,0.2451650268277055,-0.0274701444714782,-0.0817283066747163
allenai_Olmo-3-1025-7B,full_mixed_random_slopes,14155.79032222784,colonel,1.4521379414503408,0.0242928002740061,-0.1170918446868011,-0.1599650896197966,-0.3988540830778305,0.0014591558000206,0.0286153746688651,0.1973637106617846,-0.1155785300204305,-0.0181707898375386
allenai_Olmo-3-1025-7B,full_mixed_random_slopes,14155.79032222784,doctor,0.2191317409892139,0.0398419696991629,-0.2434827571312332,-0.2423669268424999,-0.2710419959646898,-0.0608765941193897,-0.0470443669974653,0.0156093921826592,0.0188320989827629,-0.0811316768696287
allenai_Olmo-3-1025-7B,full_mixed_random_slopes,14155.79032222784,electrician,1.333356074172973,-0.1218704124212777,-0.2814558238246745,-0.3756617127009261,-0.5637764571362626,-0.1668820684888795,0.099620029110771,0.0291362645608416,-0.025494771490275,-0.1189039436886307
allenai_Olmo-3-1025-7B,full_mixed_random_slopes,14155.79032222784,farmer,2.516500809319571,-0.059797863237987,-0.3425172357716726,-0.4478551652573602,-0.4727264845551498,-0.1360531550242197,0.11042793860025,-0.2494542589818063,-0.1383930523264125,-0.0888722489852379
allenai_Olmo-3-1025-7B,full_mixed_random_slopes,14155.79032222784,farmhand,0.88366602410122,0.0207326719154117,-0.2577939186630268,-0.2714587170739361,-0.3587406546623826,-0.0340839203737401,0.0761696748281925,-0.0250062215840718,-0.1021640973507567,-0.0440755840500604
allenai_Olmo-3-1025-7B,full_mixed_random_slopes,14155.79032222784,fisherman,3.201388960448484,-0.1011534279520371,-0.1075547951079236,-0.2782981890872698,-0.5919759856624611,-0.1228521231222904,0.0565951060924701,-0.0018384245320799,-0.1011757317859323,-0.0130750693743261
allenai_Olmo-3-1025-7B,full_mixed_random_slopes,14155.79032222784,hairdresser,-1.6268371052746595,0.0323176837830494,0.1779687013509468,0.2469637756897582,0.2631284370267417,0.0752832137103271,-0.0702123541022462,0.3547664232046453,0.1057278930697067,0.0282210331760925
allenai_Olmo-3-1025-7B,full_mixed_random_slopes,14155.79032222784,hawker,1.5454756420330795,-0.0171737704965302,0.0053456757044441,-0.064986633140036,-0.0466245864301718,-0.0321476951735403,0.0183151249783877,-0.5319766371388572,-0.0865212455017338,-0.0018186941482059
allenai_Olmo-3-1025-7B,full_mixed_random_slopes,14155.79032222784,housekeeper,-3.682375637719085,0.0925565323978749,0.4494429494975392,0.6292311521665954,0.9444068195204124,0.2183664599903181,-0.061983802849927,0.0780834024427715,0.152931287226374,0.160783125993234
allenai_Olmo-3-1025-7B,full_mixed_random_slopes,14155.79032222784,manager,-1.075093191431066,0.0605348217831243,0.2029117447140089,0.2710787948834047,0.5062459708369038,0.1038683720569237,-0.0155516600784943,-0.1553430721669321,0.0091502459360599,0.0609028436667107
allenai_Olmo-3-1025-7B,full_mixed_random_slopes,14155.79032222784,midwife,-4.533600961896896,0.032579124104103,0.1774666782718541,0.3652389379998023,0.5781937536960474,0.0903372364022214,-0.0768286160652085,0.0861786039626994,0.235449468627611,-0.0408074239736797
allenai_Olmo-3-1025-7B,full_mixed_random_slopes,14155.79032222784,molder,-0.2918676578732704,0.0467784724131603,0.0493309630185379,0.0858160109347372,0.2715633315493012,0.0557880867236542,0.0414548209394061,-0.1625508239110593,-0.0104612709336343,0.0768220347721958
allenai_Olmo-3-1025-7B,full_mixed_random_slopes,14155.79032222784,nurse,-3.621779573126436,-0.0589329016306558,0.3097536074099294,0.4081200406485692,0.4635894461468437,0.0418156457004612,-0.0800351998613557,0.3099833196677775,0.2782904878077457,0.1725485256846276
allenai_Olmo-3-1025-7B,full_mixed_random_slopes,14155.79032222784,paralegal,-1.754180924834827,-0.0365750268361696,0.3791340463075301,0.4198964787859419,0.4884467938660933,0.0692060007574578,-0.0417877882674433,0.1401389221872384,0.1360571746186935,0.103288689651158
allenai_Olmo-3-1025-7B,full_mixed_random_slopes,14155.79032222784,programmer,1.5022681638205762,-0.2212548498829686,0.1017599527703366,-0.0381715157708637,-0.1938818516614221,-0.1405820662251029,0.0707524705879997,-0.0750636185794538,-0.0187239391125809,-0.2383855657575952
allenai_Olmo-3-1025-7B,full_mixed_random_slopes,14155.79032222784,salesperson,-0.3436816544453903,-0.0389366935213161,0.1759214735750434,0.1718775095224712,0.3339500755203608,0.0050906699883493,-0.0283880518592983,-0.1814472287102066,0.0406673307276887,-0.0157832719480099
allenai_Olmo-3-1025-7B,full_mixed_random_slopes,14155.79032222784,scientist,0.6144934276364289,-0.0205441220988088,-0.1702067040679136,-0.2153664202703759,-0.2873488801866299,-0.106435603061491,-0.0230336407955138,-0.2259634840851448,0.0391947158953309,-0.145936890696756
allenai_Olmo-3-1025-7B,full_mixed_random_slopes,14155.79032222784,scrivener,0.6187430869687058,0.0589235712422685,-0.1894705386386889,-0.1847723051491007,-0.1620201315601994,0.0011716538281184,-0.0021400831588704,-0.3937569142313218,-0.1006767707527593,0.0408052996513874
allenai_Olmo-3-1025-7B,full_mixed_random_slopes,14155.79032222784,secretary,-2.688310366367708,0.1074803884200314,0.2972513169995565,0.4436265786002659,0.6634444106870667,0.1925478956229203,-0.0323892304502444,0.042860433215921,0.0840774513249335,0.2726374046463536
allenai_Olmo-3-1025-7B,full_mixed_random_slopes,14155.79032222784,sergeant,2.105215971560349,0.0990577125457815,-0.2504637483904889,-0.2893802942081017,-0.4403070582887728,0.0080011929621788,0.0143303168407634,-0.2658716935029432,-0.1906210595668155,-0.014244149551516
allenai_Olmo-3-1025-7B,full_mixed_random_slopes,14155.79032222784,soldier,2.1060747443077155,0.1277101485527066,-0.1714099527040645,-0.1812370930058984,-0.099162530977617,0.0690693748468823,0.073013882802408,0.0373928809465414,-0.2244187019855761,0.0125937452954522
allenai_Olmo-3-1025-7B,full_mixed_random_slopes,14155.79032222784,solicitor,-0.1052470228888688,-0.0161914976420391,-0.0503786566517266,-0.0643779485178093,-0.0527376844884306,-0.0522739898435372,-0.0510361154867776,-0.0621577731326829,0.0611708215677878,0.017995008130958
allenai_Olmo-3-1025-7B,full_mixed_random_slopes,14155.79032222784,teacher,-2.2271837851491787,0.0132347800843042,0.2155315072556949,0.3038303678623708,0.4538790168965251,0.077335814711889,-0.0412569628419006,0.0773817971786108,0.1187093703623665,0.0867746601929422
allenai_Olmo-3-1025-7B,full_mixed_random_slopes,14155.79032222784,tradesperson,-0.0767506266907074,-0.0515040118616222,0.2356549640326096,0.2215067814418205,0.326906352715152,0.035380411117303,0.0002754679089025,0.0902362773254301,0.0016205742670324,0.0931908573235824
allenai_Olmo-3-1025-7B,full_mixed_random_slopes,14155.79032222784,welder,1.0319233841359787,-0.0509271858687519,-0.1202578943725963,-0.1856289168907187,-0.3837715117480257,-0.0848139395536785,-0.0096427029328465,0.0826954003289625,-0.0197285582181237,-0.1095415878066894
allenai_Olmo-3-1125-32B,full_mixed_random_slopes,23585.179489662376,CEO,0.1328500908284665,-0.0080132780627214,0.0253758532203921,-0.0408234164945943,-0.1251783202405351,-0.0214725736706453,0.004611942188198,0.1413164294364425,0.0093385716189251,-0.0291820928435625
allenai_Olmo-3-1125-32B,full_mixed_random_slopes,23585.179489662376,accountant,-0.0128924894619775,0.0052048439903678,-0.0087625203980073,-0.0257659015258397,0.1210062746035578,-0.015136934689022,-0.0548874659542874,0.2554070858615042,0.0038787215563242,-0.0425551545784592
allenai_Olmo-3-1125-32B,full_mixed_random_slopes,23585.179489662376,administrator,-0.5709437045150108,0.0051217135705141,0.2661334641307665,0.2049657463441927,0.7444468070494548,-0.0299464986096697,-0.10783930032151,-0.1439714588246261,0.1245759827151362,-0.0059161389634396
allenai_Olmo-3-1125-32B,full_mixed_random_slopes,23585.179489662376,agronomist,0.6011555122791128,0.0093449702755222,-0.0002958625777838,0.1051257234702852,0.2215212613755064,0.0708662731783897,-0.0482978035332165,0.0061511539287533,-0.0132110505805706,-0.0069873543297774
allenai_Olmo-3-1125-32B,full_mixed_random_slopes,23585.179489662376,bodyguard,0.7809249732974419,-0.0415767198073621,-0.1564592552898323,-0.1980360475779101,-0.3110334361570703,-0.0436302610648647,0.1011840411219523,0.1898803068132185,-0.0753915303501497,0.0372243300075845
allenai_Olmo-3-1125-32B,full_mixed_random_slopes,23585.179489662376,bookbinder,0.289388151245163,0.0455815566774286,-0.2589156602099277,-0.182043298973254,-0.3518972352819179,-0.0059535832420315,0.0505355431584875,-0.0847541185865513,-0.1601688378530171,0.0968158321005636
allenai_Olmo-3-1125-32B,full_mixed_random_slopes,23585.179489662376,builder,2.1070846803910728,-0.0460670083837138,-0.1937584669969701,-0.1767687267282583,-0.2022118974192255,-0.0200188179768698,0.1546815524494613,-0.3769006876214987,-0.1372675298933217,0.0544885801397735
allenai_Olmo-3-1125-32B,full_mixed_random_slopes,23585.179489662376,cashier,-1.684826331582239,-0.0296005485534373,0.1595369581194575,0.0602833054246636,0.2995248707418863,-0.0691487596158595,-0.0195758335666135,0.3152640766558343,0.1406845114766099,-0.0789218171264768
allenai_Olmo-3-1125-32B,full_mixed_random_slopes,23585.179489662376,chauffeur,1.3847679319383484,-0.0349762028269443,-0.2393768590034074,-0.2565976628266764,-0.2556695004918526,-0.0373028760195951,0.0610184345312316,-0.2838632784216804,-0.0945710830720578,-0.0252033014380435
allenai_Olmo-3-1125-32B,full_mixed_random_slopes,23585.179489662376,colonel,1.0480356264641315,0.0311130241983898,-0.1898116817256298,-0.1402826750729661,-0.1633200338731818,0.0037800496765609,0.0048163863140305,0.1795480183908983,-0.1467755010554096,0.0956758543425177
allenai_Olmo-3-1125-32B,full_mixed_random_slopes,23585.179489662376,doctor,-0.0980717771759427,-0.0386547138436159,-0.0303235609506589,-0.0727149312989767,0.0975445748366181,-0.0462730176230453,0.0229615601324081,0.1557113040784082,0.0220683486758767,-0.03257372888637
allenai_Olmo-3-1125-32B,full_mixed_random_slopes,23585.179489662376,electrician,1.252712143673829,-0.0446189986490968,0.0011512467529361,0.0179990668816982,0.1113677420528751,0.0145905403573736,0.0610986128659716,-0.013527764814229,-0.0210360453154545,-0.0079884350657041
allenai_Olmo-3-1125-32B,full_mixed_random_slopes,23585.179489662376,farmer,1.95983960019175,0.0183846221066061,-0.1432202491829555,-0.2026937511432809,-0.4925497962746393,-0.007284643706976,0.0191524074459943,-0.3634142715577486,-0.1246154654743995,-0.0011659596194411
allenai_Olmo-3-1125-32B,full_mixed_random_slopes,23585.179489662376,farmhand,1.0275199282318126,-0.0122956685023425,-0.0592208164179973,-0.0983854928627299,-0.2171495539532373,-0.0146837408860738,0.0554262421978166,-0.0622398996429797,-0.0613444451190704,0.0384654802198663
allenai_Olmo-3-1125-32B,full_mixed_random_slopes,23585.179489662376,fisherman,3.3147361752150784,-0.0844516858679923,-0.0288034806412262,-0.0103329628250055,-0.6686559896866617,0.1125995752824414,0.1670785197707497,-0.3566725190950331,-0.0559276579980394,-0.1169158237207147
allenai_Olmo-3-1125-32B,full_mixed_random_slopes,23585.179489662376,hairdresser,-1.8855950342582064,-0.0643832550572872,0.1237731293525761,0.0150956687824674,0.3122403311828883,-0.0981333213979277,0.0425051864739142,0.1691847506514864,0.1495188894003454,-0.0200182664140081
allenai_Olmo-3-1125-32B,full_mixed_random_slopes,23585.179489662376,hawker,0.1942912906101503,0.0130336114442022,0.221098858463959,0.1448298673266852,0.3469452366151421,0.0064972020027867,-0.1195883014035996,-0.0467536758001643,0.0894242880089082,-0.0379099484214228
allenai_Olmo-3-1125-32B,full_mixed_random_slopes,23585.179489662376,housekeeper,-2.910590866906776,0.0504021476219064,-0.0637849101046425,-0.0058637725280688,0.0630407694023798,-0.0142994278379762,-0.1149464317804012,-0.5542139990222584,0.0907214724981205,0.0200696189348859
allenai_Olmo-3-1125-32B,full_mixed_random_slopes,23585.179489662376,manager,-0.6039395127921379,-0.0118023928860683,0.2668936876563082,0.1724604939119347,0.5994359982272898,-0.0537281778487833,-0.035611760682855,-0.0288926401189132,0.1167189303179236,-0.0211337735032901
allenai_Olmo-3-1125-32B,full_mixed_random_slopes,23585.179489662376,midwife,-4.842796068160032,0.007213115778946,0.0682545816178004,-0.0153788102080456,-0.5114696477267322,-0.0244324575131659,-0.112480668877848,0.5426003827863329,0.2577696579297902,-0.2382258426874945
allenai_Olmo-3-1125-32B,full_mixed_random_slopes,23585.179489662376,molder,0.1366141299641643,0.007280903362707,0.0648054153635983,0.1415691928158791,-0.0808175755850126,0.0776901007257226,0.0193819745311048,0.1263869077549548,0.0033334339521087,0.0045334480696294
allenai_Olmo-3-1125-32B,full_mixed_random_slopes,23585.179489662376,nurse,-2.9656373721121603,-0.0021551613967971,0.1534642112320466,0.0713666180349761,-0.1863999291223901,-0.0295749219770628,-0.0215468061381048,0.1526828972431678,0.1731749617384748,-0.0344842145614801
allenai_Olmo-3-1125-32B,full_mixed_random_slopes,23585.179489662376,paralegal,-1.8625913655691533,0.0460162767211482,0.2416888453551657,0.1945989002791315,0.5275985485473897,-0.0192740806875737,-0.165467122847565,0.3331479386572097,0.1335726630328365,-0.0282980874963219
allenai_Olmo-3-1125-32B,full_mixed_random_slopes,23585.179489662376,programmer,2.02826564052314,0.0326970009519185,-0.2955302200597128,0.4653161361437183,-1.0120051967048374,0.5506780276446581,0.1416086867057636,-0.2068102741452966,-0.1814318562909093,-0.0159223931319962
allenai_Olmo-3-1125-32B,full_mixed_random_slopes,23585.179489662376,salesperson,-0.5598075756156439,-0.0019458512882311,0.2770873974007708,0.2139147561613706,0.4117507195441756,-0.0077068411859388,-0.0394310180473824,-0.1080808329525797,0.1172712573735677,-0.0039412909063573
allenai_Olmo-3-1125-32B,full_mixed_random_slopes,23585.179489662376,scientist,0.3441979195408572,0.0219457953792602,-0.1544198196026392,-0.1153172177576492,-0.5236046216360998,0.0532834717686644,-0.0350517674145716,0.0720514811625558,-0.043511539319457,-0.131513446425401
allenai_Olmo-3-1125-32B,full_mixed_random_slopes,23585.179489662376,scrivener,0.7748868441594476,0.1279454148425441,-0.289218878693231,-0.1533860690491022,-0.3414760404389554,0.0300504130742327,-0.0306246527481612,0.1426441535048944,-0.2587778307589837,0.1234024926567129
allenai_Olmo-3-1125-32B,full_mixed_random_slopes,23585.179489662376,secretary,-2.2299218326443357,0.1614166870823629,0.1442098771914848,0.2068899192519313,-0.0298154477919643,0.0833231126003213,-0.2577550316596597,0.0161900144376317,0.0452364005382249,0.088533820614941
allenai_Olmo-3-1125-32B,full_mixed_random_slopes,23585.179489662376,sergeant,1.3220972073230657,-0.0004287319054462,-0.0476843687252163,-0.1038773051141009,0.3439784829816298,-0.0869283809120172,0.0420934014421043,-0.0750847949778418,-0.1105280521491227,0.1532253710355822
allenai_Olmo-3-1125-32B,full_mixed_random_slopes,23585.179489662376,soldier,1.9256852134609133,-0.0609549839470486,-0.1726717774066763,-0.1853193707927444,0.4035100830590201,-0.1152316891078451,0.1785784838582071,0.0349107788289294,-0.1699121855423516,0.1935901644452398
allenai_Olmo-3-1125-32B,full_mixed_random_slopes,23585.179489662376,solicitor,-0.2676504214308204,-0.0032689882395349,0.0942055372389333,-0.0473848795905879,0.2991672017692329,-0.0921749836485862,-0.0625534233054841,0.0220815064066144,0.0543066111765792,-0.0306884931649199
allenai_Olmo-3-1125-32B,full_mixed_random_slopes,23585.179489662376,teacher,-1.672628514539608,0.0194817993659722,0.1297294051921257,0.0604025707011877,0.378264039812964,-0.0739807948018991,-0.0475435318867466,0.1437679165196032,0.0781591152572657,0.0241635244146945
allenai_Olmo-3-1125-32B,full_mixed_random_slopes,23585.179489662376,tradesperson,0.0624171696924289,-0.0108888371764492,0.0996297848998649,0.1225259017398194,0.3777861187599145,-0.0067691619746887,0.0325341473901854,-0.089616133214321,0.0158494078889124,0.0322517826509797
allenai_Olmo-3-1125-32B,full_mixed_random_slopes,23585.179489662376,welder,1.4804226379354866,-0.1061004569777804,-0.0047798652121713,-0.1663715749062332,-0.1858748381900336,-0.0702728203100971,0.1139337975983862,-0.2041307543351543,0.0288673856052938,-0.0528947363448308
google_gemma-3-12b-pt,full_mixed_random_slopes,8560.562447251694,CEO,0.1142600632865456,-0.0757602919131405,-0.0357279255659359,-0.095548226910375,-0.122209522910408,-0.0275945484961059,-0.0574601896926516,0.0932747038515214,-0.0258880604725289,-0.0558434176160037
google_gemma-3-12b-pt,full_mixed_random_slopes,8560.562447251694,accountant,0.284636733492139,-0.0119954901111798,-0.0487375327383966,-0.042072368184308,0.0771073868257197,-0.0046969570869797,0.0093331774691002,0.0713221231102725,-0.0311423012729448,-0.0205738918021465
google_gemma-3-12b-pt,full_mixed_random_slopes,8560.562447251694,administrator,-0.9360204304040194,0.0884010928342858,0.325710770698186,0.3349216865720676,0.7573153538567279,0.0592872276173643,0.0069262169311332,-0.1133019141796347,0.1004760759322297,0.0657830413106892
google_gemma-3-12b-pt,full_mixed_random_slopes,8560.562447251694,agronomist,-0.4560825663730262,-0.0911861103160555,0.0142634469328472,0.0230035839029323,0.1713393638109829,0.0344376596928615,0.0483435845711569,0.2347817605079644,0.068734126353952,-0.047446750724617
google_gemma-3-12b-pt,full_mixed_random_slopes,8560.562447251694,bodyguard,0.8988771316435622,-0.0203211861591807,-0.066070185499995,-0.1022380674192372,-0.3040451249602701,-0.0353239836722442,-0.0627875022281246,0.17292215702962,-0.0407916483920616,-0.0120529355901057
google_gemma-3-12b-pt,full_mixed_random_slopes,8560.562447251694,bookbinder,1.1729116491010814,0.123440508488605,-0.2340547620921413,-0.1451511302822977,-0.2539786720898631,-0.0195842698957577,0.0103415224521034,-0.3073358544989698,-0.2264193514155076,0.0879199434676627
google_gemma-3-12b-pt,full_mixed_random_slopes,8560.562447251694,builder,1.9401146942051328,0.0046697322770145,-0.1317161196244333,-0.1394085468501123,-0.3355339975493971,-0.0352430657684121,-0.0328213392396708,-0.1516518704754044,-0.1541868287812086,-0.0334330967125877
google_gemma-3-12b-pt,full_mixed_random_slopes,8560.562447251694,cashier,-1.811022916414009,0.022689027745583,0.3032679332406886,0.3015638214613362,0.5006145350087496,0.0439944566895211,0.0534039620191536,-0.0995153786020701,0.1667487999057588,0.0107088021941996
google_gemma-3-12b-pt,full_mixed_random_slopes,8560.562447251694,chauffeur,1.4488454862796265,0.0818672804612664,-0.0684706475748897,-0.0926541889028201,-0.1634525854530224,-0.0302477003025692,-0.0309434196693578,-0.0975876705870049,0.0367741507261335,0.0625547529927681
google_gemma-3-12b-pt,full_mixed_random_slopes,8560.562447251694,colonel,1.614822442831248,0.0441296276726134,-0.1722793128596566,-0.1527081502502073,-0.4100796135467066,-0.0261451437529697,0.0139825689106604,-0.1264353212495869,-0.0353529056968371,0.0021687699625665
google_gemma-3-12b-pt,full_mixed_random_slopes,8560.562447251694,doctor,0.8722998737287622,0.0084260357247096,-0.0946153521791722,-0.0882657058531378,-0.0860310440070405,-0.0050413283618034,0.0124178414229961,-0.017475385174705,0.0146040390704181,-0.002220804559472
google_gemma-3-12b-pt,full_mixed_random_slopes,8560.562447251694,electrician,1.7524628330423844,-0.0535069976722738,-0.1629474246061155,-0.1372949008138125,-0.2416371186427099,-0.0069059913264967,0.0215849737953012,-0.0910732529319586,-0.1286598751775577,-0.1192946371298294
google_gemma-3-12b-pt,full_mixed_random_slopes,8560.562447251694,farmer,1.730308545144636,-0.0072377919483221,-0.2141623352758954,-0.206137233055172,-0.410495168024825,-0.0337350755523283,0.0045023965031122,-0.1975756902237113,-0.1187607100316298,-0.0419132356932588
google_gemma-3-12b-pt,full_mixed_random_slopes,8560.562447251694,farmhand,0.905534620249368,-0.0383165657930411,-0.1060481652293058,-0.1046171007204685,-0.3600095300595344,-0.015983013295206,0.0188839233541492,0.0582056801020197,-0.0115233223262289,-0.0443540467653206
google_gemma-3-12b-pt,full_mixed_random_slopes,8560.562447251694,fisherman,2.747828638206812,-0.0444967332111034,-0.0021341063114346,-0.0457500999102822,-0.2054186739001609,-0.0255167520622187,0.030923160662774,-0.0295554235357755,-0.0106454466895956,-0.0782596302529651
google_gemma-3-12b-pt,full_mixed_random_slopes,8560.562447251694,hairdresser,-0.9937613376564538,-0.0226313641173089,0.1337227703102105,0.1051463370691308,0.3736366350700175,0.018952142914587,-0.0105182523282855,0.1519347450357039,0.079822953698268,0.0148008007109055
google_gemma-3-12b-pt,full_mixed_random_slopes,8560.562447251694,hawker,-0.029967341539976,-0.062446354958906,0.2284941643495343,0.0457328989121361,0.3110661264360811,-0.0451386501226316,-0.1501526159611333,-0.0532175357878879,0.114131108714639,-0.1115292935361431
google_gemma-3-12b-pt,full_mixed_random_slopes,8560.562447251694,housekeeper,-3.0017293549722366,-0.0248939800251579,0.0124161472129196,0.0491074478148304,0.0830553479157211,0.0492995540253646,0.0102054750081513,0.2507501802908612,0.1079935497700827,0.1220236939367568
google_gemma-3-12b-pt,full_mixed_random_slopes,8560.562447251694,manager,0.0186309772807435,-0.0694758670080889,0.1782121947332056,0.1191947852599225,0.355563169140869,0.0102814611398743,0.0175421896058389,0.1266569134910442,0.1353700417891174,-0.0954888852915894
google_gemma-3-12b-pt,full_mixed_random_slopes,8560.562447251694,midwife,-3.895990312656605,-0.1146063749711608,0.1704907265367533,0.1541752789481748,-0.0887747256014085,-0.0017175472659657,0.0526593358253419,0.1920180572672362,0.117670698145013,-0.0404534899766764
google_gemma-3-12b-pt,full_mixed_random_slopes,8560.562447251694,molder,-0.0480813988380548,0.0654072979520261,0.0054453138030243,0.0853199875737704,0.0746742575170132,0.0530156666584371,0.0751763237594024,0.0164461944257394,0.0713523194040294,0.0918693179385858
google_gemma-3-12b-pt,full_mixed_random_slopes,8560.562447251694,nurse,-3.4891600846777537,-0.0842326783136459,0.3688702125378471,0.3378475860644236,0.1016094141824159,0.0121575536572361,0.055813823376707,0.5255106012513437,0.1660065095715679,0.0773107382292252
google_gemma-3-12b-pt,full_mixed_random_slopes,8560.562447251694,paralegal,-2.5885795363589854,-0.051171840176374,0.3120529706742435,0.2995323838172317,0.3119656870348494,0.0221424930386553,0.0613587641318238,0.260911521259432,0.1574544574926625,-0.0079875517872192
google_gemma-3-12b-pt,full_mixed_random_slopes,8560.562447251694,programmer,0.6693342651881724,-0.0886861023674032,-0.1015525421260032,-0.0669807350666037,0.0070311730730976,0.0381617344809061,0.0068564714974566,0.0121273809907942,-0.1240247427354238,-0.0809938792877027
google_gemma-3-12b-pt,full_mixed_random_slopes,8560.562447251694,salesperson,-0.1770984130624393,-0.0138860844132929,0.1618131989555377,0.1108896143350624,0.2778760844133573,-0.0034978560881291,-0.0384504940237209,-0.1097735342252281,0.0068984415464946,-0.0530542043106389
google_gemma-3-12b-pt,full_mixed_random_slopes,8560.562447251694,scientist,0.4804116706781351,0.0488786233284197,-0.1818847926452525,-0.1650240070576249,-0.2134157647673004,-0.0182833465695012,-0.0298397054228155,-0.2193913742388751,-0.0399403997975344,-0.0067893011294756
google_gemma-3-12b-pt,full_mixed_random_slopes,8560.562447251694,scrivener,1.1023520261309696,0.1232948930264058,-0.3452195681776215,-0.3171871531741309,-0.6892744637120853,-0.0746092939086515,-0.09213710938471,-0.3092917097519895,-0.2436388843951279,0.0924663061278768
google_gemma-3-12b-pt,full_mixed_random_slopes,8560.562447251694,secretary,-2.7863233799222487,0.1441231939312402,0.0119196295573725,0.1359011099248644,0.1361820172069739,0.0565275857024234,0.0699112684507722,-0.1727548570582489,0.0586302865160575,0.1857416956579951
google_gemma-3-12b-pt,full_mixed_random_slopes,8560.562447251694,sergeant,0.5877135066084027,0.0830239200155076,-0.077977042736814,-0.0540430697637964,0.0919118160576578,0.0035001602298372,-0.0250551438859505,-0.0740383306119025,-0.026120382774372,0.0512297935175442
google_gemma-3-12b-pt,full_mixed_random_slopes,8560.562447251694,soldier,1.5240933524359184,0.0544978343286962,-0.1491083723673333,-0.1533162660989386,-0.1364278182803098,-0.0320705473846695,-0.0703847057503212,-0.0332753475128994,-0.148119246495648,0.0422509390155733
google_gemma-3-12b-pt,full_mixed_random_slopes,8560.562447251694,solicitor,0.0862491155083586,0.0448026347694109,-0.1470246629206996,-0.1685815933419653,-0.1543360000455181,-0.038173980733128,-0.0506963174683667,-0.1690046491282931,0.0131442031780545,-0.0091281946211794
google_gemma-3-12b-pt,full_mixed_random_slopes,8560.562447251694,teacher,-1.2202514061275769,-0.0161768786341898,0.1509873616632095,0.1927004937383303,0.3214090128832993,0.0521445494623062,0.0710271507134056,0.1244996012922336,0.0668193462312843,0.0287893355693756
google_gemma-3-12b-pt,full_mixed_random_slopes,8560.562447251694,tradesperson,0.1626663522424281,-0.0256530181201936,0.1076142182685043,0.0991782702075446,0.3498526170320359,0.0309674458917682,0.0121395151565701,-0.0091181219724545,0.0288828635088351,-0.0366304384851536
google_gemma-3-12b-pt,full_mixed_random_slopes,8560.562447251694,welder,1.3197145023760373,-0.0209699923203399,-0.1455502089883912,-0.117236741992678,-0.1270901739683625,-0.0053606395613792,-0.0120868505695602,0.0900116018067952,-0.1462998651286442,-0.0381702453683068
google_gemma-3-4b-pt,full_mixed_random_slopes,7517.861209022696,CEO,-0.1394197581948448,-0.0148183338075815,-0.0030977160638281,-0.0200516356686302,0.0291584289754928,-0.018151463420907,-0.0243914722297812,0.0536826429384382,0.0481070261876572,-0.0034017930102252
google_gemma-3-4b-pt,full_mixed_random_slopes,7517.861209022696,accountant,0.0785965606541926,0.0054043717233447,-0.1746149551084488,-0.1294503144347449,-0.0895411567493394,-0.0455971699283347,-0.0494180312261294,-0.1046849795360291,0.0403864073170104,0.0078741893746315
google_gemma-3-4b-pt,full_mixed_random_slopes,7517.861209022696,administrator,-0.8161680543416314,0.0567287836403738,0.2633174618106217,0.2298871984761541,0.4853880911186714,0.0799402598160229,-0.0728003728110163,0.090894401789029,0.0834704224011317,0.0325745116537578
google_gemma-3-4b-pt,full_mixed_random_slopes,7517.861209022696,agronomist,-0.0656149077087628,-0.011954687810312,0.0065620903370367,0.0245263541641106,0.0197000429599172,0.0232069205996683,0.0067695644894544,0.1716493276117815,0.0455869411607002,-0.0394128194204521
google_gemma-3-4b-pt,full_mixed_random_slopes,7517.861209022696,bodyguard,1.332298703210571,-0.0708677791558917,-0.0593750926500273,-0.1012255536850898,-0.1249231214170799,-0.0729855184433609,0.0454354673021198,0.0193384411982785,-0.0176621149687506,-0.0406448971436332
google_gemma-3-4b-pt,full_mixed_random_slopes,7517.861209022696,bookbinder,0.6245298003191209,0.0605708301360453,-0.3028709509312951,-0.1790308706645874,-0.4105896435541726,-0.0303810570875864,0.0714310470900915,-0.1993377190376485,-0.1016428763413226,0.0646967585895651
google_gemma-3-4b-pt,full_mixed_random_slopes,7517.861209022696,builder,1.7994953511516958,-0.0408006201764463,-0.1867698904305608,-0.1291994310711231,-0.3356486881877352,-0.0461563465069384,0.1805048891127171,0.0447966652722598,-0.131418152236724,-0.0198641864573945
google_gemma-3-4b-pt,full_mixed_random_slopes,7517.861209022696,cashier,-1.7282391318392414,0.0479819939579352,0.2166531563249891,0.1563774720150969,0.277941174418617,0.0586316414374453,-0.1211245458504519,0.1405962136774839,0.1283279122788163,0.0448106497181693
google_gemma-3-4b-pt,full_mixed_random_slopes,7517.861209022696,chauffeur,2.030789474608984,-0.0810639056460211,-0.2057480327238598,-0.2273963068864133,-0.2798584331198797,-0.1311067683468596,0.0658318038120931,-0.1428203168893486,-0.0494427928008755,-0.0394085968367583
google_gemma-3-4b-pt,full_mixed_random_slopes,7517.861209022696,colonel,2.089797751050105,0.0512985134797898,-0.3169338883819301,-0.2288340572111322,-0.3846362014037657,-0.0913488942396637,0.105292635918397,-0.3148613080125917,-0.0529655954977114,0.021837789319686
google_gemma-3-4b-pt,full_mixed_random_slopes,7517.861209022696,doctor,0.4803178928191139,0.0245594072522479,-0.0760266031502794,-0.0464763082695383,-0.0363305904161017,-0.0152188092918843,-0.0072684977687246,-0.1787705942248694,0.0043108651596169,-0.0155430669865248
google_gemma-3-4b-pt,full_mixed_random_slopes,7517.861209022696,electrician,1.6224937254459344,-0.0063221471480309,-0.1752107397689699,-0.0532079934771241,-0.1781103300940036,0.0128077395312937,0.1775827722163303,-0.0828091481796445,-0.1072242256608853,-0.0992442952528195
google_gemma-3-4b-pt,full_mixed_random_slopes,7517.861209022696,farmer,1.869338267953318,0.0330152897366763,-0.2883886472708453,-0.1847623150820393,-0.2946747860756128,-0.0612370086324245,0.0894100485535668,-0.2837676630022596,-0.0823106266465364,0.0064504636666095
google_gemma-3-4b-pt,full_mixed_random_slopes,7517.861209022696,farmhand,1.0968880112684736,-0.0047401392198927,-0.2427722856329816,-0.1878385250140767,-0.2477386323317277,-0.0720579671498371,0.0210454652185561,-0.2298357267570844,-0.0168398521168825,-0.0271292899858996
google_gemma-3-4b-pt,full_mixed_random_slopes,7517.861209022696,fisherman,2.3365768584055235,-0.0259119641492463,-0.0214095650232764,-0.041571628779884,-0.1091605926486617,-0.0484782299458737,0.1211077149038126,0.0462927241017799,-0.0525613232325452,-0.0115426055667554
google_gemma-3-4b-pt,full_mixed_random_slopes,7517.861209022696,hairdresser,-1.7389090223872306,0.0500198431735569,0.1278320976847522,0.1458371093467229,0.2317655238216618,0.0865991227677921,-0.081827853151247,0.2731900939351362,0.0968915739393831,0.0491603296901863
google_gemma-3-4b-pt,full_mixed_random_slopes,7517.861209022696,hawker,0.0962874081219281,-0.0949670292212594,0.1385787923056037,0.0336433584846245,0.2776550085179164,-0.0372787994034551,-0.0750574080762235,-0.0125719555803929,0.0412245430041181,-0.0668332276231092
google_gemma-3-4b-pt,full_mixed_random_slopes,7517.861209022696,housekeeper,-2.2738438610411484,0.015212009018296,0.1907548149591854,0.1168184386731969,-0.0143740667184983,0.0607415474816768,-0.064637036796522,0.2177517122448888,0.0312402847902187,0.0617832352431974
google_gemma-3-4b-pt,full_mixed_random_slopes,7517.861209022696,manager,-0.1347452873519562,-0.0447898797000125,0.1676750751204275,0.0929847715680446,0.3006077852282351,0.0051158170671402,-0.0644081891836367,0.1429931560393264,0.0965710798704959,-0.0499210623049209
google_gemma-3-4b-pt,full_mixed_random_slopes,7517.861209022696,midwife,-3.6869621981095566,0.0416124500915775,0.290145902399432,0.2522959826350475,0.0729208971106349,0.1584174227781433,-0.0676544862966034,0.4254665242644735,0.0526019870493696,0.0479440544569202
google_gemma-3-4b-pt,full_mixed_random_slopes,7517.861209022696,molder,-0.427914201953125,0.0072038855610482,0.1415767546978453,0.099430536473811,0.1663690924232482,0.0301327671449539,-0.030751604027998,0.0485057334218349,0.0312306667177239,-0.0001797643515673
google_gemma-3-4b-pt,full_mixed_random_slopes,7517.861209022696,nurse,-3.0272536119359703,-0.0050910280499916,0.3011433273395474,0.2206680203904891,0.0952398661262375,0.117243149598138,-0.062719733572631,0.4639745276555906,0.0545899998189958,0.0325853506264122
google_gemma-3-4b-pt,full_mixed_random_slopes,7517.861209022696,paralegal,-2.108584592594952,0.0243746132529971,0.3528259382710498,0.2440351278153831,0.3669838797619142,0.0848377070967192,-0.1069911584154496,0.2122394036476276,0.1092346127051224,0.024741700847557
google_gemma-3-4b-pt,full_mixed_random_slopes,7517.861209022696,programmer,0.4624451824420277,-0.0741009585306006,-0.0192878121990758,-0.0041727351554767,-0.0799586826795243,0.0100250707654123,0.0909724234722545,0.1017990791387815,-0.0479020025759637,-0.1141028297546057
google_gemma-3-4b-pt,full_mixed_random_slopes,7517.861209022696,salesperson,-0.5749853198406762,-0.0489453770317863,0.17334868389878,0.0792818817070396,0.3211974029703362,-0.0075422179048054,-0.1029475419098903,-0.0059140503459222,0.0579584031731332,-0.0245071121854042
google_gemma-3-4b-pt,full_mixed_random_slopes,7517.861209022696,scientist,0.1159196515365933,0.0124601012898781,-0.1789661232511648,-0.1343455930991516,-0.209045249567688,-0.0407872818463507,-0.0089728904053142,-0.1531664758754983,-0.0027835628886463,0.0062081665438717
google_gemma-3-4b-pt,full_mixed_random_slopes,7517.861209022696,scrivener,0.5407828093842052,0.0452656130664147,-0.3219684893440254,-0.214270997217206,-0.4813001325086418,-0.0504209255282818,0.0769788822833391,-0.2068928432269563,-0.1139059261103655,0.07587284092852
google_gemma-3-4b-pt,full_mixed_random_slopes,7517.861209022696,secretary,-2.4426844328299757,0.031397487734526,0.2568256900285847,0.1638461318605073,0.1725790318478706,0.0669504677960725,-0.1294358571936315,0.0234920540896611,0.0064382820889262,0.0880989029649547
google_gemma-3-4b-pt,full_mixed_random_slopes,7517.861209022696,sergeant,1.0492445862526616,0.0698794908748881,-0.1583493823376203,-0.0677944055406713,-0.0351177988695508,-0.0140915792250368,0.0220589236889177,-0.4122423109994091,-0.0583250051773485,0.0021337505355364
google_gemma-3-4b-pt,full_mixed_random_slopes,7517.861209022696,soldier,1.530653454429716,-0.0342860020247194,-0.1317756435933098,-0.0813158835174698,-0.0913709587291228,-0.0372334859292439,0.1035799035733941,-0.0084093792453752,-0.0892494657360684,-0.0156318563296181
google_gemma-3-4b-pt,full_mixed_random_slopes,7517.861209022696,solicitor,-0.0840482449903484,0.0221896825941214,-0.0746598125679473,-0.0707676242327762,0.0377521008791089,-0.0395130137430755,-0.0840277097942645,-0.178630844510409,0.0291260776976392,0.0471190880239859
google_gemma-3-4b-pt,full_mixed_random_slopes,7517.861209022696,teacher,-1.3859489405652612,0.0128666071891375,0.2066853329422381,0.1492966854421912,0.2343690624121142,0.0571554315338546,-0.0854565627428395,0.1702935951552426,0.0420015562308795,0.0496641295464653
google_gemma-3-4b-pt,full_mixed_random_slopes,7517.861209022696,tradesperson,0.2517588866343144,-0.0220597993933193,0.2275701947220266,0.1703413136712992,0.3078154516988824,0.0423989801323125,0.0300354661805259,0.1461980676273392,-0.0104105682332731,-0.0175924075744693
google_gemma-3-4b-pt,full_mixed_random_slopes,7517.861209022696,welder,1.2271071895414023,-0.0313213227028564,-0.1232696823689485,-0.0775582036840668,0.0049362248405587,-0.0346175089572868,0.031853943615433,-0.2784390483479129,-0.064654551352335,-0.0785961009375171
gpt2,full_mixed_random_slopes,2939.2859910921543,CEO,0.9357975634316495,-0.0382352289730249,0.2708498392656566,0.1563908760239633,0.3184518295858803,0.0367024071182547,-0.0969699549833156,0.3349468154446428,0.015461973762693,-0.0770457386668629
gpt2,full_mixed_random_slopes,2939.2859910921543,accountant,-0.5462457486557702,0.0105917086741413,-0.0010000053607176,-0.0026963027288075,-0.0222393183343405,0.0255064460047914,0.0414087396389314,0.0590660608084165,0.0112019994543257,-0.0280475315989782
gpt2,full_mixed_random_slopes,2939.2859910921543,administrator,-1.1311180674361976,0.0576708443745971,-0.0595642444071787,-0.007791455186696,0.0311535988521776,0.0441068131389571,0.0551722428887812,0.2720843562105352,0.0104105121503463,0.0177095604686439
gpt2,full_mixed_random_slopes,2939.2859910921543,agronomist,0.5811601840703164,0.006428940069145,0.2085796398514773,0.167507937201466,0.4121485851461024,0.0448851013582275,-0.0012044944919369,0.171317639314842,0.0054920672373296,0.0508026448667452
gpt2,full_mixed_random_slopes,2939.2859910921543,bodyguard,1.439974704154987,-0.0771301771527848,0.0962666636587915,0.0484000660397116,-0.0054715420724447,-0.0944502149489019,0.0748035554327753,0.2977656563896788,-0.037855188026401,-0.0601805732909369
gpt2,full_mixed_random_slopes,2939.2859910921543,bookbinder,-0.98710230025294,0.0216502363561544,-0.1652522201380101,-0.1299321861278771,-0.2308740799683037,0.0147727589818385,0.0647846714179561,-0.2497745433672833,-0.0263722018300395,0.0146435328070052
gpt2,full_mixed_random_slopes,2939.2859910921543,builder,0.3658986779862316,-0.006643400518786,0.0643402369953801,0.0439802809127998,0.0831759066566303,0.0065286240416273,-0.0283410381762147,-0.124034312549529,-0.0025164120024596,-0.007077730572371
gpt2,full_mixed_random_slopes,2939.2859910921543,cashier,-0.3057930240656889,-0.0012291230808354,-0.0928785141514898,-0.0876021423418128,-0.1817175808534835,-0.0077114767771454,0.0237449107604203,0.0143074749041891,-0.0418895673104612,-0.0320524182604046
gpt2,full_mixed_random_slopes,2939.2859910921543,chauffeur,0.6974759343325189,-0.0309587721945518,-0.0098872182373977,-0.0386858347367099,0.0331276233260772,-0.0116013256635904,-0.02796249202273,-0.1668328685931858,-0.0732729014908218,-0.0126332464759722
gpt2,full_mixed_random_slopes,2939.2859910921543,colonel,1.4411603505702646,-0.1270269632492567,0.1518762268053205,-0.0026448306841242,0.2707410264187502,0.0032938716932925,-0.0123893621589494,-0.0788845682549895,-0.0243394754110898,0.0198445298043663
gpt2,full_mixed_random_slopes,2939.2859910921543,doctor,0.5109150826785227,-0.057620926908597,0.0278763451026697,-0.0195183593024787,0.0214889092901424,-0.0251551277936483,0.0991403137863486,0.2241359762507011,-0.0459126929659784,-0.0384882164879473
gpt2,full_mixed_random_slopes,2939.2859910921543,electrician,0.6962432638659347,-0.0763772100365803,0.1627551832186843,0.0569778244114602,0.0480154095259975,-0.0293305394678907,-0.0244299937716003,-0.0464717334788035,0.0552145280231194,-0.0702714619734618
gpt2,full_mixed_random_slopes,2939.2859910921543,farmer,1.4638559589033222,-0.0967057838971166,0.15805317423308,0.0278932563269707,0.1492877506667712,-0.020307024611937,-0.0086153431964391,-0.2521978918079195,-0.0627076643829413,-0.0500254845962645
gpt2,full_mixed_random_slopes,2939.2859910921543,farmhand,0.9584632959676272,-0.0348400363081481,0.0814549046895524,0.0437933470785458,-0.0424053943635958,-0.0522415380763093,-0.0022570987810563,0.2719096814230946,-0.0303531043242976,-0.0499283364373819
gpt2,full_mixed_random_slopes,2939.2859910921543,fisherman,1.699922494537641,-0.0939784852435058,0.0757901276434857,0.0042272463361544,-0.0204017216564865,-0.1050367499452501,0.0060730992256223,0.0196879558679476,-0.0691747542703292,-0.082810832431601
gpt2,full_mixed_random_slopes,2939.2859910921543,hairdresser,-0.9551889231418296,0.0306046273657718,-0.236190143531504,-0.1536766150606366,-0.2775040221964259,-0.0101295463697153,0.0383694028388414,-0.1156870854477442,-0.0221787194635129,0.005831503055926
gpt2,full_mixed_random_slopes,2939.2859910921543,hawker,0.0735212140970789,0.0438689894848648,-0.0815916033255367,-0.0095375954685187,-0.0664676072325113,-0.0147317830973955,-0.025016238084349,0.2359191207751808,-0.0616119950730308,-0.0370150072196099
gpt2,full_mixed_random_slopes,2939.2859910921543,housekeeper,-1.491626903098812,0.1361789970478376,-0.3150744130167192,-0.1362816575552,-0.5145696495927398,-0.0041740095438404,-0.0527612251250905,-0.2572796604626141,-0.0168787453916334,0.0650372538126614
gpt2,full_mixed_random_slopes,2939.2859910921543,manager,0.1726703567352693,-0.0064187877894385,0.0351453701282339,0.0513387491118267,0.114873363563575,-0.020907675874223,0.0020670371589961,0.429699267216684,0.0373736424594614,-0.0190528832744739
gpt2,full_mixed_random_slopes,2939.2859910921543,midwife,-2.628163103183507,0.1034030507605474,-0.3128449911584263,-0.1741993702269346,-0.4060138757993862,0.0504372670056402,0.0655276916285971,-0.6585381456583711,0.0730985219359778,0.0947048376145505
gpt2,full_mixed_random_slopes,2939.2859910921543,molder,-0.6892218374998053,0.0039362124471551,-0.0858507179855398,-0.0774882559130113,-0.0871673066388476,0.0282626500052855,-0.0396426576910051,-0.0014480564560388,0.0459979914536594,0.0121378463342179
gpt2,full_mixed_random_slopes,2939.2859910921543,nurse,-2.9668925942339825,0.1426565040230729,-0.5771197079657779,-0.3524580135526257,-0.7282935630111049,0.0340797683572081,0.0747453718060132,-0.3958566681487334,-0.0581293673185814,0.0766128518594626
gpt2,full_mixed_random_slopes,2939.2859910921543,paralegal,0.4415684945190863,-0.0364817152580087,-0.0059495574186591,-0.0175972622883486,-0.0276202574219113,-0.0223926285956084,-0.0331512501324724,-0.0398417508835349,0.0230018570443967,-0.0208314673996407
gpt2,full_mixed_random_slopes,2939.2859910921543,programmer,0.0467856880913807,0.0004357152770611,0.3332573968695755,0.2409282942963561,0.4497642306163531,0.0729284818891124,0.0588002832535198,0.1067780286422543,0.0680034697003217,-0.004342082615099
gpt2,full_mixed_random_slopes,2939.2859910921543,salesperson,-0.4942177917866949,0.0438289085742405,0.0293736345166636,0.056501271884964,0.0433899920188719,0.0238775682877287,0.0194410571725332,0.2572989416925413,0.0152725382011881,-0.0107455585151776
gpt2,full_mixed_random_slopes,2939.2859910921543,scientist,-0.0265447251616739,0.0304266338978585,0.1238590101785334,0.1296398578993265,0.1587897248378435,0.0247270066902794,-0.0212488053629933,-0.1402780370131233,0.0469091219381946,-0.0133313370758801
gpt2,full_mixed_random_slopes,2939.2859910921543,scrivener,0.5484642741174313,-0.0124667805756227,0.1107096997319375,0.0883697442618573,0.2591094756048834,0.0095408811069055,-0.034005463026345,0.0283536960633677,0.0368586926729086,0.0692146210508799
gpt2,full_mixed_random_slopes,2939.2859910921543,secretary,-1.5601476246103068,0.2058346142625527,-0.2414624378267081,0.0099776369055235,-0.2361715324345737,0.021097138698431,-0.208381528063331,-0.2146486096807961,0.0951941798414784,0.1437345158881657
gpt2,full_mixed_random_slopes,2939.2859910921543,sergeant,0.5269762281432818,-0.045657064213768,-0.0317645705059772,-0.061815994203357,-0.0249843129963611,-0.0353797720360379,-0.0085306706839683,0.0064479245510963,-0.0300908534987802,0.0111163122781151
gpt2,full_mixed_random_slopes,2939.2859910921543,soldier,1.4583595994709226,-0.0733200257551172,0.0863614954992149,0.0262030554188346,0.1113841597973166,-0.0661121174387105,-0.0133740985528411,0.022112403966465,-0.0263015617367561,0.0262893295440434
gpt2,full_mixed_random_slopes,2939.2859910921543,solicitor,-0.9678267830548556,0.0366713728209348,0.0047464642605289,0.0350574745233866,-0.0367635757854639,0.0356905372492627,0.0420837705702518,-0.0322294103654507,0.0894004708174774,0.0260637795873247
gpt2,full_mixed_random_slopes,2939.2859910921543,teacher,-1.0356630421641129,0.0336516506010816,-0.2469217869205529,-0.1733827329470053,-0.2812912320200479,0.0086859244969479,0.0215313818508879,-0.0462312546863186,-0.0310873331091758,0.0195132841760418
gpt2,full_mixed_random_slopes,2939.2859910921543,tradesperson,-0.0104052549727493,0.0290816934151204,0.1533442825946166,0.1560162037615685,0.4004463890084899,0.0441526471672151,-0.0097569881973698,0.3951436233242251,0.0452876818945121,0.0237345114854413
gpt2,full_mixed_random_slopes,2939.2859910921543,welder,1.7369443570729708,-0.1218302182668747,0.288712436618928,0.1021054858833039,0.2846085973424695,-0.0096143630433688,-0.0396548269229906,-0.3267400260620491,-0.0135067109757796,-0.0631110077269997
meta-llama_Llama-3.1-70B,full_mixed_random_slopes,20861.082915528707,CEO,0.4586754763260131,-0.0579291814401312,-0.0187883232643832,-0.0700485673409639,-0.0911877158877275,-0.0468367787069159,-0.0222827630861988,0.0819890653848758,0.0271968580275416,-0.0275959102401149
meta-llama_Llama-3.1-70B,full_mixed_random_slopes,20861.082915528707,accountant,0.0505100531475822,0.0229651150946555,-0.0903176124106436,-0.041368969391012,0.0604687417620302,-0.008209643502503,0.0235963970687719,0.2028074377297829,0.0559305014099774,0.0215158351776039
meta-llama_Llama-3.1-70B,full_mixed_random_slopes,20861.082915528707,administrator,-0.2212330712613497,-0.0118813020573176,0.1946248690183133,0.22346008055885,0.4435441479568676,0.0187315036751399,0.0461777572189035,-0.1137106233186683,0.0129599968398071,0.0315502121117865
meta-llama_Llama-3.1-70B,full_mixed_random_slopes,20861.082915528707,agronomist,0.1673924281667111,0.1334932574690329,-0.1263375376719826,0.033077796161879,-0.0417276836389782,0.1086915718346202,0.1097510196527703,0.2980946648332745,0.105259480325486,0.0613890141800221
meta-llama_Llama-3.1-70B,full_mixed_random_slopes,20861.082915528707,bodyguard,0.7960407557886998,0.0595659153360268,-0.1509144014861888,-0.1702417779911558,-0.3717239186514458,-0.0138476742283635,-0.0430170707677714,0.0233899043095076,-0.0618240464706223,-0.0053002107873632
meta-llama_Llama-3.1-70B,full_mixed_random_slopes,20861.082915528707,bookbinder,0.1375558585940571,0.3089477460422464,-0.1810351810239825,0.0507094084271193,-0.084278452242633,0.1778578348943134,0.1047531570850233,0.0023762972862192,-0.0334835677082918,0.1270600921367791
meta-llama_Llama-3.1-70B,full_mixed_random_slopes,20861.082915528707,builder,1.0118334460511176,0.2466994119050699,-0.2029409506362469,-0.015995986935287,-0.1222873470794611,0.1302760456103331,0.1147743124766755,0.3863624073775137,-0.1050987223855003,0.0471497298690847
meta-llama_Llama-3.1-70B,full_mixed_random_slopes,20861.082915528707,cashier,-1.3354852266269663,-0.1406293341826905,0.2553875028063481,0.1489233946022237,0.2929165196410104,-0.0157791103540144,-0.0474349716302875,-0.1769285417071793,0.0632033732477146,-0.0133187925242602
meta-llama_Llama-3.1-70B,full_mixed_random_slopes,20861.082915528707,chauffeur,1.1196391838829702,0.1628285872785717,-0.117403250771877,-0.0335709430807608,-0.3200914338276749,0.0840128816142913,0.0503404395380633,0.1253331485645259,-0.0697046452869507,0.0299987178407883
meta-llama_Llama-3.1-70B,full_mixed_random_slopes,20861.082915528707,colonel,1.493996498556573,0.2650993606646863,-0.3336219095935184,-0.1521923443481016,-0.718680819725996,0.1258731458637092,0.087320618045571,0.1595599488690488,-0.0132214346981979,0.0609855387605
meta-llama_Llama-3.1-70B,full_mixed_random_slopes,20861.082915528707,doctor,0.1572678777348206,-0.0282146083119054,-0.1058035410258019,-0.064910586844767,0.109358704127583,-0.0403231983298705,0.025061218008964,-0.036145273290273,0.0155229440736892,-0.0329979883716543
meta-llama_Llama-3.1-70B,full_mixed_random_slopes,20861.082915528707,electrician,1.2184708507869677,0.1374040163044854,-0.1766454727058018,-0.0060430782559778,-0.3596795410976635,0.0946476845989777,0.1429919472111062,0.1174626729253474,-0.1113334893827052,-0.0347322904357947
meta-llama_Llama-3.1-70B,full_mixed_random_slopes,20861.082915528707,farmer,1.2198243875856078,0.2410269142327966,-0.4524257854824112,-0.2017818760144484,-0.3381632041636394,0.0818281768353902,0.129206316833067,0.2235060592925322,-0.0726175938976737,0.0142095918942181
meta-llama_Llama-3.1-70B,full_mixed_random_slopes,20861.082915528707,farmhand,0.593470558181462,0.1726430579536864,-0.0427534928748294,-0.0131207986333888,0.0119817691666447,0.0797342745988241,-0.0253962100621881,-0.2235588357328551,-0.0599461747335185,0.0637224131875057
meta-llama_Llama-3.1-70B,full_mixed_random_slopes,20861.082915528707,fisherman,1.4893806301518575,0.1923743030936904,-0.3808838315460681,-0.1031814104435099,-0.2241418527998206,0.1105656112732785,0.205827525027715,0.6751662147886652,0.0876839768565221,0.0018458764768942
meta-llama_Llama-3.1-70B,full_mixed_random_slopes,20861.082915528707,hairdresser,-1.6176777321680271,-0.298414590957906,0.3305038308018957,0.1149873822852516,0.5652047807636001,-0.0871431675683398,-0.0917122916638667,-0.0477325403911154,0.1335056603001571,-0.0842821016305483
meta-llama_Llama-3.1-70B,full_mixed_random_slopes,20861.082915528707,hawker,0.4298251824921659,-0.1712442489875768,0.083249800027453,-0.1117149562110031,0.1898516521034097,-0.1273564262487573,-0.1242854717486956,-0.1163349068043715,0.0221816564023276,-0.0896967200970669
meta-llama_Llama-3.1-70B,full_mixed_random_slopes,20861.082915528707,housekeeper,-2.712292654365341,-0.2606929379985495,0.101939903263302,-0.0459290154946167,-0.0691696212015532,-0.1249830972952359,-0.1008326883298164,-0.1588361858845134,-0.0634667402018381,-0.0764122366301164
meta-llama_Llama-3.1-70B,full_mixed_random_slopes,20861.082915528707,manager,-0.2767554172641691,-0.1593630392217116,0.1777880089233299,0.1289808267447352,0.4171915329035554,-0.0387229718721573,0.0232269666344173,-0.1983728574254152,0.056830982881517,-0.0728079416247044
meta-llama_Llama-3.1-70B,full_mixed_random_slopes,20861.082915528707,midwife,-3.4584790592193158,-0.3526806873132965,0.1054266344433672,-0.0786911079587412,-0.4773397542070586,-0.1154409298005157,-0.1004180795057252,-0.1864755062451096,-0.0128501581800796,-0.1327516811117218
meta-llama_Llama-3.1-70B,full_mixed_random_slopes,20861.082915528707,molder,0.2999031458781865,-0.1642461060503779,0.1467115959697224,0.0347876082891317,0.2452322702397927,-0.097886085116896,-0.0375833552855264,-0.1011720375843315,0.0433468075396943,-0.0601895921641304
meta-llama_Llama-3.1-70B,full_mixed_random_slopes,20861.082915528707,nurse,-2.548018660988087,-0.2699986343158608,0.6153518237930227,0.3122940701728188,-0.0472717989943353,-0.0678998011693873,-0.1665444002063699,-0.2125903337191234,0.0959552475899949,0.0748851736889775
meta-llama_Llama-3.1-70B,full_mixed_random_slopes,20861.082915528707,paralegal,-1.5570702852931342,-0.2966559025844011,0.3907051808129206,0.1677490405893086,0.3523503511295016,-0.2145512244339363,-0.1374296316723212,-0.0343209281984249,0.1012331969788248,0.0469189028112199
meta-llama_Llama-3.1-70B,full_mixed_random_slopes,20861.082915528707,programmer,1.0093558770876108,-0.047874461377591,-0.1397115140396341,-0.1042751019497035,-0.3297335252065853,0.0149246763835886,0.0819586899310233,0.0458319077702027,-0.09218488909608,-0.1618418374962917
meta-llama_Llama-3.1-70B,full_mixed_random_slopes,20861.082915528707,salesperson,-0.2685211624783991,-0.310114162129416,0.3859012263558559,0.2261605567813261,0.450045746503351,-0.1035294726911768,-0.0046324314758967,-0.202755371926126,0.09345346509265,-0.1125691671620378
meta-llama_Llama-3.1-70B,full_mixed_random_slopes,20861.082915528707,scientist,0.4540224863340423,0.0529272354779121,-0.2089713320534286,-0.1328920559030474,-0.1133093769174659,0.0007626099539708,0.0323540376646136,0.0622794546511543,-0.0038497802220106,-0.0337678821288162
meta-llama_Llama-3.1-70B,full_mixed_random_slopes,20861.082915528707,scrivener,0.8548167602845287,0.3868865708232062,-0.0518535281670728,0.0217527416778338,-0.0426614333804359,0.1763572223889653,-0.0452937843941677,-0.1992737575612546,-0.1846748798218237,0.1624909064028582
meta-llama_Llama-3.1-70B,full_mixed_random_slopes,20861.082915528707,secretary,-2.085623058791725,-0.0596878637587154,0.3671498884904689,0.1839987679123272,0.4266124591891379,-0.0182281187445535,-0.169064774412908,-0.3015920053800869,0.0583740148766872,0.131046586680214
meta-llama_Llama-3.1-70B,full_mixed_random_slopes,20861.082915528707,sergeant,1.8164022234565027,0.1326768567041731,-0.1517547657272081,-0.1487802348446653,-0.2411354679633442,0.0058983751888059,-0.0385733772775858,-0.208686468448913,-0.0621972777797344,0.0085322801072567
meta-llama_Llama-3.1-70B,full_mixed_random_slopes,20861.082915528707,soldier,1.4441914497708812,0.2545954012268537,-0.2692622438632378,-0.1432784719089022,-0.2849487680323549,0.0561437875381176,0.0284021587517366,0.3280041933394682,-0.0967106266927443,0.0797390542908882
meta-llama_Llama-3.1-70B,full_mixed_random_slopes,20861.082915528707,solicitor,0.0541692181399487,-0.1217989684791269,0.0172782473738437,-0.1068571727497393,0.112352282014719,-0.1119974508249515,-0.0957966768830944,-0.0682548300999318,0.0555429808956475,-0.0368542805601473
meta-llama_Llama-3.1-70B,full_mixed_random_slopes,20861.082915528707,teacher,-1.4714205194530232,-0.1034976398495665,0.2739868123802563,0.1670910010268141,0.6808523616267579,-0.0398212880559156,-0.0851834360318246,-0.2189714449083981,0.1094248711382806,0.057232848393928
meta-llama_Llama-3.1-70B,full_mixed_random_slopes,20861.082915528707,tradesperson,0.3532957111486856,0.0150305477846205,-0.0974898949028776,-0.0015575484892694,0.0535706933817539,-0.014253024074473,0.0761701547496543,0.1456963457517966,-0.0087261818439369,-0.0053850774704726
meta-llama_Llama-3.1-70B,full_mixed_random_slopes,20861.082915528707,welder,0.9225367884096384,0.0697593716297646,-0.1470907552193067,-0.0675406704428656,-0.1340022974952125,0.0205040607676925,0.0535686985385749,-0.0721472742433386,-0.0857158060758641,-0.039769063574838
meta-llama_Llama-3.1-8B,full_mixed_random_slopes,13108.542605749622,CEO,0.5233669288697985,-0.0268556912335799,-0.0217212578241581,-0.047672686384849,-0.1109129037387164,-0.0261116728992888,-0.0504335357747179,0.0846444169871567,-0.0457090508519921,-0.0147535645215664
meta-llama_Llama-3.1-8B,full_mixed_random_slopes,13108.542605749622,accountant,0.3917530097615986,0.0705344750451671,-0.0233870070363272,-0.0188967614855744,-0.0090130205970975,0.035037633226357,-0.0629096158785895,-0.0974522251319537,-0.0213447334848529,0.018072987983524
meta-llama_Llama-3.1-8B,full_mixed_random_slopes,13108.542605749622,administrator,0.3373516260138665,0.0882997044448367,0.2803738716377767,0.2152497530988925,0.4820952232506263,0.0686933803412254,-0.1429570627661995,-0.3417583188658726,-0.0746928064214206,0.0095005527719003
meta-llama_Llama-3.1-8B,full_mixed_random_slopes,13108.542605749622,agronomist,0.7727382311087976,0.0063042554921419,-0.1149618032071246,-0.1007440046671845,-0.0382622312484327,-0.0087710037701409,-0.0283573443397746,-0.0885220279491918,-0.0386024291723542,-0.003779071259056
meta-llama_Llama-3.1-8B,full_mixed_random_slopes,13108.542605749622,bodyguard,0.7372820942418286,-0.0430256415011174,-0.1006001698052945,-0.1163007074952147,-0.1959024409675527,-0.0682849874088397,0.0378109963271467,0.2402858818043242,-0.0786719180213559,0.0399288800174797
meta-llama_Llama-3.1-8B,full_mixed_random_slopes,13108.542605749622,bookbinder,0.5288049318375858,0.1335089390677578,-0.1942061488246535,-0.1191001256863565,-0.2633826067948417,0.0199951843360139,-0.0103588646105842,-0.1254243773652244,-0.1821679011074763,0.0325776950822979
meta-llama_Llama-3.1-8B,full_mixed_random_slopes,13108.542605749622,builder,1.6080250430474,-0.023027786507698,-0.1774053239126455,-0.1807417128692098,-0.4344404560575619,-0.0520094590921899,0.0388465899591145,0.1665956558277326,-0.1228105610725542,-0.0350924362443636
meta-llama_Llama-3.1-8B,full_mixed_random_slopes,13108.542605749622,cashier,-1.7644493739235343,0.0792401291112586,0.2567834435349084,0.2589989507292954,0.4826997765540977,0.1180204898733531,-0.0677661604384622,-0.1229108608996901,0.1724018791584901,0.0320085111642047
meta-llama_Llama-3.1-8B,full_mixed_random_slopes,13108.542605749622,chauffeur,1.2529054579030607,-0.0781834073568124,-0.1235650496278161,-0.150606321384647,-0.3563626407075706,-0.0658357445290413,0.0417100379804248,0.1521611030020714,-0.0416249662153175,-0.0513805449482639
meta-llama_Llama-3.1-8B,full_mixed_random_slopes,13108.542605749622,colonel,1.4395673360623804,0.0665569628526062,-0.2685473777224192,-0.2282652324632063,-0.6433494241811779,-0.0171194544820283,0.1537937510723785,0.057989501223132,-0.0489570259534023,0.0032662937746901
meta-llama_Llama-3.1-8B,full_mixed_random_slopes,13108.542605749622,doctor,0.0851505620537202,-0.0195692847813302,-0.0155817894020394,-0.0266503615462198,0.0558093129916671,-0.0152281244536284,-0.021310898128525,-0.1403599014647116,0.0461222825149238,-0.0038170619978165
meta-llama_Llama-3.1-8B,full_mixed_random_slopes,13108.542605749622,electrician,1.3389131505147878,-0.1258068810762496,-0.1404131015609283,-0.1615827849236826,-0.2185883675537307,-0.1023933359247125,0.064461320904738,0.1070569899696949,-0.0800752099333518,-0.0543282964294593
meta-llama_Llama-3.1-8B,full_mixed_random_slopes,13108.542605749622,farmer,1.76492076162279,-0.0372646948926519,-0.2530062757762212,-0.2557192427776221,-0.4151058141622752,-0.1067401900955208,0.1880426637603552,-0.0985760573457929,-0.052270692424854,0.0221610077966277
meta-llama_Llama-3.1-8B,full_mixed_random_slopes,13108.542605749622,farmhand,0.6478142661586037,-0.0847209441896298,-0.108905691575369,-0.1258731103292527,-0.2366920799515675,-0.0766503304136433,0.0827291986804313,-0.024880146721541,0.0189735833106035,-0.0356993959050651
meta-llama_Llama-3.1-8B,full_mixed_random_slopes,13108.542605749622,fisherman,2.0328003081092207,-0.2656787834745238,-0.1464178856317748,-0.2600793448011783,-0.5854466225596928,-0.2088870940918055,0.2142415525685757,0.5019058316298183,0.0655771922774786,-0.0394460139311819
meta-llama_Llama-3.1-8B,full_mixed_random_slopes,13108.542605749622,hairdresser,-2.000617490540073,-0.0275099750690937,0.2164162220434302,0.2356923395207134,0.5657428611462871,0.0687599200802445,-0.0108883299308646,0.2100221027309179,0.1181085834213296,0.03943207700814
meta-llama_Llama-3.1-8B,full_mixed_random_slopes,13108.542605749622,hawker,0.0302389361836346,0.0383558407476422,0.1407783571062003,0.0984217037779156,0.3578274002387685,0.0566220884612988,-0.0899634724152951,-0.0876267196514966,0.089500525007975,0.0494376405616302
meta-llama_Llama-3.1-8B,full_mixed_random_slopes,13108.542605749622,housekeeper,-3.482607400713877,-0.167716201283,0.3777078404715302,0.3295835094911277,0.354145017311352,-0.0081628350836272,0.000995623854845,0.23645654428483,0.2699594988646281,-0.063991691544602
meta-llama_Llama-3.1-8B,full_mixed_random_slopes,13108.542605749622,manager,-0.2802051465149739,-0.0104310618445199,0.1836340656702004,0.1467525596342889,0.3166430251298592,0.0220672740773644,-0.0446044744732473,0.0120829779739041,-0.0062725343123047,0.0042922415886261
meta-llama_Llama-3.1-8B,full_mixed_random_slopes,13108.542605749622,midwife,-4.519652742180319,-0.0422325114896791,0.3650033197942663,0.4110163011409243,0.2923053788552019,0.0859179646969346,-0.1228531755039632,0.2164199540200046,0.110473758593861,-0.1158696642413267
meta-llama_Llama-3.1-8B,full_mixed_random_slopes,13108.542605749622,molder,0.4230410700282797,0.0156518772382138,-0.1453759399867552,-0.107311303452607,-0.1623205865995639,-0.0007334161584557,-0.0156833502590046,0.190429227749637,-0.0781815859078162,0.017072945239967
meta-llama_Llama-3.1-8B,full_mixed_random_slopes,13108.542605749622,nurse,-2.871774374411293,-0.0940942237187294,0.2663243122503769,0.2693499472920722,0.1564174808159539,0.0248468772901919,-0.0665421120132872,-0.0092904893735016,0.1285009355133639,-0.1471029103158079
meta-llama_Llama-3.1-8B,full_mixed_random_slopes,13108.542605749622,paralegal,-1.6110666874899235,-0.096616984832951,0.3822224012122595,0.2818507292103863,0.5055482419174826,-0.0145147202397059,-0.0869346525016673,-0.0570545417772183,0.1527327224601983,-0.0160299027299535
meta-llama_Llama-3.1-8B,full_mixed_random_slopes,13108.542605749622,programmer,0.9450727034330444,-0.0788209373015372,-0.0984547562138097,-0.1084527502378477,-0.2473573746270341,-0.0575325722676953,0.0265111473799567,0.1907833196438079,-0.0892816655318004,-0.0541047866971018
meta-llama_Llama-3.1-8B,full_mixed_random_slopes,13108.542605749622,salesperson,-0.4989513548690558,-0.0642273476564329,0.2301807085965662,0.1791755198584636,0.3619770674659375,0.0010773180495862,-0.0589244695193135,-0.0653209394413215,0.0057886649159214,-0.0497242007223272
meta-llama_Llama-3.1-8B,full_mixed_random_slopes,13108.542605749622,scientist,0.5245551133374946,3.535768952267482e-05,-0.1983385474257558,-0.1595560105659479,-0.1991297766006019,-0.0316763108104455,-0.0273419413357108,-0.2625903753544736,-0.0400864976118841,-0.0435702166477136
meta-llama_Llama-3.1-8B,full_mixed_random_slopes,13108.542605749622,scrivener,1.6678190235053951,0.6780877196275231,-0.2704360155556823,-0.0668666137819994,0.0564913913629923,0.3579027014901342,-0.0906548146916284,-0.8221170140654124,-0.2038973313103147,0.2333568592712382
meta-llama_Llama-3.1-8B,full_mixed_random_slopes,13108.542605749622,secretary,-2.7179273536045065,0.2365728572405943,0.0567937212506632,0.1930586794204516,0.1298449196581777,0.1711090966419123,-0.0202828634635052,0.2809539777126814,-0.0100887747392224,0.1320489058728105
meta-llama_Llama-3.1-8B,full_mixed_random_slopes,13108.542605749622,sergeant,1.2741375584311956,0.0888095371768642,-0.1841332821901344,-0.151298481741115,-0.1715216154038057,0.0146797105395238,0.098573682247355,0.0423016859576821,-0.0403472018044974,0.091304976386053
meta-llama_Llama-3.1-8B,full_mixed_random_slopes,13108.542605749622,soldier,1.4308761026197905,-0.0269407422820611,-0.2341694506484597,-0.2281339812605332,-0.1580400232174126,-0.0650083262016367,0.1515367473217467,0.2542507679301929,0.0024252674409551,0.1211758470186017
meta-llama_Llama-3.1-8B,full_mixed_random_slopes,13108.542605749622,solicitor,-0.0584255064146734,-0.0365265509562143,0.0404536841378161,0.0152252761748993,0.0822437867126991,-0.0061669508950015,-0.0805471109052993,-0.0808864809688694,0.0340314727948836,-0.0340166077855615
meta-llama_Llama-3.1-8B,full_mixed_random_slopes,13108.542605749622,teacher,-1.3070936689006014,-0.0052465201589712,0.1631750141364014,0.165043080068328,0.5553854272162125,0.0345414723131257,-0.0760675239741348,-0.267407619734233,0.0780483855899982,0.0162870098105387
meta-llama_Llama-3.1-8B,full_mixed_random_slopes,13108.542605749622,tradesperson,0.2090610546375457,-0.0929560685000826,0.0685338599745417,0.0223240663025741,0.0733986910566923,-0.0692158692823266,0.0616321068396513,-0.0883021949436953,-0.0016524142463928,-0.0305931679465862
meta-llama_Llama-3.1-8B,full_mixed_random_slopes,13108.542605749622,welder,1.1465758302094473,-0.0545054156261581,-0.20875394790446,-0.2078908778810086,-0.382747016740894,-0.07822871332069,0.0144963540323262,-0.1638596473936301,-0.0359094517466849,-0.068624897479411
mistralai_Mistral-7B-v0.3,full_mixed_random_slopes,12496.681542941544,CEO,0.08233442352051,-0.0370560024962245,0.0891342974992916,0.0314944076195476,-0.0285858899532345,-0.0044054033717212,-0.002831517760851,0.0583513727842417,0.0487578166528701,-0.0516441057810291
mistralai_Mistral-7B-v0.3,full_mixed_random_slopes,12496.681542941544,accountant,0.1123956871584075,-0.0391767260920787,0.010640920050272,-0.0291840452456487,0.0356415351572262,-0.0487989529335324,0.0152368087145416,0.1648204830663129,-0.0221111613612866,-0.009539283341782
mistralai_Mistral-7B-v0.3,full_mixed_random_slopes,12496.681542941544,administrator,-0.3664768274883285,0.0638547253529921,0.3205198962905602,0.3735186786770039,0.6605701772634013,0.0785203271736194,-0.0089265289553678,-0.390675269235161,0.0668608922191548,0.066667141122647
mistralai_Mistral-7B-v0.3,full_mixed_random_slopes,12496.681542941544,agronomist,0.3426740255840503,0.0566260698250833,-0.0248241213916783,0.0066044784525552,-0.1046230215839875,0.035344283492077,-0.0105239237942657,-0.090563566351903,-0.0141532435808894,-0.0043500999315294
mistralai_Mistral-7B-v0.3,full_mixed_random_slopes,12496.681542941544,bodyguard,0.3186488073411837,-0.0655570428401337,0.0051216138042956,-0.0997121430135528,-0.1751483210236503,-0.0808339525707485,0.0353596393929883,0.5481544049447041,-0.060736276623755,-0.0049856390092688
mistralai_Mistral-7B-v0.3,full_mixed_random_slopes,12496.681542941544,bookbinder,0.6048012255546631,0.0638638152045454,-0.4062799024836143,-0.3075449920758054,-0.2948378640572084,-0.0698349396356298,0.0299476109453884,-0.2242003615894318,-0.0789905332967277,0.0652605007809207
mistralai_Mistral-7B-v0.3,full_mixed_random_slopes,12496.681542941544,builder,2.0158404669299035,0.05375677891387,-0.2314472921121688,-0.1332006886771155,-0.1771395093417064,-0.0186841148186353,0.0548862419344631,0.0465731356890124,-0.2912177046821951,0.0356087654802961
mistralai_Mistral-7B-v0.3,full_mixed_random_slopes,12496.681542941544,cashier,-1.5450412480317388,-0.0443870072558466,0.2162685973092793,0.1606227957017021,0.3128139313181964,0.0126021353595705,-0.0290697600973811,-0.0309057439378482,0.1818595301283933,-0.0009101809213709
mistralai_Mistral-7B-v0.3,full_mixed_random_slopes,12496.681542941544,chauffeur,1.4129822457733916,0.0214384606418923,-0.2084079070643577,-0.1524074236725995,-0.1851094323044981,-0.0388434442741591,0.066333105360136,-0.010483045015293,-0.1415241792302042,0.0193144320009702
mistralai_Mistral-7B-v0.3,full_mixed_random_slopes,12496.681542941544,colonel,1.6390854512578723,-0.0103644276897337,-0.4731538651388577,-0.4976627507811125,-0.7363669592430825,-0.1565422255917144,0.1104856469547794,0.1366467129943776,-0.0307427688353628,-0.0075208750900795
mistralai_Mistral-7B-v0.3,full_mixed_random_slopes,12496.681542941544,doctor,0.3114659098106809,-0.0090399773115492,0.0682152007353956,0.0301965009750132,0.1069327218820763,-0.0334174496280985,-0.0317237595348364,-0.2126226282439098,0.0420125029734748,-0.038150235982437
mistralai_Mistral-7B-v0.3,full_mixed_random_slopes,12496.681542941544,electrician,1.2806385854092155,-0.0528223591401642,0.1700339313027677,0.0774456324064129,0.1856749960328326,-0.0827037256189541,0.076107245456162,0.31556005496541,-0.0890656903391142,0.022908306010281
mistralai_Mistral-7B-v0.3,full_mixed_random_slopes,12496.681542941544,farmer,1.5695833118111553,0.0089336809958682,-0.2272110687483926,-0.165780625200765,-0.2535365014675151,-0.023931059825284,0.0914158413322702,-0.0911123066779048,-0.0938469088901712,-0.0103955489472868
mistralai_Mistral-7B-v0.3,full_mixed_random_slopes,12496.681542941544,farmhand,0.679212381949146,-0.0949230212853503,-0.1570086159405443,-0.2124566848998803,-0.3911704174090677,-0.0491326295536231,0.0156508988340082,0.0672514189046184,0.015635276208402,-0.147800316441686
mistralai_Mistral-7B-v0.3,full_mixed_random_slopes,12496.681542941544,fisherman,2.445376675456708,-0.0439970358179228,-0.1807881531140755,-0.2545557969004023,-0.5639352206978933,-0.0838616756469595,0.0458100058536667,0.0174128752522071,-0.0724880509955778,-0.1310164567333533
mistralai_Mistral-7B-v0.3,full_mixed_random_slopes,12496.681542941544,hairdresser,-1.6860976002265868,-0.0500437810076713,0.1561238295823662,0.1032108947588619,0.33806647666018,-0.0156939002285195,-0.074408500844575,-0.0926661345817427,0.1445956431598425,-0.0055221966838757
mistralai_Mistral-7B-v0.3,full_mixed_random_slopes,12496.681542941544,hawker,0.0115518235664517,-0.1276635307709655,-0.0866765661011595,-0.205001437521307,-0.1497979336067192,-0.1422206281701953,0.0735484623766816,0.3455841797834177,0.0633564198022811,-0.0219701860306541
mistralai_Mistral-7B-v0.3,full_mixed_random_slopes,12496.681542941544,housekeeper,-2.8824561065677337,-0.0598214119745165,0.1123059005066693,0.0730557137108073,0.1168650638848261,0.0617430764751537,-0.1560934429455098,-0.0579983426968862,0.1864833056862937,-0.0631812291079298
mistralai_Mistral-7B-v0.3,full_mixed_random_slopes,12496.681542941544,manager,0.1296399169639241,-0.0138751054713886,0.0214246106142868,0.0404910686442641,0.1106154251766872,0.0074206796187623,0.0232349500254722,-0.0036225584163215,-0.0265022420892212,-0.0001199431402821
mistralai_Mistral-7B-v0.3,full_mixed_random_slopes,12496.681542941544,midwife,-4.372312311217366,0.0149867447160569,0.2264437521925197,0.249314818194785,0.0230930281422073,0.2446918279276228,-0.2067211325001372,0.1378414167368631,0.2249849452058031,-0.0466210847663483
mistralai_Mistral-7B-v0.3,full_mixed_random_slopes,12496.681542941544,molder,0.2720700689194018,0.0477050350773459,0.0335707608964135,0.0891858876491062,0.1401188791916336,0.0368219878803726,0.037372580389315,-0.1639250832702542,-0.0034237648999652,0.0611400955604702
mistralai_Mistral-7B-v0.3,full_mixed_random_slopes,12496.681542941544,nurse,-3.311742249737521,-0.0352724592525463,0.4640917025515,0.4019816345707969,0.3626668277922468,0.1760894969188743,-0.1211933727517555,0.0812350987556385,0.2847966329076887,-0.0381017386070699
mistralai_Mistral-7B-v0.3,full_mixed_random_slopes,12496.681542941544,paralegal,-1.7581019889149545,0.067803404080053,0.300922769227827,0.3106500333505355,0.5080265198321082,0.0776287674795084,-0.0942973827040262,-0.0431973692658872,0.0644359713067097,0.0931372601429647
mistralai_Mistral-7B-v0.3,full_mixed_random_slopes,12496.681542941544,programmer,0.8294581009264412,-0.1104337614992546,-0.0670681267614299,-0.0951966580986455,-0.2663935882457957,0.0035913766881703,0.0334638082654263,0.2503381473185183,-0.0935477710891526,-0.141234203625695
mistralai_Mistral-7B-v0.3,full_mixed_random_slopes,12496.681542941544,salesperson,-0.502918977256537,-0.0383665587823124,0.3702732413769765,0.3112302711638898,0.479036531030888,0.0453146945946419,-0.0581713227704826,-0.1210631215849478,0.0784261051360672,-0.0567152818001781
mistralai_Mistral-7B-v0.3,full_mixed_random_slopes,12496.681542941544,scientist,0.2991454144774008,0.0067074825427499,-0.0666971038824322,-0.1017045708562226,-0.2013968533916789,-0.0297426974452847,-0.0585608810980746,-0.1707355431967319,0.0388631638450804,-0.074888331783199
mistralai_Mistral-7B-v0.3,full_mixed_random_slopes,12496.681542941544,scrivener,1.883731231813046,0.1984246533642837,-0.4284197608937269,-0.1957686798307182,-0.41202823913894,0.0621236835206421,0.0907272475594635,-0.2560971019636885,-0.2345564089311893,0.142277768703817
mistralai_Mistral-7B-v0.3,full_mixed_random_slopes,12496.681542941544,secretary,-2.495522658466707,0.1640255890365878,-0.1758478385632345,-0.0873241370293301,-0.0593648366320292,0.0291211787611414,-0.0851948784824501,-0.0128421832652907,0.0812421869270693,0.2262218116534641
mistralai_Mistral-7B-v0.3,full_mixed_random_slopes,12496.681542941544,sergeant,1.0565614327431456,0.0908063910671356,-0.1832787269372233,-0.1205893287839092,-0.2168512331953436,-0.0129932944872226,0.0370148523028125,-0.1604243014181192,-0.0610739050400236,0.0641053718446306
mistralai_Mistral-7B-v0.3,full_mixed_random_slopes,12496.681542941544,soldier,1.3725401613010608,0.0092054572487322,-0.2170646791590514,-0.1548252601597256,-0.0117551129594419,-0.0873551642340901,0.1242919626554179,0.218604934605298,-0.2051318510490622,0.1005034600682206
mistralai_Mistral-7B-v0.3,full_mixed_random_slopes,12496.681542941544,solicitor,0.202215154647066,-0.0003721896047759,0.0077315339373992,0.014622463793887,0.0384800903262605,0.0078818570972528,-0.0228498366666088,-0.2334648048730856,0.0234156286817224,-0.0278699220255023
mistralai_Mistral-7B-v0.3,full_mixed_random_slopes,12496.681542941544,teacher,-1.1865145056398465,-0.0255285040124478,0.1247287059687707,0.1302183876028181,0.2707987208980006,0.0373345220317296,-0.0325605945074528,-0.0817645417098066,0.0794066829125492,0.003995081153221
mistralai_Mistral-7B-v0.3,full_mixed_random_slopes,12496.681542941544,tradesperson,0.0652926451509114,0.0162936350825845,0.3238280913607966,0.3248863001710723,0.4815969376970326,0.0641136140255727,-0.0072063278385955,0.0127096365173655,-0.044347751823017,0.0260221544846744
mistralai_Mistral-7B-v0.3,full_mixed_random_slopes,12496.681542941544,welder,1.169939325529647,-0.0257310208446117,0.1127943730786232,0.0841852552983555,0.0570430719582062,-0.001348251012102,0.0394462549014829,0.0472801349767707,-0.0616724909998677,-0.0446252892560673
tiiuae_Falcon3-10B-Base,full_mixed_random_slopes,22236.793836270343,CEO,-0.2013601779954457,-0.0290830647044947,0.0345938373626291,-0.0202673107006813,-0.0537028843529502,-0.0279708403417035,-0.0109607504402963,0.0902107916977457,0.048476374407771,-0.0395569315716437
tiiuae_Falcon3-10B-Base,full_mixed_random_slopes,22236.793836270343,accountant,0.424258651352736,0.0416849744234661,-0.0984739109769384,-0.034237855996471,0.0045352565248398,0.0214850260854837,-0.0542907632080126,0.0994716724892853,-0.0977641910436125,0.0007867069854745
tiiuae_Falcon3-10B-Base,full_mixed_random_slopes,22236.793836270343,administrator,-0.4662742048140047,0.0212338898457873,0.3043194356682451,0.2626730871891266,0.6159794899128497,0.0433694844225269,-0.0031263796389849,0.1496036851692327,-0.0586981065241863,0.0246205022971923
tiiuae_Falcon3-10B-Base,full_mixed_random_slopes,22236.793836270343,agronomist,-0.7183471772348913,-0.061555108530662,0.0402807466754539,-0.0374566880577038,-0.0465666130520266,-0.0280403163055856,0.0200299218680166,0.3668332940144739,0.1332816599320975,-0.0311036795794824
tiiuae_Falcon3-10B-Base,full_mixed_random_slopes,22236.793836270343,bodyguard,0.8828203558002645,0.0684754252780131,-0.1369007752724385,-0.0479254243284609,-0.0885070603607741,0.031303445108955,-0.0373938011299346,0.1351375507129306,-0.1445463301406118,0.0437492017919158
tiiuae_Falcon3-10B-Base,full_mixed_random_slopes,22236.793836270343,bookbinder,0.5623086827748032,0.0285911135302451,-0.2726802582909501,-0.2328653380037829,-0.4076166722566542,-0.013022628793942,0.0174861165863884,0.0011063782427089,-0.0636397086683873,0.0160032597517678
tiiuae_Falcon3-10B-Base,full_mixed_random_slopes,22236.793836270343,builder,1.5897289297189874,0.0001401915467785,-0.3978908800692233,-0.2703232918409352,-0.4142578431867442,-0.0346722618845983,0.0387011682253661,-0.2851197173766073,-0.1195466238095803,-0.017675451544977
tiiuae_Falcon3-10B-Base,full_mixed_random_slopes,22236.793836270343,cashier,-0.9640760681593892,0.0303213898944074,0.1244558216481297,0.0981016525398889,0.0610341576783093,0.0265047590065511,-0.0295030158763516,-0.3126514216862812,0.0527061548734463,0.0407575667641507
tiiuae_Falcon3-10B-Base,full_mixed_random_slopes,22236.793836270343,chauffeur,1.9376581362260368,0.0129339445265984,-0.2621421489222563,-0.1417278527472586,-0.3510861030245154,-0.0115557231320408,0.0142293917726396,-0.2138209506301084,-0.099905564890482,-0.030920696745675
tiiuae_Falcon3-10B-Base,full_mixed_random_slopes,22236.793836270343,colonel,2.013571444972196,0.0233274386167623,-0.1348298424244703,-0.0138570251893113,-0.2374479612056138,0.0128212995447831,0.0862602870493656,-0.1549221943181454,-0.0704961236593402,0.0199276163289009
tiiuae_Falcon3-10B-Base,full_mixed_random_slopes,22236.793836270343,doctor,-0.0469832601244641,-0.0183166766378053,-0.0655876457996211,-0.0713084978098672,-0.2073412339521431,-0.0197283511768375,0.0102101110729915,0.3050880598209404,0.0700286841213354,-0.0164978846285626
tiiuae_Falcon3-10B-Base,full_mixed_random_slopes,22236.793836270343,electrician,1.1763532414119755,-0.0410247768593022,-0.1821216196633842,-0.1582805955436614,-0.2571865367109095,-0.043486740568553,0.0236142227350663,-0.1087654814545436,-0.0303697311647468,-0.0696549139944935
tiiuae_Falcon3-10B-Base,full_mixed_random_slopes,22236.793836270343,farmer,2.02578979056175,-0.0461130564295854,-0.1316130294021267,-0.0323499559851825,0.1360352253004046,-0.0147300901659292,0.0964899378185973,-0.1702665642301469,-0.1354943762552206,-0.0236986111577849
tiiuae_Falcon3-10B-Base,full_mixed_random_slopes,22236.793836270343,farmhand,0.9613676579125352,-0.0740622858799612,0.0863234309240426,0.0616962697184315,0.1934751531519258,-0.0272785788064298,0.1152151669646557,0.0339465352299268,0.0051731308923568,-0.0388155032332892
tiiuae_Falcon3-10B-Base,full_mixed_random_slopes,22236.793836270343,fisherman,2.877921049866941,-0.1123332987661435,-0.1098896320737445,-0.0335301969189757,0.0129404884127655,-0.0462677825150606,0.2154602108521359,-0.1452235429327437,-0.0546191863806789,-0.0428129215092908
tiiuae_Falcon3-10B-Base,full_mixed_random_slopes,22236.793836270343,hairdresser,-0.4515206229736456,0.0720177174747304,-0.0665159639757331,-0.0344369136128362,-0.1332905063860773,0.0307549615360755,-0.0710468001041647,-0.4185878110197371,-0.0363009943510196,0.0164663286015654
tiiuae_Falcon3-10B-Base,full_mixed_random_slopes,22236.793836270343,hawker,0.6259965390144604,-0.0170672202806597,0.2043682061034978,0.2145935134063654,0.4695407584963138,0.0341964904527796,-0.0293624226961301,-0.4086640305911871,-0.0517604910863863,-0.0617449940329994
tiiuae_Falcon3-10B-Base,full_mixed_random_slopes,22236.793836270343,housekeeper,-3.199334846071098,-0.0377600689858192,0.1625354222517137,-0.016917331220527,0.0387406878440712,-0.0553099332327153,-0.0006626247919983,0.1338003141575898,0.1740109607904192,0.1048115660535884
tiiuae_Falcon3-10B-Base,full_mixed_random_slopes,22236.793836270343,manager,-0.5764908150411798,-0.0398841968653789,0.2593981728557954,0.1562354922665169,0.1875916749585862,-0.0032640768198481,-0.0072749093844779,0.1025702717325263,0.1122276946580312,-0.0371126134455329
tiiuae_Falcon3-10B-Base,full_mixed_random_slopes,22236.793836270343,midwife,-4.1888555099188425,-0.1013447596900877,0.1758107397513555,-0.0997093566483578,-0.0234540013890521,-0.058936087732053,-0.0590410601991138,0.6064268293152932,0.3492622401618024,-0.0165602910857171
tiiuae_Falcon3-10B-Base,full_mixed_random_slopes,22236.793836270343,molder,-0.3939177612613415,0.0140247389324736,0.1484879980808091,0.1266631802892907,0.1666966295289022,0.0113059066914975,-0.0213132159309475,0.4507231448513574,0.022012547573752,0.0204951460583748
tiiuae_Falcon3-10B-Base,full_mixed_random_slopes,22236.793836270343,nurse,-2.698984469912104,-0.0112437537870093,0.1148471219081688,-0.0306225985516381,-0.0529523094697768,-0.0160641255819388,-0.083932397398605,-0.2346033811453605,0.1646415338623662,0.0173912496962442
tiiuae_Falcon3-10B-Base,full_mixed_random_slopes,22236.793836270343,paralegal,-0.8674666337825963,0.0457305791349754,0.1431527167212144,0.1391037930533889,0.207287927241396,0.0366154939180948,-0.0405456943320106,-0.0024007273687098,0.0011376141539691,0.0587764342526232
tiiuae_Falcon3-10B-Base,full_mixed_random_slopes,22236.793836270343,programmer,-0.0397108892651769,-0.0639909095353357,0.1011719809967608,0.0192343412274981,0.0854671525905479,-0.0324965190476869,-0.0174519643140963,0.2746188564249746,0.0655280112593585,-0.0895451599143766
tiiuae_Falcon3-10B-Base,full_mixed_random_slopes,22236.793836270343,salesperson,-0.2210093684535878,-0.0039494553604282,0.1432766062276524,0.1230673698466319,0.1780168536059686,0.0205276253894317,-0.0287479934037714,0.0236005586853298,0.0423219486607148,-0.033216772563053
tiiuae_Falcon3-10B-Base,full_mixed_random_slopes,22236.793836270343,scientist,-0.0514683050728719,0.022263796225036,-0.0107446704115239,0.0058598239755163,-0.1748963413994955,-0.0097536642546557,-0.0314971804358726,0.0857803843479997,0.0322922642125067,-0.0054826900433167
tiiuae_Falcon3-10B-Base,full_mixed_random_slopes,22236.793836270343,scrivener,-0.2137374990222447,0.0890868669186261,-0.2861730570437751,-0.190414005368173,-0.364588012411719,0.0197601655969754,-0.0337595442742572,-0.6899972040866067,-0.0963958701442811,0.0762609859524581
tiiuae_Falcon3-10B-Base,full_mixed_random_slopes,22236.793836270343,secretary,-2.141388371543469,0.0801733034008728,0.011277658458153,-0.0266310615285102,-0.0625213538182729,0.0134308104871114,-0.1059145087763853,0.1078010170414346,-0.0184841667903712,0.1700858897830134
tiiuae_Falcon3-10B-Base,full_mixed_random_slopes,22236.793836270343,sergeant,0.9860238501183504,0.0398748363424975,-0.1080365561738959,-0.0355492327581219,-0.0263501473491374,0.0303703368350424,0.0749962799851985,0.0803737729804102,-0.076394485815113,-0.0125165173075798
tiiuae_Falcon3-10B-Base,full_mixed_random_slopes,22236.793836270343,soldier,1.603290288054714,-0.0115902364075858,0.1306701679603779,0.1958406986995511,0.3556817552672477,0.0403880926716997,0.1071760688016102,0.218880485449399,-0.0674380039029503,0.0150259193542825
tiiuae_Falcon3-10B-Base,full_mixed_random_slopes,22236.793836270343,solicitor,0.5932984483016758,0.0798404233445589,-0.117859307057236,-0.0366472389580836,-0.0410632077440327,0.0677284232940629,-0.0172165038820199,-0.2968354629395984,-0.1048670281413238,0.0045832551204868
tiiuae_Falcon3-10B-Base,full_mixed_random_slopes,22236.793836270343,teacher,-1.0443970434324714,0.0234152671643547,0.124736973642525,0.0981596321455474,0.2636282592483485,0.0302573198678503,-0.0657582535507504,-0.0300739654859304,0.0068815907994208,0.0040218734757231
tiiuae_Falcon3-10B-Base,full_mixed_random_slopes,22236.793836270343,tradesperson,-0.8189424365972476,-0.0044984063008993,0.2620595665011138,0.2039589750765562,0.2732493912495974,0.0065731433854396,-0.0680324392414754,0.3386035274651463,0.0669769765310722,-0.0058968106593528
tiiuae_Falcon3-10B-Base,full_mixed_random_slopes,22236.793836270343,welder,1.0438783948037442,-0.0193186215791947,-0.1903073061935498,-0.1401300576680577,-0.3070720729473046,-0.0348150639342301,-0.0030366607155546,-0.1326446745750139,-0.0202384041336382,-0.0609510592537696
tiiuae_Falcon3-3B-Base,full_mixed_random_slopes,4073.911093013099,CEO,0.2115782255928233,-0.0412157088378776,-0.0483457412791063,-0.0664155526335972,-0.0131766427991202,-0.0178970835204416,0.0563369949817798,-0.2639226851403869,0.0212592574338473,-0.0409229188509801
tiiuae_Falcon3-3B-Base,full_mixed_random_slopes,4073.911093013099,accountant,0.368994304120902,-0.0616591577841175,-0.0744875620489599,-0.0976598290071133,-0.02487677584683,-0.0188479635710859,-0.0237422231684047,-0.203479065262821,0.004324194137068,0.0005991674229393
tiiuae_Falcon3-3B-Base,full_mixed_random_slopes,4073.911093013099,administrator,-0.3730289017792367,-0.0613443298580298,0.0928781947179617,0.0561903336502849,0.1772178629059655,-0.012553091089473,-7.933177407283033e-05,-0.0567525457602046,0.0246233225406167,0.0476017418170714
tiiuae_Falcon3-3B-Base,full_mixed_random_slopes,4073.911093013099,agronomist,-0.8724624427558023,0.0254353826210016,0.0548684998952607,0.0693810029205468,0.055127094253193,0.0123446762224357,0.0112218780219172,0.07766278100979,0.0388057441214256,0.0109629329696639
tiiuae_Falcon3-3B-Base,full_mixed_random_slopes,4073.911093013099,bodyguard,1.551864143381752,-0.0584433380746982,0.0384706674440168,-0.0003838759525281,0.0166807472446529,-0.030034255212998,-0.0242511818293859,-0.128036494397345,-0.0618833663254816,-0.0195842201476956
tiiuae_Falcon3-3B-Base,full_mixed_random_slopes,4073.911093013099,bookbinder,-0.2275483831116906,-0.0017602038424742,-0.1270708792160995,-0.1178504002631364,-0.0590453823834351,0.0085123747324241,-0.0030165969088696,0.085419681703072,0.0176504563441416,0.0165533922433578
tiiuae_Falcon3-3B-Base,full_mixed_random_slopes,4073.911093013099,builder,0.7582091704220368,0.024753380639957,-0.146232816543919,-0.1267230939170263,-0.0214691692518425,0.0268238148971101,-0.0187222523367224,0.0146876946701611,-0.0744902361559463,-0.0065875546084472
tiiuae_Falcon3-3B-Base,full_mixed_random_slopes,4073.911093013099,cashier,-0.8031148777353363,-0.0398389798785077,0.0843492025476525,0.0662320596883164,-0.0452904503302171,-0.0274147951025971,-0.0446439046177101,-0.1707739148326246,0.0616919265160964,0.0619951653572099
tiiuae_Falcon3-3B-Base,full_mixed_random_slopes,4073.911093013099,chauffeur,1.400800112340373,-0.0061790379151447,-0.0922609951116894,-0.0938416903444093,-0.1301134799329546,-0.011094303303033,-0.0111713320090814,0.0233169800282397,-0.0519373605759924,-0.0406010270749734
tiiuae_Falcon3-3B-Base,full_mixed_random_slopes,4073.911093013099,colonel,1.520060019858147,-0.0022587517972909,-0.0870439902934079,-0.0854591790132605,-0.2103024695682247,-0.0153510547038796,-0.0683809590964492,-0.3361851118521497,-0.0938545299401879,-0.0403691621879268
tiiuae_Falcon3-3B-Base,full_mixed_random_slopes,4073.911093013099,doctor,0.1386264189438107,0.0288930626532633,-0.0590824652812942,-0.0403975325447598,-0.0858056551324518,0.0073428881598618,-0.0065651604469497,0.1561075596065519,-0.0025572456370105,-0.0307806946842141
tiiuae_Falcon3-3B-Base,full_mixed_random_slopes,4073.911093013099,electrician,1.316947629549175,-0.0095808874579902,-0.0781652458374902,-0.0845850018584221,-0.1268288303090255,-0.0142721677582359,-0.0139514947506356,0.0967513336729248,-0.0467216991835001,-0.1060232080871899
tiiuae_Falcon3-3B-Base,full_mixed_random_slopes,4073.911093013099,farmer,1.508108292978513,0.0663484550667854,-0.1416306954319209,-0.1077855231074612,-0.1081151927459362,0.0277775863849949,0.0172684762972046,0.1574945993414213,-0.1052797385608957,-0.0828978911647427
tiiuae_Falcon3-3B-Base,full_mixed_random_slopes,4073.911093013099,farmhand,1.1992377720233311,0.0372971858081131,-0.1124203005006181,-0.0912478826028378,-0.1150200256963198,0.0158807453431104,-0.0063073963751025,0.006499557635489,-0.0868369143313177,-0.0373437792937708
tiiuae_Falcon3-3B-Base,full_mixed_random_slopes,4073.911093013099,fisherman,1.9689027386597264,-0.0375905268587353,0.0466098498604382,0.0104220221121403,0.0682175985096448,-0.0260245026747815,0.0433650233004759,0.5213686127363325,-0.0336214098171806,-0.0695469510910918
tiiuae_Falcon3-3B-Base,full_mixed_random_slopes,4073.911093013099,hairdresser,-0.9572345287780468,0.0282564860300633,-0.0596796520995067,-0.0298925086013751,-0.1692055772725078,-0.0006287662736696,0.029928339251586,0.1198305066021757,0.0950099318360792,0.0010818752273067
tiiuae_Falcon3-3B-Base,full_mixed_random_slopes,4073.911093013099,hawker,0.2490871386353943,-0.006063911225823,0.0413675800705812,0.0302696047425294,0.1058707053200197,0.0017830050221236,0.0431694204177339,-0.0912073809784417,-0.0214420471680552,-0.002752981778415
tiiuae_Falcon3-3B-Base,full_mixed_random_slopes,4073.911093013099,housekeeper,-3.201607500127202,0.1627926202497842,0.0989531199636988,0.1933957492134708,-0.0910030438941884,0.0530008052516979,0.0673352943970228,-0.0673203220547311,0.1156567528042469,0.0317192426583065
tiiuae_Falcon3-3B-Base,full_mixed_random_slopes,4073.911093013099,manager,-0.1431452051514414,-0.03352856783163,0.0722403991921273,0.0485183365148271,0.1525045777620323,-0.0076227436644966,-0.0077135326671789,0.1025193508566967,0.0170930091228808,0.0282128689485536
tiiuae_Falcon3-3B-Base,full_mixed_random_slopes,4073.911093013099,midwife,-3.0238242830626505,0.1243163638180667,0.0831499855529702,0.1605695970170298,-0.0894061079385268,0.0454030176182054,-0.0455030014447708,-0.0410871977108306,0.088317863229556,0.0489369470014954
tiiuae_Falcon3-3B-Base,full_mixed_random_slopes,4073.911093013099,molder,0.182012365793633,0.0041602380615346,0.0063625154011644,0.0073250339786277,0.0324325431778032,0.0044543672474485,-0.0272009574281214,-0.0674344136242559,-0.0287445272923369,0.0008102133848554
tiiuae_Falcon3-3B-Base,full_mixed_random_slopes,4073.911093013099,nurse,-2.973007084095008,0.0588190247927148,0.2310917825408486,0.2549825183083973,0.2064381119802175,0.0274461007248168,0.1447098138157638,-0.1414797532216722,0.1286934427067529,0.0673932309443431
tiiuae_Falcon3-3B-Base,full_mixed_random_slopes,4073.911093013099,paralegal,-0.8795738889602042,-0.0862518078612298,0.1526050753799834,0.0968352495616804,0.3458120555202442,-0.015588017970663,0.0352486313504047,-0.1214598501745237,0.0542427556270896,0.0482561233432952
tiiuae_Falcon3-3B-Base,full_mixed_random_slopes,4073.911093013099,programmer,0.1943034480742801,-0.0548991022771604,-0.0184504364522778,-0.0495013275628564,0.1479632174761539,-0.009282261496536,0.0271317999474517,-0.1648310720687655,-0.000966236529469,-0.0198469515918115
tiiuae_Falcon3-3B-Base,full_mixed_random_slopes,4073.911093013099,salesperson,-0.1209643409814587,-0.0220187943117937,0.0440366774800096,0.0272431250168441,0.1001886743924816,-0.0039885702170462,-0.0255521315166437,0.1533164700067212,0.0071847096752711,0.0274729038542151
tiiuae_Falcon3-3B-Base,full_mixed_random_slopes,4073.911093013099,scientist,-0.0287117195152095,0.0519960254104565,-0.0429147952043388,-0.0124136654631906,-0.1145901439817311,0.0111846525761985,-0.0012633561115279,-0.1205842957569931,-0.016666697928733,-0.0473272926959561
tiiuae_Falcon3-3B-Base,full_mixed_random_slopes,4073.911093013099,scrivener,-0.4631768420898927,-0.0173639338813737,0.0386795172126507,0.0327838226505296,-0.1384611048941602,-0.0251937185704123,-0.0080705249159684,-0.0388155452528359,0.0598531759295039,0.0182415032386452
tiiuae_Falcon3-3B-Base,full_mixed_random_slopes,4073.911093013099,secretary,-1.72749531275553,0.0017511426635974,0.0217434911585003,0.0327553483404186,-0.1104119699494247,0.0002941514873375,-0.009332771122261,-0.243722318072487,0.0736787918191023,0.1548420178603275
tiiuae_Falcon3-3B-Base,full_mixed_random_slopes,4073.911093013099,sergeant,1.3315508785310295,0.0208827578227371,0.0145123548211616,0.0175551825404706,-0.0151623252686596,0.0056302747933534,-0.092738849740515,0.1230402781271802,-0.1068979749371735,-0.0242894234460918
tiiuae_Falcon3-3B-Base,full_mixed_random_slopes,4073.911093013099,soldier,1.6204318929138892,0.0027212131145007,0.0138835342483132,0.003206945190443,0.0750793596918135,0.0065841614888238,0.0156536180896865,0.4531020983539033,-0.0779463720454124,-0.0078691422021831
tiiuae_Falcon3-3B-Base,full_mixed_random_slopes,4073.911093013099,solicitor,0.3230298896981128,-0.0195153425119192,-0.1432255914455348,-0.1438450087803597,-0.1065986961881071,-0.0013353578606125,-0.0427507767192986,0.0164752860287938,-0.0144200886963216,0.00975005619165
tiiuae_Falcon3-3B-Base,full_mixed_random_slopes,4073.911093013099,teacher,-1.2021418204005498,-0.016718733718322,0.0624771427913402,0.0558357088441514,0.1297255414168649,0.0003807432961407,-0.0399935230717648,0.1925616137977332,0.0709884101206947,0.03195767322196
tiiuae_Falcon3-3B-Base,full_mixed_random_slopes,4073.911093013099,tradesperson,-0.0854126302615634,-0.0351457436498434,0.1104919071255359,0.0798336103130631,0.2637180580731751,0.0018147728452286,0.019174611096368,0.0404445146744594,-0.0098558420745267,0.032117838901285
tiiuae_Falcon3-3B-Base,full_mixed_random_slopes,4073.911093013099,welder,1.2387053199107785,-0.0270464791759971,-0.077760330653068,-0.0953331789447266,-0.1020931043386049,-0.0195294851001948,0.0104073570852537,-0.0835069526989032,-0.0449514567594629,-0.0617616956773557
tiiuae_Falcon3-7B-Base,full_mixed_random_slopes,22320.937202620058,CEO,-0.0825131378403254,-0.159525068267845,0.028583570176052,-0.1298310625215168,-0.0425847000998773,-0.1541129629772129,-0.0306171092259791,0.1524744796842108,0.0830435469644844,-0.0834588199501781
tiiuae_Falcon3-7B-Base,full_mixed_random_slopes,22320.937202620058,accountant,0.37343513238247,0.0105989202661994,0.0065296397137459,0.0632053189977057,0.1903987354390939,0.0356201712995909,-0.0428666250768808,-0.0544011943799435,-0.0569295649331863,0.0152709264004399
tiiuae_Falcon3-7B-Base,full_mixed_random_slopes,22320.937202620058,administrator,-0.2317322208597318,-0.1019016756837842,0.3211391154396523,0.2379649927541829,0.5123390838688346,0.0021948734004111,0.0229437211371966,-0.0624400458787414,-0.066160696288417,-0.0043622852518438
tiiuae_Falcon3-7B-Base,full_mixed_random_slopes,22320.937202620058,agronomist,-0.3918429238204073,-0.010725324941899,-0.0416506004227449,-0.0749166049377569,-0.097714816208294,-0.0267047140282206,-0.0275512080963901,0.2885458471679787,0.0903212461179066,0.0114445703784956
tiiuae_Falcon3-7B-Base,full_mixed_random_slopes,22320.937202620058,bodyguard,0.8483088027742562,-0.0658516233526142,-0.2210524051548336,-0.2080965242970904,-0.1541911090259086,-0.0579838334471548,0.0383116664392477,0.2824170750081498,-0.1078887708466126,-0.0310867519565817
tiiuae_Falcon3-7B-Base,full_mixed_random_slopes,22320.937202620058,bookbinder,0.0252820056662708,0.0853674011861143,-0.039137663201443,0.0416880751312157,-0.0427253270803991,0.060416238305563,-0.0326121348387093,0.1148704642871647,0.0508454485558626,0.0620628806608596
tiiuae_Falcon3-7B-Base,full_mixed_random_slopes,22320.937202620058,builder,1.3100377621178292,0.0565137458512045,-0.4507855536837006,-0.308170120742136,-0.5736694829979017,-0.0660694005884296,0.0388924760842437,-0.0441607436566608,-0.0959242857043362,0.0074591909513634
tiiuae_Falcon3-7B-Base,full_mixed_random_slopes,22320.937202620058,cashier,-0.8780760006664867,0.1180168293166209,0.1945329366297568,0.2439755181793788,0.2330094241633633,0.1141571683966053,-0.0324885327477223,-0.469462795657684,0.0189245300611384,0.0535880655372867
tiiuae_Falcon3-7B-Base,full_mixed_random_slopes,22320.937202620058,chauffeur,1.4814514858511676,-0.0018182279865258,-0.3927666857049172,-0.3067595684323279,-0.4931649427985488,-0.0922739922925075,0.020604906401801,0.0314471241020361,-0.0710435212914945,-0.0383373153908866
tiiuae_Falcon3-7B-Base,full_mixed_random_slopes,22320.937202620058,colonel,2.0897225838191664,-0.0258766715737598,-0.1455750079043202,0.0296855434552748,-0.2186097837727925,-0.022677951251295,0.1484309244212694,-0.103843088141536,-0.1656593093658779,0.0867666836353874
tiiuae_Falcon3-7B-Base,full_mixed_random_slopes,22320.937202620058,doctor,0.085704680433567,0.0217402223451889,-0.0910829968075083,-0.0895587651012452,-0.0631327460303633,0.0115360499108391,-0.0109087214957564,0.1357497568161281,-0.0128916421714617,-0.0332419002203162
tiiuae_Falcon3-7B-Base,full_mixed_random_slopes,22320.937202620058,electrician,1.3805213501946343,-0.1587336001535526,-0.2523107201956946,-0.3236328704703402,-0.4533036810940691,-0.1428662469978806,0.0971037891861413,0.0708856285052593,-0.0519656030326421,-0.1461548987134177
tiiuae_Falcon3-7B-Base,full_mixed_random_slopes,22320.937202620058,farmer,1.5914913448654329,-0.1184485268661658,-0.2501576482606265,-0.258327186128848,-0.4070353045505078,-0.1439357788178875,0.1183674564511073,0.1542313829372051,-0.104960125905473,-0.0628357457049963
tiiuae_Falcon3-7B-Base,full_mixed_random_slopes,22320.937202620058,farmhand,0.7684791018788539,-0.1632495027169239,-0.0697647029411661,-0.1570655216420605,-0.1270799494044007,-0.1382248855327389,0.119374001811161,0.0945307120682978,-0.1272103280168807,-0.0653826749194031
tiiuae_Falcon3-7B-Base,full_mixed_random_slopes,22320.937202620058,fisherman,2.688145639324314,-0.2050064838012446,-0.2604305516314612,-0.2950832548155023,-0.5283067578006339,-0.1479644216920423,0.1929705849813392,0.1826420895772232,-0.1135290121178759,-0.1522110684931989
tiiuae_Falcon3-7B-Base,full_mixed_random_slopes,22320.937202620058,hairdresser,-1.1657174447749696,0.1811806003911457,0.1091018077936281,0.1632895213990168,0.2626476434442019,0.1704552896578416,-0.1098354871918888,-0.2269553383296804,0.0477135806552362,0.0221495801807421
tiiuae_Falcon3-7B-Base,full_mixed_random_slopes,22320.937202620058,hawker,0.9414541049793216,-0.0570418375129841,-0.047199024885846,-0.036350145585742,0.0001101366829632,-0.0356200915073593,-0.0138765321943834,-0.4827327782807763,-0.0792508939882885,-0.0930082567661199
tiiuae_Falcon3-7B-Base,full_mixed_random_slopes,22320.937202620058,housekeeper,-3.323787308598296,0.2607779636549483,0.0792647333661215,0.0738169237433404,0.0157008274302203,0.0753798102681872,-0.1152278370616587,0.2156728303380417,0.1932266923394736,0.1867459690769982
tiiuae_Falcon3-7B-Base,full_mixed_random_slopes,22320.937202620058,manager,-0.4282559953937523,-0.066765205090908,0.2301883613762637,0.1241711199730687,0.1958188424429173,-0.0088015298325771,-0.0224543808155635,-0.1614384251746542,0.0846410299486812,-0.0554793748924956
tiiuae_Falcon3-7B-Base,full_mixed_random_slopes,22320.937202620058,midwife,-3.1125720491758293,0.162663327594479,0.3208268464279165,0.2746403032088585,0.3045903154239792,0.1411351648952281,-0.1136157442225453,-0.2396700527246264,0.2085666427371051,0.115244021350914
tiiuae_Falcon3-7B-Base,full_mixed_random_slopes,22320.937202620058,molder,-0.0871829606025619,-0.1269127608553028,0.1885119506900864,0.067715704389755,0.1436606633847987,-0.0573965072222614,0.0536235562519329,0.1310461469023535,0.0225792295933939,-0.0363958932687467
tiiuae_Falcon3-7B-Base,full_mixed_random_slopes,22320.937202620058,nurse,-2.883257288717472,0.087813864925697,0.3319691227201548,0.2130673695129471,0.155573365983711,0.0776520734789721,-0.0142296542701738,-0.0037980656420763,0.2053568192957953,0.0923446491919196
tiiuae_Falcon3-7B-Base,full_mixed_random_slopes,22320.937202620058,paralegal,-0.9763797897506432,0.115213123141588,0.2792785987354833,0.3321124491432933,0.5172514363423484,0.1298759264734467,-0.0985270379235166,-0.1472422552290272,0.0288980009084131,0.1020257929005023
tiiuae_Falcon3-7B-Base,full_mixed_random_slopes,22320.937202620058,programmer,0.2143577040583739,-0.2209901446765131,0.1113010946253467,-0.0862181759436186,0.0718250634369203,-0.111245796870218,0.0318468303793277,0.3579592281126247,0.0518018551745273,-0.1247368641585214
tiiuae_Falcon3-7B-Base,full_mixed_random_slopes,22320.937202620058,salesperson,-0.1778141080990409,-0.0582114747008512,0.1754815945362028,0.1087354686361557,0.1649137397307434,-0.020493283262509,-0.0468973233672077,-0.1689187473906176,0.0846295572738975,-0.0341009278439285
tiiuae_Falcon3-7B-Base,full_mixed_random_slopes,22320.937202620058,scientist,-0.1267514814228506,0.0034690812650471,-0.0239301936547693,-0.0345695099327264,-0.0160135989507864,-0.0289216065470062,-0.0772231714991679,-0.1232328752564858,0.0596010896495599,-0.0227709692163252
tiiuae_Falcon3-7B-Base,full_mixed_random_slopes,22320.937202620058,scrivener,-0.02140977547194,0.1896973617914423,-0.1550649502248459,0.0009154513675673,-0.0869394865694355,0.126946668910118,-0.0278668898254517,-0.170950805074475,-0.0609416760513286,0.0562038493889551
tiiuae_Falcon3-7B-Base,full_mixed_random_slopes,22320.937202620058,secretary,-2.1233939650227267,0.3192681377129934,0.1646276433911455,0.3491546661734638,0.3533651023334042,0.2667298752443847,-0.1222479801411222,0.0052523858161403,0.0973714033497173,0.2469462215921476
tiiuae_Falcon3-7B-Base,full_mixed_random_slopes,22320.937202620058,sergeant,1.4580242848541356,-0.0311835441522296,-0.2585265402125303,-0.2073708493599588,-0.3358786308592698,-0.0439155351439874,0.1127634320888886,0.0522908245231354,-0.1463068235777874,-0.0600406016768167
tiiuae_Falcon3-7B-Base,full_mixed_random_slopes,22320.937202620058,soldier,1.5170740235846276,-0.040316189650469,-0.1176248179003629,-0.0622990976644073,-0.1360788756543333,-0.0181476154148216,0.1175698170102653,0.3792926565072761,-0.1157394487696402,0.0052716359914072
tiiuae_Falcon3-7B-Base,full_mixed_random_slopes,22320.937202620058,solicitor,0.0740295410979718,0.0801683195960718,-0.0686161574244462,-0.0020385736481555,0.093119402636779,0.1004297575005436,-0.0538492423997766,0.1181577418160657,-0.0230973294322342,-0.0044727126564284
tiiuae_Falcon3-7B-Base,full_mixed_random_slopes,22320.937202620058,teacher,-1.2479911701447848,0.1020145912913647,0.2883270828191399,0.3216245787557987,0.5374873116650869,0.1216415026911652,-0.1265773644882916,-0.4443830110142417,0.0302039356769164,0.0648965587824972
tiiuae_Falcon3-7B-Base,full_mixed_random_slopes,22320.937202620058,tradesperson,-0.5509102343437413,-0.0309978766379461,0.204417413589864,0.1505768655406248,0.2421347872470009,-0.0023562218592872,-0.0212360416329275,-0.0476158153730581,0.0472145994509805,0.0185313393661534
tiiuae_Falcon3-7B-Base,full_mixed_random_slopes,22320.937202620058,welder,0.9620683068480058,-0.1509477517102684,-0.1484052918222287,-0.216052039141037,-0.2175166887627101,-0.1144581951489088,0.027905855872426,0.1837796630360094,-0.0054401762610707,-0.0988748743070881
