target_model,best_model_name,best_model_aic,term,coef,std_err,z,p_value,ci_low,ci_high,random_effect_variance_semantic_role,random_effect_variance_syntactic_role,random_effect_variance_valence,random_effect_variance_dominance
EleutherAI_pythia-12b-deduped,full_mixed_random_slopes,17158.934796851536,Intercept,1.0851500301770822,0.2990872708886421,3.628205329343861,0.0002853982463754,0.4989497510009687,1.6713503093531958,0.018419795846001858,0.05428376384896603,0.001532681496878,0.0072125446956986
EleutherAI_pythia-12b-deduped,full_mixed_random_slopes,17158.934796851536,C(tense)[T.past perfect],0.1776436373156578,0.0242885539083659,7.31388282669519,2.595314770939497e-13,0.130038946418701,0.2252483282126146,0.018419795846001858,0.05428376384896603,0.001532681496878,0.0072125446956986
EleutherAI_pythia-12b-deduped,full_mixed_random_slopes,17158.934796851536,C(tense)[T.present continuous],0.1361482414518834,0.0242885539083659,5.6054486391216845,2.0771621331510733e-08,0.0885435505549266,0.1837529323488401,0.018419795846001858,0.05428376384896603,0.001532681496878,0.0072125446956986
EleutherAI_pythia-12b-deduped,full_mixed_random_slopes,17158.934796851536,C(tense)[T.present perfect],0.2767109015971922,0.0242885539083659,11.39264620862758,4.549593927358784e-30,0.2291062107002353,0.3243155924941491,0.018419795846001858,0.05428376384896603,0.001532681496878,0.0072125446956986
EleutherAI_pythia-12b-deduped,full_mixed_random_slopes,17158.934796851536,C(tense)[T.simple future],0.4786523019550836,0.0242885539083659,19.70690819061961,1.8811506495700748e-86,0.4310476110581267,0.5262569928520405,0.018419795846001858,0.05428376384896603,0.001532681496878,0.0072125446956986
EleutherAI_pythia-12b-deduped,full_mixed_random_slopes,17158.934796851536,C(tense)[T.simple past],0.1625336114464194,0.0242885539083659,6.691778030903523,2.2047512333428862e-11,0.1149289205494625,0.2101383023433764,0.018419795846001858,0.05428376384896603,0.001532681496878,0.0072125446956986
EleutherAI_pythia-12b-deduped,full_mixed_random_slopes,17158.934796851536,C(semantic_role)[T.patient],0.1158034867728388,0.0299285651497932,3.869329725405791,0.0001091349683472,0.0571445769702834,0.1744623965753941,0.018419795846001858,0.05428376384896603,0.001532681496878,0.0072125446956986
EleutherAI_pythia-12b-deduped,full_mixed_random_slopes,17158.934796851536,C(syntactic_role)[T.subject],0.0976142489839556,0.0441649363211221,2.21022053047252,0.0270898607931019,0.0110525644150513,0.18417593355286,0.018419795846001858,0.05428376384896603,0.001532681496878,0.0072125446956986
EleutherAI_pythia-12b-deduped,full_mixed_random_slopes,17158.934796851536,"C(valence, Treatment(reference='-val'))[T.+val]",0.1011961894282906,0.019975965011258,5.065897410776327,4.064807961816935e-07,0.0620440174497926,0.1403483614067886,0.018419795846001858,0.05428376384896603,0.001532681496878,0.0072125446956986
EleutherAI_pythia-12b-deduped,full_mixed_random_slopes,17158.934796851536,"C(dominance, Treatment(reference='-dom'))[T.+dom]",0.1314404498306097,0.0237927295217693,5.524395581026013,3.3062179405116327e-08,0.0848075568740389,0.1780733427871805,0.018419795846001858,0.05428376384896603,0.001532681496878,0.0072125446956986
EleutherAI_pythia-12b-deduped,full_mixed_random_slopes,17158.934796851536,C(tense)[T.past perfect]:C(semantic_role)[T.patient],-0.0425938334774797,0.0217243430457097,-1.9606500131147333,0.04991986391763,-0.085172763434864,-1.4903520095498056e-05,0.018419795846001858,0.05428376384896603,0.001532681496878,0.0072125446956986
EleutherAI_pythia-12b-deduped,full_mixed_random_slopes,17158.934796851536,C(tense)[T.present continuous]:C(semantic_role)[T.patient],-0.0023609627132368,0.0217243430457097,-0.1086782098896714,0.9134577254583468,-0.0449398926706211,0.0402179672441474,0.018419795846001858,0.05428376384896603,0.001532681496878,0.0072125446956986
EleutherAI_pythia-12b-deduped,full_mixed_random_slopes,17158.934796851536,C(tense)[T.present perfect]:C(semantic_role)[T.patient],-0.0357776566692731,0.0217243430457097,-1.6468924558038005,0.099580152840473,-0.0783565866266574,0.0068012732881111,0.018419795846001858,0.05428376384896603,0.001532681496878,0.0072125446956986
EleutherAI_pythia-12b-deduped,full_mixed_random_slopes,17158.934796851536,C(tense)[T.simple future]:C(semantic_role)[T.patient],-0.0502769068434716,0.0217243430457097,-2.314311955840735,0.0206506164464778,-0.0928558368008559,-0.0076979768860873,0.018419795846001858,0.05428376384896603,0.001532681496878,0.0072125446956986
EleutherAI_pythia-12b-deduped,full_mixed_random_slopes,17158.934796851536,C(tense)[T.simple past]:C(semantic_role)[T.patient],0.0054575560127865,0.0217243430457097,0.2512184603835166,0.8016452128051899,-0.0371213739445977,0.0480364859701708,0.018419795846001858,0.05428376384896603,0.001532681496878,0.0072125446956986
EleutherAI_pythia-12b-deduped,full_mixed_random_slopes,17158.934796851536,C(tense)[T.past perfect]:C(syntactic_role)[T.subject],-0.1369196728231413,0.0217243430457097,-6.30259209841472,2.927084999053342e-10,-0.1794986027805256,-0.0943407428657569,0.018419795846001858,0.05428376384896603,0.001532681496878,0.0072125446956986
EleutherAI_pythia-12b-deduped,full_mixed_random_slopes,17158.934796851536,C(tense)[T.present continuous]:C(syntactic_role)[T.subject],-0.0678552509468693,0.0217243430457097,-3.12346618740536,0.0017873440040729,-0.1104341809042536,-0.0252763209894849,0.018419795846001858,0.05428376384896603,0.001532681496878,0.0072125446956986
EleutherAI_pythia-12b-deduped,full_mixed_random_slopes,17158.934796851536,C(tense)[T.present perfect]:C(syntactic_role)[T.subject],-0.1517599675075065,0.0217243430457097,-6.985710324505147,2.8341831855226605e-12,-0.1943388974648909,-0.1091810375501221,0.018419795846001858,0.05428376384896603,0.001532681496878,0.0072125446956986
EleutherAI_pythia-12b-deduped,full_mixed_random_slopes,17158.934796851536,C(tense)[T.simple future]:C(syntactic_role)[T.subject],-0.0435222451112855,0.0217243430457098,-2.0033860181507515,0.045135871042077,-0.0861011750686699,-0.0009433151539011,0.018419795846001858,0.05428376384896603,0.001532681496878,0.0072125446956986
EleutherAI_pythia-12b-deduped,full_mixed_random_slopes,17158.934796851536,C(tense)[T.simple past]:C(syntactic_role)[T.subject],-0.1164246636121413,0.0217243430457098,-5.359179946991921,8.360055431647085e-08,-0.1590035935695258,-0.0738457336547569,0.018419795846001858,0.05428376384896603,0.001532681496878,0.0072125446956986
EleutherAI_pythia-12b-deduped,full_mixed_random_slopes,17158.934796851536,"C(tense)[T.past perfect]:C(valence, Treatment(reference='-val'))[T.+val]",0.0027252450862713,0.0217243430457097,0.125446605245426,0.9001699938457273,-0.0398536848711129,0.0453041750436557,0.018419795846001858,0.05428376384896603,0.001532681496878,0.0072125446956986
EleutherAI_pythia-12b-deduped,full_mixed_random_slopes,17158.934796851536,"C(tense)[T.present continuous]:C(valence, Treatment(reference='-val'))[T.+val]",0.0013019023499086,0.0217243430457097,0.0599282724991635,0.9522127621583474,-0.0412770276074757,0.0438808323072929,0.018419795846001858,0.05428376384896603,0.001532681496878,0.0072125446956986
EleutherAI_pythia-12b-deduped,full_mixed_random_slopes,17158.934796851536,"C(tense)[T.present perfect]:C(valence, Treatment(reference='-val'))[T.+val]",-0.0761129690139025,0.0217243430457097,-3.503579779317361,0.0004590491268568,-0.1186918989712868,-0.0335340390565181,0.018419795846001858,0.05428376384896603,0.001532681496878,0.0072125446956986
EleutherAI_pythia-12b-deduped,full_mixed_random_slopes,17158.934796851536,"C(tense)[T.simple future]:C(valence, Treatment(reference='-val'))[T.+val]",-0.0114450831366829,0.0217243430457097,-0.5268321860229143,0.5983101296280567,-0.0540240130940673,0.0311338468207013,0.018419795846001858,0.05428376384896603,0.001532681496878,0.0072125446956986
EleutherAI_pythia-12b-deduped,full_mixed_random_slopes,17158.934796851536,"C(tense)[T.simple past]:C(valence, Treatment(reference='-val'))[T.+val]",-0.0510549040818975,0.0217243430457097,-2.350124189001889,0.0187671483324879,-0.0936338340392818,-0.0084759741245131,0.018419795846001858,0.05428376384896603,0.001532681496878,0.0072125446956986
EleutherAI_pythia-12b-deduped,full_mixed_random_slopes,17158.934796851536,"C(tense)[T.past perfect]:C(dominance, Treatment(reference='-dom'))[T.+dom]",0.0046914435447137,0.0217243430457097,0.2159532987875676,0.8290241507333755,-0.0378874864126705,0.0472703735020981,0.018419795846001858,0.05428376384896603,0.001532681496878,0.0072125446956986
EleutherAI_pythia-12b-deduped,full_mixed_random_slopes,17158.934796851536,"C(tense)[T.present continuous]:C(dominance, Treatment(reference='-dom'))[T.+dom]",0.0360399948174502,0.0217243430457097,1.658968224798292,0.0971221953924269,-0.006538935139934,0.0786189247748346,0.018419795846001858,0.05428376384896603,0.001532681496878,0.0072125446956986
EleutherAI_pythia-12b-deduped,full_mixed_random_slopes,17158.934796851536,"C(tense)[T.present perfect]:C(dominance, Treatment(reference='-dom'))[T.+dom]",0.0300972503147692,0.0217243430457097,1.3854159019419914,0.1659253313322859,-0.0124816796426151,0.0726761802721536,0.018419795846001858,0.05428376384896603,0.001532681496878,0.0072125446956986
EleutherAI_pythia-12b-deduped,full_mixed_random_slopes,17158.934796851536,"C(tense)[T.simple future]:C(dominance, Treatment(reference='-dom'))[T.+dom]",0.0560242366466836,0.0217243430457097,2.578869083810917,0.0099124345164983,0.0134453066892992,0.098603166604068,0.018419795846001858,0.05428376384896603,0.001532681496878,0.0072125446956986
EleutherAI_pythia-12b-deduped,full_mixed_random_slopes,17158.934796851536,"C(tense)[T.simple past]:C(dominance, Treatment(reference='-dom'))[T.+dom]",-0.030517183637946,0.0217243430457097,-1.4047459835142269,0.1600968266907696,-0.0730961135953303,0.0120617463194383,0.018419795846001858,0.05428376384896603,0.001532681496878,0.0072125446956986
EleutherAI_pythia-12b-deduped,full_mixed_random_slopes,17158.934796851536,C(semantic_role)[T.patient]:C(syntactic_role)[T.subject],-0.0354715987976778,0.0125425553054083,-2.8280998515814857,0.0046825198885191,-0.0600545554703799,-0.0108886421249757,0.018419795846001858,0.05428376384896603,0.001532681496878,0.0072125446956986
EleutherAI_pythia-12b-deduped,full_mixed_random_slopes,17158.934796851536,"C(semantic_role)[T.patient]:C(valence, Treatment(reference='-val'))[T.+val]",-0.0884105740960069,0.0125425553054082,-7.048848655096991,1.804042347807407e-12,-0.1129935307687089,-0.0638276174233048,0.018419795846001858,0.05428376384896603,0.001532681496878,0.0072125446956986
EleutherAI_pythia-12b-deduped,full_mixed_random_slopes,17158.934796851536,"C(semantic_role)[T.patient]:C(dominance, Treatment(reference='-dom'))[T.+dom]",-0.0238561714614038,0.0125425553054082,-1.9020184388676504,0.0571687440586045,-0.0484391281341058,0.0007267852112981,0.018419795846001858,0.05428376384896603,0.001532681496878,0.0072125446956986
EleutherAI_pythia-12b-deduped,full_mixed_random_slopes,17158.934796851536,"C(syntactic_role)[T.subject]:C(valence, Treatment(reference='-val'))[T.+val]",-0.0116983058307011,0.0125425553054083,-0.9326891965672156,0.3509804644748459,-0.0362812625034031,0.0128846508420009,0.018419795846001858,0.05428376384896603,0.001532681496878,0.0072125446956986
EleutherAI_pythia-12b-deduped,full_mixed_random_slopes,17158.934796851536,"C(syntactic_role)[T.subject]:C(dominance, Treatment(reference='-dom'))[T.+dom]",-0.1376829220031546,0.0125425553054083,-10.977262499594977,4.9159545602616315e-28,-0.1622658786758566,-0.1130999653304525,0.018419795846001858,0.05428376384896603,0.001532681496878,0.0072125446956986
EleutherAI_pythia-12b-deduped,full_mixed_random_slopes,17158.934796851536,"C(valence, Treatment(reference='-val'))[T.+val]:C(dominance, Treatment(reference='-dom'))[T.+dom]",-0.0840490209351472,0.0125425553054083,-6.701108258131865,2.0684472360548622e-11,-0.1086319776078493,-0.0594660642624452,0.018419795846001858,0.05428376384896603,0.001532681496878,0.0072125446956986
EleutherAI_pythia-12b-deduped,full_mixed_random_slopes,17158.934796851536,log_frequency,-0.1798851133632073,0.310197936541381,-0.5799042874652077,0.5619791642828156,-0.7878618970629554,0.4280916703365407,0.018419795846001858,0.05428376384896603,0.001532681496878,0.0072125446956986
EleutherAI_pythia-12b-deduped,full_mixed_random_slopes,17158.934796851536,C(tense)[T.past perfect]:log_frequency,-0.018421583779196,0.0108621715228548,-1.6959393193557588,0.0898973723584268,-0.0397110487578882,0.0028678811994961,0.018419795846001858,0.05428376384896603,0.001532681496878,0.0072125446956986
EleutherAI_pythia-12b-deduped,full_mixed_random_slopes,17158.934796851536,C(tense)[T.present continuous]:log_frequency,0.0284506893076146,0.0108621715228548,2.6192450789192674,0.0088124610325579,0.0071612243289225,0.0497401542863068,0.018419795846001858,0.05428376384896603,0.001532681496878,0.0072125446956986
EleutherAI_pythia-12b-deduped,full_mixed_random_slopes,17158.934796851536,C(tense)[T.present perfect]:log_frequency,0.0296862702940253,0.0108621715228548,2.732995905244459,0.006276111256696,0.0083968053153332,0.0509757352727175,0.018419795846001858,0.05428376384896603,0.001532681496878,0.0072125446956986
EleutherAI_pythia-12b-deduped,full_mixed_random_slopes,17158.934796851536,C(tense)[T.simple future]:log_frequency,0.0093489251281412,0.0108621715228548,0.8606865679178736,0.3894106929501311,-0.0119405398505509,0.0306383901068334,0.018419795846001858,0.05428376384896603,0.001532681496878,0.0072125446956986
EleutherAI_pythia-12b-deduped,full_mixed_random_slopes,17158.934796851536,C(tense)[T.simple past]:log_frequency,0.0079726604979759,0.0108621715228548,0.7339840363596583,0.4629584674633769,-0.0133168044807162,0.0292621254766681,0.018419795846001858,0.05428376384896603,0.001532681496878,0.0072125446956986
EleutherAI_pythia-12b-deduped,full_mixed_random_slopes,17158.934796851536,C(semantic_role)[T.patient]:log_frequency,0.0059694592537634,0.0241057591614501,0.2476362272510306,0.804415878271751,-0.0412769605226752,0.0532158790302021,0.018419795846001858,0.05428376384896603,0.001532681496878,0.0072125446956986
EleutherAI_pythia-12b-deduped,full_mixed_random_slopes,17158.934796851536,C(syntactic_role)[T.subject]:log_frequency,0.1126131092371575,0.0404463868976243,2.7842563421597464,0.0053650614080529,0.033339647613041,0.191886570861274,0.018419795846001858,0.05428376384896603,0.001532681496878,0.0072125446956986
EleutherAI_pythia-12b-deduped,full_mixed_random_slopes,17158.934796851536,"C(valence, Treatment(reference='-val'))[T.+val]:log_frequency",0.0128264569131515,0.0091873712754272,1.3960965034097974,0.1626854366324654,-0.0051804598992836,0.0308333737255867,0.018419795846001858,0.05428376384896603,0.001532681496878,0.0072125446956986
EleutherAI_pythia-12b-deduped,full_mixed_random_slopes,17158.934796851536,"C(dominance, Treatment(reference='-dom'))[T.+dom]:log_frequency",-0.0078865269704541,0.015857572037289,-0.4973350871059586,0.6189527727837155,-0.0389667970457901,0.0231937431048818,0.018419795846001858,0.05428376384896603,0.001532681496878,0.0072125446956986
EleutherAI_pythia-12b-deduped,full_mixed_random_slopes,17158.934796851536,lex_emb_norm,0.064215364610142,0.3183518505668097,0.2017119250157012,0.8401419394141588,-0.5597427969124822,0.6881735261327662,0.018419795846001858,0.05428376384896603,0.001532681496878,0.0072125446956986
EleutherAI_pythia-12b-deduped,full_mixed_random_slopes,17158.934796851536,C(tense)[T.past perfect]:lex_emb_norm,-0.0162140375612409,0.0108621715228548,-1.4927068245171176,0.1355139461852391,-0.0375035025399331,0.0050754274174511,0.018419795846001858,0.05428376384896603,0.001532681496878,0.0072125446956986
EleutherAI_pythia-12b-deduped,full_mixed_random_slopes,17158.934796851536,C(tense)[T.present continuous]:lex_emb_norm,0.0184303785394818,0.0108621715228548,1.6967489880548137,0.08974412672133,-0.0028590864392103,0.0397198435181739,0.018419795846001858,0.05428376384896603,0.001532681496878,0.0072125446956986
EleutherAI_pythia-12b-deduped,full_mixed_random_slopes,17158.934796851536,C(tense)[T.present perfect]:lex_emb_norm,0.0276388408112959,0.0108621715228548,2.54450417700932,0.0109433002913348,0.0063493758326037,0.048928305789988,0.018419795846001858,0.05428376384896603,0.001532681496878,0.0072125446956986
EleutherAI_pythia-12b-deduped,full_mixed_random_slopes,17158.934796851536,C(tense)[T.simple future]:lex_emb_norm,0.0433626948637962,0.0108621715228548,3.9920834220448183,6.549532252662425e-05,0.0220732298851041,0.0646521598424884,0.018419795846001858,0.05428376384896603,0.001532681496878,0.0072125446956986
EleutherAI_pythia-12b-deduped,full_mixed_random_slopes,17158.934796851536,C(tense)[T.simple past]:lex_emb_norm,0.0077843101011098,0.0108621715228548,0.7166440048134997,0.4735937847923269,-0.0135051548775822,0.029073775079802,0.018419795846001858,0.05428376384896603,0.001532681496878,0.0072125446956986
EleutherAI_pythia-12b-deduped,full_mixed_random_slopes,17158.934796851536,C(semantic_role)[T.patient]:lex_emb_norm,0.0104681092490086,0.0241057591614675,0.4342576053668379,0.6641013858892972,-0.0367783105274642,0.0577145290254815,0.018419795846001858,0.05428376384896603,0.001532681496878,0.0072125446956986
EleutherAI_pythia-12b-deduped,full_mixed_random_slopes,17158.934796851536,C(syntactic_role)[T.subject]:lex_emb_norm,0.0350579577558049,0.0404463868976325,0.8667760075710748,0.3860647503328663,-0.0442155038683275,0.1143314193799374,0.018419795846001858,0.05428376384896603,0.001532681496878,0.0072125446956986
EleutherAI_pythia-12b-deduped,full_mixed_random_slopes,17158.934796851536,"C(valence, Treatment(reference='-val'))[T.+val]:lex_emb_norm",-0.0054100413136171,0.0091873712754271,-0.5888562845051234,0.5559576851661268,-0.0234169581260521,0.0125968754988179,0.018419795846001858,0.05428376384896603,0.001532681496878,0.0072125446956986
EleutherAI_pythia-12b-deduped,full_mixed_random_slopes,17158.934796851536,"C(dominance, Treatment(reference='-dom'))[T.+dom]:lex_emb_norm",0.0060528862570552,0.0158575720372913,0.3817032167863398,0.7026815137843233,-0.0250273838182852,0.0371331563323956,0.018419795846001858,0.05428376384896603,0.001532681496878,0.0072125446956986
EleutherAI_pythia-12b-deduped,full_mixed_random_slopes,17158.934796851536,log_frequency:lex_emb_norm,-0.0973464338922779,0.2364351410698936,-0.4117257420016972,0.6805404548873918,-0.5607507950689163,0.3660579272843605,0.018419795846001858,0.05428376384896603,0.001532681496878,0.0072125446956986
EleutherAI_pythia-2.8b-deduped,full_mixed_random_slopes,10400.470531099185,Intercept,1.1999712653242274,0.2739057177848373,4.380964643705786,1.1815504466051434e-05,0.6631259233063541,1.7368166073421007,0.006737226092255343,0.1220409828304106,0.0030954374405578,0.003368719467044
EleutherAI_pythia-2.8b-deduped,full_mixed_random_slopes,10400.470531099185,C(tense)[T.past perfect],0.1776993910193645,0.0197305141345118,9.006323393699095,2.1308017001667222e-19,0.1390282939192628,0.2163704881194661,0.006737226092255343,0.1220409828304106,0.0030954374405578,0.003368719467044
EleutherAI_pythia-2.8b-deduped,full_mixed_random_slopes,10400.470531099185,C(tense)[T.present continuous],-0.1447338790245333,0.0197305141345118,-7.335535102522779,2.2083734782241107e-13,-0.1834049761246349,-0.1060627819244316,0.006737226092255343,0.1220409828304106,0.0030954374405578,0.003368719467044
EleutherAI_pythia-2.8b-deduped,full_mixed_random_slopes,10400.470531099185,C(tense)[T.present perfect],-0.0721307301795708,0.0197305141345118,-3.655795773380409,0.0002563854104548,-0.1108018272796725,-0.0334596330794691,0.006737226092255343,0.1220409828304106,0.0030954374405578,0.003368719467044
EleutherAI_pythia-2.8b-deduped,full_mixed_random_slopes,10400.470531099185,C(tense)[T.simple future],0.0879799745729223,0.0197305141345118,4.459081703250259,8.231154270320078e-06,0.0493088774728206,0.126651071673024,0.006737226092255343,0.1220409828304106,0.0030954374405578,0.003368719467044
EleutherAI_pythia-2.8b-deduped,full_mixed_random_slopes,10400.470531099185,C(tense)[T.simple past],0.0665023931225867,0.0197305141345118,3.3705352363962597,0.0007502231079975,0.0278312960224849,0.1051734902226885,0.006737226092255343,0.1220409828304106,0.0030954374405578,0.003368719467044
EleutherAI_pythia-2.8b-deduped,full_mixed_random_slopes,10400.470531099185,C(semantic_role)[T.patient],-0.0827354702821049,0.0207781043746062,-3.9818584405235296,6.837850326275642e-05,-0.1234598065233473,-0.0420111340408624,0.006737226092255343,0.1220409828304106,0.0030954374405578,0.003368719467044
EleutherAI_pythia-2.8b-deduped,full_mixed_random_slopes,10400.470531099185,C(syntactic_role)[T.subject],0.004773185168617,0.0618305473392816,0.0771978475691839,0.938466153929734,-0.1164124607607738,0.1259588310980079,0.006737226092255343,0.1220409828304106,0.0030954374405578,0.003368719467044
EleutherAI_pythia-2.8b-deduped,full_mixed_random_slopes,10400.470531099185,"C(valence, Treatment(reference='-val'))[T.+val]",0.0469035308863648,0.0180171637743178,2.603269386562512,0.009233936668941,0.011590538785142,0.0822165229875876,0.006737226092255343,0.1220409828304106,0.0030954374405578,0.003368719467044
EleutherAI_pythia-2.8b-deduped,full_mixed_random_slopes,10400.470531099185,"C(dominance, Treatment(reference='-dom'))[T.+dom]",0.0364945061531774,0.0182388567934432,2.0009207027875178,0.0454009361230833,0.0007470037188448,0.07224200858751,0.006737226092255343,0.1220409828304106,0.0030954374405578,0.003368719467044
EleutherAI_pythia-2.8b-deduped,full_mixed_random_slopes,10400.470531099185,C(tense)[T.past perfect]:C(semantic_role)[T.patient],-0.1122572764051739,0.0176475083343154,-6.36108363167,2.0033532251844543e-10,-0.1468457571573026,-0.0776687956530452,0.006737226092255343,0.1220409828304106,0.0030954374405578,0.003368719467044
EleutherAI_pythia-2.8b-deduped,full_mixed_random_slopes,10400.470531099185,C(tense)[T.present continuous]:C(semantic_role)[T.patient],0.0603096758512564,0.0176475083343154,3.4174612477153365,0.000632080919026,0.0257211950991277,0.0948981566033851,0.006737226092255343,0.1220409828304106,0.0030954374405578,0.003368719467044
EleutherAI_pythia-2.8b-deduped,full_mixed_random_slopes,10400.470531099185,C(tense)[T.present perfect]:C(semantic_role)[T.patient],-0.0124720226500151,0.0176475083343154,-0.7067299481459008,0.4797343148407836,-0.0470605034021438,0.0221164581021136,0.006737226092255343,0.1220409828304106,0.0030954374405578,0.003368719467044
EleutherAI_pythia-2.8b-deduped,full_mixed_random_slopes,10400.470531099185,C(tense)[T.simple future]:C(semantic_role)[T.patient],0.0696031333338283,0.0176475083343154,3.944077090955981,8.010788720173376e-05,0.0350146525816996,0.104191614085957,0.006737226092255343,0.1220409828304106,0.0030954374405578,0.003368719467044
EleutherAI_pythia-2.8b-deduped,full_mixed_random_slopes,10400.470531099185,C(tense)[T.simple past]:C(semantic_role)[T.patient],-0.0692955187490904,0.0176475083343154,-3.926646041829356,8.613859898061638e-05,-0.1038839995012191,-0.0347070379969616,0.006737226092255343,0.1220409828304106,0.0030954374405578,0.003368719467044
EleutherAI_pythia-2.8b-deduped,full_mixed_random_slopes,10400.470531099185,C(tense)[T.past perfect]:C(syntactic_role)[T.subject],0.1144740123381137,0.0176475083343153,6.486695468250339,8.773942787597182e-11,0.0798855315859851,0.1490624930902424,0.006737226092255343,0.1220409828304106,0.0030954374405578,0.003368719467044
EleutherAI_pythia-2.8b-deduped,full_mixed_random_slopes,10400.470531099185,C(tense)[T.present continuous]:C(syntactic_role)[T.subject],-0.084511059607137,0.0176475083343153,-4.788838061790637,1.677497786066034e-06,-0.1190995403592656,-0.0499225788550084,0.006737226092255343,0.1220409828304106,0.0030954374405578,0.003368719467044
EleutherAI_pythia-2.8b-deduped,full_mixed_random_slopes,10400.470531099185,C(tense)[T.present perfect]:C(syntactic_role)[T.subject],0.01176899084006,0.0176475083343154,0.6668924936658239,0.5048408059863501,-0.0228194899120686,0.0463574715921886,0.006737226092255343,0.1220409828304106,0.0030954374405578,0.003368719467044
EleutherAI_pythia-2.8b-deduped,full_mixed_random_slopes,10400.470531099185,C(tense)[T.simple future]:C(syntactic_role)[T.subject],-0.0950880945947146,0.0176475083343154,-5.388188110942369,7.117153948324027e-08,-0.1296765753468432,-0.0604996138425859,0.006737226092255343,0.1220409828304106,0.0030954374405578,0.003368719467044
EleutherAI_pythia-2.8b-deduped,full_mixed_random_slopes,10400.470531099185,C(tense)[T.simple past]:C(syntactic_role)[T.subject],0.0186607844378853,0.0176475083343154,1.0574175166473605,0.2903210806334444,-0.0159276963142432,0.053249265190014,0.006737226092255343,0.1220409828304106,0.0030954374405578,0.003368719467044
EleutherAI_pythia-2.8b-deduped,full_mixed_random_slopes,10400.470531099185,"C(tense)[T.past perfect]:C(valence, Treatment(reference='-val'))[T.+val]",-0.0284628958909752,0.0176475083343154,-1.6128563506967972,0.10677572017271,-0.0630513766431038,0.0061255848611533,0.006737226092255343,0.1220409828304106,0.0030954374405578,0.003368719467044
EleutherAI_pythia-2.8b-deduped,full_mixed_random_slopes,10400.470531099185,"C(tense)[T.present continuous]:C(valence, Treatment(reference='-val'))[T.+val]",0.0062436805507946,0.0176475083343154,0.3537995524645211,0.7234891089108944,-0.0283448002013339,0.0408321613029233,0.006737226092255343,0.1220409828304106,0.0030954374405578,0.003368719467044
EleutherAI_pythia-2.8b-deduped,full_mixed_random_slopes,10400.470531099185,"C(tense)[T.present perfect]:C(valence, Treatment(reference='-val'))[T.+val]",0.0047238519950044,0.0176475083343154,0.2676781280119264,0.7889470869441783,-0.0298646287571242,0.039312332747133,0.006737226092255343,0.1220409828304106,0.0030954374405578,0.003368719467044
EleutherAI_pythia-2.8b-deduped,full_mixed_random_slopes,10400.470531099185,"C(tense)[T.simple future]:C(valence, Treatment(reference='-val'))[T.+val]",-0.1316327930680817,0.0176475083343154,-7.459001609429645,8.718054297261265e-14,-0.1662212738202103,-0.097044312315953,0.006737226092255343,0.1220409828304106,0.0030954374405578,0.003368719467044
EleutherAI_pythia-2.8b-deduped,full_mixed_random_slopes,10400.470531099185,"C(tense)[T.simple past]:C(valence, Treatment(reference='-val'))[T.+val]",-0.1021352462904248,0.0176475083343154,-5.787516535228025,7.143465761116827e-09,-0.1367237270425535,-0.0675467655382962,0.006737226092255343,0.1220409828304106,0.0030954374405578,0.003368719467044
EleutherAI_pythia-2.8b-deduped,full_mixed_random_slopes,10400.470531099185,"C(tense)[T.past perfect]:C(dominance, Treatment(reference='-dom'))[T.+dom]",-0.0225703124897441,0.0176475083343154,-1.278951796603284,0.2009140310068392,-0.0571587932418728,0.0120181682623845,0.006737226092255343,0.1220409828304106,0.0030954374405578,0.003368719467044
EleutherAI_pythia-2.8b-deduped,full_mixed_random_slopes,10400.470531099185,"C(tense)[T.present continuous]:C(dominance, Treatment(reference='-dom'))[T.+dom]",-0.0496572990411071,0.0176475083343154,-2.8138419373656784,0.004895329219042,-0.0842457797932358,-0.0150688182889784,0.006737226092255343,0.1220409828304106,0.0030954374405578,0.003368719467044
EleutherAI_pythia-2.8b-deduped,full_mixed_random_slopes,10400.470531099185,"C(tense)[T.present perfect]:C(dominance, Treatment(reference='-dom'))[T.+dom]",-0.0185932685688493,0.0176475083343154,-1.0535917148538672,0.29206988403676,-0.053181749320978,0.0159952121832793,0.006737226092255343,0.1220409828304106,0.0030954374405578,0.003368719467044
EleutherAI_pythia-2.8b-deduped,full_mixed_random_slopes,10400.470531099185,"C(tense)[T.simple future]:C(dominance, Treatment(reference='-dom'))[T.+dom]",0.0644912347719045,0.0176475083343154,3.654410217588725,0.0002577738455942,0.0299027540197758,0.0990797155240333,0.006737226092255343,0.1220409828304106,0.0030954374405578,0.003368719467044
EleutherAI_pythia-2.8b-deduped,full_mixed_random_slopes,10400.470531099185,"C(tense)[T.simple past]:C(dominance, Treatment(reference='-dom'))[T.+dom]",-0.0330322230665576,0.0176475083343154,-1.8717782953147384,0.0612372822671951,-0.0676207038186863,0.0015562576855711,0.006737226092255343,0.1220409828304106,0.0030954374405578,0.003368719467044
EleutherAI_pythia-2.8b-deduped,full_mixed_random_slopes,10400.470531099185,C(semantic_role)[T.patient]:C(syntactic_role)[T.subject],0.0522877128250001,0.0101887936873431,5.13188454193096,2.868554512913201e-07,0.0323180441518985,0.0722573814981018,0.006737226092255343,0.1220409828304106,0.0030954374405578,0.003368719467044
EleutherAI_pythia-2.8b-deduped,full_mixed_random_slopes,10400.470531099185,"C(semantic_role)[T.patient]:C(valence, Treatment(reference='-val'))[T.+val]",0.0198554835808038,0.0101887936873431,1.948757055064222,0.0513244445601504,-0.0001141850922978,0.0398251522539055,0.006737226092255343,0.1220409828304106,0.0030954374405578,0.003368719467044
EleutherAI_pythia-2.8b-deduped,full_mixed_random_slopes,10400.470531099185,"C(semantic_role)[T.patient]:C(dominance, Treatment(reference='-dom'))[T.+dom]",-0.0347533173811382,0.0101887936873431,-3.4109354303944643,0.0006474042090064,-0.0547229860542399,-0.0147836487080366,0.006737226092255343,0.1220409828304106,0.0030954374405578,0.003368719467044
EleutherAI_pythia-2.8b-deduped,full_mixed_random_slopes,10400.470531099185,"C(syntactic_role)[T.subject]:C(valence, Treatment(reference='-val'))[T.+val]",-0.0094779339131688,0.0101887936873431,-0.9302312132340648,0.3522513841446326,-0.0294476025862704,0.0104917347599328,0.006737226092255343,0.1220409828304106,0.0030954374405578,0.003368719467044
EleutherAI_pythia-2.8b-deduped,full_mixed_random_slopes,10400.470531099185,"C(syntactic_role)[T.subject]:C(dominance, Treatment(reference='-dom'))[T.+dom]",-0.0074661131622331,0.0101887936873431,-0.7327769499845442,0.4636944820415032,-0.0274357818353347,0.0125035555108685,0.006737226092255343,0.1220409828304106,0.0030954374405578,0.003368719467044
EleutherAI_pythia-2.8b-deduped,full_mixed_random_slopes,10400.470531099185,"C(valence, Treatment(reference='-val'))[T.+val]:C(dominance, Treatment(reference='-dom'))[T.+dom]",-0.2473055025814256,0.0101887936873431,-24.27230447198434,3.845341235840474e-130,-0.2672751712545273,-0.2273358339083239,0.006737226092255343,0.1220409828304106,0.0030954374405578,0.003368719467044
EleutherAI_pythia-2.8b-deduped,full_mixed_random_slopes,10400.470531099185,log_frequency,-0.2471992535856187,0.2832945604509878,-0.8725873634569352,0.3828880307007667,-0.80244638908566,0.3080478819144224,0.006737226092255343,0.1220409828304106,0.0030954374405578,0.003368719467044
EleutherAI_pythia-2.8b-deduped,full_mixed_random_slopes,10400.470531099185,C(tense)[T.past perfect]:log_frequency,-0.0129214105645197,0.0088237541671577,-1.4643892293162066,0.1430876293061453,-0.030215650940584,0.0043728298115445,0.006737226092255343,0.1220409828304106,0.0030954374405578,0.003368719467044
EleutherAI_pythia-2.8b-deduped,full_mixed_random_slopes,10400.470531099185,C(tense)[T.present continuous]:log_frequency,0.0232895740144316,0.0088237541671577,2.6394178229847114,0.0083048554983519,0.0059953336383673,0.040583814390496,0.006737226092255343,0.1220409828304106,0.0030954374405578,0.003368719467044
EleutherAI_pythia-2.8b-deduped,full_mixed_random_slopes,10400.470531099185,C(tense)[T.present perfect]:log_frequency,0.0333165487848935,0.0088237541671577,3.775779351253776,0.0001595081460644,0.0160223084088292,0.0506107891609578,0.006737226092255343,0.1220409828304106,0.0030954374405578,0.003368719467044
EleutherAI_pythia-2.8b-deduped,full_mixed_random_slopes,10400.470531099185,C(tense)[T.simple future]:log_frequency,0.0232071407522322,0.0088237541671577,2.6300756245691805,0.0085365876035995,0.0059129003761678,0.0405013811282965,0.006737226092255343,0.1220409828304106,0.0030954374405578,0.003368719467044
EleutherAI_pythia-2.8b-deduped,full_mixed_random_slopes,10400.470531099185,C(tense)[T.simple past]:log_frequency,0.0069080405472758,0.0088237541671577,0.7828913199993481,0.4336909351023176,-0.0103861998287884,0.0242022809233401,0.006737226092255343,0.1220409828304106,0.0030954374405578,0.003368719467044
EleutherAI_pythia-2.8b-deduped,full_mixed_random_slopes,10400.470531099185,C(semantic_role)[T.patient]:log_frequency,0.0181501605986821,0.0149701899719396,1.212420191908258,0.2253515754617845,-0.0111908725880422,0.0474911937854065,0.006737226092255343,0.1220409828304106,0.0030954374405578,0.003368719467044
EleutherAI_pythia-2.8b-deduped,full_mixed_random_slopes,10400.470531099185,C(syntactic_role)[T.subject]:log_frequency,0.0593482605049395,0.060128142750907,0.9870296634772456,0.3236280968153037,-0.0585007337441213,0.1771972547540005,0.006737226092255343,0.1220409828304106,0.0030954374405578,0.003368719467044
EleutherAI_pythia-2.8b-deduped,full_mixed_random_slopes,10400.470531099185,"C(valence, Treatment(reference='-val'))[T.+val]:log_frequency",0.0193194552164522,0.0108164299500427,1.7861212346108553,0.0740796306689377,-0.0018803579269319,0.0405192683598364,0.006737226092255343,0.1220409828304106,0.0030954374405578,0.003368719467044
EleutherAI_pythia-2.8b-deduped,full_mixed_random_slopes,10400.470531099185,"C(dominance, Treatment(reference='-dom'))[T.+dom]:log_frequency",0.0058289925125222,0.0111818094924476,0.5212924184103863,0.6021630816915193,-0.0160869513746632,0.0277449363997076,0.006737226092255343,0.1220409828304106,0.0030954374405578,0.003368719467044
EleutherAI_pythia-2.8b-deduped,full_mixed_random_slopes,10400.470531099185,lex_emb_norm,0.291544185752617,0.2890437297551186,1.008650787891565,0.3131421409627557,-0.2749711145245438,0.8580594860297779,0.006737226092255343,0.1220409828304106,0.0030954374405578,0.003368719467044
EleutherAI_pythia-2.8b-deduped,full_mixed_random_slopes,10400.470531099185,C(tense)[T.past perfect]:lex_emb_norm,0.0097226305650183,0.0088237541671577,1.1018700635616347,0.2705181650013882,-0.007571609811046,0.0270168709410826,0.006737226092255343,0.1220409828304106,0.0030954374405578,0.003368719467044
EleutherAI_pythia-2.8b-deduped,full_mixed_random_slopes,10400.470531099185,C(tense)[T.present continuous]:lex_emb_norm,0.0091049668449875,0.0088237541671577,1.03186995835361,0.3021330409740648,-0.0081892735310768,0.0263992072210518,0.006737226092255343,0.1220409828304106,0.0030954374405578,0.003368719467044
EleutherAI_pythia-2.8b-deduped,full_mixed_random_slopes,10400.470531099185,C(tense)[T.present perfect]:lex_emb_norm,0.0052971037117429,0.0088237541671577,0.6003231290666429,0.5482909072683824,-0.0119971366643213,0.0225913440878073,0.006737226092255343,0.1220409828304106,0.0030954374405578,0.003368719467044
EleutherAI_pythia-2.8b-deduped,full_mixed_random_slopes,10400.470531099185,C(tense)[T.simple future]:lex_emb_norm,-0.0354421726794228,0.0088237541671577,-4.0166772564153845,5.90244715238194e-05,-0.0527364130554872,-0.0181479323033585,0.006737226092255343,0.1220409828304106,0.0030954374405578,0.003368719467044
EleutherAI_pythia-2.8b-deduped,full_mixed_random_slopes,10400.470531099185,C(tense)[T.simple past]:lex_emb_norm,-0.0064524802838442,0.0088237541671577,-0.7312624719147925,0.4646188482517509,-0.0237467206599085,0.0108417600922201,0.006737226092255343,0.1220409828304106,0.0030954374405578,0.003368719467044
EleutherAI_pythia-2.8b-deduped,full_mixed_random_slopes,10400.470531099185,C(semantic_role)[T.patient]:lex_emb_norm,0.038874608969461,0.0149701899719387,2.5968013126306597,0.0094096335827158,0.0095335757827382,0.0682156421561837,0.006737226092255343,0.1220409828304106,0.0030954374405578,0.003368719467044
EleutherAI_pythia-2.8b-deduped,full_mixed_random_slopes,10400.470531099185,C(syntactic_role)[T.subject]:lex_emb_norm,-0.0646090991904466,0.0601281427509037,-1.0745234466680007,0.2825881418965831,-0.1824580934395011,0.0532398950586078,0.006737226092255343,0.1220409828304106,0.0030954374405578,0.003368719467044
EleutherAI_pythia-2.8b-deduped,full_mixed_random_slopes,10400.470531099185,"C(valence, Treatment(reference='-val'))[T.+val]:lex_emb_norm",-0.01089894912292,0.0108164299500426,-1.0076290581327283,0.3136325735868267,-0.032098762266304,0.0103008640204638,0.006737226092255343,0.1220409828304106,0.0030954374405578,0.003368719467044
EleutherAI_pythia-2.8b-deduped,full_mixed_random_slopes,10400.470531099185,"C(dominance, Treatment(reference='-dom'))[T.+dom]:lex_emb_norm",-0.0162267490670232,0.0111818094924471,-1.4511738084952903,0.1467314681307168,-0.0381426929542077,0.0056891948201611,0.006737226092255343,0.1220409828304106,0.0030954374405578,0.003368719467044
EleutherAI_pythia-2.8b-deduped,full_mixed_random_slopes,10400.470531099185,log_frequency:lex_emb_norm,0.3226435917739316,0.2109083955800441,1.529780694061947,0.1260710218649904,-0.0907292676000816,0.736016451147945,0.006737226092255343,0.1220409828304106,0.0030954374405578,0.003368719467044
EleutherAI_pythia-6.9b-deduped,full_mixed_random_slopes,18148.149895861716,Intercept,1.3553283669120777,0.3037489688201352,4.462001540866577,8.119764205290349e-06,0.7599913276834326,1.9506654061407225,0.010366065005176265,0.08451895306986658,0.0029316839143602,0.0039710622972
EleutherAI_pythia-6.9b-deduped,full_mixed_random_slopes,18148.149895861716,C(tense)[T.past perfect],0.1407840182177084,0.0250398691452155,5.62239432647389,1.8832877111109965e-08,0.0917067765154902,0.1898612599199266,0.010366065005176265,0.08451895306986658,0.0029316839143602,0.0039710622972
EleutherAI_pythia-6.9b-deduped,full_mixed_random_slopes,18148.149895861716,C(tense)[T.present continuous],0.0927175447503868,0.0250398691452155,3.702796696447702,0.0002132357577557,0.0436403030481686,0.141794786452605,0.010366065005176265,0.08451895306986658,0.0029316839143602,0.0039710622972
EleutherAI_pythia-6.9b-deduped,full_mixed_random_slopes,18148.149895861716,C(tense)[T.present perfect],0.2669579431501361,0.0250398691452155,10.661315424691216,1.5439802709217057e-26,0.2178807014479178,0.3160351848523543,0.010366065005176265,0.08451895306986658,0.0029316839143602,0.0039710622972
EleutherAI_pythia-6.9b-deduped,full_mixed_random_slopes,18148.149895861716,C(tense)[T.simple future],0.5820598582076174,0.0250398691452155,23.245323481206512,1.5862245336739071e-119,0.5329826165053992,0.6311370999098356,0.010366065005176265,0.08451895306986658,0.0029316839143602,0.0039710622972
EleutherAI_pythia-6.9b-deduped,full_mixed_random_slopes,18148.149895861716,C(tense)[T.simple past],0.0840228291535597,0.0250398691452155,3.3555618308658066,0.000792039490188,0.0349455874513415,0.133100070855778,0.010366065005176265,0.08451895306986658,0.0029316839143602,0.0039710622972
EleutherAI_pythia-6.9b-deduped,full_mixed_random_slopes,18148.149895861716,C(semantic_role)[T.patient],-0.0232924417407392,0.0260975342311078,-0.8925150374158727,0.3721169363720502,-0.0744426689190117,0.0278577854375333,0.010366065005176265,0.08451895306986658,0.0029316839143602,0.0039710622972
EleutherAI_pythia-6.9b-deduped,full_mixed_random_slopes,18148.149895861716,C(syntactic_role)[T.subject],0.1584936801917132,0.0534981176207619,2.9626029333451505,0.0030504979597607,0.0536392964143321,0.2633480639690943,0.010366065005176265,0.08451895306986658,0.0029316839143602,0.0039710622972
EleutherAI_pythia-6.9b-deduped,full_mixed_random_slopes,18148.149895861716,"C(valence, Treatment(reference='-val'))[T.+val]",0.058883191760938,0.0215040234739215,2.7382406753948603,0.0061768853575202,0.0167360802293477,0.1010303032925282,0.010366065005176265,0.08451895306986658,0.0029316839143602,0.0039710622972
EleutherAI_pythia-6.9b-deduped,full_mixed_random_slopes,18148.149895861716,"C(dominance, Treatment(reference='-dom'))[T.+dom]",0.1073006778929937,0.022203445183202,4.83261390327712,1.3475196742580586e-06,0.0637827250012083,0.1508186307847792,0.010366065005176265,0.08451895306986658,0.0029316839143602,0.0039710622972
EleutherAI_pythia-6.9b-deduped,full_mixed_random_slopes,18148.149895861716,C(tense)[T.past perfect]:C(semantic_role)[T.patient],-0.0380336563885659,0.0223963398225605,-1.6982085773789424,0.0894684022442211,-0.0819296758263048,0.0058623630491729,0.010366065005176265,0.08451895306986658,0.0029316839143602,0.0039710622972
EleutherAI_pythia-6.9b-deduped,full_mixed_random_slopes,18148.149895861716,C(tense)[T.present continuous]:C(semantic_role)[T.patient],0.0086257519717517,0.0223963398225605,0.3851411453876392,0.7001328452432751,-0.0352702674659871,0.0525217714094907,0.010366065005176265,0.08451895306986658,0.0029316839143602,0.0039710622972
EleutherAI_pythia-6.9b-deduped,full_mixed_random_slopes,18148.149895861716,C(tense)[T.present perfect]:C(semantic_role)[T.patient],0.0707385050344353,0.0223963398225605,3.1584850736716423,0.0015859143047577,0.0268424855966964,0.1146345244721743,0.010366065005176265,0.08451895306986658,0.0029316839143602,0.0039710622972
EleutherAI_pythia-6.9b-deduped,full_mixed_random_slopes,18148.149895861716,C(tense)[T.simple future]:C(semantic_role)[T.patient],-0.0376956037909877,0.0223963398225605,-1.6831144771707625,0.0923529324346469,-0.0815916232287267,0.0062004156467511,0.010366065005176265,0.08451895306986658,0.0029316839143602,0.0039710622972
EleutherAI_pythia-6.9b-deduped,full_mixed_random_slopes,18148.149895861716,C(tense)[T.simple past]:C(semantic_role)[T.patient],-0.0101367873497436,0.0223963398225605,-0.4526091062224616,0.6508302404128685,-0.0540328067874826,0.0337592320879952,0.010366065005176265,0.08451895306986658,0.0029316839143602,0.0039710622972
EleutherAI_pythia-6.9b-deduped,full_mixed_random_slopes,18148.149895861716,C(tense)[T.past perfect]:C(syntactic_role)[T.subject],-0.1294437650328757,0.0223963398225606,-5.779683915247726,7.484110022935786e-09,-0.1733397844706147,-0.0855477455951367,0.010366065005176265,0.08451895306986658,0.0029316839143602,0.0039710622972
EleutherAI_pythia-6.9b-deduped,full_mixed_random_slopes,18148.149895861716,C(tense)[T.present continuous]:C(syntactic_role)[T.subject],-0.3294781609226055,0.0223963398225606,-14.71125029951146,5.4589396100176164e-49,-0.3733741803603445,-0.2855821414848665,0.010366065005176265,0.08451895306986658,0.0029316839143602,0.0039710622972
EleutherAI_pythia-6.9b-deduped,full_mixed_random_slopes,18148.149895861716,C(tense)[T.present perfect]:C(syntactic_role)[T.subject],-0.303939903305537,0.0223963398225606,-13.570963189233614,5.953452058759515e-42,-0.347835922743276,-0.260043883867798,0.010366065005176265,0.08451895306986658,0.0029316839143602,0.0039710622972
EleutherAI_pythia-6.9b-deduped,full_mixed_random_slopes,18148.149895861716,C(tense)[T.simple future]:C(syntactic_role)[T.subject],-0.6611996349775869,0.0223963398225606,-29.52266487363874,1.4737180017430187e-191,-0.705095654415326,-0.6173036155398479,0.010366065005176265,0.08451895306986658,0.0029316839143602,0.0039710622972
EleutherAI_pythia-6.9b-deduped,full_mixed_random_slopes,18148.149895861716,C(tense)[T.simple past]:C(syntactic_role)[T.subject],-0.1325996820991227,0.0223963398225606,-5.920596095150795,3.2077679418474966e-09,-0.1764957015368617,-0.0887036626613837,0.010366065005176265,0.08451895306986658,0.0029316839143602,0.0039710622972
EleutherAI_pythia-6.9b-deduped,full_mixed_random_slopes,18148.149895861716,"C(tense)[T.past perfect]:C(valence, Treatment(reference='-val'))[T.+val]",-0.0907322522316512,0.0223963398225608,-4.051208945322967,5.095368017634068e-05,-0.1346282716693906,-0.0468362327939119,0.010366065005176265,0.08451895306986658,0.0029316839143602,0.0039710622972
EleutherAI_pythia-6.9b-deduped,full_mixed_random_slopes,18148.149895861716,"C(tense)[T.present continuous]:C(valence, Treatment(reference='-val'))[T.+val]",-0.026451731065063,0.0223963398225608,-1.1810738395037694,0.237573391323303,-0.0703477505028024,0.0174442883726763,0.010366065005176265,0.08451895306986658,0.0029316839143602,0.0039710622972
EleutherAI_pythia-6.9b-deduped,full_mixed_random_slopes,18148.149895861716,"C(tense)[T.present perfect]:C(valence, Treatment(reference='-val'))[T.+val]",-0.138041308404519,0.0223963398225608,-6.1635655423242,7.112491913551415e-10,-0.1819373278422584,-0.0941452889667797,0.010366065005176265,0.08451895306986658,0.0029316839143602,0.0039710622972
EleutherAI_pythia-6.9b-deduped,full_mixed_random_slopes,18148.149895861716,"C(tense)[T.simple future]:C(valence, Treatment(reference='-val'))[T.+val]",-0.1521251424804588,0.0223963398225608,-6.792410888819278,1.1027493226751504e-11,-0.1960211619181982,-0.1082291230427195,0.010366065005176265,0.08451895306986658,0.0029316839143602,0.0039710622972
EleutherAI_pythia-6.9b-deduped,full_mixed_random_slopes,18148.149895861716,"C(tense)[T.simple past]:C(valence, Treatment(reference='-val'))[T.+val]",-0.1267661652827292,0.0223963398225608,-5.660128676697078,1.5125953585175392e-08,-0.1706621847204686,-0.0828701458449898,0.010366065005176265,0.08451895306986658,0.0029316839143602,0.0039710622972
EleutherAI_pythia-6.9b-deduped,full_mixed_random_slopes,18148.149895861716,"C(tense)[T.past perfect]:C(dominance, Treatment(reference='-dom'))[T.+dom]",0.0018659515897485,0.0223963398225606,0.0833150239964157,0.9336010544062858,-0.0420300678479905,0.0457619710274875,0.010366065005176265,0.08451895306986658,0.0029316839143602,0.0039710622972
EleutherAI_pythia-6.9b-deduped,full_mixed_random_slopes,18148.149895861716,"C(tense)[T.present continuous]:C(dominance, Treatment(reference='-dom'))[T.+dom]",0.0951200131573509,0.0223963398225606,4.247123142038286,2.1653295979041654e-05,0.0512239937196119,0.13901603259509,0.010366065005176265,0.08451895306986658,0.0029316839143602,0.0039710622972
EleutherAI_pythia-6.9b-deduped,full_mixed_random_slopes,18148.149895861716,"C(tense)[T.present perfect]:C(dominance, Treatment(reference='-dom'))[T.+dom]",0.0440508219672895,0.0223963398225606,1.966875941171225,0.0491975148169144,0.0001548025295505,0.0879468414050285,0.010366065005176265,0.08451895306986658,0.0029316839143602,0.0039710622972
EleutherAI_pythia-6.9b-deduped,full_mixed_random_slopes,18148.149895861716,"C(tense)[T.simple future]:C(dominance, Treatment(reference='-dom'))[T.+dom]",0.0944374093354538,0.0223963398225606,4.216644776943581,2.479641127689661e-05,0.0505413898977148,0.1383334287731928,0.010366065005176265,0.08451895306986658,0.0029316839143602,0.0039710622972
EleutherAI_pythia-6.9b-deduped,full_mixed_random_slopes,18148.149895861716,"C(tense)[T.simple past]:C(dominance, Treatment(reference='-dom'))[T.+dom]",-0.0011746492649376,0.0223963398225606,-0.0524482694156279,0.9581715135839138,-0.0450706687026766,0.0427213701728013,0.010366065005176265,0.08451895306986658,0.0029316839143602,0.0039710622972
EleutherAI_pythia-6.9b-deduped,full_mixed_random_slopes,18148.149895861716,C(semantic_role)[T.patient]:C(syntactic_role)[T.subject],0.1424703548635689,0.0129305328254177,11.01813488950066,3.124662647135484e-28,0.1171269762248372,0.1678137335023007,0.010366065005176265,0.08451895306986658,0.0029316839143602,0.0039710622972
EleutherAI_pythia-6.9b-deduped,full_mixed_random_slopes,18148.149895861716,"C(semantic_role)[T.patient]:C(valence, Treatment(reference='-val'))[T.+val]",-0.005006879568286,0.0129305328254177,-0.3872137085058016,0.698598002305443,-0.0303502582070177,0.0203364990704457,0.010366065005176265,0.08451895306986658,0.0029316839143602,0.0039710622972
EleutherAI_pythia-6.9b-deduped,full_mixed_random_slopes,18148.149895861716,"C(semantic_role)[T.patient]:C(dominance, Treatment(reference='-dom'))[T.+dom]",-0.0259258464574392,0.0129305328254177,-2.005009910069318,0.0449619875994035,-0.0512692250961709,-0.0005824678187074,0.010366065005176265,0.08451895306986658,0.0029316839143602,0.0039710622972
EleutherAI_pythia-6.9b-deduped,full_mixed_random_slopes,18148.149895861716,"C(syntactic_role)[T.subject]:C(valence, Treatment(reference='-val'))[T.+val]",-0.0492904581587654,0.0129305328254177,-3.811943314654011,0.00013787850066,-0.0746338367974971,-0.0239470795200336,0.010366065005176265,0.08451895306986658,0.0029316839143602,0.0039710622972
EleutherAI_pythia-6.9b-deduped,full_mixed_random_slopes,18148.149895861716,"C(syntactic_role)[T.subject]:C(dominance, Treatment(reference='-dom'))[T.+dom]",-0.1249623787045102,0.0129305328254177,-9.664132204890244,4.282337912729379e-22,-0.150305757343242,-0.0996190000657784,0.010366065005176265,0.08451895306986658,0.0029316839143602,0.0039710622972
EleutherAI_pythia-6.9b-deduped,full_mixed_random_slopes,18148.149895861716,"C(valence, Treatment(reference='-val'))[T.+val]:C(dominance, Treatment(reference='-dom'))[T.+dom]",-0.0897314868499735,0.0129305328254177,-6.939504199980602,3.934784241496588e-12,-0.1150748654887053,-0.0643881082112418,0.010366065005176265,0.08451895306986658,0.0029316839143602,0.0039710622972
EleutherAI_pythia-6.9b-deduped,full_mixed_random_slopes,18148.149895861716,log_frequency,-0.1506121521594943,0.3158196856052002,-0.4768928569822325,0.6334384186868387,-0.7696073615544496,0.468383057235461,0.010366065005176265,0.08451895306986658,0.0029316839143602,0.0039710622972
EleutherAI_pythia-6.9b-deduped,full_mixed_random_slopes,18148.149895861716,C(tense)[T.past perfect]:log_frequency,-0.0021379025100811,0.0111981699112803,-0.1909153484023815,0.848591915060539,-0.0240859122289507,0.0198101072087884,0.010366065005176265,0.08451895306986658,0.0029316839143602,0.0039710622972
EleutherAI_pythia-6.9b-deduped,full_mixed_random_slopes,18148.149895861716,C(tense)[T.present continuous]:log_frequency,0.0428050340726139,0.0111981699112803,3.822502642105369,0.0001321040626989,0.0208570243537444,0.0647530437914835,0.010366065005176265,0.08451895306986658,0.0029316839143602,0.0039710622972
EleutherAI_pythia-6.9b-deduped,full_mixed_random_slopes,18148.149895861716,C(tense)[T.present perfect]:log_frequency,0.0399437609682232,0.0111981699112803,3.566990078261476,0.0003611051471674,0.0179957512493536,0.0618917706870927,0.010366065005176265,0.08451895306986658,0.0029316839143602,0.0039710622972
EleutherAI_pythia-6.9b-deduped,full_mixed_random_slopes,18148.149895861716,C(tense)[T.simple future]:log_frequency,0.0578359827227469,0.0111981699112803,5.164770956411955,2.407335204952208e-07,0.0358879730038774,0.0797839924416165,0.010366065005176265,0.08451895306986658,0.0029316839143602,0.0039710622972
EleutherAI_pythia-6.9b-deduped,full_mixed_random_slopes,18148.149895861716,C(tense)[T.simple past]:log_frequency,0.0294449052391165,0.0111981699112803,2.6294390487373804,0.0085525861916584,0.0074968955202469,0.0513929149579861,0.010366065005176265,0.08451895306986658,0.0029316839143602,0.0039710622972
EleutherAI_pythia-6.9b-deduped,full_mixed_random_slopes,18148.149895861716,C(semantic_role)[T.patient]:log_frequency,0.0290772415723016,0.0186194504388672,1.561659495148371,0.118368225633799,-0.0074162106998067,0.0655706938444099,0.010366065005176265,0.08451895306986658,0.0029316839143602,0.0039710622972
EleutherAI_pythia-6.9b-deduped,full_mixed_random_slopes,18148.149895861716,C(syntactic_role)[T.subject]:log_frequency,0.0240451155320974,0.0502757519154925,0.4782646627048841,0.6324618441797037,-0.0744935475179385,0.1225837785821334,0.010366065005176265,0.08451895306986658,0.0029316839143602,0.0039710622972
EleutherAI_pythia-6.9b-deduped,full_mixed_random_slopes,18148.149895861716,"C(valence, Treatment(reference='-val'))[T.+val]:log_frequency",0.0112485150821854,0.011314842785857,0.9941379915808972,0.3201556915383901,-0.010928169268827,0.033425199433198,0.010366065005176265,0.08451895306986658,0.0029316839143602,0.0039710622972
EleutherAI_pythia-6.9b-deduped,full_mixed_random_slopes,18148.149895861716,"C(dominance, Treatment(reference='-dom'))[T.+dom]:log_frequency",0.0038345122674841,0.0125934752830613,0.3044840428314204,0.7607591479695861,-0.0208482457275116,0.0285172702624798,0.010366065005176265,0.08451895306986658,0.0029316839143602,0.0039710622972
EleutherAI_pythia-6.9b-deduped,full_mixed_random_slopes,18148.149895861716,lex_emb_norm,0.0931092467451773,0.3238581440603656,0.2875000936453902,0.7737294302442675,-0.5416410517131236,0.7278595452034784,0.010366065005176265,0.08451895306986658,0.0029316839143602,0.0039710622972
EleutherAI_pythia-6.9b-deduped,full_mixed_random_slopes,18148.149895861716,C(tense)[T.past perfect]:lex_emb_norm,0.0108445543533203,0.0111981699112803,0.968422022458886,0.3328336453467172,-0.0111034553655492,0.0327925640721899,0.010366065005176265,0.08451895306986658,0.0029316839143602,0.0039710622972
EleutherAI_pythia-6.9b-deduped,full_mixed_random_slopes,18148.149895861716,C(tense)[T.present continuous]:lex_emb_norm,-0.0395320715262975,0.0111981699112803,-3.530226085110153,0.0004152046993937,-0.061480081245167,-0.0175840618074279,0.010366065005176265,0.08451895306986658,0.0029316839143602,0.0039710622972
EleutherAI_pythia-6.9b-deduped,full_mixed_random_slopes,18148.149895861716,C(tense)[T.present perfect]:lex_emb_norm,-0.0149496212544947,0.0111981699112803,-1.335005752987855,0.1818744635533087,-0.0368976309733643,0.0069983884643748,0.010366065005176265,0.08451895306986658,0.0029316839143602,0.0039710622972
EleutherAI_pythia-6.9b-deduped,full_mixed_random_slopes,18148.149895861716,C(tense)[T.simple future]:lex_emb_norm,-0.0516810354612091,0.0111981699112803,-4.615132282387398,3.92845017524194e-06,-0.0736290451800786,-0.0297330257423395,0.010366065005176265,0.08451895306986658,0.0029316839143602,0.0039710622972
EleutherAI_pythia-6.9b-deduped,full_mixed_random_slopes,18148.149895861716,C(tense)[T.simple past]:lex_emb_norm,0.0019701581977184,0.0111981699112803,0.1759357299743944,0.8603444346866472,-0.0199778515211511,0.0239181679165879,0.010366065005176265,0.08451895306986658,0.0029316839143602,0.0039710622972
EleutherAI_pythia-6.9b-deduped,full_mixed_random_slopes,18148.149895861716,C(semantic_role)[T.patient]:lex_emb_norm,0.0025664027452043,0.0186194504388667,0.137834505568822,0.8903712131223968,-0.0339270495269029,0.0390598550173117,0.010366065005176265,0.08451895306986658,0.0029316839143602,0.0039710622972
EleutherAI_pythia-6.9b-deduped,full_mixed_random_slopes,18148.149895861716,C(syntactic_role)[T.subject]:lex_emb_norm,-0.030579785342878,0.050275751915436,-0.6082412331557633,0.5430274909495049,-0.1291184483928034,0.0679588777070472,0.010366065005176265,0.08451895306986658,0.0029316839143602,0.0039710622972
EleutherAI_pythia-6.9b-deduped,full_mixed_random_slopes,18148.149895861716,"C(valence, Treatment(reference='-val'))[T.+val]:lex_emb_norm",-0.0024816063554869,0.0113148427858389,-0.2193230964369058,0.8263983715022523,-0.0246582907064642,0.0196950779954902,0.010366065005176265,0.08451895306986658,0.0029316839143602,0.0039710622972
EleutherAI_pythia-6.9b-deduped,full_mixed_random_slopes,18148.149895861716,"C(dominance, Treatment(reference='-dom'))[T.+dom]:lex_emb_norm",0.0008446385781062,0.0125934752830495,0.0670695387192396,0.946526343854296,-0.0238381194168661,0.0255273965730787,0.010366065005176265,0.08451895306986658,0.0029316839143602,0.0039710622972
EleutherAI_pythia-6.9b-deduped,full_mixed_random_slopes,18148.149895861716,log_frequency:lex_emb_norm,-0.1504752411049492,0.2602915800117279,-0.5781026074610991,0.563194846757423,-0.6606373634069618,0.3596868811970632,0.010366065005176265,0.08451895306986658,0.0029316839143602,0.0039710622972
Qwen_Qwen3-4B-Base,full_mixed_random_slopes,18916.941154572472,Intercept,1.797028843249044,0.2692763307617723,6.673549205625756,2.4968981107219137e-11,1.2692569330668753,2.3248007534312127,0.010934646285633584,0.06091331030963966,0.0055679298770363,0.0048188097793421
Qwen_Qwen3-4B-Base,full_mixed_random_slopes,18916.941154572472,C(tense)[T.past perfect],-0.0092471415207844,0.0256487438784021,-0.3605299957231482,0.718450829347516,-0.0595177557711448,0.0410234727295759,0.010934646285633584,0.06091331030963966,0.0055679298770363,0.0048188097793421
Qwen_Qwen3-4B-Base,full_mixed_random_slopes,18916.941154572472,C(tense)[T.present continuous],-0.130773081474638,0.0256487438784021,-5.098615436865787,3.421468540551336e-07,-0.1810436957249984,-0.0805024672242776,0.010934646285633584,0.06091331030963966,0.0055679298770363,0.0048188097793421
Qwen_Qwen3-4B-Base,full_mixed_random_slopes,18916.941154572472,C(tense)[T.present perfect],-0.1486826577287647,0.0256487438784021,-5.79687872566598,6.7560509646087276e-09,-0.198953271979125,-0.0984120434784044,0.010934646285633584,0.06091331030963966,0.0055679298770363,0.0048188097793421
Qwen_Qwen3-4B-Base,full_mixed_random_slopes,18916.941154572472,C(tense)[T.simple future],0.0695646820724679,0.0256487438784021,2.7122061962280304,0.0066837002381966,0.0192940678221076,0.1198352963228282,0.010934646285633584,0.06091331030963966,0.0055679298770363,0.0048188097793421
Qwen_Qwen3-4B-Base,full_mixed_random_slopes,18916.941154572472,C(tense)[T.simple past],0.0252109343583802,0.0256487438784021,0.9829305668106978,0.3256416125926697,-0.0250596798919801,0.0754815486087406,0.010934646285633584,0.06091331030963966,0.0055679298770363,0.0048188097793421
Qwen_Qwen3-4B-Base,full_mixed_random_slopes,18916.941154572472,C(semantic_role)[T.patient],0.105638923604198,0.0267641940140173,3.9470242798595514,7.912853515726681e-05,0.0531820672614815,0.1580957799469144,0.010934646285633584,0.06091331030963966,0.0055679298770363,0.0048188097793421
Qwen_Qwen3-4B-Base,full_mixed_random_slopes,18916.941154572472,C(syntactic_role)[T.subject],-0.2153601635012159,0.0467577029783488,-4.605875605158329,4.107338794180818e-06,-0.3070035773386008,-0.1237167496638309,0.010934646285633584,0.06091331030963966,0.0055679298770363,0.0048188097793421
Qwen_Qwen3-4B-Base,full_mixed_random_slopes,18916.941154572472,"C(valence, Treatment(reference='-val'))[T.+val]",0.0717790197101289,0.0236321281514544,3.037348953513997,0.0023866898552619,0.025460899655243,0.1180971397650149,0.010934646285633584,0.06091331030963966,0.0055679298770363,0.0048188097793421
Qwen_Qwen3-4B-Base,full_mixed_random_slopes,18916.941154572472,"C(dominance, Treatment(reference='-dom'))[T.+dom]",0.0652723254847414,0.023161272350987,2.8181666574962523,0.0048298733177092,0.0198770658406835,0.1106675851287993,0.010934646285633584,0.06091331030963966,0.0055679298770363,0.0048188097793421
Qwen_Qwen3-4B-Base,full_mixed_random_slopes,18916.941154572472,C(tense)[T.past perfect]:C(semantic_role)[T.patient],-0.0086792382283248,0.0229409339398359,-0.378329768573797,0.7051856338559539,-0.0536426425221158,0.036284166065466,0.010934646285633584,0.06091331030963966,0.0055679298770363,0.0048188097793421
Qwen_Qwen3-4B-Base,full_mixed_random_slopes,18916.941154572472,C(tense)[T.present continuous]:C(semantic_role)[T.patient],-0.0140626114758016,0.0229409339398359,-0.6129921088950344,0.5398815574531451,-0.0590260157695926,0.0309007928179892,0.010934646285633584,0.06091331030963966,0.0055679298770363,0.0048188097793421
Qwen_Qwen3-4B-Base,full_mixed_random_slopes,18916.941154572472,C(tense)[T.present perfect]:C(semantic_role)[T.patient],0.003278993958906,0.0229409339398359,0.1429320169573499,0.886343872296065,-0.0416844103348848,0.048242398252697,0.010934646285633584,0.06091331030963966,0.0055679298770363,0.0048188097793421
Qwen_Qwen3-4B-Base,full_mixed_random_slopes,18916.941154572472,C(tense)[T.simple future]:C(semantic_role)[T.patient],0.0268621754369482,0.0229409339398359,1.170927718435357,0.2416278324129749,-0.0181012288568426,0.0718255797307392,0.010934646285633584,0.06091331030963966,0.0055679298770363,0.0048188097793421
Qwen_Qwen3-4B-Base,full_mixed_random_slopes,18916.941154572472,C(tense)[T.simple past]:C(semantic_role)[T.patient],0.0858956646701069,0.0229409339398359,3.744209581675005,0.0001809625559468,0.0409322603763159,0.1308590689638979,0.010934646285633584,0.06091331030963966,0.0055679298770363,0.0048188097793421
Qwen_Qwen3-4B-Base,full_mixed_random_slopes,18916.941154572472,C(tense)[T.past perfect]:C(syntactic_role)[T.subject],-0.1882470087120849,0.0229409339398359,-8.205725591023214,2.292023804063026e-16,-0.233210413005876,-0.1432836044182939,0.010934646285633584,0.06091331030963966,0.0055679298770363,0.0048188097793421
Qwen_Qwen3-4B-Base,full_mixed_random_slopes,18916.941154572472,C(tense)[T.present continuous]:C(syntactic_role)[T.subject],-0.0769744393894243,0.0229409339398359,-3.3553315480221806,0.0007926991742421,-0.1219378436832154,-0.0320110350956333,0.010934646285633584,0.06091331030963966,0.0055679298770363,0.0048188097793421
Qwen_Qwen3-4B-Base,full_mixed_random_slopes,18916.941154572472,C(tense)[T.present perfect]:C(syntactic_role)[T.subject],-0.049275009195501,0.0229409339398359,-2.147907723579512,0.0317210866991241,-0.0942384134892921,-0.0043116049017099,0.010934646285633584,0.06091331030963966,0.0055679298770363,0.0048188097793421
Qwen_Qwen3-4B-Base,full_mixed_random_slopes,18916.941154572472,C(tense)[T.simple future]:C(syntactic_role)[T.subject],-0.1690874922952971,0.0229409339398359,-7.370558353846434,1.6991486966354408e-13,-0.2140508965890882,-0.1241240880015061,0.010934646285633584,0.06091331030963966,0.0055679298770363,0.0048188097793421
Qwen_Qwen3-4B-Base,full_mixed_random_slopes,18916.941154572472,C(tense)[T.simple past]:C(syntactic_role)[T.subject],-0.0253564724265093,0.0229409339398359,-1.1052938164160322,0.2690322964565727,-0.0703198767203004,0.0196069318672816,0.010934646285633584,0.06091331030963966,0.0055679298770363,0.0048188097793421
Qwen_Qwen3-4B-Base,full_mixed_random_slopes,18916.941154572472,"C(tense)[T.past perfect]:C(valence, Treatment(reference='-val'))[T.+val]",-0.1094027683616474,0.0229409339398358,-4.768889036887669,1.8524465461017688e-06,-0.1543661726554382,-0.0644393640678565,0.010934646285633584,0.06091331030963966,0.0055679298770363,0.0048188097793421
Qwen_Qwen3-4B-Base,full_mixed_random_slopes,18916.941154572472,"C(tense)[T.present continuous]:C(valence, Treatment(reference='-val'))[T.+val]",-0.0227319561394417,0.0229409339398358,-0.9908906149617882,0.3217389955274273,-0.0676953604332325,0.0222314481543491,0.010934646285633584,0.06091331030963966,0.0055679298770363,0.0048188097793421
Qwen_Qwen3-4B-Base,full_mixed_random_slopes,18916.941154572472,"C(tense)[T.present perfect]:C(valence, Treatment(reference='-val'))[T.+val]",-0.131221272757272,0.0229409339398358,-5.7199621036095865,1.0654781473491497e-08,-0.1761846770510629,-0.0862578684634812,0.010934646285633584,0.06091331030963966,0.0055679298770363,0.0048188097793421
Qwen_Qwen3-4B-Base,full_mixed_random_slopes,18916.941154572472,"C(tense)[T.simple future]:C(valence, Treatment(reference='-val'))[T.+val]",-0.019122759103756,0.0229409339398358,-0.833564978387834,0.4045261675501809,-0.0640861633975468,0.0258406451900348,0.010934646285633584,0.06091331030963966,0.0055679298770363,0.0048188097793421
Qwen_Qwen3-4B-Base,full_mixed_random_slopes,18916.941154572472,"C(tense)[T.simple past]:C(valence, Treatment(reference='-val'))[T.+val]",-0.1176901986756128,0.0229409339398358,-5.130139818381555,2.895270459376889e-07,-0.1626536029694037,-0.0727267943818219,0.010934646285633584,0.06091331030963966,0.0055679298770363,0.0048188097793421
Qwen_Qwen3-4B-Base,full_mixed_random_slopes,18916.941154572472,"C(tense)[T.past perfect]:C(dominance, Treatment(reference='-dom'))[T.+dom]",0.025118129074864,0.0229409339398359,1.0949043809959036,0.2735585295378073,-0.019845275218927,0.0700815333686551,0.010934646285633584,0.06091331030963966,0.0055679298770363,0.0048188097793421
Qwen_Qwen3-4B-Base,full_mixed_random_slopes,18916.941154572472,"C(tense)[T.present continuous]:C(dominance, Treatment(reference='-dom'))[T.+dom]",0.0472040425726712,0.0229409339398359,2.0576338651454527,0.0396252932614796,0.0022406382788801,0.0921674468664623,0.010934646285633584,0.06091331030963966,0.0055679298770363,0.0048188097793421
Qwen_Qwen3-4B-Base,full_mixed_random_slopes,18916.941154572472,"C(tense)[T.present perfect]:C(dominance, Treatment(reference='-dom'))[T.+dom]",0.0620877429164174,0.0229409339398359,2.7064174056403467,0.0068013498660495,0.0171243386226263,0.1070511472102085,0.010934646285633584,0.06091331030963966,0.0055679298770363,0.0048188097793421
Qwen_Qwen3-4B-Base,full_mixed_random_slopes,18916.941154572472,"C(tense)[T.simple future]:C(dominance, Treatment(reference='-dom'))[T.+dom]",0.058377727243268,0.0229409339398359,2.544697064050106,0.0109372577949609,0.0134143229494769,0.1033411315370591,0.010934646285633584,0.06091331030963966,0.0055679298770363,0.0048188097793421
Qwen_Qwen3-4B-Base,full_mixed_random_slopes,18916.941154572472,"C(tense)[T.simple past]:C(dominance, Treatment(reference='-dom'))[T.+dom]",0.0178933688754037,0.0229409339398359,0.7799756070232448,0.4354052332595578,-0.0270700354183873,0.0628567731691947,0.010934646285633584,0.06091331030963966,0.0055679298770363,0.0048188097793421
Qwen_Qwen3-4B-Base,full_mixed_random_slopes,18916.941154572472,C(semantic_role)[T.patient]:C(syntactic_role)[T.subject],-0.0433579495404222,0.0132449543856257,-3.273544647875649,0.00106207610246,-0.0693175831131245,-0.0173983159677199,0.010934646285633584,0.06091331030963966,0.0055679298770363,0.0048188097793421
Qwen_Qwen3-4B-Base,full_mixed_random_slopes,18916.941154572472,"C(semantic_role)[T.patient]:C(valence, Treatment(reference='-val'))[T.+val]",-0.0479628522011965,0.0132449543856257,-3.621216865287872,0.0002932205896057,-0.0739224857738988,-0.0220032186284942,0.010934646285633584,0.06091331030963966,0.0055679298770363,0.0048188097793421
Qwen_Qwen3-4B-Base,full_mixed_random_slopes,18916.941154572472,"C(semantic_role)[T.patient]:C(dominance, Treatment(reference='-dom'))[T.+dom]",0.1313577181988775,0.0132449543856257,9.917566672893573,3.491645882151603e-23,0.1053980846261752,0.1573173517715798,0.010934646285633584,0.06091331030963966,0.0055679298770363,0.0048188097793421
Qwen_Qwen3-4B-Base,full_mixed_random_slopes,18916.941154572472,"C(syntactic_role)[T.subject]:C(valence, Treatment(reference='-val'))[T.+val]",-0.0050657872925939,0.0132449543856257,-0.3824692139439624,0.702113359989532,-0.0310254208652962,0.0208938462801083,0.010934646285633584,0.06091331030963966,0.0055679298770363,0.0048188097793421
Qwen_Qwen3-4B-Base,full_mixed_random_slopes,18916.941154572472,"C(syntactic_role)[T.subject]:C(dominance, Treatment(reference='-dom'))[T.+dom]",-0.0687662397662952,0.0132449543856257,-5.191881962305936,2.0817897675995885e-07,-0.0947258733389976,-0.0428066061935929,0.010934646285633584,0.06091331030963966,0.0055679298770363,0.0048188097793421
Qwen_Qwen3-4B-Base,full_mixed_random_slopes,18916.941154572472,"C(valence, Treatment(reference='-val'))[T.+val]:C(dominance, Treatment(reference='-dom'))[T.+dom]",-0.2076608872032681,0.0132449543856257,-15.678490174993328,2.1223934237954107e-55,-0.2336205207759704,-0.1817012536305658,0.010934646285633584,0.06091331030963966,0.0055679298770363,0.0048188097793421
Qwen_Qwen3-4B-Base,full_mixed_random_slopes,18916.941154572472,log_frequency,-0.1321340278949592,0.2688242824703827,-0.4915256415108889,0.623054721002201,-0.6590199397067316,0.394751883916813,0.010934646285633584,0.06091331030963966,0.0055679298770363,0.0048188097793421
Qwen_Qwen3-4B-Base,full_mixed_random_slopes,18916.941154572472,C(tense)[T.past perfect]:log_frequency,-0.0051969716030647,0.011470466969918,-0.4530741090745568,0.6504953781075293,-0.0276786737499603,0.0172847305438308,0.010934646285633584,0.06091331030963966,0.0055679298770363,0.0048188097793421
Qwen_Qwen3-4B-Base,full_mixed_random_slopes,18916.941154572472,C(tense)[T.present continuous]:log_frequency,0.0412065254765147,0.011470466969918,3.592401737835196,0.0003276442173848,0.0187248233296191,0.0636882276234103,0.010934646285633584,0.06091331030963966,0.0055679298770363,0.0048188097793421
Qwen_Qwen3-4B-Base,full_mixed_random_slopes,18916.941154572472,C(tense)[T.present perfect]:log_frequency,0.037908493658658,0.011470466969918,3.3048779755937843,0.0009501775893926,0.0154267915117624,0.0603901958055536,0.010934646285633584,0.06091331030963966,0.0055679298770363,0.0048188097793421
Qwen_Qwen3-4B-Base,full_mixed_random_slopes,18916.941154572472,C(tense)[T.simple future]:log_frequency,0.0875365132473647,0.011470466969918,7.631469013156518,2.3209363179993112e-14,0.0650548111004691,0.1100182153942604,0.010934646285633584,0.06091331030963966,0.0055679298770363,0.0048188097793421
Qwen_Qwen3-4B-Base,full_mixed_random_slopes,18916.941154572472,C(tense)[T.simple past]:log_frequency,0.0073865756704063,0.011470466969918,0.6439646868586983,0.5195983333127103,-0.0150951264764893,0.0298682778173019,0.010934646285633584,0.06091331030963966,0.0055679298770363,0.0048188097793421
Qwen_Qwen3-4B-Base,full_mixed_random_slopes,18916.941154572472,C(semantic_role)[T.patient]:log_frequency,0.0035092914184627,0.0191171244664267,0.1835679536755492,0.8543524051173073,-0.0339595840237031,0.0409781668606286,0.010934646285633584,0.06091331030963966,0.0055679298770363,0.0048188097793421
Qwen_Qwen3-4B-Base,full_mixed_random_slopes,18916.941154572472,C(syntactic_role)[T.subject]:log_frequency,0.0271327816125424,0.0428418621730466,0.6333240488694878,0.5265220518286146,-0.0568357252772579,0.1111012885023428,0.010934646285633584,0.06091331030963966,0.0055679298770363,0.0048188097793421
Qwen_Qwen3-4B-Base,full_mixed_random_slopes,18916.941154572472,"C(valence, Treatment(reference='-val'))[T.+val]:log_frequency",0.0214290308516657,0.0144090196617192,1.487195614604972,0.1369631539772368,-0.0068121287378335,0.049670190441165,0.010934646285633584,0.06091331030963966,0.0055679298770363,0.0048188097793421
Qwen_Qwen3-4B-Base,full_mixed_random_slopes,18916.941154572472,"C(dominance, Treatment(reference='-dom'))[T.+dom]:log_frequency",0.0009190843078829,0.0136230284284306,0.0674654914442403,0.9462111332487748,-0.0257815607722064,0.0276197293879722,0.010934646285633584,0.06091331030963966,0.0055679298770363,0.0048188097793421
Qwen_Qwen3-4B-Base,full_mixed_random_slopes,18916.941154572472,lex_emb_norm,-0.0308993293965246,0.2694133439749302,-0.1146911616946482,0.9086899196442156,-0.558939780541889,0.4971411217488397,0.010934646285633584,0.06091331030963966,0.0055679298770363,0.0048188097793421
Qwen_Qwen3-4B-Base,full_mixed_random_slopes,18916.941154572472,C(tense)[T.past perfect]:lex_emb_norm,-0.0175150433903836,0.011470466969918,-1.5269686435886063,0.1267688087441389,-0.0399967455372792,0.0049666587565119,0.010934646285633584,0.06091331030963966,0.0055679298770363,0.0048188097793421
Qwen_Qwen3-4B-Base,full_mixed_random_slopes,18916.941154572472,C(tense)[T.present continuous]:lex_emb_norm,0.0056146714811204,0.011470466969918,0.4894893552150316,0.6244952889136746,-0.0168670306657751,0.028096373628016,0.010934646285633584,0.06091331030963966,0.0055679298770363,0.0048188097793421
Qwen_Qwen3-4B-Base,full_mixed_random_slopes,18916.941154572472,C(tense)[T.present perfect]:lex_emb_norm,0.0160953533124044,0.011470466969918,1.4031994821671607,0.1605573619822276,-0.0063863488344911,0.0385770554593001,0.010934646285633584,0.06091331030963966,0.0055679298770363,0.0048188097793421
Qwen_Qwen3-4B-Base,full_mixed_random_slopes,18916.941154572472,C(tense)[T.simple future]:lex_emb_norm,0.0171570435178847,0.011470466969918,1.49575806834021,0.1347167120383936,-0.0053246586290108,0.0396387456647803,0.010934646285633584,0.06091331030963966,0.0055679298770363,0.0048188097793421
Qwen_Qwen3-4B-Base,full_mixed_random_slopes,18916.941154572472,C(tense)[T.simple past]:lex_emb_norm,0.0054566434589826,0.011470466969918,0.4757124076371993,0.6342792801767743,-0.0170250586879129,0.0279383456058782,0.010934646285633584,0.06091331030963966,0.0055679298770363,0.0048188097793421
Qwen_Qwen3-4B-Base,full_mixed_random_slopes,18916.941154572472,C(semantic_role)[T.patient]:lex_emb_norm,-0.0177425237068538,0.019117124466421,-0.9280958408791168,0.3533578568669538,-0.0552113991490086,0.019726351735301,0.010934646285633584,0.06091331030963966,0.0055679298770363,0.0048188097793421
Qwen_Qwen3-4B-Base,full_mixed_random_slopes,18916.941154572472,C(syntactic_role)[T.subject]:lex_emb_norm,0.0401459243410698,0.0428418621730392,0.937072347110394,0.348721344635917,-0.0438225825487158,0.1241144312308556,0.010934646285633584,0.06091331030963966,0.0055679298770363,0.0048188097793421
Qwen_Qwen3-4B-Base,full_mixed_random_slopes,18916.941154572472,"C(valence, Treatment(reference='-val'))[T.+val]:lex_emb_norm",0.0125723665635466,0.0144090196617147,0.8725344859478409,0.3829168632650664,-0.0156687930259438,0.0408135261530371,0.010934646285633584,0.06091331030963966,0.0055679298770363,0.0048188097793421
Qwen_Qwen3-4B-Base,full_mixed_random_slopes,18916.941154572472,"C(dominance, Treatment(reference='-dom'))[T.+dom]:lex_emb_norm",-0.0112865013562862,0.013623028428429,-0.8284869561552971,0.4073947789999149,-0.0379871464363725,0.0154141437237999,0.010934646285633584,0.06091331030963966,0.0055679298770363,0.0048188097793421
Qwen_Qwen3-4B-Base,full_mixed_random_slopes,18916.941154572472,log_frequency:lex_emb_norm,-0.0187924824495645,0.1840252048564773,-0.1021190682234041,0.918662165882674,-0.3794752562158656,0.3418902913167365,0.010934646285633584,0.06091331030963966,0.0055679298770363,0.0048188097793421
Qwen_Qwen3-8B-Base,full_mixed_random_slopes,22068.853895182227,Intercept,2.204405160935638,0.2597159084973439,8.487755616087654,2.10665997713276e-17,1.6953713340687435,2.713438987802532,0.014734677762614458,0.05098573380679026,0.0196155693725373,0.0080587330958291
Qwen_Qwen3-8B-Base,full_mixed_random_slopes,22068.853895182227,C(tense)[T.past perfect],0.3076095908951258,0.028262955289128,10.883843807142648,1.376340312478412e-27,0.252215216431769,0.3630039653584825,0.014734677762614458,0.05098573380679026,0.0196155693725373,0.0080587330958291
Qwen_Qwen3-8B-Base,full_mixed_random_slopes,22068.853895182227,C(tense)[T.present continuous],-0.2790332926257515,0.028262955289128,-9.872757104529962,5.464165966042088e-23,-0.3344276670891082,-0.2236389181623947,0.014734677762614458,0.05098573380679026,0.0196155693725373,0.0080587330958291
Qwen_Qwen3-8B-Base,full_mixed_random_slopes,22068.853895182227,C(tense)[T.present perfect],0.0687440009771392,0.028262955289128,2.432300524622888,0.0150032530772036,0.0133496265137825,0.124138375440496,0.014734677762614458,0.05098573380679026,0.0196155693725373,0.0080587330958291
Qwen_Qwen3-8B-Base,full_mixed_random_slopes,22068.853895182227,C(tense)[T.simple future],0.091548028962619,0.028262955289128,3.2391527363677723,0.001198853554174,0.0361536544992622,0.1469424034259757,0.014734677762614458,0.05098573380679026,0.0196155693725373,0.0080587330958291
Qwen_Qwen3-8B-Base,full_mixed_random_slopes,22068.853895182227,C(tense)[T.simple past],0.0761165411101107,0.028262955289128,2.6931557698564768,0.0070779191984503,0.0207221666467539,0.1315109155734674,0.014734677762614458,0.05098573380679026,0.0196155693725373,0.0080587330958291
Qwen_Qwen3-8B-Base,full_mixed_random_slopes,22068.853895182227,C(semantic_role)[T.patient],0.191849768245624,0.0302100920285581,6.350519159765047,2.1458948054888223e-10,0.1326390759000094,0.2510604605912386,0.014734677762614458,0.05098573380679026,0.0196155693725373,0.0080587330958291
Qwen_Qwen3-8B-Base,full_mixed_random_slopes,22068.853895182227,C(syntactic_role)[T.subject],-0.2590149589688678,0.0444843477089054,-5.822608901984977,5.7936023511377425e-09,-0.3462026783540793,-0.1718272395836562,0.014734677762614458,0.05098573380679026,0.0196155693725373,0.0080587330958291
Qwen_Qwen3-8B-Base,full_mixed_random_slopes,22068.853895182227,"C(valence, Treatment(reference='-val'))[T.+val]",-0.1690477773000232,0.0324993122382459,-5.201580146089495,1.976012248039424e-07,-0.232745258809307,-0.1053502957907394,0.014734677762614458,0.05098573380679026,0.0196155693725373,0.0080587330958291
Qwen_Qwen3-8B-Base,full_mixed_random_slopes,22068.853895182227,"C(dominance, Treatment(reference='-dom'))[T.+dom]",0.1118304274582313,0.0267637506087456,4.178428841796493,2.9352980227470627e-05,0.0593744401738778,0.1642864147425847,0.014734677762614458,0.05098573380679026,0.0196155693725373,0.0080587330958291
Qwen_Qwen3-8B-Base,full_mixed_random_slopes,22068.853895182227,C(tense)[T.past perfect]:C(semantic_role)[T.patient],0.0254548236698627,0.0252791557086111,1.0069491229563383,0.3139592239772301,-0.0240914110785952,0.0750010584183207,0.014734677762614458,0.05098573380679026,0.0196155693725373,0.0080587330958291
Qwen_Qwen3-8B-Base,full_mixed_random_slopes,22068.853895182227,C(tense)[T.present continuous]:C(semantic_role)[T.patient],-0.036308004063388,0.0252791557086111,-1.436282306335888,0.150922026720062,-0.085854238811846,0.0132382306850699,0.014734677762614458,0.05098573380679026,0.0196155693725373,0.0080587330958291
Qwen_Qwen3-8B-Base,full_mixed_random_slopes,22068.853895182227,C(tense)[T.present perfect]:C(semantic_role)[T.patient],-0.0582158895447382,0.0252791557086111,-2.3029206440192693,0.0212833084070134,-0.1077621242931962,-0.0086696547962802,0.014734677762614458,0.05098573380679026,0.0196155693725373,0.0080587330958291
Qwen_Qwen3-8B-Base,full_mixed_random_slopes,22068.853895182227,C(tense)[T.simple future]:C(semantic_role)[T.patient],0.0576236340944907,0.0252791557086111,2.279492035205182,0.0226378328986825,0.0080773993460327,0.1071698688429487,0.014734677762614458,0.05098573380679026,0.0196155693725373,0.0080587330958291
Qwen_Qwen3-8B-Base,full_mixed_random_slopes,22068.853895182227,C(tense)[T.simple past]:C(semantic_role)[T.patient],-0.0098502643798422,0.0252791557086111,-0.3896595477073956,0.6967883129124818,-0.0593964991283002,0.0396959703686157,0.014734677762614458,0.05098573380679026,0.0196155693725373,0.0080587330958291
Qwen_Qwen3-8B-Base,full_mixed_random_slopes,22068.853895182227,C(tense)[T.past perfect]:C(syntactic_role)[T.subject],-0.1600867979291833,0.025279155708611,-6.332758885402626,2.4081574256345107e-10,-0.2096330326776411,-0.1105405631807255,0.014734677762614458,0.05098573380679026,0.0196155693725373,0.0080587330958291
Qwen_Qwen3-8B-Base,full_mixed_random_slopes,22068.853895182227,C(tense)[T.present continuous]:C(syntactic_role)[T.subject],0.0138234277214741,0.025279155708611,0.5468310682846633,0.5844947964899356,-0.0357228070269836,0.0633696624699319,0.014734677762614458,0.05098573380679026,0.0196155693725373,0.0080587330958291
Qwen_Qwen3-8B-Base,full_mixed_random_slopes,22068.853895182227,C(tense)[T.present perfect]:C(syntactic_role)[T.subject],-0.0751876589463786,0.025279155708611,-2.9742947040263195,0.0029366288694389,-0.1247338936948364,-0.0256414241979208,0.014734677762614458,0.05098573380679026,0.0196155693725373,0.0080587330958291
Qwen_Qwen3-8B-Base,full_mixed_random_slopes,22068.853895182227,C(tense)[T.simple future]:C(syntactic_role)[T.subject],-0.0574147862168227,0.025279155708611,-2.271230371719457,0.0231330357409183,-0.1069610209652805,-0.0078685514683649,0.014734677762614458,0.05098573380679026,0.0196155693725373,0.0080587330958291
Qwen_Qwen3-8B-Base,full_mixed_random_slopes,22068.853895182227,C(tense)[T.simple past]:C(syntactic_role)[T.subject],0.0669405136830931,0.025279155708611,2.6480517962983456,0.0080957120308461,0.0173942789346353,0.1164867484315509,0.014734677762614458,0.05098573380679026,0.0196155693725373,0.0080587330958291
Qwen_Qwen3-8B-Base,full_mixed_random_slopes,22068.853895182227,"C(tense)[T.past perfect]:C(valence, Treatment(reference='-val'))[T.+val]",-0.1342436574603197,0.0252791557086111,-5.310448616548962,1.0935571381810739e-07,-0.1837898922087776,-0.0846974227118618,0.014734677762614458,0.05098573380679026,0.0196155693725373,0.0080587330958291
Qwen_Qwen3-8B-Base,full_mixed_random_slopes,22068.853895182227,"C(tense)[T.present continuous]:C(valence, Treatment(reference='-val'))[T.+val]",0.0785288715759045,0.0252791557086111,3.1064673393801048,0.0018933722274767,0.0289826368274466,0.1280751063243624,0.014734677762614458,0.05098573380679026,0.0196155693725373,0.0080587330958291
Qwen_Qwen3-8B-Base,full_mixed_random_slopes,22068.853895182227,"C(tense)[T.present perfect]:C(valence, Treatment(reference='-val'))[T.+val]",-0.0594752229395773,0.0252791557086111,-2.3527377110667365,0.018635774069294,-0.1090214576880352,-0.0099289881911194,0.014734677762614458,0.05098573380679026,0.0196155693725373,0.0080587330958291
Qwen_Qwen3-8B-Base,full_mixed_random_slopes,22068.853895182227,"C(tense)[T.simple future]:C(valence, Treatment(reference='-val'))[T.+val]",-0.0167274404907775,0.0252791557086111,-0.6617088277627676,0.5081578460798757,-0.0662736752392354,0.0328187942576803,0.014734677762614458,0.05098573380679026,0.0196155693725373,0.0080587330958291
Qwen_Qwen3-8B-Base,full_mixed_random_slopes,22068.853895182227,"C(tense)[T.simple past]:C(valence, Treatment(reference='-val'))[T.+val]",-0.0338845921548508,0.025279155708611,-1.3404162918031486,0.1801100420003056,-0.0834308269033087,0.0156616425936069,0.014734677762614458,0.05098573380679026,0.0196155693725373,0.0080587330958291
Qwen_Qwen3-8B-Base,full_mixed_random_slopes,22068.853895182227,"C(tense)[T.past perfect]:C(dominance, Treatment(reference='-dom'))[T.+dom]",-0.0602389414977907,0.0252791557086111,-2.382949106060168,0.0171745685498969,-0.1097851762462487,-0.0106927067493327,0.014734677762614458,0.05098573380679026,0.0196155693725373,0.0080587330958291
Qwen_Qwen3-8B-Base,full_mixed_random_slopes,22068.853895182227,"C(tense)[T.present continuous]:C(dominance, Treatment(reference='-dom'))[T.+dom]",-0.0341242615979231,0.0252791557086111,-1.3498972035011036,0.1770489588518824,-0.0836704963463811,0.0154219731505348,0.014734677762614458,0.05098573380679026,0.0196155693725373,0.0080587330958291
Qwen_Qwen3-8B-Base,full_mixed_random_slopes,22068.853895182227,"C(tense)[T.present perfect]:C(dominance, Treatment(reference='-dom'))[T.+dom]",-0.0048315282960692,0.0252791557086111,-0.1911269645142236,0.8484261224050252,-0.0543777630445272,0.0447147064523887,0.014734677762614458,0.05098573380679026,0.0196155693725373,0.0080587330958291
Qwen_Qwen3-8B-Base,full_mixed_random_slopes,22068.853895182227,"C(tense)[T.simple future]:C(dominance, Treatment(reference='-dom'))[T.+dom]",0.0957327238364533,0.0252791557086111,3.7870221988403943,0.0001524634837413,0.0461864890879953,0.1452789585849113,0.014734677762614458,0.05098573380679026,0.0196155693725373,0.0080587330958291
Qwen_Qwen3-8B-Base,full_mixed_random_slopes,22068.853895182227,"C(tense)[T.simple past]:C(dominance, Treatment(reference='-dom'))[T.+dom]",0.0069634924082938,0.0252791557086111,0.2754638045890826,0.78295993025982,-0.0425827423401641,0.0565097271567518,0.014734677762614458,0.05098573380679026,0.0196155693725373,0.0080587330958291
Qwen_Qwen3-8B-Base,full_mixed_random_slopes,22068.853895182227,C(semantic_role)[T.patient]:C(syntactic_role)[T.subject],-0.1038895200922004,0.014594927353253,-7.118193710573311,1.0935061679378357e-12,-0.132495052061555,-0.0752839881228459,0.014734677762614458,0.05098573380679026,0.0196155693725373,0.0080587330958291
Qwen_Qwen3-8B-Base,full_mixed_random_slopes,22068.853895182227,"C(semantic_role)[T.patient]:C(valence, Treatment(reference='-val'))[T.+val]",-0.097707866668341,0.014594927353253,-6.694645632926887,2.1619488617413083e-11,-0.1263133986376955,-0.0691023346989864,0.014734677762614458,0.05098573380679026,0.0196155693725373,0.0080587330958291
Qwen_Qwen3-8B-Base,full_mixed_random_slopes,22068.853895182227,"C(semantic_role)[T.patient]:C(dominance, Treatment(reference='-dom'))[T.+dom]",-0.0112357654938626,0.014594927353253,-0.7698404535983006,0.4413945397503535,-0.0398412974632171,0.0173697664754919,0.014734677762614458,0.05098573380679026,0.0196155693725373,0.0080587330958291
Qwen_Qwen3-8B-Base,full_mixed_random_slopes,22068.853895182227,"C(syntactic_role)[T.subject]:C(valence, Treatment(reference='-val'))[T.+val]",0.1058725002442039,0.014594927353253,7.254061475037476,4.044564039073804e-13,0.0772669682748493,0.1344780322135585,0.014734677762614458,0.05098573380679026,0.0196155693725373,0.0080587330958291
Qwen_Qwen3-8B-Base,full_mixed_random_slopes,22068.853895182227,"C(syntactic_role)[T.subject]:C(dominance, Treatment(reference='-dom'))[T.+dom]",-0.0868955084117008,0.014594927353253,-5.953815754508197,2.6196170555287284e-09,-0.1155010403810554,-0.0582899764423463,0.014734677762614458,0.05098573380679026,0.0196155693725373,0.0080587330958291
Qwen_Qwen3-8B-Base,full_mixed_random_slopes,22068.853895182227,"C(valence, Treatment(reference='-val'))[T.+val]:C(dominance, Treatment(reference='-dom'))[T.+dom]",0.0145330830527395,0.014594927353253,0.9957626167628892,0.3193654979189868,-0.0140724489166149,0.043138615022094,0.014734677762614458,0.05098573380679026,0.0196155693725373,0.0080587330958291
Qwen_Qwen3-8B-Base,full_mixed_random_slopes,22068.853895182227,log_frequency,-0.0556264275983331,0.2678254614619663,-0.2076965621367281,0.8354659021647723,-0.5805546862066073,0.469301831009941,0.014734677762614458,0.05098573380679026,0.0196155693725373,0.0080587330958291
Qwen_Qwen3-8B-Base,full_mixed_random_slopes,22068.853895182227,C(tense)[T.past perfect]:log_frequency,0.0287688891729696,0.0126395778543055,2.2760957291916037,0.0228402806487399,0.0039957717987407,0.0535420065471985,0.014734677762614458,0.05098573380679026,0.0196155693725373,0.0080587330958291
Qwen_Qwen3-8B-Base,full_mixed_random_slopes,22068.853895182227,C(tense)[T.present continuous]:log_frequency,0.0177282845297277,0.0126395778543055,1.4026009993434032,0.160735853654254,-0.0070448328445012,0.0425014019039566,0.014734677762614458,0.05098573380679026,0.0196155693725373,0.0080587330958291
Qwen_Qwen3-8B-Base,full_mixed_random_slopes,22068.853895182227,C(tense)[T.present perfect]:log_frequency,0.0269458401821488,0.0126395778543055,2.1318623527422664,0.033018163916352,0.0021727228079199,0.0517189575563778,0.014734677762614458,0.05098573380679026,0.0196155693725373,0.0080587330958291
Qwen_Qwen3-8B-Base,full_mixed_random_slopes,22068.853895182227,C(tense)[T.simple future]:log_frequency,0.0568189067945381,0.0126395778543055,4.495316809586591,6.946644159043018e-06,0.0320457894203092,0.0815920241687671,0.014734677762614458,0.05098573380679026,0.0196155693725373,0.0080587330958291
Qwen_Qwen3-8B-Base,full_mixed_random_slopes,22068.853895182227,C(tense)[T.simple past]:log_frequency,0.0039973157998005,0.0126395778543055,0.3162539007138495,0.7518097986435932,-0.0207758015744284,0.0287704331740294,0.014734677762614458,0.05098573380679026,0.0196155693725373,0.0080587330958291
Qwen_Qwen3-8B-Base,full_mixed_random_slopes,22068.853895182227,C(semantic_role)[T.patient]:log_frequency,-0.0195551699728724,0.0220595977180499,-0.8864699267326931,0.3753643526389343,-0.0627911870136922,0.0236808470679474,0.014734677762614458,0.05098573380679026,0.0196155693725373,0.0080587330958291
Qwen_Qwen3-8B-Base,full_mixed_random_slopes,22068.853895182227,C(syntactic_role)[T.subject]:log_frequency,0.0577197843146289,0.0394060069303357,1.4647458296566154,0.1429902761366294,-0.0195145700433648,0.1349541386726227,0.014734677762614458,0.05098573380679026,0.0196155693725373,0.0080587330958291
Qwen_Qwen3-8B-Base,full_mixed_random_slopes,22068.853895182227,"C(valence, Treatment(reference='-val'))[T.+val]:log_frequency",0.0215276307024577,0.0251034158446197,0.8575578254252452,0.3911366716130056,-0.0276741602419291,0.0707294216468447,0.014734677762614458,0.05098573380679026,0.0196155693725373,0.0080587330958291
Qwen_Qwen3-8B-Base,full_mixed_random_slopes,22068.853895182227,"C(dominance, Treatment(reference='-dom'))[T.+dom]:log_frequency",0.0039968645052733,0.0170374451650976,0.2345929490332946,0.8145246827083623,-0.0293959144068941,0.0373896434174408,0.014734677762614458,0.05098573380679026,0.0196155693725373,0.0080587330958291
Qwen_Qwen3-8B-Base,full_mixed_random_slopes,22068.853895182227,lex_emb_norm,-0.107223879068796,0.2625225776057592,-0.4084367906436544,0.682953027682111,-0.6217586763047055,0.4073109181671134,0.014734677762614458,0.05098573380679026,0.0196155693725373,0.0080587330958291
Qwen_Qwen3-8B-Base,full_mixed_random_slopes,22068.853895182227,C(tense)[T.past perfect]:lex_emb_norm,-0.0337683703991841,0.0126395778543055,-2.6716375173622806,0.0075482137000764,-0.0585414877734131,-0.0089952530249552,0.014734677762614458,0.05098573380679026,0.0196155693725373,0.0080587330958291
Qwen_Qwen3-8B-Base,full_mixed_random_slopes,22068.853895182227,C(tense)[T.present continuous]:lex_emb_norm,0.034079613228027,0.0126395778543055,2.696261981282712,0.0070122491935897,0.009306495853798,0.0588527306022559,0.014734677762614458,0.05098573380679026,0.0196155693725373,0.0080587330958291
Qwen_Qwen3-8B-Base,full_mixed_random_slopes,22068.853895182227,C(tense)[T.present perfect]:lex_emb_norm,0.0176769468486905,0.0126395778543055,1.3985393382951516,0.1619511681950136,-0.0070961705255384,0.0424500642229195,0.014734677762614458,0.05098573380679026,0.0196155693725373,0.0080587330958291
Qwen_Qwen3-8B-Base,full_mixed_random_slopes,22068.853895182227,C(tense)[T.simple future]:lex_emb_norm,0.0381566091433985,0.0126395778543055,3.0188198991472475,0.0025376133642063,0.0133834917691695,0.0629297265176274,0.014734677762614458,0.05098573380679026,0.0196155693725373,0.0080587330958291
Qwen_Qwen3-8B-Base,full_mixed_random_slopes,22068.853895182227,C(tense)[T.simple past]:lex_emb_norm,-0.0100624600053067,0.0126395778543055,-0.7961072846969341,0.4259696803977069,-0.0348355773795356,0.0147106573689222,0.014734677762614458,0.05098573380679026,0.0196155693725373,0.0080587330958291
Qwen_Qwen3-8B-Base,full_mixed_random_slopes,22068.853895182227,C(semantic_role)[T.patient]:lex_emb_norm,-0.0176070459612741,0.0220595977180384,-0.798158070982256,0.4247787657732899,-0.0608430630020715,0.0256289710795232,0.014734677762614458,0.05098573380679026,0.0196155693725373,0.0080587330958291
Qwen_Qwen3-8B-Base,full_mixed_random_slopes,22068.853895182227,C(syntactic_role)[T.subject]:lex_emb_norm,-0.0453897759619834,0.0394060069303348,-1.1518491595006628,0.249383062921349,-0.1226241303199755,0.0318445783960085,0.014734677762614458,0.05098573380679026,0.0196155693725373,0.0080587330958291
Qwen_Qwen3-8B-Base,full_mixed_random_slopes,22068.853895182227,"C(valence, Treatment(reference='-val'))[T.+val]:lex_emb_norm",-0.005342148165924,0.0251034158446049,-0.2128056276879984,0.8314785740260063,-0.0545439391102818,0.0438596427784338,0.014734677762614458,0.05098573380679026,0.0196155693725373,0.0080587330958291
Qwen_Qwen3-8B-Base,full_mixed_random_slopes,22068.853895182227,"C(dominance, Treatment(reference='-dom'))[T.+dom]:lex_emb_norm",0.0056731733349292,0.0170374451650974,0.3329826320762666,0.7391473933750263,-0.0277196055772378,0.0390659522470962,0.014734677762614458,0.05098573380679026,0.0196155693725373,0.0080587330958291
Qwen_Qwen3-8B-Base,full_mixed_random_slopes,22068.853895182227,log_frequency:lex_emb_norm,-0.0596579808525894,0.1388354320695094,-0.4297028500816786,0.6674118099311495,-0.3317704274868852,0.2124544657817062,0.014734677762614458,0.05098573380679026,0.0196155693725373,0.0080587330958291
allenai_Olmo-3-1025-7B,full_mixed_random_slopes,16869.59154267673,Intercept,1.7617815090752171,0.3285183526384172,5.362810007191035,8.19371769460759e-08,1.1178973696434902,2.405665648506944,0.09212531167630371,0.03696950583200357,0.1232871949877709,0.0844534521312582
allenai_Olmo-3-1025-7B,full_mixed_random_slopes,16869.59154267673,C(tense)[T.past perfect],0.0532308370926743,0.0238793838898296,2.2291545434447126,0.0258036238503747,0.0064281046956021,0.1000335694897464,0.09212531167630371,0.03696950583200357,0.1232871949877709,0.0844534521312582
allenai_Olmo-3-1025-7B,full_mixed_random_slopes,16869.59154267673,C(tense)[T.present continuous],-0.0985153046027242,0.0238793838898296,-4.125537955972236,3.6986917340937405e-05,-0.1453180369997964,-0.0517125722056521,0.09212531167630371,0.03696950583200357,0.1232871949877709,0.0844534521312582
allenai_Olmo-3-1025-7B,full_mixed_random_slopes,16869.59154267673,C(tense)[T.present perfect],0.05602768050596,0.0238793838898296,2.3462783112181755,0.0189619426114324,0.0092249481088879,0.1028304129030321,0.09212531167630371,0.03696950583200357,0.1232871949877709,0.0844534521312582
allenai_Olmo-3-1025-7B,full_mixed_random_slopes,16869.59154267673,C(tense)[T.simple future],0.2484130048069967,0.0238793838898296,10.402823035681294,2.4069466351004675e-25,0.2016102724099246,0.2952157372040688,0.09212531167630371,0.03696950583200357,0.1232871949877709,0.0844534521312582
allenai_Olmo-3-1025-7B,full_mixed_random_slopes,16869.59154267673,C(tense)[T.simple past],0.0169610489777193,0.0238793838898296,0.7102800078917945,0.4775305147878962,-0.0298416834193526,0.0637637813747914,0.09212531167630371,0.03696950583200357,0.1232871949877709,0.0844534521312582
allenai_Olmo-3-1025-7B,full_mixed_random_slopes,16869.59154267673,C(semantic_role)[T.patient],0.1944869371362156,0.055242220949675,3.520621252961403,0.0004305370981206,0.0862141736488484,0.3027597006235827,0.09212531167630371,0.03696950583200357,0.1232871949877709,0.0844534521312582
allenai_Olmo-3-1025-7B,full_mixed_random_slopes,16869.59154267673,C(syntactic_role)[T.subject],-0.2127644799278553,0.0378083772700523,-5.627442786241552,1.8290079873115023e-08,-0.2868675376910609,-0.1386614221646498,0.09212531167630371,0.03696950583200357,0.1232871949877709,0.0844534521312582
allenai_Olmo-3-1025-7B,full_mixed_random_slopes,16869.59154267673,"C(valence, Treatment(reference='-val'))[T.+val]",-0.148860612641033,0.0629938802995651,-2.363096414018819,0.0181229540689697,-0.2723263492746079,-0.0253948760074581,0.09212531167630371,0.03696950583200357,0.1232871949877709,0.0844534521312582
allenai_Olmo-3-1025-7B,full_mixed_random_slopes,16869.59154267673,"C(dominance, Treatment(reference='-dom'))[T.+dom]",-0.008094597295215,0.0531607002178951,-0.1522665665056501,0.8789766934637829,-0.1122876551152201,0.09609846052479,0.09212531167630371,0.03696950583200357,0.1232871949877709,0.0844534521312582
allenai_Olmo-3-1025-7B,full_mixed_random_slopes,16869.59154267673,C(tense)[T.past perfect]:C(semantic_role)[T.patient],-0.0844094687634949,0.0213583702553891,-3.952055693116221,7.748270126220811e-05,-0.1262711052325292,-0.0425478322944606,0.09212531167630371,0.03696950583200357,0.1232871949877709,0.0844534521312582
allenai_Olmo-3-1025-7B,full_mixed_random_slopes,16869.59154267673,C(tense)[T.present continuous]:C(semantic_role)[T.patient],-0.0412601591090865,0.0213583702553891,-1.9318027834392344,0.0533838524141536,-0.0831217955781208,0.0006014773599477,0.09212531167630371,0.03696950583200357,0.1232871949877709,0.0844534521312582
allenai_Olmo-3-1025-7B,full_mixed_random_slopes,16869.59154267673,C(tense)[T.present perfect]:C(semantic_role)[T.patient],-0.0529717331304913,0.0213583702553891,-2.4801392848373105,0.0131331069817501,-0.0948333695995257,-0.011110096661457,0.09212531167630371,0.03696950583200357,0.1232871949877709,0.0844534521312582
allenai_Olmo-3-1025-7B,full_mixed_random_slopes,16869.59154267673,C(tense)[T.simple future]:C(semantic_role)[T.patient],0.0995003508890545,0.0213583702553891,4.658611574726705,3.183492445801343e-06,0.0576387144200202,0.1413619873580889,0.09212531167630371,0.03696950583200357,0.1232871949877709,0.0844534521312582
allenai_Olmo-3-1025-7B,full_mixed_random_slopes,16869.59154267673,C(tense)[T.simple past]:C(semantic_role)[T.patient],-0.0892746191428577,0.0213583702553891,-4.17984228550078,2.9171133783513312e-05,-0.131136255611892,-0.0474129826738234,0.09212531167630371,0.03696950583200357,0.1232871949877709,0.0844534521312582
allenai_Olmo-3-1025-7B,full_mixed_random_slopes,16869.59154267673,C(tense)[T.past perfect]:C(syntactic_role)[T.subject],0.0569223624130681,0.0213583702553891,2.6651079521718435,0.007696361233906,0.0150607259440338,0.0987839988821023,0.09212531167630371,0.03696950583200357,0.1232871949877709,0.0844534521312582
allenai_Olmo-3-1025-7B,full_mixed_random_slopes,16869.59154267673,C(tense)[T.present continuous]:C(syntactic_role)[T.subject],0.0526643342362051,0.0213583702553891,2.465746852708337,0.0136727926572133,0.0108026977671708,0.0945259707052393,0.09212531167630371,0.03696950583200357,0.1232871949877709,0.0844534521312582
allenai_Olmo-3-1025-7B,full_mixed_random_slopes,16869.59154267673,C(tense)[T.present perfect]:C(syntactic_role)[T.subject],-0.0407445441495348,0.0213583702553891,-1.9076616643657167,0.0564349595490815,-0.082606180618569,0.0011170923194994,0.09212531167630371,0.03696950583200357,0.1232871949877709,0.0844534521312582
allenai_Olmo-3-1025-7B,full_mixed_random_slopes,16869.59154267673,C(tense)[T.simple future]:C(syntactic_role)[T.subject],-0.1165028952850064,0.0213583702553891,-5.454671582707049,4.906343944577406e-08,-0.1583645317540407,-0.0746412588159722,0.09212531167630371,0.03696950583200357,0.1232871949877709,0.0844534521312582
allenai_Olmo-3-1025-7B,full_mixed_random_slopes,16869.59154267673,C(tense)[T.simple past]:C(syntactic_role)[T.subject],0.1243284923316806,0.0213583702553891,5.821066441167733,5.8473317266741495e-09,0.0824668558626464,0.1661901288007148,0.09212531167630371,0.03696950583200357,0.1232871949877709,0.0844534521312582
allenai_Olmo-3-1025-7B,full_mixed_random_slopes,16869.59154267673,"C(tense)[T.past perfect]:C(valence, Treatment(reference='-val'))[T.+val]",-0.0109963473031434,0.021358370255389,-0.5148495494579629,0.6066581575330239,-0.0528579837721774,0.0308652891658906,0.09212531167630371,0.03696950583200357,0.1232871949877709,0.0844534521312582
allenai_Olmo-3-1025-7B,full_mixed_random_slopes,16869.59154267673,"C(tense)[T.present continuous]:C(valence, Treatment(reference='-val'))[T.+val]",-0.0330443416801287,0.021358370255389,-1.5471377864980644,0.1218300239591151,-0.0749059781491627,0.0088172947889053,0.09212531167630371,0.03696950583200357,0.1232871949877709,0.0844534521312582
allenai_Olmo-3-1025-7B,full_mixed_random_slopes,16869.59154267673,"C(tense)[T.present perfect]:C(valence, Treatment(reference='-val'))[T.+val]",-0.0573018148180638,0.021358370255389,-2.682873933398813,0.0072992499762276,-0.0991634512870978,-0.0154401783490297,0.09212531167630371,0.03696950583200357,0.1232871949877709,0.0844534521312582
allenai_Olmo-3-1025-7B,full_mixed_random_slopes,16869.59154267673,"C(tense)[T.simple future]:C(valence, Treatment(reference='-val'))[T.+val]",-0.1296134595718541,0.021358370255389,-6.068508880688155,1.2910327852454383e-09,-0.1714750960408881,-0.08775182310282,0.09212531167630371,0.03696950583200357,0.1232871949877709,0.0844534521312582
allenai_Olmo-3-1025-7B,full_mixed_random_slopes,16869.59154267673,"C(tense)[T.simple past]:C(valence, Treatment(reference='-val'))[T.+val]",-0.0511253053351955,0.021358370255389,-2.3936894399653847,0.0166798652248732,-0.0929869418042295,-0.0092636688661614,0.09212531167630371,0.03696950583200357,0.1232871949877709,0.0844534521312582
allenai_Olmo-3-1025-7B,full_mixed_random_slopes,16869.59154267673,"C(tense)[T.past perfect]:C(dominance, Treatment(reference='-dom'))[T.+dom]",0.0067925885451105,0.021358370255389,0.318029346990867,0.7504626760044326,-0.0350690479239235,0.0486542250141446,0.09212531167630371,0.03696950583200357,0.1232871949877709,0.0844534521312582
allenai_Olmo-3-1025-7B,full_mixed_random_slopes,16869.59154267673,"C(tense)[T.present continuous]:C(dominance, Treatment(reference='-dom'))[T.+dom]",0.0673659837384012,0.021358370255389,3.154078842762068,0.0016100558187618,0.0255043472693671,0.1092276202074353,0.09212531167630371,0.03696950583200357,0.1232871949877709,0.0844534521312582
allenai_Olmo-3-1025-7B,full_mixed_random_slopes,16869.59154267673,"C(tense)[T.present perfect]:C(dominance, Treatment(reference='-dom'))[T.+dom]",0.0126956199852644,0.021358370255389,0.5944095843202813,0.5522381996373971,-0.0291660164837696,0.0545572564542985,0.09212531167630371,0.03696950583200357,0.1232871949877709,0.0844534521312582
allenai_Olmo-3-1025-7B,full_mixed_random_slopes,16869.59154267673,"C(tense)[T.simple future]:C(dominance, Treatment(reference='-dom'))[T.+dom]",0.1549034551238413,0.021358370255389,7.25258778041629,4.0888307542546833e-13,0.1130418186548072,0.1967650915928753,0.09212531167630371,0.03696950583200357,0.1232871949877709,0.0844534521312582
allenai_Olmo-3-1025-7B,full_mixed_random_slopes,16869.59154267673,"C(tense)[T.simple past]:C(dominance, Treatment(reference='-dom'))[T.+dom]",0.0297946687683768,0.021358370255389,1.3949879326986196,0.1630194785449807,-0.0120669677006572,0.0716563052374108,0.09212531167630371,0.03696950583200357,0.1232871949877709,0.0844534521312582
allenai_Olmo-3-1025-7B,full_mixed_random_slopes,16869.59154267673,C(semantic_role)[T.patient]:C(syntactic_role)[T.subject],-0.1958630008478767,0.0123312608164006,-15.883452938354738,8.250858043567401e-57,-0.2200318279319919,-0.1716941737637616,0.09212531167630371,0.03696950583200357,0.1232871949877709,0.0844534521312582
allenai_Olmo-3-1025-7B,full_mixed_random_slopes,16869.59154267673,"C(semantic_role)[T.patient]:C(valence, Treatment(reference='-val'))[T.+val]",-0.0172683163901692,0.0123312608164005,-1.4003690820651833,0.1614028235752246,-0.0414371434742844,0.0069005106939458,0.09212531167630371,0.03696950583200357,0.1232871949877709,0.0844534521312582
allenai_Olmo-3-1025-7B,full_mixed_random_slopes,16869.59154267673,"C(semantic_role)[T.patient]:C(dominance, Treatment(reference='-dom'))[T.+dom]",-0.0151216877717836,0.0123312608164005,-1.22628886023332,0.2200899919085062,-0.0392905148558988,0.0090471393123314,0.09212531167630371,0.03696950583200357,0.1232871949877709,0.0844534521312582
allenai_Olmo-3-1025-7B,full_mixed_random_slopes,16869.59154267673,"C(syntactic_role)[T.subject]:C(valence, Treatment(reference='-val'))[T.+val]",0.1096391397889721,0.0123312608164005,8.891154069432375,6.047745256968432e-19,0.085470312704857,0.1338079668730873,0.09212531167630371,0.03696950583200357,0.1232871949877709,0.0844534521312582
allenai_Olmo-3-1025-7B,full_mixed_random_slopes,16869.59154267673,"C(syntactic_role)[T.subject]:C(dominance, Treatment(reference='-dom'))[T.+dom]",0.0462489945166743,0.0123312608164005,3.750548723709028,0.0001764480130484,0.0220801674325592,0.0704178216007895,0.09212531167630371,0.03696950583200357,0.1232871949877709,0.0844534521312582
allenai_Olmo-3-1025-7B,full_mixed_random_slopes,16869.59154267673,"C(valence, Treatment(reference='-val'))[T.+val]:C(dominance, Treatment(reference='-dom'))[T.+dom]",-0.0187734549126828,0.0123312608164006,-1.5224278516365553,0.127901910566739,-0.0429422819967979,0.0053953721714323,0.09212531167630371,0.03696950583200357,0.1232871949877709,0.0844534521312582
allenai_Olmo-3-1025-7B,full_mixed_random_slopes,16869.59154267673,log_frequency,-0.0623142802208118,0.3387898644556856,-0.1839319494428459,0.8540668403500429,-0.7263302128811623,0.6017016524395388,0.09212531167630371,0.03696950583200357,0.1232871949877709,0.0844534521312582
allenai_Olmo-3-1025-7B,full_mixed_random_slopes,16869.59154267673,C(tense)[T.past perfect]:log_frequency,0.0248370159923626,0.0106791851276945,2.325740746637332,0.0200323853547836,0.0039061977578455,0.0457678342268797,0.09212531167630371,0.03696950583200357,0.1232871949877709,0.0844534521312582
allenai_Olmo-3-1025-7B,full_mixed_random_slopes,16869.59154267673,C(tense)[T.present continuous]:log_frequency,0.0310816197725931,0.0106791851276945,2.9104860905527823,0.0036086702883661,0.010150801538076,0.0520124380071102,0.09212531167630371,0.03696950583200357,0.1232871949877709,0.0844534521312582
allenai_Olmo-3-1025-7B,full_mixed_random_slopes,16869.59154267673,C(tense)[T.present perfect]:log_frequency,0.0714339999359113,0.0106791851276945,6.689087143049898,2.2456698432361822e-11,0.0505031817013942,0.0923648181704284,0.09212531167630371,0.03696950583200357,0.1232871949877709,0.0844534521312582
allenai_Olmo-3-1025-7B,full_mixed_random_slopes,16869.59154267673,C(tense)[T.simple future]:log_frequency,0.0573267518516927,0.0106791851276945,5.36808297320608,7.957794435348332e-08,0.0363959336171756,0.0782575700862098,0.09212531167630371,0.03696950583200357,0.1232871949877709,0.0844534521312582
allenai_Olmo-3-1025-7B,full_mixed_random_slopes,16869.59154267673,C(tense)[T.simple past]:log_frequency,0.0248965658884908,0.0106791851276945,2.3313170050705483,0.0197366501981995,0.0039657476539737,0.0458273841230078,0.09212531167630371,0.03696950583200357,0.1232871949877709,0.0844534521312582
allenai_Olmo-3-1025-7B,full_mixed_random_slopes,16869.59154267673,C(semantic_role)[T.patient]:log_frequency,-0.0106658984295262,0.0524173920451018,-0.2034801430095739,0.8387597646120294,-0.1134020990014421,0.0920703021423896,0.09212531167630371,0.03696950583200357,0.1232871949877709,0.0844534521312582
allenai_Olmo-3-1025-7B,full_mixed_random_slopes,16869.59154267673,C(syntactic_role)[T.subject]:log_frequency,-0.076705185905198,0.033546287501811,-2.2865476813509384,0.0222222379957352,-0.1424547012237738,-0.0109556705866222,0.09212531167630371,0.03696950583200357,0.1232871949877709,0.0844534521312582
allenai_Olmo-3-1025-7B,full_mixed_random_slopes,16869.59154267673,"C(valence, Treatment(reference='-val'))[T.+val]:log_frequency",0.0086106715507958,0.0605318839006335,0.1422501828116031,0.8868823946233371,-0.1100296408108057,0.1272509839123974,0.09212531167630371,0.03696950583200357,0.1232871949877709,0.0844534521312582
allenai_Olmo-3-1025-7B,full_mixed_random_slopes,16869.59154267673,"C(dominance, Treatment(reference='-dom'))[T.+dom]:log_frequency",0.0057111966792322,0.0502189213445953,0.11372599264016,0.909455007048672,-0.0927160804986245,0.1041384738570889,0.09212531167630371,0.03696950583200357,0.1232871949877709,0.0844534521312582
allenai_Olmo-3-1025-7B,full_mixed_random_slopes,16869.59154267673,lex_emb_norm,-0.1117147444120166,0.3289281971857322,-0.3396326169900719,0.7341332119134176,-0.756402164395741,0.5329726755717077,0.09212531167630371,0.03696950583200357,0.1232871949877709,0.0844534521312582
allenai_Olmo-3-1025-7B,full_mixed_random_slopes,16869.59154267673,C(tense)[T.past perfect]:lex_emb_norm,0.005373107834423,0.0106791851276945,0.5031383734035015,0.6148669890670464,-0.0155577104000939,0.0263039260689401,0.09212531167630371,0.03696950583200357,0.1232871949877709,0.0844534521312582
allenai_Olmo-3-1025-7B,full_mixed_random_slopes,16869.59154267673,C(tense)[T.present continuous]:lex_emb_norm,0.0209980638672664,0.0106791851276945,1.9662608725465127,0.049268484081461,6.724563274933607e-05,0.0419288821017835,0.09212531167630371,0.03696950583200357,0.1232871949877709,0.0844534521312582
allenai_Olmo-3-1025-7B,full_mixed_random_slopes,16869.59154267673,C(tense)[T.present perfect]:lex_emb_norm,0.0177011641389447,0.0106791851276945,1.6575388409589356,0.0974105829194207,-0.0032296540955723,0.0386319823734618,0.09212531167630371,0.03696950583200357,0.1232871949877709,0.0844534521312582
allenai_Olmo-3-1025-7B,full_mixed_random_slopes,16869.59154267673,C(tense)[T.simple future]:lex_emb_norm,0.0414481589802788,0.0106791851276945,3.8812098942634186,0.0001039380863115,0.0205173407457617,0.0623789772147959,0.09212531167630371,0.03696950583200357,0.1232871949877709,0.0844534521312582
allenai_Olmo-3-1025-7B,full_mixed_random_slopes,16869.59154267673,C(tense)[T.simple past]:lex_emb_norm,0.0046211304679483,0.0106791851276945,0.4327231350231241,0.6652159204525432,-0.0163096877665687,0.0255519487024653,0.09212531167630371,0.03696950583200357,0.1232871949877709,0.0844534521312582
allenai_Olmo-3-1025-7B,full_mixed_random_slopes,16869.59154267673,C(semantic_role)[T.patient]:lex_emb_norm,0.0136116336387598,0.0524173920451207,0.2596778112700264,0.7951123096716355,-0.0891245669331931,0.1163478342107128,0.09212531167630371,0.03696950583200357,0.1232871949877709,0.0844534521312582
allenai_Olmo-3-1025-7B,full_mixed_random_slopes,16869.59154267673,C(syntactic_role)[T.subject]:lex_emb_norm,-0.0289609760230836,0.0335462875018655,-0.8633138919313535,0.387964908251671,-0.0947104913417662,0.0367885392955989,0.09212531167630371,0.03696950583200357,0.1232871949877709,0.0844534521312582
allenai_Olmo-3-1025-7B,full_mixed_random_slopes,16869.59154267673,"C(valence, Treatment(reference='-val'))[T.+val]:lex_emb_norm",0.0113458070497346,0.0605318839006902,0.1874352212190978,0.8513194093816187,-0.1072945053119782,0.1299861194114474,0.09212531167630371,0.03696950583200357,0.1232871949877709,0.0844534521312582
allenai_Olmo-3-1025-7B,full_mixed_random_slopes,16869.59154267673,"C(dominance, Treatment(reference='-dom'))[T.+dom]:lex_emb_norm",0.01216001337581,0.0502189213446164,0.2421400749005461,0.8086716266800442,-0.0862672638020879,0.110587290553708,0.09212531167630371,0.03696950583200357,0.1232871949877709,0.0844534521312582
allenai_Olmo-3-1025-7B,full_mixed_random_slopes,16869.59154267673,log_frequency:lex_emb_norm,-0.217780886135832,0.2840177081636635,-0.7667862949247414,0.4432085861482064,-0.7744453651082202,0.3388835928365561,0.09212531167630371,0.03696950583200357,0.1232871949877709,0.0844534521312582
allenai_Olmo-3-1125-32B,full_mixed_random_slopes,25190.770290932793,Intercept,1.8229335249021563,0.2857018818255512,6.380544339624738,1.7645962464427608e-10,1.2629681262087575,2.382898923595556,0.009557022494061752,0.05290166571053265,0.015221200906502,0.0072467922602368
allenai_Olmo-3-1125-32B,full_mixed_random_slopes,25190.770290932793,C(tense)[T.past perfect],0.0056963772259906,0.0311055789343349,0.1831304036493238,0.8546957004908367,-0.0552694372035737,0.066662191655555,0.009557022494061752,0.05290166571053265,0.015221200906502,0.0072467922602368
allenai_Olmo-3-1125-32B,full_mixed_random_slopes,25190.770290932793,C(tense)[T.present continuous],-0.0723311173720781,0.0311055789343349,-2.3253422649606272,0.0200536660119405,-0.1332969318016425,-0.0113653029425137,0.009557022494061752,0.05290166571053265,0.015221200906502,0.0072467922602368
allenai_Olmo-3-1125-32B,full_mixed_random_slopes,25190.770290932793,C(tense)[T.present perfect],0.0856388818685219,0.0311055789343349,2.753167914003748,0.0059021615558728,0.0246730674389576,0.1466046962980863,0.009557022494061752,0.05290166571053265,0.015221200906502,0.0072467922602368
allenai_Olmo-3-1125-32B,full_mixed_random_slopes,25190.770290932793,C(tense)[T.simple future],0.4313072496188727,0.0311055789343349,13.865912945371573,1.0192101685740585e-43,0.3703414351893084,0.492273064048437,0.009557022494061752,0.05290166571053265,0.015221200906502,0.0072467922602368
allenai_Olmo-3-1125-32B,full_mixed_random_slopes,25190.770290932793,C(tense)[T.simple past],0.023915454341101,0.0311055789343349,0.7688477488744851,0.4419836991176314,-0.0370503600884633,0.0848812687706654,0.009557022494061752,0.05290166571053265,0.015221200906502,0.0072467922602368
allenai_Olmo-3-1125-32B,full_mixed_random_slopes,25190.770290932793,C(semantic_role)[T.patient],0.0581736778125214,0.0293534175418925,1.981836620199244,0.047497529398416,0.0006420366072458,0.1157053190177969,0.009557022494061752,0.05290166571053265,0.015221200906502,0.0072467922602368
allenai_Olmo-3-1125-32B,full_mixed_random_slopes,25190.770290932793,C(syntactic_role)[T.subject],-0.5515998300583482,0.0462219165432663,-11.933729090225391,7.895558269124846e-33,-0.6421931217795664,-0.46100653833713,0.009557022494061752,0.05290166571053265,0.015221200906502,0.0072467922602368
allenai_Olmo-3-1125-32B,full_mixed_random_slopes,25190.770290932793,"C(valence, Treatment(reference='-val'))[T.+val]",-0.1296447760828598,0.0320658167541063,-4.0430835452291225,5.275281309563883e-05,-0.1924926220557694,-0.0667969301099502,0.009557022494061752,0.05290166571053265,0.015221200906502,0.0072467922602368
allenai_Olmo-3-1125-32B,full_mixed_random_slopes,25190.770290932793,"C(dominance, Treatment(reference='-dom'))[T.+dom]",0.0572669059817006,0.0281722411840909,2.0327422872568497,0.0420785665924551,0.0020503278971063,0.1124834840662949,0.009557022494061752,0.05290166571053265,0.015221200906502,0.0072467922602368
allenai_Olmo-3-1125-32B,full_mixed_random_slopes,25190.770290932793,C(tense)[T.past perfect]:C(semantic_role)[T.patient],0.0320174677462955,0.0278216755906633,1.15081018905419,0.2498103320955021,-0.0225120144009616,0.0865469498935527,0.009557022494061752,0.05290166571053265,0.015221200906502,0.0072467922602368
allenai_Olmo-3-1125-32B,full_mixed_random_slopes,25190.770290932793,C(tense)[T.present continuous]:C(semantic_role)[T.patient],-0.0252041449791135,0.0278216755906633,-0.9059175784355646,0.3649794793907902,-0.0797336271263707,0.0293253371681436,0.009557022494061752,0.05290166571053265,0.015221200906502,0.0072467922602368
allenai_Olmo-3-1125-32B,full_mixed_random_slopes,25190.770290932793,C(tense)[T.present perfect]:C(semantic_role)[T.patient],0.0282341319255579,0.0278216755906633,1.014824999793796,0.3101892545141113,-0.0262953502216992,0.0827636140728151,0.009557022494061752,0.05290166571053265,0.015221200906502,0.0072467922602368
allenai_Olmo-3-1125-32B,full_mixed_random_slopes,25190.770290932793,C(tense)[T.simple future]:C(semantic_role)[T.patient],-0.0430198324766936,0.0278216755906633,-1.546270365223103,0.122039285884795,-0.0975493146239508,0.0115096496705635,0.009557022494061752,0.05290166571053265,0.015221200906502,0.0072467922602368
allenai_Olmo-3-1125-32B,full_mixed_random_slopes,25190.770290932793,C(tense)[T.simple past]:C(semantic_role)[T.patient],0.013198617320092,0.0278216755906633,0.4744005182966543,0.6352143235270779,-0.0413308648271651,0.0677280994673492,0.009557022494061752,0.05290166571053265,0.015221200906502,0.0072467922602368
allenai_Olmo-3-1125-32B,full_mixed_random_slopes,25190.770290932793,C(tense)[T.past perfect]:C(syntactic_role)[T.subject],0.0977257290594251,0.0278216755906634,3.5125752487826616,0.0004437863163625,0.0431962469121676,0.1522552112066826,0.009557022494061752,0.05290166571053265,0.015221200906502,0.0072467922602368
allenai_Olmo-3-1125-32B,full_mixed_random_slopes,25190.770290932793,C(tense)[T.present continuous]:C(syntactic_role)[T.subject],0.0742234180504816,0.0278216755906634,2.667827026039725,0.0076343551377116,0.0196939359032242,0.1287529001977391,0.009557022494061752,0.05290166571053265,0.015221200906502,0.0072467922602368
allenai_Olmo-3-1125-32B,full_mixed_random_slopes,25190.770290932793,C(tense)[T.present perfect]:C(syntactic_role)[T.subject],0.1162296243954681,0.0278216755906634,4.177664426310584,2.9451774433529037e-05,0.0617001422482107,0.1707591065427257,0.009557022494061752,0.05290166571053265,0.015221200906502,0.0072467922602368
allenai_Olmo-3-1125-32B,full_mixed_random_slopes,25190.770290932793,C(tense)[T.simple future]:C(syntactic_role)[T.subject],0.1957773434024178,0.0278216755906634,7.036863856902923,1.9661478749098204e-12,0.1412478612551604,0.2503068255496753,0.009557022494061752,0.05290166571053265,0.015221200906502,0.0072467922602368
allenai_Olmo-3-1125-32B,full_mixed_random_slopes,25190.770290932793,C(tense)[T.simple past]:C(syntactic_role)[T.subject],0.0829558282595678,0.0278216755906634,2.9816977769450603,0.0028665482515519,0.0284263461123103,0.1374853104068254,0.009557022494061752,0.05290166571053265,0.015221200906502,0.0072467922602368
allenai_Olmo-3-1125-32B,full_mixed_random_slopes,25190.770290932793,"C(tense)[T.past perfect]:C(valence, Treatment(reference='-val'))[T.+val]",-0.1172628156923541,0.0278216755906634,-4.214800625872649,2.499989411788972e-05,-0.1717922978396116,-0.0627333335450966,0.009557022494061752,0.05290166571053265,0.015221200906502,0.0072467922602368
allenai_Olmo-3-1125-32B,full_mixed_random_slopes,25190.770290932793,"C(tense)[T.present continuous]:C(valence, Treatment(reference='-val'))[T.+val]",-0.0069302096639609,0.0278216755906634,-0.2490938995164855,0.8032881482448141,-0.0614596918112185,0.0475992724832965,0.009557022494061752,0.05290166571053265,0.015221200906502,0.0072467922602368
allenai_Olmo-3-1125-32B,full_mixed_random_slopes,25190.770290932793,"C(tense)[T.present perfect]:C(valence, Treatment(reference='-val'))[T.+val]",-0.1811197992462735,0.0278216755906634,-6.510024842179337,7.513837787948417e-11,-0.235649281393531,-0.126590317099016,0.009557022494061752,0.05290166571053265,0.015221200906502,0.0072467922602368
allenai_Olmo-3-1125-32B,full_mixed_random_slopes,25190.770290932793,"C(tense)[T.simple future]:C(valence, Treatment(reference='-val'))[T.+val]",-0.1605319491883466,0.0278216755906634,-5.770031667043764,7.925663732542974e-09,-0.2150614313356041,-0.1060024670410891,0.009557022494061752,0.05290166571053265,0.015221200906502,0.0072467922602368
allenai_Olmo-3-1125-32B,full_mixed_random_slopes,25190.770290932793,"C(tense)[T.simple past]:C(valence, Treatment(reference='-val'))[T.+val]",-0.0309031937452108,0.0278216755906634,-1.110759617784541,0.2666718327742416,-0.0854326758924683,0.0236262884020466,0.009557022494061752,0.05290166571053265,0.015221200906502,0.0072467922602368
allenai_Olmo-3-1125-32B,full_mixed_random_slopes,25190.770290932793,"C(tense)[T.past perfect]:C(dominance, Treatment(reference='-dom'))[T.+dom]",0.0154786728028599,0.0278216755906633,0.5563530044198496,0.577969559092135,-0.0390508093443974,0.0700081549501173,0.009557022494061752,0.05290166571053265,0.015221200906502,0.0072467922602368
allenai_Olmo-3-1125-32B,full_mixed_random_slopes,25190.770290932793,"C(tense)[T.present continuous]:C(dominance, Treatment(reference='-dom'))[T.+dom]",0.1530756353848355,0.0278216755906633,5.502027902165815,3.75447517215218e-08,0.0985461532375781,0.2076051175320929,0.009557022494061752,0.05290166571053265,0.015221200906502,0.0072467922602368
allenai_Olmo-3-1125-32B,full_mixed_random_slopes,25190.770290932793,"C(tense)[T.present perfect]:C(dominance, Treatment(reference='-dom'))[T.+dom]",0.0560102114120629,0.0278216755906633,2.0131861299849,0.0440950518320229,0.0014807292648056,0.1105396935593203,0.009557022494061752,0.05290166571053265,0.015221200906502,0.0072467922602368
allenai_Olmo-3-1125-32B,full_mixed_random_slopes,25190.770290932793,"C(tense)[T.simple future]:C(dominance, Treatment(reference='-dom'))[T.+dom]",0.3057784624926449,0.0278216755906633,10.990655882540034,4.238348301165294e-28,0.2512489803453875,0.3603079446399023,0.009557022494061752,0.05290166571053265,0.015221200906502,0.0072467922602368
allenai_Olmo-3-1125-32B,full_mixed_random_slopes,25190.770290932793,"C(tense)[T.simple past]:C(dominance, Treatment(reference='-dom'))[T.+dom]",0.0130960363050819,0.0278216755906633,0.4707134285426286,0.6378453935681616,-0.0414334458421754,0.0676255184523392,0.009557022494061752,0.05290166571053265,0.015221200906502,0.0072467922602368
allenai_Olmo-3-1125-32B,full_mixed_random_slopes,25190.770290932793,C(semantic_role)[T.patient]:C(syntactic_role)[T.subject],-0.2097005935048977,0.0160628518915759,-13.055003863596186,5.950701470897312e-39,-0.2411832047013877,-0.1782179823084076,0.009557022494061752,0.05290166571053265,0.015221200906502,0.0072467922602368
allenai_Olmo-3-1125-32B,full_mixed_random_slopes,25190.770290932793,"C(semantic_role)[T.patient]:C(valence, Treatment(reference='-val'))[T.+val]",0.0560674391715319,0.0160628518915759,3.4905034018856904,0.0004821114750392,0.0245848279750419,0.0875500503680219,0.009557022494061752,0.05290166571053265,0.015221200906502,0.0072467922602368
allenai_Olmo-3-1125-32B,full_mixed_random_slopes,25190.770290932793,"C(semantic_role)[T.patient]:C(dominance, Treatment(reference='-dom'))[T.+dom]",0.022552766628608,0.0160628518915759,1.404032533004658,0.1603091621003771,-0.0089298445678819,0.054035377825098,0.009557022494061752,0.05290166571053265,0.015221200906502,0.0072467922602368
allenai_Olmo-3-1125-32B,full_mixed_random_slopes,25190.770290932793,"C(syntactic_role)[T.subject]:C(valence, Treatment(reference='-val'))[T.+val]",0.1147405543444067,0.0160628518915759,7.143224323980812,9.116666130945148e-13,0.0832579431479167,0.1462231655408967,0.009557022494061752,0.05290166571053265,0.015221200906502,0.0072467922602368
allenai_Olmo-3-1125-32B,full_mixed_random_slopes,25190.770290932793,"C(syntactic_role)[T.subject]:C(dominance, Treatment(reference='-dom'))[T.+dom]",-0.1156444412854366,0.0160628518915759,-7.199496208147528,6.043543706112636e-13,-0.1471270524819266,-0.0841618300889466,0.009557022494061752,0.05290166571053265,0.015221200906502,0.0072467922602368
allenai_Olmo-3-1125-32B,full_mixed_random_slopes,25190.770290932793,"C(valence, Treatment(reference='-val'))[T.+val]:C(dominance, Treatment(reference='-dom'))[T.+dom]",0.0258205516302718,0.0160628518915759,1.6074699439775817,0.1079513175185208,-0.0056620595662181,0.0573031628267618,0.009557022494061752,0.05290166571053265,0.015221200906502,0.0072467922602368
allenai_Olmo-3-1125-32B,full_mixed_random_slopes,25190.770290932793,log_frequency,-0.126230776987098,0.2895923903587057,-0.4358912084352127,0.6629156640524463,-0.6938214322870256,0.4413598783128295,0.009557022494061752,0.05290166571053265,0.015221200906502,0.0072467922602368
allenai_Olmo-3-1125-32B,full_mixed_random_slopes,25190.770290932793,C(tense)[T.past perfect]:log_frequency,-0.0131419787926554,0.0139108377953317,-0.9447294969585333,0.3447969938738703,-0.0404067198662842,0.0141227622809732,0.009557022494061752,0.05290166571053265,0.015221200906502,0.0072467922602368
allenai_Olmo-3-1125-32B,full_mixed_random_slopes,25190.770290932793,C(tense)[T.present continuous]:log_frequency,0.0078189178134264,0.0139108377953317,0.5620738253486348,0.5740657209720104,-0.0194458232602022,0.0350836588870552,0.009557022494061752,0.05290166571053265,0.015221200906502,0.0072467922602368
allenai_Olmo-3-1125-32B,full_mixed_random_slopes,25190.770290932793,C(tense)[T.present perfect]:log_frequency,0.0309268365358725,0.0139108377953317,2.223218830590575,0.0262010476759839,0.0036620954622438,0.0581915776095013,0.009557022494061752,0.05290166571053265,0.015221200906502,0.0072467922602368
allenai_Olmo-3-1125-32B,full_mixed_random_slopes,25190.770290932793,C(tense)[T.simple future]:log_frequency,0.0430824460566295,0.0139108377953317,3.097041795073436,0.001954623132384,0.0158177049830008,0.0703471871302582,0.009557022494061752,0.05290166571053265,0.015221200906502,0.0072467922602368
allenai_Olmo-3-1125-32B,full_mixed_random_slopes,25190.770290932793,C(tense)[T.simple past]:log_frequency,0.0142765415334187,0.0139108377953317,1.0262891238807856,0.3047553223295641,-0.01298819954021,0.0415412826070474,0.009557022494061752,0.05290166571053265,0.015221200906502,0.0072467922602368
allenai_Olmo-3-1125-32B,full_mixed_random_slopes,25190.770290932793,C(semantic_role)[T.patient]:log_frequency,0.0023201359147454,0.0185901237114366,0.1248047592775354,0.9006781194968773,-0.0341158370278145,0.0387561088573054,0.009557022494061752,0.05290166571053265,0.015221200906502,0.0072467922602368
allenai_Olmo-3-1125-32B,full_mixed_random_slopes,25190.770290932793,C(syntactic_role)[T.subject]:log_frequency,-0.0137186277140287,0.0402546288909646,-0.3407962783904334,0.7332569523475888,-0.092616250551345,0.0651789951232875,0.009557022494061752,0.05290166571053265,0.015221200906502,0.0072467922602368
allenai_Olmo-3-1125-32B,full_mixed_random_slopes,25190.770290932793,"C(valence, Treatment(reference='-val'))[T.+val]:log_frequency",0.0031393866289615,0.0226315307110472,0.1387173792636623,0.8896734842120058,-0.0412175984797031,0.0474963717376262,0.009557022494061752,0.05290166571053265,0.015221200906502,0.0072467922602368
allenai_Olmo-3-1125-32B,full_mixed_random_slopes,25190.770290932793,"C(dominance, Treatment(reference='-dom'))[T.+dom]:log_frequency",0.0076894731295743,0.0166626754020213,0.4614789008397491,0.6444550555752038,-0.0249687705444689,0.0403477168036176,0.009557022494061752,0.05290166571053265,0.015221200906502,0.0072467922602368
allenai_Olmo-3-1125-32B,full_mixed_random_slopes,25190.770290932793,lex_emb_norm,-0.0755573939632571,0.2865500781213009,-0.2636795441084213,0.7920268592899212,-0.6371852268481458,0.4860704389216315,0.009557022494061752,0.05290166571053265,0.015221200906502,0.0072467922602368
allenai_Olmo-3-1125-32B,full_mixed_random_slopes,25190.770290932793,C(tense)[T.past perfect]:lex_emb_norm,0.0056884557712647,0.0139108377953317,0.4089225864723749,0.682596473031639,-0.021576285302364,0.0329531968448934,0.009557022494061752,0.05290166571053265,0.015221200906502,0.0072467922602368
allenai_Olmo-3-1125-32B,full_mixed_random_slopes,25190.770290932793,C(tense)[T.present continuous]:lex_emb_norm,0.0130255372374654,0.0139108377953317,0.9363589331648078,0.3490884145642463,-0.0142392038361632,0.0402902783110942,0.009557022494061752,0.05290166571053265,0.015221200906502,0.0072467922602368
allenai_Olmo-3-1125-32B,full_mixed_random_slopes,25190.770290932793,C(tense)[T.present perfect]:lex_emb_norm,0.0179598915889301,0.0139108377953317,1.291071886048247,0.1966787517005783,-0.0093048494846985,0.0452246326625588,0.009557022494061752,0.05290166571053265,0.015221200906502,0.0072467922602368
allenai_Olmo-3-1125-32B,full_mixed_random_slopes,25190.770290932793,C(tense)[T.simple future]:lex_emb_norm,0.0086954806106823,0.0139108377953317,0.6250867660609508,0.5319141131723157,-0.0185692604629463,0.035960221684311,0.009557022494061752,0.05290166571053265,0.015221200906502,0.0072467922602368
allenai_Olmo-3-1125-32B,full_mixed_random_slopes,25190.770290932793,C(tense)[T.simple past]:lex_emb_norm,0.0094146500487554,0.0139108377953317,0.6767852653644535,0.4985422082370501,-0.0178500910248732,0.0366793911223841,0.009557022494061752,0.05290166571053265,0.015221200906502,0.0072467922602368
allenai_Olmo-3-1125-32B,full_mixed_random_slopes,25190.770290932793,C(semantic_role)[T.patient]:lex_emb_norm,0.0039868444507894,0.0185901237114288,0.2144603507043043,0.8301880831829294,-0.0324491284917551,0.040422817393334,0.009557022494061752,0.05290166571053265,0.015221200906502,0.0072467922602368
allenai_Olmo-3-1125-32B,full_mixed_random_slopes,25190.770290932793,C(syntactic_role)[T.subject]:lex_emb_norm,0.0023533474827806,0.0402546288909556,0.05846153716025,0.9533809989691135,-0.0765442753545179,0.0812509703200792,0.009557022494061752,0.05290166571053265,0.015221200906502,0.0072467922602368
allenai_Olmo-3-1125-32B,full_mixed_random_slopes,25190.770290932793,"C(valence, Treatment(reference='-val'))[T.+val]:lex_emb_norm",-0.0042341909687742,0.022631530711035,-0.1870925578493752,0.8515880631102826,-0.048591176077415,0.0401227941398665,0.009557022494061752,0.05290166571053265,0.015221200906502,0.0072467922602368
allenai_Olmo-3-1125-32B,full_mixed_random_slopes,25190.770290932793,"C(dominance, Treatment(reference='-dom'))[T.+dom]:lex_emb_norm",0.0094459887686845,0.0166626754020198,0.5668950838194603,0.5707854644566916,-0.0232122549053559,0.0421042324427249,0.009557022494061752,0.05290166571053265,0.015221200906502,0.0072467922602368
allenai_Olmo-3-1125-32B,full_mixed_random_slopes,25190.770290932793,log_frequency:lex_emb_norm,-0.1389218050081778,0.2337253154314395,-0.5943806504303503,0.5522575472578831,-0.597015005529063,0.3191713955127073,0.009557022494061752,0.05290166571053265,0.015221200906502,0.0072467922602368
google_gemma-3-12b-pt,full_mixed_random_slopes,10769.229771563929,Intercept,1.6675177763184157,0.2685359389170118,6.209663343548755,5.309823139347995e-10,1.1411970074864244,2.1938385451504065,0.0024882783112144947,0.03131468443799516,0.0121224686772906,0.005085004657662
google_gemma-3-12b-pt,full_mixed_random_slopes,10769.229771563929,C(tense)[T.past perfect],0.1714499123398289,0.0199550153855932,8.591820603837249,8.560196996634445e-18,0.1323388008731236,0.2105610238065343,0.0024882783112144947,0.03131468443799516,0.0121224686772906,0.005085004657662
google_gemma-3-12b-pt,full_mixed_random_slopes,10769.229771563929,C(tense)[T.present continuous],0.034549739643598,0.0199550153855932,1.7313812580942274,0.0833837871054737,-0.0045613718231073,0.0736608511103033,0.0024882783112144947,0.03131468443799516,0.0121224686772906,0.005085004657662
google_gemma-3-12b-pt,full_mixed_random_slopes,10769.229771563929,C(tense)[T.present perfect],0.1032452163033077,0.0199550153855931,5.173898105728701,2.292598813990697e-07,0.0641341048366023,0.142356327770013,0.0024882783112144947,0.03131468443799516,0.0121224686772906,0.005085004657662
google_gemma-3-12b-pt,full_mixed_random_slopes,10769.229771563929,C(tense)[T.simple future],0.379753448720375,0.0199550153855931,19.03047636808857,9.53817012697578e-81,0.3406423372536697,0.4188645601870803,0.0024882783112144947,0.03131468443799516,0.0121224686772906,0.005085004657662
google_gemma-3-12b-pt,full_mixed_random_slopes,10769.229771563929,C(tense)[T.simple past],0.1405564381027461,0.0199550153855931,7.043664732236838,1.8724838650885837e-12,0.1014453266360408,0.1796675495694514,0.0024882783112144947,0.03131468443799516,0.0121224686772906,0.005085004657662
google_gemma-3-12b-pt,full_mixed_random_slopes,10769.229771563929,C(semantic_role)[T.patient],0.1176602948515558,0.0176665287941865,6.660068665570199,2.7369968115102288e-11,0.0830345346831102,0.1522860550200013,0.0024882783112144947,0.03131468443799516,0.0121224686772906,0.005085004657662
google_gemma-3-12b-pt,full_mixed_random_slopes,10769.229771563929,C(syntactic_role)[T.subject],-0.0473834704560705,0.0340579170524908,-1.3912615496432723,0.1641461289557332,-0.1141357612674052,0.0193688203552641,0.0024882783112144947,0.03131468443799516,0.0121224686772906,0.005085004657662
google_gemma-3-12b-pt,full_mixed_random_slopes,10769.229771563929,"C(valence, Treatment(reference='-val'))[T.+val]",-0.0199552949364923,0.0244021470329031,-0.8177679984300227,0.4134896744261279,-0.0677826242664334,0.0278720343934487,0.0024882783112144947,0.03131468443799516,0.0121224686772906,0.005085004657662
google_gemma-3-12b-pt,full_mixed_random_slopes,10769.229771563929,"C(dominance, Treatment(reference='-dom'))[T.+dom]",0.0610611298908234,0.0197099097903356,3.097991342444575,0.0019483712040913,0.0224304165632321,0.0996918432184147,0.0024882783112144947,0.03131468443799516,0.0121224686772906,0.005085004657662
google_gemma-3-12b-pt,full_mixed_random_slopes,10769.229771563929,C(tense)[T.past perfect]:C(semantic_role)[T.patient],-0.0429918028418511,0.0178483083576964,-2.408732636183559,0.0160080203665032,-0.0779738444079012,-0.0080097612758009,0.0024882783112144947,0.03131468443799516,0.0121224686772906,0.005085004657662
google_gemma-3-12b-pt,full_mixed_random_slopes,10769.229771563929,C(tense)[T.present continuous]:C(semantic_role)[T.patient],-0.0806252192203379,0.0178483083576964,-4.517247102892604,6.26487818377649e-06,-0.1156072607863881,-0.0456431776542877,0.0024882783112144947,0.03131468443799516,0.0121224686772906,0.005085004657662
google_gemma-3-12b-pt,full_mixed_random_slopes,10769.229771563929,C(tense)[T.present perfect]:C(semantic_role)[T.patient],-0.0739343031824835,0.0178483083576963,-4.142370341254344,3.4373470092516655e-05,-0.1089163447485337,-0.0389522616164334,0.0024882783112144947,0.03131468443799516,0.0121224686772906,0.005085004657662
google_gemma-3-12b-pt,full_mixed_random_slopes,10769.229771563929,C(tense)[T.simple future]:C(semantic_role)[T.patient],-0.1020016796158453,0.0178483083576963,-5.714921412810589,1.0975473434617172e-08,-0.1369837211818955,-0.0670196380497951,0.0024882783112144947,0.03131468443799516,0.0121224686772906,0.005085004657662
google_gemma-3-12b-pt,full_mixed_random_slopes,10769.229771563929,C(tense)[T.simple past]:C(semantic_role)[T.patient],-0.0444414901767105,0.0178483083576963,-2.489955310389225,0.0127759158651321,-0.0794235317427607,-0.0094594486106603,0.0024882783112144947,0.03131468443799516,0.0121224686772906,0.005085004657662
google_gemma-3-12b-pt,full_mixed_random_slopes,10769.229771563929,C(tense)[T.past perfect]:C(syntactic_role)[T.subject],0.0196274001883219,0.0178483083576964,1.0996784566341504,0.2714722445139362,-0.0153546413777282,0.0546094417543721,0.0024882783112144947,0.03131468443799516,0.0121224686772906,0.005085004657662
google_gemma-3-12b-pt,full_mixed_random_slopes,10769.229771563929,C(tense)[T.present continuous]:C(syntactic_role)[T.subject],-0.0670765969403206,0.0178483083576964,-3.758148704966562,0.0001711751468347,-0.1020586385063708,-0.0320945553742704,0.0024882783112144947,0.03131468443799516,0.0121224686772906,0.005085004657662
google_gemma-3-12b-pt,full_mixed_random_slopes,10769.229771563929,C(tense)[T.present perfect]:C(syntactic_role)[T.subject],0.0507360406365501,0.0178483083576964,2.842624612918689,0.0044743735922161,0.0157539990704999,0.0857180822026003,0.0024882783112144947,0.03131468443799516,0.0121224686772906,0.005085004657662
google_gemma-3-12b-pt,full_mixed_random_slopes,10769.229771563929,C(tense)[T.simple future]:C(syntactic_role)[T.subject],-0.0638623253114485,0.0178483083576964,-3.578060398307178,0.000346153471789,-0.0988443668774987,-0.0288802837453983,0.0024882783112144947,0.03131468443799516,0.0121224686772906,0.005085004657662
google_gemma-3-12b-pt,full_mixed_random_slopes,10769.229771563929,C(tense)[T.simple past]:C(syntactic_role)[T.subject],0.0441023173169358,0.0178483083576964,2.4709522288098724,0.0134753818436338,0.0091202757508856,0.079084358882986,0.0024882783112144947,0.03131468443799516,0.0121224686772906,0.005085004657662
google_gemma-3-12b-pt,full_mixed_random_slopes,10769.229771563929,"C(tense)[T.past perfect]:C(valence, Treatment(reference='-val'))[T.+val]",-0.0422997275933163,0.0178483083576964,-2.3699572388369345,0.0177901426535865,-0.0772817691593665,-0.0073176860272661,0.0024882783112144947,0.03131468443799516,0.0121224686772906,0.005085004657662
google_gemma-3-12b-pt,full_mixed_random_slopes,10769.229771563929,"C(tense)[T.present continuous]:C(valence, Treatment(reference='-val'))[T.+val]",0.0652032577674972,0.0178483083576963,3.653189784755196,0.0002590026516922,0.030221216201447,0.1001852993335474,0.0024882783112144947,0.03131468443799516,0.0121224686772906,0.005085004657662
google_gemma-3-12b-pt,full_mixed_random_slopes,10769.229771563929,"C(tense)[T.present perfect]:C(valence, Treatment(reference='-val'))[T.+val]",0.0190628736497358,0.0178483083576964,1.0680493225295349,0.2854982638146627,-0.0159191679163143,0.054044915215786,0.0024882783112144947,0.03131468443799516,0.0121224686772906,0.005085004657662
google_gemma-3-12b-pt,full_mixed_random_slopes,10769.229771563929,"C(tense)[T.simple future]:C(valence, Treatment(reference='-val'))[T.+val]",-0.0365088851462428,0.0178483083576964,-2.0455095471554774,0.0408046489421767,-0.071490926712293,-0.0015268435801926,0.0024882783112144947,0.03131468443799516,0.0121224686772906,0.005085004657662
google_gemma-3-12b-pt,full_mixed_random_slopes,10769.229771563929,"C(tense)[T.simple past]:C(valence, Treatment(reference='-val'))[T.+val]",-0.0328588572989003,0.0178483083576963,-1.8410068136642888,0.0656205602102687,-0.0678408988649505,0.0021231842671498,0.0024882783112144947,0.03131468443799516,0.0121224686772906,0.005085004657662
google_gemma-3-12b-pt,full_mixed_random_slopes,10769.229771563929,"C(tense)[T.past perfect]:C(dominance, Treatment(reference='-dom'))[T.+dom]",-0.0222616364389331,0.0178483083576963,-1.2472687042822008,0.2122989885568528,-0.0572436780049831,0.0127204051271169,0.0024882783112144947,0.03131468443799516,0.0121224686772906,0.005085004657662
google_gemma-3-12b-pt,full_mixed_random_slopes,10769.229771563929,"C(tense)[T.present continuous]:C(dominance, Treatment(reference='-dom'))[T.+dom]",0.032775991164433,0.0178483083576963,1.8363640131923065,0.0663038381893843,-0.002206050401617,0.0677580327304831,0.0024882783112144947,0.03131468443799516,0.0121224686772906,0.005085004657662
google_gemma-3-12b-pt,full_mixed_random_slopes,10769.229771563929,"C(tense)[T.present perfect]:C(dominance, Treatment(reference='-dom'))[T.+dom]",-0.0003972749568186,0.0178483083576963,-0.0222584095286183,0.982241825043408,-0.0353793165228687,0.0345847666092314,0.0024882783112144947,0.03131468443799516,0.0121224686772906,0.005085004657662
google_gemma-3-12b-pt,full_mixed_random_slopes,10769.229771563929,"C(tense)[T.simple future]:C(dominance, Treatment(reference='-dom'))[T.+dom]",0.0491274293062709,0.0178483083576963,2.752497789802405,0.0059142545644917,0.0141453877402208,0.084109470872321,0.0024882783112144947,0.03131468443799516,0.0121224686772906,0.005085004657662
google_gemma-3-12b-pt,full_mixed_random_slopes,10769.229771563929,"C(tense)[T.simple past]:C(dominance, Treatment(reference='-dom'))[T.+dom]",-0.0508385694634526,0.0178483083576963,-2.848369069191401,0.004394393095721,-0.0858206110295027,-0.0158565278974025,0.0024882783112144947,0.03131468443799516,0.0121224686772906,0.005085004657662
google_gemma-3-12b-pt,full_mixed_random_slopes,10769.229771563929,C(semantic_role)[T.patient]:C(syntactic_role)[T.subject],-0.1315387083910278,0.0103047256348954,-12.764891861418526,2.5750802154337213e-37,-0.1517355995059896,-0.1113418172760661,0.0024882783112144947,0.03131468443799516,0.0121224686772906,0.005085004657662
google_gemma-3-12b-pt,full_mixed_random_slopes,10769.229771563929,"C(semantic_role)[T.patient]:C(valence, Treatment(reference='-val'))[T.+val]",-0.0378172928152384,0.0103047256348954,-3.669898079302147,0.0002426471959011,-0.0580141839302001,-0.0176204017002766,0.0024882783112144947,0.03131468443799516,0.0121224686772906,0.005085004657662
google_gemma-3-12b-pt,full_mixed_random_slopes,10769.229771563929,"C(semantic_role)[T.patient]:C(dominance, Treatment(reference='-dom'))[T.+dom]",0.0300136153551399,0.0103047256348954,2.912606935744434,0.0035842545372129,0.0098167242401782,0.0502105064701017,0.0024882783112144947,0.03131468443799516,0.0121224686772906,0.005085004657662
google_gemma-3-12b-pt,full_mixed_random_slopes,10769.229771563929,"C(syntactic_role)[T.subject]:C(valence, Treatment(reference='-val'))[T.+val]",0.0162752608566634,0.0103047256348954,1.5793977863466508,0.1142448448079651,-0.0039216302582982,0.0364721519716252,0.0024882783112144947,0.03131468443799516,0.0121224686772906,0.005085004657662
google_gemma-3-12b-pt,full_mixed_random_slopes,10769.229771563929,"C(syntactic_role)[T.subject]:C(dominance, Treatment(reference='-dom'))[T.+dom]",-0.0839066265360334,0.0103047256348954,-8.142538628286795,3.8707495050237053e-16,-0.1041035176509952,-0.0637097354210717,0.0024882783112144947,0.03131468443799516,0.0121224686772906,0.005085004657662
google_gemma-3-12b-pt,full_mixed_random_slopes,10769.229771563929,"C(valence, Treatment(reference='-val'))[T.+val]:C(dominance, Treatment(reference='-dom'))[T.+dom]",-0.0481388731622799,0.0103047256348954,-4.6715337086962005,2.989590240504548e-06,-0.0683357642772416,-0.0279419820473182,0.0024882783112144947,0.03131468443799516,0.0121224686772906,0.005085004657662
google_gemma-3-12b-pt,full_mixed_random_slopes,10769.229771563929,log_frequency,0.0940749352053545,0.3293611616166916,0.285628501987245,0.7751626710645015,-0.5514610794696371,0.7396109498803463,0.0024882783112144947,0.03131468443799516,0.0121224686772906,0.005085004657662
google_gemma-3-12b-pt,full_mixed_random_slopes,10769.229771563929,C(tense)[T.past perfect]:log_frequency,0.0263062794734056,0.0089241541788481,2.9477616529481394,0.0032008374819407,0.0088152586903805,0.0437973002564306,0.0024882783112144947,0.03131468443799516,0.0121224686772906,0.005085004657662
google_gemma-3-12b-pt,full_mixed_random_slopes,10769.229771563929,C(tense)[T.present continuous]:log_frequency,0.0425621969874092,0.0089241541788481,4.769325600434953,1.848436888951652e-06,0.0250711762043841,0.0600532177704343,0.0024882783112144947,0.03131468443799516,0.0121224686772906,0.005085004657662
google_gemma-3-12b-pt,full_mixed_random_slopes,10769.229771563929,C(tense)[T.present perfect]:log_frequency,0.0594936489611352,0.0089241541788481,6.666586857289574,2.6182076624514887e-11,0.0420026281781101,0.0769846697441603,0.0024882783112144947,0.03131468443799516,0.0121224686772906,0.005085004657662
google_gemma-3-12b-pt,full_mixed_random_slopes,10769.229771563929,C(tense)[T.simple future]:log_frequency,0.0926766377555686,0.0089241541788481,10.384921181127554,2.9040909606573797e-25,0.0751856169725435,0.1101676585385937,0.0024882783112144947,0.03131468443799516,0.0121224686772906,0.005085004657662
google_gemma-3-12b-pt,full_mixed_random_slopes,10769.229771563929,C(tense)[T.simple past]:log_frequency,0.0293228643590282,0.0089241541788481,3.285786391782493,0.0010169810009511,0.0118318435760031,0.0468138851420533,0.0024882783112144947,0.03131468443799516,0.0121224686772906,0.005085004657662
google_gemma-3-12b-pt,full_mixed_random_slopes,10769.229771563929,C(semantic_role)[T.patient]:log_frequency,0.0229566080372553,0.0099865659170118,2.2987489621581965,0.0215191984844239,0.0033832985106769,0.0425299175638337,0.0024882783112144947,0.03131468443799516,0.0121224686772906,0.005085004657662
google_gemma-3-12b-pt,full_mixed_random_slopes,10769.229771563929,C(syntactic_role)[T.subject]:log_frequency,0.0065866418780444,0.0307825758040513,0.2139730580043789,0.8305680672065688,-0.0537460980492702,0.0669193818053592,0.0024882783112144947,0.03131468443799516,0.0121224686772906,0.005085004657662
google_gemma-3-12b-pt,full_mixed_random_slopes,10769.229771563929,"C(valence, Treatment(reference='-val'))[T.+val]:log_frequency",0.0156359283224231,0.0195726860444263,0.7988647182574989,0.4243688588760232,-0.0227258314053622,0.0539976880502086,0.0024882783112144947,0.03131468443799516,0.0121224686772906,0.005085004657662
google_gemma-3-12b-pt,full_mixed_random_slopes,10769.229771563929,"C(dominance, Treatment(reference='-dom'))[T.+dom]:log_frequency",-0.0213065641095123,0.0132704861675116,-1.6055601762107492,0.1083705813931345,-0.0473162390551722,0.0047031108361475,0.0024882783112144947,0.03131468443799516,0.0121224686772906,0.005085004657662
google_gemma-3-12b-pt,full_mixed_random_slopes,10769.229771563929,lex_emb_norm,0.0078530534496932,0.312977677224545,0.0250914171238451,0.9799820461715264,-0.6055719218754171,0.6212780287748035,0.0024882783112144947,0.03131468443799516,0.0121224686772906,0.005085004657662
google_gemma-3-12b-pt,full_mixed_random_slopes,10769.229771563929,C(tense)[T.past perfect]:lex_emb_norm,-0.0386339797868404,0.0089241541788481,-4.32914750379479,1.4968765403672676e-05,-0.0561250005698655,-0.0211429590038154,0.0024882783112144947,0.03131468443799516,0.0121224686772906,0.005085004657662
google_gemma-3-12b-pt,full_mixed_random_slopes,10769.229771563929,C(tense)[T.present continuous]:lex_emb_norm,0.0158403973868351,0.0089241541788481,1.7750026578854603,0.0758974483276069,-0.0016506233961898,0.0333314181698602,0.0024882783112144947,0.03131468443799516,0.0121224686772906,0.005085004657662
google_gemma-3-12b-pt,full_mixed_random_slopes,10769.229771563929,C(tense)[T.present perfect]:lex_emb_norm,0.00881823447281,0.0089241541788481,0.9881311210098548,0.3230884360434485,-0.008672786310215,0.0263092552558351,0.0024882783112144947,0.03131468443799516,0.0121224686772906,0.005085004657662
google_gemma-3-12b-pt,full_mixed_random_slopes,10769.229771563929,C(tense)[T.simple future]:lex_emb_norm,-0.0375333436260258,0.0089241541788481,-4.205815237368543,2.6014269984749213e-05,-0.0550243644090509,-0.0200423228430008,0.0024882783112144947,0.03131468443799516,0.0121224686772906,0.005085004657662
google_gemma-3-12b-pt,full_mixed_random_slopes,10769.229771563929,C(tense)[T.simple past]:lex_emb_norm,-0.0122664995309767,0.0089241541788481,-1.3745279703986355,0.1692778329538057,-0.0297575203140017,0.0052245212520483,0.0024882783112144947,0.03131468443799516,0.0121224686772906,0.005085004657662
google_gemma-3-12b-pt,full_mixed_random_slopes,10769.229771563929,C(semantic_role)[T.patient]:lex_emb_norm,0.0190618344046069,0.0099865659170127,1.908747667917959,0.0562946507046374,-0.0005114751219731,0.0386351439311871,0.0024882783112144947,0.03131468443799516,0.0121224686772906,0.005085004657662
google_gemma-3-12b-pt,full_mixed_random_slopes,10769.229771563929,C(syntactic_role)[T.subject]:lex_emb_norm,0.0505597410816201,0.0307825758040572,1.6424792195251,0.1004907292609212,-0.0097729988457061,0.1108924810089465,0.0024882783112144947,0.03131468443799516,0.0121224686772906,0.005085004657662
google_gemma-3-12b-pt,full_mixed_random_slopes,10769.229771563929,"C(valence, Treatment(reference='-val'))[T.+val]:lex_emb_norm",0.0229490525467188,0.0195726860444322,1.172503993300758,0.2409947698045568,-0.0154127071810781,0.0613108122745158,0.0024882783112144947,0.03131468443799516,0.0121224686772906,0.005085004657662
google_gemma-3-12b-pt,full_mixed_random_slopes,10769.229771563929,"C(dominance, Treatment(reference='-dom'))[T.+dom]:lex_emb_norm",-0.0331265765683798,0.013270486167513,-2.4962594550210038,0.0125510761778627,-0.0591362515140423,-0.0071169016227173,0.0024882783112144947,0.03131468443799516,0.0121224686772906,0.005085004657662
google_gemma-3-12b-pt,full_mixed_random_slopes,10769.229771563929,log_frequency:lex_emb_norm,0.3697854711477266,0.3183084272865015,1.1617206440308658,0.2453489573228555,-0.254087582309403,0.9936585246048564,0.0024882783112144947,0.03131468443799516,0.0121224686772906,0.005085004657662
google_gemma-3-4b-pt,full_mixed_random_slopes,9153.614502432523,Intercept,1.878668549851424,0.2514189366469117,7.47226352520054,7.882694382326327e-14,1.3858964889921193,2.3714406107107284,0.007485244851178316,0.041506855780082785,0.0047952952970282,0.0023521770552199
google_gemma-3-4b-pt,full_mixed_random_slopes,9153.614502432523,C(tense)[T.past perfect],-0.0299713360955333,0.0190220757139642,-1.575608074860683,0.1151161540533235,-0.0672539194060971,0.0073112472150305,0.007485244851178316,0.041506855780082785,0.0047952952970282,0.0023521770552199
google_gemma-3-4b-pt,full_mixed_random_slopes,9153.614502432523,C(tense)[T.present continuous],-0.2805533493769366,0.0190220757139641,-14.74882939147283,3.1304752856693266e-49,-0.3178359326875005,-0.2432707660663728,0.007485244851178316,0.041506855780082785,0.0047952952970282,0.0023521770552199
google_gemma-3-4b-pt,full_mixed_random_slopes,9153.614502432523,C(tense)[T.present perfect],-0.1861729503029813,0.0190220757139641,-9.7872047773583,1.2777949978013906e-22,-0.2234555336135451,-0.1488903669924175,0.007485244851178316,0.041506855780082785,0.0047952952970282,0.0023521770552199
google_gemma-3-4b-pt,full_mixed_random_slopes,9153.614502432523,C(tense)[T.simple future],0.070001922937114,0.0190220757139641,3.68003597450332,0.000233201052462,0.0327193396265502,0.1072845062476778,0.007485244851178316,0.041506855780082785,0.0047952952970282,0.0023521770552199
google_gemma-3-4b-pt,full_mixed_random_slopes,9153.614502432523,C(tense)[T.simple past],-0.0418708820144739,0.0190220757139641,-2.20117313399906,0.027723769459449,-0.0791534653250377,-0.0045882987039101,0.007485244851178316,0.041506855780082785,0.0047952952970282,0.0023521770552199
google_gemma-3-4b-pt,full_mixed_random_slopes,9153.614502432523,C(semantic_role)[T.patient],0.0427282238525573,0.0209107120636925,2.0433653202440065,0.0410162878163545,0.0017439813166327,0.0837124663884819,0.007485244851178316,0.041506855780082785,0.0047952952970282,0.0023521770552199
google_gemma-3-4b-pt,full_mixed_random_slopes,9153.614502432523,C(syntactic_role)[T.subject],-0.484596285777311,0.0379195661179139,-12.779584140557414,2.1320645006163687e-37,-0.5589172696778076,-0.4102753018768145,0.007485244851178316,0.041506855780082785,0.0047952952970282,0.0023521770552199
google_gemma-3-4b-pt,full_mixed_random_slopes,9153.614502432523,"C(valence, Treatment(reference='-val'))[T.+val]",-0.0110972436221796,0.0189246325103736,-0.5863914988096416,0.5576124558297026,-0.0481888417631677,0.0259943545188084,0.007485244851178316,0.041506855780082785,0.0047952952970282,0.0023521770552199
google_gemma-3-4b-pt,full_mixed_random_slopes,9153.614502432523,"C(dominance, Treatment(reference='-dom'))[T.+dom]",0.0585482050919194,0.0169199673987736,3.4603024764789394,0.0005395689246415,0.0253856783707312,0.0917107318131077,0.007485244851178316,0.041506855780082785,0.0047952952970282,0.0023521770552199
google_gemma-3-4b-pt,full_mixed_random_slopes,9153.614502432523,C(tense)[T.past perfect]:C(semantic_role)[T.patient],0.0599510586191849,0.0170138617478285,3.5236596786638548,0.0004256305478445,0.0266045023554972,0.0932976148828726,0.007485244851178316,0.041506855780082785,0.0047952952970282,0.0023521770552199
google_gemma-3-4b-pt,full_mixed_random_slopes,9153.614502432523,C(tense)[T.present continuous]:C(semantic_role)[T.patient],-0.0414331734785608,0.0170138617478285,-2.435259795375309,0.0148811011396414,-0.0747797297422486,-0.0080866172148731,0.007485244851178316,0.041506855780082785,0.0047952952970282,0.0023521770552199
google_gemma-3-4b-pt,full_mixed_random_slopes,9153.614502432523,C(tense)[T.present perfect]:C(semantic_role)[T.patient],-1.293956113479035e-05,0.0170138617478285,-0.000760530520735,0.999393184497984,-0.0333594958248225,0.0333336167025529,0.007485244851178316,0.041506855780082785,0.0047952952970282,0.0023521770552199
google_gemma-3-4b-pt,full_mixed_random_slopes,9153.614502432523,C(tense)[T.simple future]:C(semantic_role)[T.patient],-0.0106917288691887,0.0170138617478285,-0.6284128217130535,0.5297335398622789,-0.0440382851328764,0.0226548273944989,0.007485244851178316,0.041506855780082785,0.0047952952970282,0.0023521770552199
google_gemma-3-4b-pt,full_mixed_random_slopes,9153.614502432523,C(tense)[T.simple past]:C(semantic_role)[T.patient],0.005784717002144,0.0170138617478285,0.3400002355657074,0.7338563505294651,-0.0275618392615436,0.0391312732658318,0.007485244851178316,0.041506855780082785,0.0047952952970282,0.0023521770552199
google_gemma-3-4b-pt,full_mixed_random_slopes,9153.614502432523,C(tense)[T.past perfect]:C(syntactic_role)[T.subject],0.0155513192669567,0.0170138617478287,0.9140381823627676,0.3606967829095878,-0.0177952369967311,0.0488978755306447,0.007485244851178316,0.041506855780082785,0.0047952952970282,0.0023521770552199
google_gemma-3-4b-pt,full_mixed_random_slopes,9153.614502432523,C(tense)[T.present continuous]:C(syntactic_role)[T.subject],0.1176933152507867,0.0170138617478287,6.917495686469103,4.5969737852692576e-12,0.0843467589870987,0.1510398715144746,0.007485244851178316,0.041506855780082785,0.0047952952970282,0.0023521770552199
google_gemma-3-4b-pt,full_mixed_random_slopes,9153.614502432523,C(tense)[T.present perfect]:C(syntactic_role)[T.subject],0.1571866785379872,0.0170138617478286,9.238741966270377,2.4941230416661957e-20,0.1238401222742993,0.1905332348016751,0.007485244851178316,0.041506855780082785,0.0047952952970282,0.0023521770552199
google_gemma-3-4b-pt,full_mixed_random_slopes,9153.614502432523,C(tense)[T.simple future]:C(syntactic_role)[T.subject],0.1629647707162641,0.0170138617478287,9.578352823812128,9.860491620118358e-22,0.1296182144525762,0.1963113269799521,0.007485244851178316,0.041506855780082785,0.0047952952970282,0.0023521770552199
google_gemma-3-4b-pt,full_mixed_random_slopes,9153.614502432523,C(tense)[T.simple past]:C(syntactic_role)[T.subject],0.1013783932250104,0.0170138617478287,5.958576290767634,2.544448587816369e-09,0.0680318369613225,0.1347249494886984,0.007485244851178316,0.041506855780082785,0.0047952952970282,0.0023521770552199
google_gemma-3-4b-pt,full_mixed_random_slopes,9153.614502432523,"C(tense)[T.past perfect]:C(valence, Treatment(reference='-val'))[T.+val]",0.0014013350854394,0.0170138617478285,0.0823643160035836,0.934357011308675,-0.0319452211782482,0.0347478913491271,0.007485244851178316,0.041506855780082785,0.0047952952970282,0.0023521770552199
google_gemma-3-4b-pt,full_mixed_random_slopes,9153.614502432523,"C(tense)[T.present continuous]:C(valence, Treatment(reference='-val'))[T.+val]",0.0213077991905567,0.0170138617478285,1.252378766582855,0.2104318796972046,-0.0120387570731309,0.0546543554542444,0.007485244851178316,0.041506855780082785,0.0047952952970282,0.0023521770552199
google_gemma-3-4b-pt,full_mixed_random_slopes,9153.614502432523,"C(tense)[T.present perfect]:C(valence, Treatment(reference='-val'))[T.+val]",0.0188602167972645,0.0170138617478285,1.1085206331638169,0.2676370332622927,-0.014486339466423,0.0522067730609521,0.007485244851178316,0.041506855780082785,0.0047952952970282,0.0023521770552199
google_gemma-3-4b-pt,full_mixed_random_slopes,9153.614502432523,"C(tense)[T.simple future]:C(valence, Treatment(reference='-val'))[T.+val]",-0.0752472056907916,0.0170138617478285,-4.422699961129952,9.74750638479703e-06,-0.1085937619544792,-0.041900649427104,0.007485244851178316,0.041506855780082785,0.0047952952970282,0.0023521770552199
google_gemma-3-4b-pt,full_mixed_random_slopes,9153.614502432523,"C(tense)[T.simple past]:C(valence, Treatment(reference='-val'))[T.+val]",-0.0697732028721704,0.0170138617478285,-4.100962139361189,4.114358788431006e-05,-0.1031197591358581,-0.0364266466084828,0.007485244851178316,0.041506855780082785,0.0047952952970282,0.0023521770552199
google_gemma-3-4b-pt,full_mixed_random_slopes,9153.614502432523,"C(tense)[T.past perfect]:C(dominance, Treatment(reference='-dom'))[T.+dom]",-0.0117412481953875,0.0170138617478285,-0.6900989539829843,0.4901319609434211,-0.0450878044590751,0.0216053080683,0.007485244851178316,0.041506855780082785,0.0047952952970282,0.0023521770552199
google_gemma-3-4b-pt,full_mixed_random_slopes,9153.614502432523,"C(tense)[T.present continuous]:C(dominance, Treatment(reference='-dom'))[T.+dom]",0.0267894776893276,0.0170138617478285,1.57456773108826,0.115356256153676,-0.0065570785743598,0.0601360339530152,0.007485244851178316,0.041506855780082785,0.0047952952970282,0.0023521770552199
google_gemma-3-4b-pt,full_mixed_random_slopes,9153.614502432523,"C(tense)[T.present perfect]:C(dominance, Treatment(reference='-dom'))[T.+dom]",-0.0152032047424524,0.0170138617478285,-0.8935775409361616,0.3715479673359567,-0.0485497610061399,0.0181433515212351,0.007485244851178316,0.041506855780082785,0.0047952952970282,0.0023521770552199
google_gemma-3-4b-pt,full_mixed_random_slopes,9153.614502432523,"C(tense)[T.simple future]:C(dominance, Treatment(reference='-dom'))[T.+dom]",0.0628091942630255,0.0170138617478285,3.691648327343551,0.0002228053978996,0.0294626379993379,0.0961557505267131,0.007485244851178316,0.041506855780082785,0.0047952952970282,0.0023521770552199
google_gemma-3-4b-pt,full_mixed_random_slopes,9153.614502432523,"C(tense)[T.simple past]:C(dominance, Treatment(reference='-dom'))[T.+dom]",-0.0589576403037722,0.0170138617478285,-3.4652709171859293,0.0005296975864396,-0.0923041965674598,-0.0256110840400847,0.007485244851178316,0.041506855780082785,0.0047952952970282,0.0023521770552199
google_gemma-3-4b-pt,full_mixed_random_slopes,9153.614502432523,C(semantic_role)[T.patient]:C(syntactic_role)[T.subject],-0.0651028604839164,0.0098229576600638,-6.627623037468435,3.411352705153642e-11,-0.0843555037193034,-0.0458502172485293,0.007485244851178316,0.041506855780082785,0.0047952952970282,0.0023521770552199
google_gemma-3-4b-pt,full_mixed_random_slopes,9153.614502432523,"C(semantic_role)[T.patient]:C(valence, Treatment(reference='-val'))[T.+val]",-0.0712518857121623,0.0098229576600638,-7.253608147151376,4.058130707859862e-13,-0.0905045289475494,-0.0519992424767753,0.007485244851178316,0.041506855780082785,0.0047952952970282,0.0023521770552199
google_gemma-3-4b-pt,full_mixed_random_slopes,9153.614502432523,"C(semantic_role)[T.patient]:C(dominance, Treatment(reference='-dom'))[T.+dom]",-0.0228663360716413,0.0098229576600638,-2.32784634353118,0.0199202642446023,-0.0421189793070284,-0.0036136928362542,0.007485244851178316,0.041506855780082785,0.0047952952970282,0.0023521770552199
google_gemma-3-4b-pt,full_mixed_random_slopes,9153.614502432523,"C(syntactic_role)[T.subject]:C(valence, Treatment(reference='-val'))[T.+val]",0.0681910554766143,0.0098229576600638,6.94200849036041,3.86563976472625e-12,0.0489384122412272,0.0874436987120013,0.007485244851178316,0.041506855780082785,0.0047952952970282,0.0023521770552199
google_gemma-3-4b-pt,full_mixed_random_slopes,9153.614502432523,"C(syntactic_role)[T.subject]:C(dominance, Treatment(reference='-dom'))[T.+dom]",-0.0049982064315282,0.0098229576600638,-0.5088290721081852,0.6108720396585673,-0.0242508496669153,0.0142544368038587,0.007485244851178316,0.041506855780082785,0.0047952952970282,0.0023521770552199
google_gemma-3-4b-pt,full_mixed_random_slopes,9153.614502432523,"C(valence, Treatment(reference='-val'))[T.+val]:C(dominance, Treatment(reference='-dom'))[T.+dom]",-0.162438469491091,0.0098229576600638,-16.536615051442116,1.9994649514494316e-61,-0.1816911127264781,-0.143185826255704,0.007485244851178316,0.041506855780082785,0.0047952952970282,0.0023521770552199
google_gemma-3-4b-pt,full_mixed_random_slopes,9153.614502432523,log_frequency,-0.0991798614191092,0.2830739169297641,-0.3503673616234928,0.7260630175722548,-0.6539945435641299,0.4556348207259115,0.007485244851178316,0.041506855780082785,0.0047952952970282,0.0023521770552199
google_gemma-3-4b-pt,full_mixed_random_slopes,9153.614502432523,C(tense)[T.past perfect]:log_frequency,0.0084657918164073,0.0085069308739142,0.9951640540969856,0.3196564813261766,-0.0082074863154364,0.0251390699482511,0.007485244851178316,0.041506855780082785,0.0047952952970282,0.0023521770552199
google_gemma-3-4b-pt,full_mixed_random_slopes,9153.614502432523,C(tense)[T.present continuous]:log_frequency,0.005280081081384,0.0085069308739142,0.6206799090815431,0.5348102509781918,-0.0113931970504597,0.0219533592132279,0.007485244851178316,0.041506855780082785,0.0047952952970282,0.0023521770552199
google_gemma-3-4b-pt,full_mixed_random_slopes,9153.614502432523,C(tense)[T.present perfect]:log_frequency,0.0149177453084558,0.0085069308739142,1.7535989805911931,0.0794992458324111,-0.001755532823388,0.0315910234402996,0.007485244851178316,0.041506855780082785,0.0047952952970282,0.0023521770552199
google_gemma-3-4b-pt,full_mixed_random_slopes,9153.614502432523,C(tense)[T.simple future]:log_frequency,0.0396443580488057,0.0085069308739142,4.66024217622028,3.158375542519773e-06,0.0229710799169619,0.0563176361806495,0.007485244851178316,0.041506855780082785,0.0047952952970282,0.0023521770552199
google_gemma-3-4b-pt,full_mixed_random_slopes,9153.614502432523,C(tense)[T.simple past]:log_frequency,0.007754251183791,0.0085069308739142,0.9115215932421328,0.3620206135082083,-0.0089190269480527,0.0244275293156348,0.007485244851178316,0.041506855780082785,0.0047952952970282,0.0023521770552199
google_gemma-3-4b-pt,full_mixed_random_slopes,9153.614502432523,C(semantic_role)[T.patient]:log_frequency,0.0095321526538877,0.0156293596998103,0.6098875985305656,0.5419362681520201,-0.0211008294591622,0.0401651347669377,0.007485244851178316,0.041506855780082785,0.0047952952970282,0.0023521770552199
google_gemma-3-4b-pt,full_mixed_random_slopes,9153.614502432523,C(syntactic_role)[T.subject]:log_frequency,-0.0490329711122972,0.0352833175903321,-1.389692763067513,0.1646221933369458,-0.1181870028444367,0.0201210606198422,0.007485244851178316,0.041506855780082785,0.0047952952970282,0.0023521770552199
google_gemma-3-4b-pt,full_mixed_random_slopes,9153.614502432523,"C(valence, Treatment(reference='-val'))[T.+val]:log_frequency",0.0075760969625138,0.0128514871228582,0.589511306363806,0.5555183298462454,-0.0176123549460686,0.0327645488710962,0.007485244851178316,0.041506855780082785,0.0047952952970282,0.0023521770552199
google_gemma-3-4b-pt,full_mixed_random_slopes,9153.614502432523,"C(dominance, Treatment(reference='-dom'))[T.+dom]:log_frequency",0.0010057333641696,0.0096594152200058,0.1041194876980405,0.9170745259641804,-0.0179263725787598,0.0199378393070991,0.007485244851178316,0.041506855780082785,0.0047952952970282,0.0023521770552199
google_gemma-3-4b-pt,full_mixed_random_slopes,9153.614502432523,lex_emb_norm,-0.0710933848575444,0.2735608399753426,-0.2598814394046766,0.7949552287055592,-0.607262778789741,0.4650760090746521,0.007485244851178316,0.041506855780082785,0.0047952952970282,0.0023521770552199
google_gemma-3-4b-pt,full_mixed_random_slopes,9153.614502432523,C(tense)[T.past perfect]:lex_emb_norm,0.001517747432752,0.0085069308739142,0.178413044051661,0.858398605977486,-0.0151555306990916,0.0181910255645958,0.007485244851178316,0.041506855780082785,0.0047952952970282,0.0023521770552199
google_gemma-3-4b-pt,full_mixed_random_slopes,9153.614502432523,C(tense)[T.present continuous]:lex_emb_norm,0.0181566477535494,0.0085069308739142,2.1343358753772432,0.0328152965863092,0.0014833696217056,0.0348299258853932,0.007485244851178316,0.041506855780082785,0.0047952952970282,0.0023521770552199
google_gemma-3-4b-pt,full_mixed_random_slopes,9153.614502432523,C(tense)[T.present perfect]:lex_emb_norm,0.0225594688661645,0.0085069308739142,2.65189281546194,0.0080041946639847,0.0058861907343207,0.0392327469980083,0.007485244851178316,0.041506855780082785,0.0047952952970282,0.0023521770552199
google_gemma-3-4b-pt,full_mixed_random_slopes,9153.614502432523,C(tense)[T.simple future]:lex_emb_norm,-0.0340172627679716,0.0085069308739142,-3.998770328824766,6.367242870779212e-05,-0.0506905408998154,-0.0173439846361278,0.007485244851178316,0.041506855780082785,0.0047952952970282,0.0023521770552199
google_gemma-3-4b-pt,full_mixed_random_slopes,9153.614502432523,C(tense)[T.simple past]:lex_emb_norm,0.0069194448789124,0.0085069308739142,0.8133891037166348,0.4159950046139559,-0.0097538332529313,0.0235927230107562,0.007485244851178316,0.041506855780082785,0.0047952952970282,0.0023521770552199
google_gemma-3-4b-pt,full_mixed_random_slopes,9153.614502432523,C(semantic_role)[T.patient]:lex_emb_norm,0.0190596523522268,0.0156293596998228,1.2194774909712325,0.2226630140558282,-0.0115733297608476,0.0496926344653013,0.007485244851178316,0.041506855780082785,0.0047952952970282,0.0023521770552199
google_gemma-3-4b-pt,full_mixed_random_slopes,9153.614502432523,C(syntactic_role)[T.subject]:lex_emb_norm,0.0451433238575692,0.0352833175903544,1.279452357108004,0.2007378066113564,-0.0240107078746139,0.1142973555897524,0.007485244851178316,0.041506855780082785,0.0047952952970282,0.0023521770552199
google_gemma-3-4b-pt,full_mixed_random_slopes,9153.614502432523,"C(valence, Treatment(reference='-val'))[T.+val]:lex_emb_norm",0.0016786268860366,0.0128514871228657,0.130617326227563,0.896078035808384,-0.0235098250225604,0.0268670787946337,0.007485244851178316,0.041506855780082785,0.0047952952970282,0.0023521770552199
google_gemma-3-4b-pt,full_mixed_random_slopes,9153.614502432523,"C(dominance, Treatment(reference='-dom'))[T.+dom]:lex_emb_norm",-0.0211005915676581,0.0096594152200083,-2.1844584881236706,0.0289285744527771,-0.0400326975105924,-0.0021684856247237,0.007485244851178316,0.041506855780082785,0.0047952952970282,0.0023521770552199
google_gemma-3-4b-pt,full_mixed_random_slopes,9153.614502432523,log_frequency:lex_emb_norm,0.0085876165655836,0.2170503928252684,0.0395650818862922,0.9684398662470658,-0.4168233362022135,0.4339985693333808,0.007485244851178316,0.041506855780082785,0.0047952952970282,0.0023521770552199
gpt2,full_mixed_random_slopes,5836.881228355807,Intercept,1.3000836547301278,0.2320742540178395,5.602015873032561,2.1187314822693492e-08,0.8452264751161622,1.754940834344093,0.0370679217298005,0.04789424237200616,0.0407624689720736,0.045595293724721
gpt2,full_mixed_random_slopes,5836.881228355807,C(tense)[T.past perfect],-0.0223337995231984,0.0170156630345615,-1.3125435945596042,0.1893367869725558,-0.0556838862440085,0.0110162871976117,0.0370679217298005,0.04789424237200616,0.0407624689720736,0.045595293724721
gpt2,full_mixed_random_slopes,5836.881228355807,C(tense)[T.present continuous],0.1030420647969611,0.0170156630345615,6.0557184629048,1.397923114456069e-09,0.0696919780761509,0.1363921515177713,0.0370679217298005,0.04789424237200616,0.0407624689720736,0.045595293724721
gpt2,full_mixed_random_slopes,5836.881228355807,C(tense)[T.present perfect],-0.2620517796764866,0.0170156630345616,-15.40062113032072,1.62104735489437e-53,-0.2954018663972968,-0.2287016929556763,0.0370679217298005,0.04789424237200616,0.0407624689720736,0.045595293724721
gpt2,full_mixed_random_slopes,5836.881228355807,C(tense)[T.simple future],0.3308404434575893,0.0170156630345615,19.443288385859443,3.321760611227387e-84,0.2974903567367791,0.3641905301783996,0.0370679217298005,0.04789424237200616,0.0407624689720736,0.045595293724721
gpt2,full_mixed_random_slopes,5836.881228355807,C(tense)[T.simple past],0.0426143420505532,0.0170156630345616,2.50441854449024,0.0122652843947673,0.0092642553297428,0.0759644287713635,0.0370679217298005,0.04789424237200616,0.0407624689720736,0.045595293724721
gpt2,full_mixed_random_slopes,5836.881228355807,C(semantic_role)[T.patient],-0.15141018843077,0.0355521119647805,-4.258824020940399,2.0550517131564124e-05,-0.2210910474560754,-0.0817293294054645,0.0370679217298005,0.04789424237200616,0.0407624689720736,0.045595293724721
gpt2,full_mixed_random_slopes,5836.881228355807,C(syntactic_role)[T.subject],-0.1377783600439527,0.0397790630923414,-3.463589871991705,0.0005330185068672,-0.2157438910436884,-0.059812829044217,0.0370679217298005,0.04789424237200616,0.0407624689720736,0.045595293724721
gpt2,full_mixed_random_slopes,5836.881228355807,"C(valence, Treatment(reference='-val'))[T.+val]",-0.1048807472533218,0.0370488302020561,-2.830878780283354,0.0046420310323248,-0.1774951201186917,-0.0322663743879519,0.0370679217298005,0.04789424237200616,0.0407624689720736,0.045595293724721
gpt2,full_mixed_random_slopes,5836.881228355807,"C(dominance, Treatment(reference='-dom'))[T.+dom]",0.1026475273089016,0.0389198885382361,2.6374054799272426,0.0083542903984419,0.0263659474916454,0.1789291071261577,0.0370679217298005,0.04789424237200616,0.0407624689720736,0.045595293724721
gpt2,full_mixed_random_slopes,5836.881228355807,C(tense)[T.past perfect]:C(semantic_role)[T.patient],0.0163323818007693,0.0152192716910038,1.07313819822426,0.2832091146007199,-0.0134968425845281,0.0461616061860668,0.0370679217298005,0.04789424237200616,0.0407624689720736,0.045595293724721
gpt2,full_mixed_random_slopes,5836.881228355807,C(tense)[T.present continuous]:C(semantic_role)[T.patient],-0.0068631686082776,0.0152192716910038,-0.4509524994112868,0.6520237844101057,-0.0366923929935751,0.0229660557770199,0.0370679217298005,0.04789424237200616,0.0407624689720736,0.045595293724721
gpt2,full_mixed_random_slopes,5836.881228355807,C(tense)[T.present perfect]:C(semantic_role)[T.patient],0.0196494470618364,0.0152192716910038,1.291089840616437,0.1966725264834156,-0.0101797773234611,0.0494786714471339,0.0370679217298005,0.04789424237200616,0.0407624689720736,0.045595293724721
gpt2,full_mixed_random_slopes,5836.881228355807,C(tense)[T.simple future]:C(semantic_role)[T.patient],-0.0143647303010389,0.0152192716910038,-0.9438513611351076,0.3452456100653253,-0.0441939546863365,0.0154644940842585,0.0370679217298005,0.04789424237200616,0.0407624689720736,0.045595293724721
gpt2,full_mixed_random_slopes,5836.881228355807,C(tense)[T.simple past]:C(semantic_role)[T.patient],0.0612634154369083,0.0152192716910038,4.02538417611149,5.688237313014326e-05,0.0314341910516108,0.0910926398222059,0.0370679217298005,0.04789424237200616,0.0407624689720736,0.045595293724721
gpt2,full_mixed_random_slopes,5836.881228355807,C(tense)[T.past perfect]:C(syntactic_role)[T.subject],0.136767601700664,0.0152192716910038,8.986474811505438,2.552871782846489e-19,0.1069383773153664,0.1665968260859615,0.0370679217298005,0.04789424237200616,0.0407624689720736,0.045595293724721
gpt2,full_mixed_random_slopes,5836.881228355807,C(tense)[T.present continuous]:C(syntactic_role)[T.subject],0.016257223066007,0.0152192716910038,1.0681998058827449,0.2854303923240436,-0.0135720013192904,0.0460864474513046,0.0370679217298005,0.04789424237200616,0.0407624689720736,0.045595293724721
gpt2,full_mixed_random_slopes,5836.881228355807,C(tense)[T.present perfect]:C(syntactic_role)[T.subject],0.1734326965850079,0.0152192716910038,11.395597641346017,4.398017238503329e-30,0.1436034721997103,0.2032619209703055,0.0370679217298005,0.04789424237200616,0.0407624689720736,0.045595293724721
gpt2,full_mixed_random_slopes,5836.881228355807,C(tense)[T.simple future]:C(syntactic_role)[T.subject],-0.0401996568757833,0.0152192716910038,-2.641365348615559,0.0082572622615826,-0.0700288812610809,-0.0103704324904857,0.0370679217298005,0.04789424237200616,0.0407624689720736,0.045595293724721
gpt2,full_mixed_random_slopes,5836.881228355807,C(tense)[T.simple past]:C(syntactic_role)[T.subject],-0.0658574774149045,0.0152192716910038,-4.327242377428145,1.5098778411507566e-05,-0.0956867018002021,-0.0360282530296068,0.0370679217298005,0.04789424237200616,0.0407624689720736,0.045595293724721
gpt2,full_mixed_random_slopes,5836.881228355807,"C(tense)[T.past perfect]:C(valence, Treatment(reference='-val'))[T.+val]",0.0268331552758296,0.0152192716910038,1.763103768736238,0.077882989725117,-0.0029960691094679,0.0566623796611271,0.0370679217298005,0.04789424237200616,0.0407624689720736,0.045595293724721
gpt2,full_mixed_random_slopes,5836.881228355807,"C(tense)[T.present continuous]:C(valence, Treatment(reference='-val'))[T.+val]",0.0369412413288954,0.0152192716910038,2.427267354109432,0.0152130403882223,0.0071120169435979,0.066770465714193,0.0370679217298005,0.04789424237200616,0.0407624689720736,0.045595293724721
gpt2,full_mixed_random_slopes,5836.881228355807,"C(tense)[T.present perfect]:C(valence, Treatment(reference='-val'))[T.+val]",0.068133239430436,0.0152192716910038,4.476773975374247,7.577940229958853e-06,0.0383040150451385,0.0979624638157336,0.0370679217298005,0.04789424237200616,0.0407624689720736,0.045595293724721
gpt2,full_mixed_random_slopes,5836.881228355807,"C(tense)[T.simple future]:C(valence, Treatment(reference='-val'))[T.+val]",-0.0392140484733417,0.0152192716910038,-2.5766047988039595,0.0099775954625011,-0.0690432728586393,-0.0093848240880442,0.0370679217298005,0.04789424237200616,0.0407624689720736,0.045595293724721
gpt2,full_mixed_random_slopes,5836.881228355807,"C(tense)[T.simple past]:C(valence, Treatment(reference='-val'))[T.+val]",-0.0106979249919974,0.0152192716910038,-0.702919640912975,0.4821058302687744,-0.040527149377295,0.0191312993933001,0.0370679217298005,0.04789424237200616,0.0407624689720736,0.045595293724721
gpt2,full_mixed_random_slopes,5836.881228355807,"C(tense)[T.past perfect]:C(dominance, Treatment(reference='-dom'))[T.+dom]",-0.0147585010282946,0.0152192716910039,-0.9697245261097692,0.3321838218943916,-0.0445877254135923,0.015070723357003,0.0370679217298005,0.04789424237200616,0.0407624689720736,0.045595293724721
gpt2,full_mixed_random_slopes,5836.881228355807,"C(tense)[T.present continuous]:C(dominance, Treatment(reference='-dom'))[T.+dom]",0.0257873820862552,0.0152192716910039,1.6943900214028047,0.0901911944280067,-0.0040418422990424,0.0556166064715529,0.0370679217298005,0.04789424237200616,0.0407624689720736,0.045595293724721
gpt2,full_mixed_random_slopes,5836.881228355807,"C(tense)[T.present perfect]:C(dominance, Treatment(reference='-dom'))[T.+dom]",0.0481478872086658,0.0152192716910039,3.1636130943851883,0.0015582379651579,0.0183186628233681,0.0779771115939635,0.0370679217298005,0.04789424237200616,0.0407624689720736,0.045595293724721
gpt2,full_mixed_random_slopes,5836.881228355807,"C(tense)[T.simple future]:C(dominance, Treatment(reference='-dom'))[T.+dom]",-0.0779521101803239,0.0152192716910039,-5.121934331877471,3.02417216939542e-07,-0.1077813345656216,-0.0481228857950262,0.0370679217298005,0.04789424237200616,0.0407624689720736,0.045595293724721
gpt2,full_mixed_random_slopes,5836.881228355807,"C(tense)[T.simple past]:C(dominance, Treatment(reference='-dom'))[T.+dom]",-0.0146327194222237,0.0152192716910039,-0.961459898956473,0.3363209792096046,-0.0444619438075214,0.0151965049630739,0.0370679217298005,0.04789424237200616,0.0407624689720736,0.045595293724721
gpt2,full_mixed_random_slopes,5836.881228355807,C(semantic_role)[T.patient]:C(syntactic_role)[T.subject],0.1242416535868136,0.0087868506076711,14.139497657823782,2.1682662411654812e-45,0.1070197428582443,0.141463564315383,0.0370679217298005,0.04789424237200616,0.0407624689720736,0.045595293724721
gpt2,full_mixed_random_slopes,5836.881228355807,"C(semantic_role)[T.patient]:C(valence, Treatment(reference='-val'))[T.+val]",-0.0113406850269981,0.0087868506076711,-1.2906427494166584,0.1968275851217563,-0.0285625957555674,0.0058812257015712,0.0370679217298005,0.04789424237200616,0.0407624689720736,0.045595293724721
gpt2,full_mixed_random_slopes,5836.881228355807,"C(semantic_role)[T.patient]:C(dominance, Treatment(reference='-dom'))[T.+dom]",-0.0419537204317286,0.0087868506076711,-4.774602676765896,1.8006239727601982e-06,-0.059175631160298,-0.0247318097031593,0.0370679217298005,0.04789424237200616,0.0407624689720736,0.045595293724721
gpt2,full_mixed_random_slopes,5836.881228355807,"C(syntactic_role)[T.subject]:C(valence, Treatment(reference='-val'))[T.+val]",0.0347772639131337,0.0087868506076711,3.9578758608655895,7.56192383682818e-05,0.0175553531845644,0.0519991746417031,0.0370679217298005,0.04789424237200616,0.0407624689720736,0.045595293724721
gpt2,full_mixed_random_slopes,5836.881228355807,"C(syntactic_role)[T.subject]:C(dominance, Treatment(reference='-dom'))[T.+dom]",-0.0053897346971295,0.0087868506076711,-0.6133864040460819,0.5396208737376703,-0.0226116454256988,0.0118321760314397,0.0370679217298005,0.04789424237200616,0.0407624689720736,0.045595293724721
gpt2,full_mixed_random_slopes,5836.881228355807,"C(valence, Treatment(reference='-val'))[T.+val]:C(dominance, Treatment(reference='-dom'))[T.+dom]",-0.0368612747387649,0.0087868506076711,-4.195049669626122,2.728117986272409e-05,-0.0540831854673342,-0.0196393640101955,0.0370679217298005,0.04789424237200616,0.0407624689720736,0.045595293724721
gpt2,full_mixed_random_slopes,5836.881228355807,log_frequency,0.1653676315404783,0.2342006735885411,0.70609374860726,0.4801298390683015,-0.2936572538480834,0.6243925169290402,0.0370679217298005,0.04789424237200616,0.0407624689720736,0.045595293724721
gpt2,full_mixed_random_slopes,5836.881228355807,C(tense)[T.past perfect]:log_frequency,-0.0079448589868251,0.0076096358455019,-1.044052455088426,0.2964611213406888,-0.022859471179474,0.0069697532058236,0.0370679217298005,0.04789424237200616,0.0407624689720736,0.045595293724721
gpt2,full_mixed_random_slopes,5836.881228355807,C(tense)[T.present continuous]:log_frequency,0.0034899472947799,0.0076096358455019,0.4586221161743053,0.6465055519412723,-0.0114246648978688,0.0184045594874287,0.0370679217298005,0.04789424237200616,0.0407624689720736,0.045595293724721
gpt2,full_mixed_random_slopes,5836.881228355807,C(tense)[T.present perfect]:log_frequency,0.0033479748136508,0.0076096358455019,0.4399651812024371,0.6599623257166805,-0.0115666373789979,0.0182625870062996,0.0370679217298005,0.04789424237200616,0.0407624689720736,0.045595293724721
gpt2,full_mixed_random_slopes,5836.881228355807,C(tense)[T.simple future]:log_frequency,0.0317291356265748,0.0076096358455019,4.169599737854719,3.051350599582693e-05,0.0168145234339259,0.0466437478192236,0.0370679217298005,0.04789424237200616,0.0407624689720736,0.045595293724721
gpt2,full_mixed_random_slopes,5836.881228355807,C(tense)[T.simple past]:log_frequency,-0.0040318715100101,0.0076096358455019,-0.5298376416255736,0.5962245044480714,-0.018946483702659,0.0108827406826386,0.0370679217298005,0.04789424237200616,0.0407624689720736,0.045595293724721
gpt2,full_mixed_random_slopes,5836.881228355807,C(semantic_role)[T.patient]:log_frequency,0.0070802018849851,0.0333096859479842,0.2125568489610338,0.8316726317856711,-0.0582055829094038,0.0723659866793741,0.0370679217298005,0.04789424237200616,0.0407624689720736,0.045595293724721
gpt2,full_mixed_random_slopes,5836.881228355807,C(syntactic_role)[T.subject]:log_frequency,0.0339975639321064,0.0377883100086771,0.8996846888442407,0.3682880737973878,-0.0400661627215353,0.1080612905857482,0.0370679217298005,0.04789424237200616,0.0407624689720736,0.045595293724721
gpt2,full_mixed_random_slopes,5836.881228355807,"C(valence, Treatment(reference='-val'))[T.+val]:log_frequency",-0.0069278467609146,0.0349026980638723,-0.1984902928775472,0.8426614788257925,-0.0753358779293803,0.061480184407551,0.0370679217298005,0.04789424237200616,0.0407624689720736,0.045595293724721
gpt2,full_mixed_random_slopes,5836.881228355807,"C(dominance, Treatment(reference='-dom'))[T.+dom]:log_frequency",0.0045037894999966,0.0368827905211565,0.1221108662429767,0.9028112162657485,-0.0677851515708053,0.0767927305707987,0.0370679217298005,0.04789424237200616,0.0407624689720736,0.045595293724721
gpt2,full_mixed_random_slopes,5836.881228355807,lex_emb_norm,0.3158179271098432,0.2319492535594419,1.361581993748077,0.1733298410045125,-0.1387942561076119,0.7704301103272984,0.0370679217298005,0.04789424237200616,0.0407624689720736,0.045595293724721
gpt2,full_mixed_random_slopes,5836.881228355807,C(tense)[T.past perfect]:lex_emb_norm,0.0063570380396301,0.0076096358455019,0.8353931999765579,0.4034963572457481,-0.0085575741530186,0.0212716502322789,0.0370679217298005,0.04789424237200616,0.0407624689720736,0.045595293724721
gpt2,full_mixed_random_slopes,5836.881228355807,C(tense)[T.present continuous]:lex_emb_norm,0.0303520346929331,0.0076096358455019,3.988631691340952,6.645550722203283e-05,0.0154374225002843,0.0452666468855819,0.0370679217298005,0.04789424237200616,0.0407624689720736,0.045595293724721
gpt2,full_mixed_random_slopes,5836.881228355807,C(tense)[T.present perfect]:lex_emb_norm,0.0233620355475603,0.0076096358455019,3.070059595738686,0.0021401606143366,0.0084474233549114,0.0382766477402091,0.0370679217298005,0.04789424237200616,0.0407624689720736,0.045595293724721
gpt2,full_mixed_random_slopes,5836.881228355807,C(tense)[T.simple future]:lex_emb_norm,0.038240439840247,0.0076096358455019,5.02526541567045,5.027367539046117e-07,0.0233258276475982,0.0531550520328958,0.0370679217298005,0.04789424237200616,0.0407624689720736,0.045595293724721
gpt2,full_mixed_random_slopes,5836.881228355807,C(tense)[T.simple past]:lex_emb_norm,-0.0004489487715807,0.0076096358455019,-0.0589974054863827,0.9529541746359996,-0.0153635609642295,0.014465663421068,0.0370679217298005,0.04789424237200616,0.0407624689720736,0.045595293724721
gpt2,full_mixed_random_slopes,5836.881228355807,C(semantic_role)[T.patient]:lex_emb_norm,0.0082745402352678,0.0333096859479844,0.2484124361961604,0.8038153123987893,-0.0570112445591216,0.0735603250296573,0.0370679217298005,0.04789424237200616,0.0407624689720736,0.045595293724721
gpt2,full_mixed_random_slopes,5836.881228355807,C(syntactic_role)[T.subject]:lex_emb_norm,0.0020009828464879,0.0377883100086816,0.0529524301570574,0.957769809735358,-0.0720627438071625,0.0760647095001384,0.0370679217298005,0.04789424237200616,0.0407624689720736,0.045595293724721
gpt2,full_mixed_random_slopes,5836.881228355807,"C(valence, Treatment(reference='-val'))[T.+val]:lex_emb_norm",0.0023647985720332,0.0349026980638727,0.0677540334476596,0.9459814356233988,-0.0660432325964333,0.0707728297404997,0.0370679217298005,0.04789424237200616,0.0407624689720736,0.045595293724721
gpt2,full_mixed_random_slopes,5836.881228355807,"C(dominance, Treatment(reference='-dom'))[T.+dom]:lex_emb_norm",0.0148895702989951,0.0368827905211552,0.4036996682898693,0.6864335835598654,-0.0573993707718045,0.0871785113697947,0.0370679217298005,0.04789424237200616,0.0407624689720736,0.045595293724721
gpt2,full_mixed_random_slopes,5836.881228355807,log_frequency:lex_emb_norm,0.5195645042732454,0.2087148505866875,2.4893509149577726,0.0127976579784849,0.1104909140846792,0.9286380944618116,0.0370679217298005,0.04789424237200616,0.0407624689720736,0.045595293724721
meta-llama_Llama-3.1-70B,full_mixed_random_slopes,22998.959356915555,Intercept,1.0771035287922193,0.2216881178651523,4.858643481503128,1.181927408332238e-06,0.6426028019760502,1.5116042556083884,0.00900018359671392,0.045887700957655174,0.0068283362043423,0.0058468741267305
meta-llama_Llama-3.1-70B,full_mixed_random_slopes,22998.959356915555,C(tense)[T.past perfect],0.2404546401080008,0.0290997705303849,8.263111211029189,1.4192390036956843e-16,0.1834201379100662,0.2974891423059354,0.00900018359671392,0.045887700957655174,0.0068283362043423,0.0058468741267305
meta-llama_Llama-3.1-70B,full_mixed_random_slopes,22998.959356915555,C(tense)[T.present continuous],-0.0260808608111165,0.0290997705303849,-0.8962565798889668,0.3701157433861952,-0.0831153630090511,0.0309536413868179,0.00900018359671392,0.045887700957655174,0.0068283362043423,0.0058468741267305
meta-llama_Llama-3.1-70B,full_mixed_random_slopes,22998.959356915555,C(tense)[T.present perfect],0.1083712409524403,0.0290997705303849,3.724126994035323,0.0001959922550417,0.0513367387545057,0.1654057431503749,0.00900018359671392,0.045887700957655174,0.0068283362043423,0.0058468741267305
meta-llama_Llama-3.1-70B,full_mixed_random_slopes,22998.959356915555,C(tense)[T.simple future],0.5501532161937093,0.0290997705303849,18.905757886278117,1.022596903975014e-79,0.4931187139957746,0.6071877183916439,0.00900018359671392,0.045887700957655174,0.0068283362043423,0.0058468741267305
meta-llama_Llama-3.1-70B,full_mixed_random_slopes,22998.959356915555,C(tense)[T.simple past],0.2072363460765213,0.0290997705303849,7.121580077758082,1.0669671364954528e-12,0.1502018438785867,0.2642708482744558,0.00900018359671392,0.045887700957655174,0.0068283362043423,0.0058468741267305
meta-llama_Llama-3.1-70B,full_mixed_random_slopes,22998.959356915555,C(semantic_role)[T.patient],0.0513127644858323,0.0277990875607306,1.8458434786297584,0.0649149354778428,-0.0031724459362751,0.1057979749079398,0.00900018359671392,0.045887700957655174,0.0068283362043423,0.0058468741267305
meta-llama_Llama-3.1-70B,full_mixed_random_slopes,22998.959356915555,C(syntactic_role)[T.subject],0.1695258944645175,0.0431012325857858,3.933202933978849,8.382141350093505e-05,0.0850490309070931,0.2540027580219419,0.00900018359671392,0.045887700957655174,0.0068283362043423,0.0058468741267305
meta-llama_Llama-3.1-70B,full_mixed_random_slopes,22998.959356915555,"C(valence, Treatment(reference='-val'))[T.+val]",0.127946232814344,0.0266253902267647,4.8054218820698456,1.5442552575141725e-06,0.0757614268955603,0.1801310387331277,0.00900018359671392,0.045887700957655174,0.0068283362043423,0.0058468741267305
meta-llama_Llama-3.1-70B,full_mixed_random_slopes,22998.959356915555,"C(dominance, Treatment(reference='-dom'))[T.+dom]",0.1529687320485134,0.0260776700077466,5.865889552366926,4.4673110440852445e-09,0.1018574380326096,0.2040800260644172,0.00900018359671392,0.045887700957655174,0.0068283362043423,0.0058468741267305
meta-llama_Llama-3.1-70B,full_mixed_random_slopes,22998.959356915555,C(tense)[T.past perfect]:C(semantic_role)[T.patient],0.008805577895218,0.0260276260142342,0.3383165983099026,0.7351246167832104,-0.0422076316957587,0.0598187874861948,0.00900018359671392,0.045887700957655174,0.0068283362043423,0.0058468741267305
meta-llama_Llama-3.1-70B,full_mixed_random_slopes,22998.959356915555,C(tense)[T.present continuous]:C(semantic_role)[T.patient],0.0600524902343724,0.0260276260142342,2.307259609521455,0.0210403517600519,0.0090392806433956,0.1110656998253492,0.00900018359671392,0.045887700957655174,0.0068283362043423,0.0058468741267305
meta-llama_Llama-3.1-70B,full_mixed_random_slopes,22998.959356915555,C(tense)[T.present perfect]:C(semantic_role)[T.patient],0.0538191851447584,0.0260276260142341,2.067771571457397,0.0386615081250298,0.0028059755537816,0.1048323947357352,0.00900018359671392,0.045887700957655174,0.0068283362043423,0.0058468741267305
meta-llama_Llama-3.1-70B,full_mixed_random_slopes,22998.959356915555,C(tense)[T.simple future]:C(semantic_role)[T.patient],-0.0066774256089184,0.0260276260142341,-0.2565514659410973,0.7975250456871472,-0.0576906351998952,0.0443357839820583,0.00900018359671392,0.045887700957655174,0.0068283362043423,0.0058468741267305
meta-llama_Llama-3.1-70B,full_mixed_random_slopes,22998.959356915555,C(tense)[T.simple past]:C(semantic_role)[T.patient],0.0703514547908981,0.0260276260142341,2.702953191060293,0.0068726424091546,0.0193382451999213,0.1213646643818749,0.00900018359671392,0.045887700957655174,0.0068283362043423,0.0058468741267305
meta-llama_Llama-3.1-70B,full_mixed_random_slopes,22998.959356915555,C(tense)[T.past perfect]:C(syntactic_role)[T.subject],-0.09149098115809,0.0260276260142341,-3.515148907858708,0.0004395074746005,-0.1425041907490667,-0.0404777715671133,0.00900018359671392,0.045887700957655174,0.0068283362043423,0.0058468741267305
meta-llama_Llama-3.1-70B,full_mixed_random_slopes,22998.959356915555,C(tense)[T.present continuous]:C(syntactic_role)[T.subject],0.0690052705652555,0.0260276260142341,2.6512318306524603,0.0080198772078658,0.0179920609742788,0.1200184801562323,0.00900018359671392,0.045887700957655174,0.0068283362043423,0.0058468741267305
meta-llama_Llama-3.1-70B,full_mixed_random_slopes,22998.959356915555,C(tense)[T.present perfect]:C(syntactic_role)[T.subject],0.0240893195657151,0.0260276260142341,0.9255288804496044,0.3546908681684427,-0.0269238900252615,0.0751025291566918,0.00900018359671392,0.045887700957655174,0.0068283362043423,0.0058468741267305
meta-llama_Llama-3.1-70B,full_mixed_random_slopes,22998.959356915555,C(tense)[T.simple future]:C(syntactic_role)[T.subject],0.1098480224609357,0.0260276260142341,4.220439559138486,2.438264250823186e-05,0.058834812869959,0.1608612320519124,0.00900018359671392,0.045887700957655174,0.0068283362043423,0.0058468741267305
meta-llama_Llama-3.1-70B,full_mixed_random_slopes,22998.959356915555,C(tense)[T.simple past]:C(syntactic_role)[T.subject],-0.0031298469094687,0.0260276260142341,-0.1202509559556857,0.9042843535780942,-0.0541430565004454,0.0478833626815079,0.00900018359671392,0.045887700957655174,0.0068283362043423,0.0058468741267305
meta-llama_Llama-3.1-70B,full_mixed_random_slopes,22998.959356915555,"C(tense)[T.past perfect]:C(valence, Treatment(reference='-val'))[T.+val]",-0.0734604779411775,0.0260276260142341,-2.8224040832999107,0.0047665077697049,-0.1244736875321542,-0.0224472683502007,0.00900018359671392,0.045887700957655174,0.0068283362043423,0.0058468741267305
meta-llama_Llama-3.1-70B,full_mixed_random_slopes,22998.959356915555,"C(tense)[T.present continuous]:C(valence, Treatment(reference='-val'))[T.+val]",-0.022807401769303,0.0260276260142341,-0.8762766822002891,0.3808796382000604,-0.0738206113602798,0.0282058078216737,0.00900018359671392,0.045887700957655174,0.0068283362043423,0.0058468741267305
meta-llama_Llama-3.1-70B,full_mixed_random_slopes,22998.959356915555,"C(tense)[T.present perfect]:C(valence, Treatment(reference='-val'))[T.+val]",0.0278638054342816,0.0260276260142341,1.0705473261004788,0.2843730184962776,-0.0231494041566951,0.0788770150252583,0.00900018359671392,0.045887700957655174,0.0068283362043423,0.0058468741267305
meta-llama_Llama-3.1-70B,full_mixed_random_slopes,22998.959356915555,"C(tense)[T.simple future]:C(valence, Treatment(reference='-val'))[T.+val]",-0.1207521326401665,0.0260276260142341,-4.639383268152416,3.4945045132769835e-06,-0.1717653422311432,-0.0697389230491897,0.00900018359671392,0.045887700957655174,0.0068283362043423,0.0058468741267305
meta-llama_Llama-3.1-70B,full_mixed_random_slopes,22998.959356915555,"C(tense)[T.simple past]:C(valence, Treatment(reference='-val'))[T.+val]",-0.0724718879250932,0.0260276260142341,-2.784421748086412,0.0053623258394575,-0.1234850975160699,-0.0214586783341164,0.00900018359671392,0.045887700957655174,0.0068283362043423,0.0058468741267305
meta-llama_Llama-3.1-70B,full_mixed_random_slopes,22998.959356915555,"C(tense)[T.past perfect]:C(dominance, Treatment(reference='-dom'))[T.+dom]",0.0350621840533066,0.0260276260142342,1.3471141791468588,0.1779434621806249,-0.0159510255376703,0.0860753936442836,0.00900018359671392,0.045887700957655174,0.0068283362043423,0.0058468741267305
meta-llama_Llama-3.1-70B,full_mixed_random_slopes,22998.959356915555,"C(tense)[T.present continuous]:C(dominance, Treatment(reference='-dom'))[T.+dom]",0.0806662166819831,0.0260276260142342,3.099253717487237,0.0019400880103877,0.0296530070910061,0.1316794262729601,0.00900018359671392,0.045887700957655174,0.0068283362043423,0.0058468741267305
meta-llama_Llama-3.1-70B,full_mixed_random_slopes,22998.959356915555,"C(tense)[T.present perfect]:C(dominance, Treatment(reference='-dom'))[T.+dom]",0.0764424043543176,0.0260276260142342,2.936971828030414,0.0033143421093619,0.0254291947633406,0.1274556139452946,0.00900018359671392,0.045887700957655174,0.0068283362043423,0.0058468741267305
meta-llama_Llama-3.1-70B,full_mixed_random_slopes,22998.959356915555,"C(tense)[T.simple future]:C(dominance, Treatment(reference='-dom'))[T.+dom]",0.1760349049287655,0.0260276260142342,6.76338690407237,1.3480261069057426e-11,0.1250216953377885,0.2270481145197425,0.00900018359671392,0.045887700957655174,0.0068283362043423,0.0058468741267305
meta-llama_Llama-3.1-70B,full_mixed_random_slopes,22998.959356915555,"C(tense)[T.simple past]:C(dominance, Treatment(reference='-dom'))[T.+dom]",-0.0012858671300574,0.0260276260142342,-0.0494039344715582,0.9605973927378548,-0.0522990767210344,0.0497273424609195,0.00900018359671392,0.045887700957655174,0.0068283362043423,0.0058468741267305
meta-llama_Llama-3.1-70B,full_mixed_random_slopes,22998.959356915555,C(semantic_role)[T.patient]:C(syntactic_role)[T.subject],-0.1068756103515639,0.015027056885685,-7.112211736775624,1.1419788040631853e-12,-0.1363281006411411,-0.0774231200619866,0.00900018359671392,0.045887700957655174,0.0068283362043423,0.0058468741267305
meta-llama_Llama-3.1-70B,full_mixed_random_slopes,22998.959356915555,"C(semantic_role)[T.patient]:C(valence, Treatment(reference='-val'))[T.+val]",-0.0497873942057299,0.015027056885685,-3.313183318894472,0.0009224049958892,-0.0792398844953071,-0.0203349039161526,0.00900018359671392,0.045887700957655174,0.0068283362043423,0.0058468741267305
meta-llama_Llama-3.1-70B,full_mixed_random_slopes,22998.959356915555,"C(semantic_role)[T.patient]:C(dominance, Treatment(reference='-dom'))[T.+dom]",-0.0534727208754596,0.015027056885685,-3.5584293905480915,0.0003730790537687,-0.0829252111650369,-0.0240202305858823,0.00900018359671392,0.045887700957655174,0.0068283362043423,0.0058468741267305
meta-llama_Llama-3.1-70B,full_mixed_random_slopes,22998.959356915555,"C(syntactic_role)[T.subject]:C(valence, Treatment(reference='-val'))[T.+val]",-0.0130868350758277,0.015027056885685,-0.8708847763991937,0.3838170698716615,-0.042539325365405,0.0163656552137494,0.00900018359671392,0.045887700957655174,0.0068283362043423,0.0058468741267305
meta-llama_Llama-3.1-70B,full_mixed_random_slopes,22998.959356915555,"C(syntactic_role)[T.subject]:C(dominance, Treatment(reference='-dom'))[T.+dom]",-0.0805675431793815,0.015027056885685,-5.361498515130484,8.25344012609357e-08,-0.1100200334689588,-0.0511150528898042,0.00900018359671392,0.045887700957655174,0.0068283362043423,0.0058468741267305
meta-llama_Llama-3.1-70B,full_mixed_random_slopes,22998.959356915555,"C(valence, Treatment(reference='-val'))[T.+val]:C(dominance, Treatment(reference='-dom'))[T.+dom]",-0.1461123597388162,0.0150270568856849,-9.723285194854428,2.3991355616363484e-22,-0.1755648500283934,-0.116659869449239,0.00900018359671392,0.045887700957655174,0.0068283362043423,0.0058468741267305
meta-llama_Llama-3.1-70B,full_mixed_random_slopes,22998.959356915555,log_frequency,0.0234368779702363,0.2217698879531874,0.1056810651191001,0.915835404055516,-0.4112241152734943,0.458097871213967,0.00900018359671392,0.045887700957655174,0.0068283362043423,0.0058468741267305
meta-llama_Llama-3.1-70B,full_mixed_random_slopes,22998.959356915555,C(tense)[T.past perfect]:log_frequency,-0.0430255701814578,0.0130138130071171,-3.306146335276807,0.0009458867440447,-0.0685321749769462,-0.0175189653859694,0.00900018359671392,0.045887700957655174,0.0068283362043423,0.0058468741267305
meta-llama_Llama-3.1-70B,full_mixed_random_slopes,22998.959356915555,C(tense)[T.present continuous]:log_frequency,0.0572270418039768,0.0130138130071171,4.397407721524821,1.0955143633030914e-05,0.0317204370084884,0.0827336465994652,0.00900018359671392,0.045887700957655174,0.0068283362043423,0.0058468741267305
meta-llama_Llama-3.1-70B,full_mixed_random_slopes,22998.959356915555,C(tense)[T.present perfect]:log_frequency,0.0289983132421101,0.0130138130071171,2.228271854394352,0.0258623920274304,0.0034917084466217,0.0545049180375985,0.00900018359671392,0.045887700957655174,0.0068283362043423,0.0058468741267305
meta-llama_Llama-3.1-70B,full_mixed_random_slopes,22998.959356915555,C(tense)[T.simple future]:log_frequency,0.029930915830684,0.0130138130071171,2.2999343708346816,0.0214519384836715,0.0044243110351956,0.0554375206261724,0.00900018359671392,0.045887700957655174,0.0068283362043423,0.0058468741267305
meta-llama_Llama-3.1-70B,full_mixed_random_slopes,22998.959356915555,C(tense)[T.simple past]:log_frequency,-0.0198571572230169,0.0130138130071171,-1.5258523548907066,0.1270466386312908,-0.0453637620185053,0.0056494475724714,0.00900018359671392,0.045887700957655174,0.0068283362043423,0.0058468741267305
meta-llama_Llama-3.1-70B,full_mixed_random_slopes,22998.959356915555,C(semantic_role)[T.patient]:log_frequency,-0.002971529037215,0.0179210600109962,-0.1658121246952848,0.8683048040842205,-0.0380961612235487,0.0321531031491187,0.00900018359671392,0.045887700957655174,0.0068283362043423,0.0058468741267305
meta-llama_Llama-3.1-70B,full_mixed_random_slopes,22998.959356915555,C(syntactic_role)[T.subject]:log_frequency,-0.0400117490947347,0.0374978849153114,-1.0670401593343433,0.2859537017781688,-0.1135062530251729,0.0334827548357034,0.00900018359671392,0.045887700957655174,0.0068283362043423,0.0058468741267305
meta-llama_Llama-3.1-70B,full_mixed_random_slopes,22998.959356915555,"C(valence, Treatment(reference='-val'))[T.+val]:log_frequency",0.004510370889372,0.0160401535976495,0.2811924999292357,0.7785627568784026,-0.0269277524685117,0.0359484942472557,0.00900018359671392,0.045887700957655174,0.0068283362043423,0.0058468741267305
meta-llama_Llama-3.1-70B,full_mixed_random_slopes,22998.959356915555,"C(dominance, Treatment(reference='-dom'))[T.+dom]:log_frequency",-0.0103159662034042,0.0151135699204958,-0.6825631705593647,0.4948829129965928,-0.0399380189254039,0.0193060865185954,0.00900018359671392,0.045887700957655174,0.0068283362043423,0.0058468741267305
meta-llama_Llama-3.1-70B,full_mixed_random_slopes,22998.959356915555,lex_emb_norm,-0.060098750501528,0.2210058697463306,-0.2719328249992142,0.785673671243313,-0.4932622955762865,0.3730647945732303,0.00900018359671392,0.045887700957655174,0.0068283362043423,0.0058468741267305
meta-llama_Llama-3.1-70B,full_mixed_random_slopes,22998.959356915555,C(tense)[T.past perfect]:lex_emb_norm,-0.0191416878404408,0.013013813007117,-1.4708746644793902,0.1413250155035803,-0.0446482926359292,0.0063649169550475,0.00900018359671392,0.045887700957655174,0.0068283362043423,0.0058468741267305
meta-llama_Llama-3.1-70B,full_mixed_random_slopes,22998.959356915555,C(tense)[T.present continuous]:lex_emb_norm,0.0223847288040426,0.013013813007117,1.7200745693672346,0.0854188876828657,-0.0031218759914457,0.047891333599531,0.00900018359671392,0.045887700957655174,0.0068283362043423,0.0058468741267305
meta-llama_Llama-3.1-70B,full_mixed_random_slopes,22998.959356915555,C(tense)[T.present perfect]:lex_emb_norm,0.0089431833092589,0.013013813007117,0.6872069933975593,0.4919522980010279,-0.0165634214862294,0.0344497881047473,0.00900018359671392,0.045887700957655174,0.0068283362043423,0.0058468741267305
meta-llama_Llama-3.1-70B,full_mixed_random_slopes,22998.959356915555,C(tense)[T.simple future]:lex_emb_norm,0.0056506198985662,0.013013813007117,0.4342017128627881,0.6641419693748585,-0.0198559848969221,0.0311572246940546,0.00900018359671392,0.045887700957655174,0.0068283362043423,0.0058468741267305
meta-llama_Llama-3.1-70B,full_mixed_random_slopes,22998.959356915555,C(tense)[T.simple past]:lex_emb_norm,-0.0088053594813043,0.013013813007117,-0.6766164133823636,0.4986493624585552,-0.0343119642767926,0.016701245314184,0.00900018359671392,0.045887700957655174,0.0068283362043423,0.0058468741267305
meta-llama_Llama-3.1-70B,full_mixed_random_slopes,22998.959356915555,C(semantic_role)[T.patient]:lex_emb_norm,0.0078293340932614,0.0179210600109914,0.4368789618727622,0.6621991300140394,-0.0272952980930627,0.0429539662795856,0.00900018359671392,0.045887700957655174,0.0068283362043423,0.0058468741267305
meta-llama_Llama-3.1-70B,full_mixed_random_slopes,22998.959356915555,C(syntactic_role)[T.subject]:lex_emb_norm,-0.0481805410414444,0.0374978849153051,-1.284886898294871,0.198831809934955,-0.1216750449718704,0.0253139628889814,0.00900018359671392,0.045887700957655174,0.0068283362043423,0.0058468741267305
meta-llama_Llama-3.1-70B,full_mixed_random_slopes,22998.959356915555,"C(valence, Treatment(reference='-val'))[T.+val]:lex_emb_norm",0.0008407142165863,0.0160401535976479,0.0524131026220121,0.9581995340852564,-0.0305974091412941,0.0322788375744668,0.00900018359671392,0.045887700957655174,0.0068283362043423,0.0058468741267305
meta-llama_Llama-3.1-70B,full_mixed_random_slopes,22998.959356915555,"C(dominance, Treatment(reference='-dom'))[T.+dom]:lex_emb_norm",-0.0151755398488673,0.0151135699204956,-1.0041002839632025,0.315330278580231,-0.0447975925708666,0.0144465128731319,0.00900018359671392,0.045887700957655174,0.0068283362043423,0.0058468741267305
meta-llama_Llama-3.1-70B,full_mixed_random_slopes,22998.959356915555,log_frequency:lex_emb_norm,0.0339120903387176,0.2309070842494427,0.1468646596484815,0.8832388469055668,-0.4186574785653461,0.4864816592427815,0.00900018359671392,0.045887700957655174,0.0068283362043423,0.0058468741267305
meta-llama_Llama-3.1-8B,full_mixed_random_slopes,15306.112698902376,Intercept,1.6340766457904534,0.2578206653203562,6.338035951307567,2.32712535522157e-10,1.1287574272924004,2.1393958642885065,0.0076696079159715895,0.05432117265177974,0.0099598943862661,0.0048870511012257
meta-llama_Llama-3.1-8B,full_mixed_random_slopes,15306.112698902376,C(tense)[T.past perfect],0.066741763844209,0.0229362711906048,2.90987856262999,0.0036156921355345,0.0217874983709797,0.1116960293174382,0.0076696079159715895,0.05432117265177974,0.0099598943862661,0.0048870511012257
meta-llama_Llama-3.1-8B,full_mixed_random_slopes,15306.112698902376,C(tense)[T.present continuous],-0.1281139598173264,0.0229362711906048,-5.585648981592272,2.328290901372843e-08,-0.1730682252905556,-0.0831596943440972,0.0076696079159715895,0.05432117265177974,0.0099598943862661,0.0048870511012257
meta-llama_Llama-3.1-8B,full_mixed_random_slopes,15306.112698902376,C(tense)[T.present perfect],0.0085311889648431,0.0229362711906048,0.3719518702036293,0.7099286844209889,-0.036423076508386,0.0534854544380722,0.0076696079159715895,0.05432117265177974,0.0099598943862661,0.0048870511012257
meta-llama_Llama-3.1-8B,full_mixed_random_slopes,15306.112698902376,C(tense)[T.simple future],0.2698141659007363,0.0229362711906048,11.763645609982907,6.008280055534174e-32,0.2248599004275072,0.3147684313739655,0.0076696079159715895,0.05432117265177974,0.0099598943862661,0.0048870511012257
meta-llama_Llama-3.1-8B,full_mixed_random_slopes,15306.112698902376,C(tense)[T.simple past],0.010706643497242,0.0229362711906048,0.466799655805768,0.6406432221352727,-0.034247621975987,0.0556609089704711,0.0076696079159715895,0.05432117265177974,0.0099598943862661,0.0048870511012257
meta-llama_Llama-3.1-8B,full_mixed_random_slopes,15306.112698902376,C(semantic_role)[T.patient],0.063869461358611,0.0232641403255743,2.745403890484576,0.0060436466836651,0.0182725841891993,0.1094663385280228,0.0076696079159715895,0.05432117265177974,0.0099598943862661,0.0048870511012257
meta-llama_Llama-3.1-8B,full_mixed_random_slopes,15306.112698902376,C(syntactic_role)[T.subject],-0.3426702761181679,0.0437415714196341,-7.8339726945510355,4.7269147942157e-15,-0.4284021807278374,-0.2569383715084984,0.0076696079159715895,0.05432117265177974,0.0099598943862661,0.0048870511012257
meta-llama_Llama-3.1-8B,full_mixed_random_slopes,15306.112698902376,"C(valence, Treatment(reference='-val'))[T.+val]",0.1081410127529682,0.0246694465252236,4.383601093052399,1.1673344069138328e-05,0.059789786044993,0.1564922394609434,0.0076696079159715895,0.05432117265177974,0.0099598943862661,0.0048870511012257
meta-llama_Llama-3.1-8B,full_mixed_random_slopes,15306.112698902376,"C(dominance, Treatment(reference='-dom'))[T.+dom]",0.0618305281096219,0.0214331593278329,2.884807002266308,0.0039165368205413,0.0198223077521606,0.1038387484670832,0.0076696079159715895,0.05432117265177974,0.0099598943862661,0.0048870511012257
meta-llama_Llama-3.1-8B,full_mixed_random_slopes,15306.112698902376,C(tense)[T.past perfect]:C(semantic_role)[T.patient],0.0828293744255523,0.0205148246130251,4.037537536292798,5.4015204031626816e-05,0.0426210570348672,0.1230376918162373,0.0076696079159715895,0.05432117265177974,0.0099598943862661,0.0048870511012257
meta-llama_Llama-3.1-8B,full_mixed_random_slopes,15306.112698902376,C(tense)[T.present continuous]:C(semantic_role)[T.patient],-0.0141226375804217,0.0205148246130251,-0.6884113243383548,0.4911937945475076,-0.0543309549711068,0.0260856798102633,0.0076696079159715895,0.05432117265177974,0.0099598943862661,0.0048870511012257
meta-llama_Llama-3.1-8B,full_mixed_random_slopes,15306.112698902376,C(tense)[T.present perfect]:C(semantic_role)[T.patient],-0.0311381620519293,0.0205148246130251,-1.5178371075207429,0.1290554679544447,-0.0713464794426144,0.0090701553387556,0.0076696079159715895,0.05432117265177974,0.0099598943862661,0.0048870511012257
meta-llama_Llama-3.1-8B,full_mixed_random_slopes,15306.112698902376,C(tense)[T.simple future]:C(semantic_role)[T.patient],0.0285324994255518,0.0205148246130251,1.3908234637032275,0.1642789661305106,-0.0116758179651332,0.0687408168162368,0.0076696079159715895,0.05432117265177974,0.0099598943862661,0.0048870511012257
meta-llama_Llama-3.1-8B,full_mixed_random_slopes,15306.112698902376,C(tense)[T.simple past]:C(semantic_role)[T.patient],0.0070782829733464,0.020514824613025,0.3450325853067416,0.7300698736988147,-0.0331300344173386,0.0472866003640314,0.0076696079159715895,0.05432117265177974,0.0099598943862661,0.0048870511012257
meta-llama_Llama-3.1-8B,full_mixed_random_slopes,15306.112698902376,C(tense)[T.past perfect]:C(syntactic_role)[T.subject],0.01171085133272,0.0205148246130249,0.5708482306636307,0.5681025259357667,-0.0284974660579648,0.0519191687234048,0.0076696079159715895,0.05432117265177974,0.0099598943862661,0.0048870511012257
meta-llama_Llama-3.1-8B,full_mixed_random_slopes,15306.112698902376,C(tense)[T.present continuous]:C(syntactic_role)[T.subject],0.1873626708984369,0.0205148246130249,9.133037909545628,6.660352981002471e-20,0.1471543535077521,0.2275709882891217,0.0076696079159715895,0.05432117265177974,0.0099598943862661,0.0048870511012257
meta-llama_Llama-3.1-8B,full_mixed_random_slopes,15306.112698902376,C(tense)[T.present perfect]:C(syntactic_role)[T.subject],0.1093241972081796,0.0205148246130249,5.329033967893103,9.873653092404757e-08,0.0691158798174947,0.1495325145988644,0.0076696079159715895,0.05432117265177974,0.0099598943862661,0.0048870511012257
meta-llama_Llama-3.1-8B,full_mixed_random_slopes,15306.112698902376,C(tense)[T.simple future]:C(syntactic_role)[T.subject],0.2262777889476087,0.0205148246130249,11.029964584924777,2.739729154962344e-28,0.1860694715569239,0.2664861063382936,0.0076696079159715895,0.05432117265177974,0.0099598943862661,0.0048870511012257
meta-llama_Llama-3.1-8B,full_mixed_random_slopes,15306.112698902376,C(tense)[T.simple past]:C(syntactic_role)[T.subject],0.1031845990349258,0.0205148246130249,5.029757796194533,4.91099797980212e-07,0.062976281644241,0.1433929164256107,0.0076696079159715895,0.05432117265177974,0.0099598943862661,0.0048870511012257
meta-llama_Llama-3.1-8B,full_mixed_random_slopes,15306.112698902376,"C(tense)[T.past perfect]:C(valence, Treatment(reference='-val'))[T.+val]",-0.0470275878906236,0.020514824613025,-2.2923709452902346,0.0218842471320388,-0.0872359052813085,-0.0068192704999386,0.0076696079159715895,0.05432117265177974,0.0099598943862661,0.0048870511012257
meta-llama_Llama-3.1-8B,full_mixed_random_slopes,15306.112698902376,"C(tense)[T.present continuous]:C(valence, Treatment(reference='-val'))[T.+val]",-0.060269165039061,0.020514824613025,-2.937834769535176,0.0033051312171326,-0.1004774824297459,-0.020060847648376,0.0076696079159715895,0.05432117265177974,0.0099598943862661,0.0048870511012257
meta-llama_Llama-3.1-8B,full_mixed_random_slopes,15306.112698902376,"C(tense)[T.present perfect]:C(valence, Treatment(reference='-val'))[T.+val]",-0.0614327823414509,0.020514824613025,-2.994555571410865,0.0027484498446961,-0.1016410997321358,-0.0212244649507659,0.0076696079159715895,0.05432117265177974,0.0099598943862661,0.0048870511012257
meta-llama_Llama-3.1-8B,full_mixed_random_slopes,15306.112698902376,"C(tense)[T.simple future]:C(valence, Treatment(reference='-val'))[T.+val]",-0.0820829503676459,0.020514824613025,-4.001152918242877,6.303460358384087e-05,-0.1222912677583309,-0.041874632976961,0.0076696079159715895,0.05432117265177974,0.0099598943862661,0.0048870511012257
meta-llama_Llama-3.1-8B,full_mixed_random_slopes,15306.112698902376,"C(tense)[T.simple past]:C(valence, Treatment(reference='-val'))[T.+val]",-0.0641720042509177,0.020514824613025,-3.128079594215704,0.0017595252552879,-0.1043803216416026,-0.0239636868602327,0.0076696079159715895,0.05432117265177974,0.0099598943862661,0.0048870511012257
meta-llama_Llama-3.1-8B,full_mixed_random_slopes,15306.112698902376,"C(tense)[T.past perfect]:C(dominance, Treatment(reference='-dom'))[T.+dom]",0.060694795496323,0.0205148246130251,2.9585822273024465,0.0030905777596182,0.0204864781056378,0.1009031128870082,0.0076696079159715895,0.05432117265177974,0.0099598943862661,0.0048870511012257
meta-llama_Llama-3.1-8B,full_mixed_random_slopes,15306.112698902376,"C(tense)[T.present continuous]:C(dominance, Treatment(reference='-dom'))[T.+dom]",0.0431610107421872,0.0205148246130251,2.1038937235068382,0.0353877186153924,0.002952693351502,0.0833693281328724,0.0076696079159715895,0.05432117265177974,0.0099598943862661,0.0048870511012257
meta-llama_Llama-3.1-8B,full_mixed_random_slopes,15306.112698902376,"C(tense)[T.present perfect]:C(dominance, Treatment(reference='-dom'))[T.+dom]",0.0700218649471503,0.0205148246130251,3.4132324437564225,0.0006419716102598,0.0298135475564651,0.1102301823378355,0.0076696079159715895,0.05432117265177974,0.0099598943862661,0.0048870511012257
meta-llama_Llama-3.1-8B,full_mixed_random_slopes,15306.112698902376,"C(tense)[T.simple future]:C(dominance, Treatment(reference='-dom'))[T.+dom]",0.1269502527573513,0.0205148246130251,6.188220233515847,6.084727983186507e-10,0.0867419353666661,0.1671585701480366,0.0076696079159715895,0.05432117265177974,0.0099598943862661,0.0048870511012257
meta-llama_Llama-3.1-8B,full_mixed_random_slopes,15306.112698902376,"C(tense)[T.simple past]:C(dominance, Treatment(reference='-dom'))[T.+dom]",0.0724659639246319,0.0205148246130251,3.5323706291216443,0.0004118516874534,0.0322576465339467,0.1126742813153171,0.0076696079159715895,0.05432117265177974,0.0099598943862661,0.0048870511012257
meta-llama_Llama-3.1-8B,full_mixed_random_slopes,15306.112698902376,C(semantic_role)[T.patient]:C(syntactic_role)[T.subject],-0.0992331112132348,0.011844239512708,-8.378174985972286,5.3754686125579526e-17,-0.1224473940824088,-0.0760188283440609,0.0076696079159715895,0.05432117265177974,0.0099598943862661,0.0048870511012257
meta-llama_Llama-3.1-8B,full_mixed_random_slopes,15306.112698902376,"C(semantic_role)[T.patient]:C(valence, Treatment(reference='-val'))[T.+val]",-0.0352664723115802,0.011844239512708,-2.9775210365968947,0.0029058970195516,-0.0584807551807542,-0.0120521894424063,0.0076696079159715895,0.05432117265177974,0.0099598943862661,0.0048870511012257
meta-llama_Llama-3.1-8B,full_mixed_random_slopes,15306.112698902376,"C(semantic_role)[T.patient]:C(dominance, Treatment(reference='-dom'))[T.+dom]",-0.0075309005438107,0.011844239512708,-0.6358281201364266,0.5248884570015175,-0.0307451834129846,0.0156833823253632,0.0076696079159715895,0.05432117265177974,0.0099598943862661,0.0048870511012257
meta-llama_Llama-3.1-8B,full_mixed_random_slopes,15306.112698902376,"C(syntactic_role)[T.subject]:C(valence, Treatment(reference='-val'))[T.+val]",0.0051017013250618,0.011844239512708,0.430732705091623,0.6666627355787078,-0.0181125815441121,0.0283159841942357,0.0076696079159715895,0.05432117265177974,0.0099598943862661,0.0048870511012257
meta-llama_Llama-3.1-8B,full_mixed_random_slopes,15306.112698902376,"C(syntactic_role)[T.subject]:C(dominance, Treatment(reference='-dom'))[T.+dom]",-0.0418293074065557,0.011844239512708,-3.53161613809616,0.0004130284460093,-0.0650435902757297,-0.0186150245373818,0.0076696079159715895,0.05432117265177974,0.0099598943862661,0.0048870511012257
meta-llama_Llama-3.1-8B,full_mixed_random_slopes,15306.112698902376,"C(valence, Treatment(reference='-val'))[T.+val]:C(dominance, Treatment(reference='-dom'))[T.+dom]",-0.1323129691329653,0.011844239512708,-11.171081857218692,5.64886257186929e-29,-0.1555272520021393,-0.1090986862637913,0.0076696079159715895,0.05432117265177974,0.0099598943862661,0.0048870511012257
meta-llama_Llama-3.1-8B,full_mixed_random_slopes,15306.112698902376,log_frequency,-0.1346751356687016,0.2575306099925817,-0.5229480708044028,0.6010103910287309,-0.639425856170793,0.3700755848333895,0.0076696079159715895,0.05432117265177974,0.0099598943862661,0.0048870511012257
meta-llama_Llama-3.1-8B,full_mixed_random_slopes,15306.112698902376,C(tense)[T.past perfect]:log_frequency,-0.014121270486059,0.0102574123065125,-1.37668936999766,0.1686083066402635,-0.0342254291814015,0.0059828882092835,0.0076696079159715895,0.05432117265177974,0.0099598943862661,0.0048870511012257
meta-llama_Llama-3.1-8B,full_mixed_random_slopes,15306.112698902376,C(tense)[T.present continuous]:log_frequency,-0.0011121301808225,0.0102574123065125,-0.1084220998035179,0.9136608713609023,-0.021216288876165,0.0189920285145199,0.0076696079159715895,0.05432117265177974,0.0099598943862661,0.0048870511012257
meta-llama_Llama-3.1-8B,full_mixed_random_slopes,15306.112698902376,C(tense)[T.present perfect]:log_frequency,0.0198324243779167,0.0102574123065125,1.9334724768083031,0.0531780204480093,-0.0002717343174257,0.0399365830732593,0.0076696079159715895,0.05432117265177974,0.0099598943862661,0.0048870511012257
meta-llama_Llama-3.1-8B,full_mixed_random_slopes,15306.112698902376,C(tense)[T.simple future]:log_frequency,0.0288280174915636,0.0102574123065125,2.8104571240897105,0.0049471179965401,0.0087238587962211,0.0489321761869062,0.0076696079159715895,0.05432117265177974,0.0099598943862661,0.0048870511012257
meta-llama_Llama-3.1-8B,full_mixed_random_slopes,15306.112698902376,C(tense)[T.simple past]:log_frequency,0.0059746228353396,0.0102574123065125,0.5824688193089659,0.5602509381842915,-0.0141295358600029,0.0260787815306821,0.0076696079159715895,0.05432117265177974,0.0099598943862661,0.0048870511012257
meta-llama_Llama-3.1-8B,full_mixed_random_slopes,15306.112698902376,C(semantic_role)[T.patient]:log_frequency,0.0186666343268692,0.0161446029935522,1.1562151348239578,0.2475931706782969,-0.0129762060851906,0.0503094747389292,0.0076696079159715895,0.05432117265177974,0.0099598943862661,0.0048870511012257
meta-llama_Llama-3.1-8B,full_mixed_random_slopes,15306.112698902376,C(syntactic_role)[T.subject]:log_frequency,0.0298442247752911,0.0404073390733703,0.7385842636433188,0.4601594826616993,-0.0493527045196127,0.109041154070195,0.0076696079159715895,0.05432117265177974,0.0099598943862661,0.0048870511012257
meta-llama_Llama-3.1-8B,full_mixed_random_slopes,15306.112698902376,"C(valence, Treatment(reference='-val'))[T.+val]:log_frequency",0.0031742399847794,0.0181110345533501,0.1752655253033181,0.8608709992670874,-0.0323227354625473,0.0386712154321062,0.0076696079159715895,0.05432117265177974,0.0099598943862661,0.0048870511012257
meta-llama_Llama-3.1-8B,full_mixed_random_slopes,15306.112698902376,"C(dominance, Treatment(reference='-dom'))[T.+dom]:log_frequency",-0.0072490875507742,0.013371922057186,-0.542112608776284,0.5877409331660084,-0.0334575731869357,0.0189593980853871,0.0076696079159715895,0.05432117265177974,0.0099598943862661,0.0048870511012257
meta-llama_Llama-3.1-8B,full_mixed_random_slopes,15306.112698902376,lex_emb_norm,-0.0796898714507691,0.2575946337171138,-0.30936153560669,0.7570465263521708,-0.5845660761470992,0.4251863332455609,0.0076696079159715895,0.05432117265177974,0.0099598943862661,0.0048870511012257
meta-llama_Llama-3.1-8B,full_mixed_random_slopes,15306.112698902376,C(tense)[T.past perfect]:lex_emb_norm,-0.0215602370826365,0.0102574123065125,-2.1019177584338418,0.0355604806506631,-0.0416643957779791,-0.001456078387294,0.0076696079159715895,0.05432117265177974,0.0099598943862661,0.0048870511012257
meta-llama_Llama-3.1-8B,full_mixed_random_slopes,15306.112698902376,C(tense)[T.present continuous]:lex_emb_norm,0.0098585923563968,0.0102574123065125,0.9611188535472514,0.3364924110315399,-0.0102455663389457,0.0299627510517393,0.0076696079159715895,0.05432117265177974,0.0099598943862661,0.0048870511012257
meta-llama_Llama-3.1-8B,full_mixed_random_slopes,15306.112698902376,C(tense)[T.present perfect]:lex_emb_norm,0.0040721281565797,0.0102574123065125,0.3969937090268168,0.691372099710408,-0.0160320305387628,0.0241762868519222,0.0076696079159715895,0.05432117265177974,0.0099598943862661,0.0048870511012257
meta-llama_Llama-3.1-8B,full_mixed_random_slopes,15306.112698902376,C(tense)[T.simple future]:lex_emb_norm,0.0086075314659104,0.0102574123065125,0.8391523328398697,0.4013838321961409,-0.0114966272294321,0.0287116901612529,0.0076696079159715895,0.05432117265177974,0.0099598943862661,0.0048870511012257
meta-llama_Llama-3.1-8B,full_mixed_random_slopes,15306.112698902376,C(tense)[T.simple past]:lex_emb_norm,-0.0172388096965658,0.0102574123065125,-1.6806197490589967,0.0928367972968884,-0.0373429683919083,0.0028653489987767,0.0076696079159715895,0.05432117265177974,0.0099598943862661,0.0048870511012257
meta-llama_Llama-3.1-8B,full_mixed_random_slopes,15306.112698902376,C(semantic_role)[T.patient]:lex_emb_norm,0.009212912984404,0.0161446029935473,0.570649708022317,0.568237116136125,-0.0224299274276463,0.0408557533964544,0.0076696079159715895,0.05432117265177974,0.0099598943862661,0.0048870511012257
meta-llama_Llama-3.1-8B,full_mixed_random_slopes,15306.112698902376,C(syntactic_role)[T.subject]:lex_emb_norm,-0.0168005867478848,0.0404073390733693,-0.415780576824902,0.6775705729695135,-0.0959975160427868,0.062396342547017,0.0076696079159715895,0.05432117265177974,0.0099598943862661,0.0048870511012257
meta-llama_Llama-3.1-8B,full_mixed_random_slopes,15306.112698902376,"C(valence, Treatment(reference='-val'))[T.+val]:lex_emb_norm",-0.0109398857268201,0.0181110345533403,-0.6040453235622826,0.5458135093801244,-0.0464368611741277,0.0245570897204874,0.0076696079159715895,0.05432117265177974,0.0099598943862661,0.0048870511012257
meta-llama_Llama-3.1-8B,full_mixed_random_slopes,15306.112698902376,"C(dominance, Treatment(reference='-dom'))[T.+dom]:lex_emb_norm",-0.0104906338518326,0.0133719220571852,-0.7845269967151521,0.4327309474011843,-0.0366991194879923,0.0157178517843271,0.0076696079159715895,0.05432117265177974,0.0099598943862661,0.0048870511012257
meta-llama_Llama-3.1-8B,full_mixed_random_slopes,15306.112698902376,log_frequency:lex_emb_norm,0.0366883995905045,0.1903923180190932,0.1926989490554196,0.8471947465607785,-0.3364736866600146,0.4098504858410236,0.0076696079159715895,0.05432117265177974,0.0099598943862661,0.0048870511012257
mistralai_Mistral-7B-v0.3,full_mixed_random_slopes,14737.3741056929,Intercept,1.854724603605132,0.306570432636555,6.049913514666768,1.4492361344414702e-09,1.2538575969126216,2.4555916102976423,0.15372192225044998,0.02378077481155984,0.1766490689872698,0.1213320871156962
mistralai_Mistral-7B-v0.3,full_mixed_random_slopes,14737.3741056929,C(tense)[T.past perfect],-0.0112006565080651,0.0223166690996283,-0.5018964280942675,0.6157403779891977,-0.0549405241982347,0.0325392111821043,0.15372192225044998,0.02378077481155984,0.1766490689872698,0.1213320871156962
mistralai_Mistral-7B-v0.3,full_mixed_random_slopes,14737.3741056929,C(tense)[T.present continuous],0.0359052714622081,0.0223166690996283,1.6088992179754145,0.1076383805287497,-0.0078345962279613,0.0796451391523777,0.15372192225044998,0.02378077481155984,0.1766490689872698,0.1213320871156962
mistralai_Mistral-7B-v0.3,full_mixed_random_slopes,14737.3741056929,C(tense)[T.present perfect],-0.0060498544451558,0.0223166690996283,-0.2710912824018452,0.786320826257833,-0.0497897221353254,0.0376900132450136,0.15372192225044998,0.02378077481155984,0.1766490689872698,0.1213320871156962
mistralai_Mistral-7B-v0.3,full_mixed_random_slopes,14737.3741056929,C(tense)[T.simple future],0.2911582038846542,0.0223166690996283,13.04666940146112,6.638673291724159e-39,0.2474183361944847,0.3348980715748237,0.15372192225044998,0.02378077481155984,0.1766490689872698,0.1213320871156962
mistralai_Mistral-7B-v0.3,full_mixed_random_slopes,14737.3741056929,C(tense)[T.simple past],-0.0380613018028443,0.0223166690996283,-1.7055099770009263,0.0880993531340048,-0.0818011694930138,0.005678565887325,0.15372192225044998,0.02378077481155984,0.1766490689872698,0.1213320871156962
mistralai_Mistral-7B-v0.3,full_mixed_random_slopes,14737.3741056929,C(semantic_role)[T.patient],0.0837425791564909,0.0694266032526993,1.2062030292866863,0.2277392161983071,-0.0523310627877512,0.219816221100733,0.15372192225044998,0.02378077481155984,0.1766490689872698,0.1213320871156962
mistralai_Mistral-7B-v0.3,full_mixed_random_slopes,14737.3741056929,C(syntactic_role)[T.subject],-0.0451436827383191,0.0315951702812717,-1.4288159340947852,0.153057144556506,-0.107069078575022,0.0167817130983838,0.15372192225044998,0.02378077481155984,0.1766490689872698,0.1213320871156962
mistralai_Mistral-7B-v0.3,full_mixed_random_slopes,14737.3741056929,"C(valence, Treatment(reference='-val'))[T.+val]",-0.0140780093174734,0.0741240924695083,-0.1899248793267121,0.8493679964071538,-0.1593585609444263,0.1312025423094794,0.15372192225044998,0.02378077481155984,0.1766490689872698,0.1213320871156962
mistralai_Mistral-7B-v0.3,full_mixed_random_slopes,14737.3741056929,"C(dominance, Treatment(reference='-dom'))[T.+dom]",0.0542266446223529,0.0621885120367228,0.8719720547475334,0.383223622925644,-0.0676605992217594,0.1761138884664652,0.15372192225044998,0.02378077481155984,0.1766490689872698,0.1213320871156962
mistralai_Mistral-7B-v0.3,full_mixed_random_slopes,14737.3741056929,C(tense)[T.past perfect]:C(semantic_role)[T.patient],0.034016056176103,0.0199606356552554,1.7041569599085875,0.0883517676084329,-0.0051060708167236,0.0731381831689296,0.15372192225044998,0.02378077481155984,0.1766490689872698,0.1213320871156962
mistralai_Mistral-7B-v0.3,full_mixed_random_slopes,14737.3741056929,C(tense)[T.present continuous]:C(semantic_role)[T.patient],-0.0219047994642195,0.0199606356552553,-1.0973998945996637,0.2724666194832775,-0.0610269264570462,0.017217327528607,0.15372192225044998,0.02378077481155984,0.1766490689872698,0.1213320871156962
mistralai_Mistral-7B-v0.3,full_mixed_random_slopes,14737.3741056929,C(tense)[T.present perfect]:C(semantic_role)[T.patient],0.0228136414357277,0.0199606356552553,1.1429316094811437,0.2530669873184797,-0.0163084855570988,0.0619357684285543,0.15372192225044998,0.02378077481155984,0.1766490689872698,0.1213320871156962
mistralai_Mistral-7B-v0.3,full_mixed_random_slopes,14737.3741056929,C(tense)[T.simple future]:C(semantic_role)[T.patient],0.0573791055955504,0.0199606356552553,2.87461314291578,0.0040452280500309,0.0182569786027238,0.0965012325883771,0.15372192225044998,0.02378077481155984,0.1766490689872698,0.1213320871156962
mistralai_Mistral-7B-v0.3,full_mixed_random_slopes,14737.3741056929,C(tense)[T.simple past]:C(semantic_role)[T.patient],0.0089473959104755,0.0199606356552553,0.448252052941002,0.6539712998372809,-0.030174731082351,0.0480695229033022,0.15372192225044998,0.02378077481155984,0.1766490689872698,0.1213320871156962
mistralai_Mistral-7B-v0.3,full_mixed_random_slopes,14737.3741056929,C(tense)[T.past perfect]:C(syntactic_role)[T.subject],0.0253573932956743,0.0199606356552553,1.2703700289724025,0.2039528539572057,-0.0137647336971522,0.0644795202885009,0.15372192225044998,0.02378077481155984,0.1766490689872698,0.1213320871156962
mistralai_Mistral-7B-v0.3,full_mixed_random_slopes,14737.3741056929,C(tense)[T.present continuous]:C(syntactic_role)[T.subject],-5.8189172276470326e-05,0.0199606356552553,-0.0029151963535364,0.997674013132321,-0.039180316165103,0.0390639378205501,0.15372192225044998,0.02378077481155984,0.1766490689872698,0.1213320871156962
mistralai_Mistral-7B-v0.3,full_mixed_random_slopes,14737.3741056929,C(tense)[T.present perfect]:C(syntactic_role)[T.subject],0.0794867747114045,0.0199606356552553,3.9821765240465545,6.828703003161288e-05,0.0403646477185779,0.1186089017042311,0.15372192225044998,0.02378077481155984,0.1766490689872698,0.1213320871156962
mistralai_Mistral-7B-v0.3,full_mixed_random_slopes,14737.3741056929,C(tense)[T.simple future]:C(syntactic_role)[T.subject],0.1749070849524722,0.0199606356552553,8.762600949856099,1.907961179146941e-18,0.1357849579596456,0.2140292119452988,0.15372192225044998,0.02378077481155984,0.1766490689872698,0.1213320871156962
mistralai_Mistral-7B-v0.3,full_mixed_random_slopes,14737.3741056929,C(tense)[T.simple past]:C(syntactic_role)[T.subject],0.0261925945590899,0.0199606356552553,1.3122124471118126,0.1894484632553097,-0.0129295324337366,0.0653147215519165,0.15372192225044998,0.02378077481155984,0.1766490689872698,0.1213320871156962
mistralai_Mistral-7B-v0.3,full_mixed_random_slopes,14737.3741056929,"C(tense)[T.past perfect]:C(valence, Treatment(reference='-val'))[T.+val]",0.0571932553368028,0.0199606356552554,2.8653023042251817,0.0041661131576394,0.018071128343976,0.0963153823296295,0.15372192225044998,0.02378077481155984,0.1766490689872698,0.1213320871156962
mistralai_Mistral-7B-v0.3,full_mixed_random_slopes,14737.3741056929,"C(tense)[T.present continuous]:C(valence, Treatment(reference='-val'))[T.+val]",0.0453252502643461,0.0199606356552554,2.270731806700373,0.0231632183272636,0.0062031232715193,0.0844473772571728,0.15372192225044998,0.02378077481155984,0.1766490689872698,0.1213320871156962
mistralai_Mistral-7B-v0.3,full_mixed_random_slopes,14737.3741056929,"C(tense)[T.present perfect]:C(valence, Treatment(reference='-val'))[T.+val]",0.0335121631317579,0.0199606356552554,1.6789126213490368,0.0931690743723525,-0.0056099638610687,0.0726342901245847,0.15372192225044998,0.02378077481155984,0.1766490689872698,0.1213320871156962
mistralai_Mistral-7B-v0.3,full_mixed_random_slopes,14737.3741056929,"C(tense)[T.simple future]:C(valence, Treatment(reference='-val'))[T.+val]",-0.075670009621536,0.0199606356552554,-3.79096191766883,0.0001500649646228,-0.1147921366143628,-0.0365478826287093,0.15372192225044998,0.02378077481155984,0.1766490689872698,0.1213320871156962
mistralai_Mistral-7B-v0.3,full_mixed_random_slopes,14737.3741056929,"C(tense)[T.simple past]:C(valence, Treatment(reference='-val'))[T.+val]",0.0166224377882078,0.0199606356552554,0.8327609438545772,0.4049795656736621,-0.0224996892046188,0.0557445647810346,0.15372192225044998,0.02378077481155984,0.1766490689872698,0.1213320871156962
mistralai_Mistral-7B-v0.3,full_mixed_random_slopes,14737.3741056929,"C(tense)[T.past perfect]:C(dominance, Treatment(reference='-dom'))[T.+dom]",0.011832979789153,0.0199606356552553,0.592815779693752,0.5533044461781382,-0.0272891472036734,0.0509551067819795,0.15372192225044998,0.02378077481155984,0.1766490689872698,0.1213320871156962
mistralai_Mistral-7B-v0.3,full_mixed_random_slopes,14737.3741056929,"C(tense)[T.present continuous]:C(dominance, Treatment(reference='-dom'))[T.+dom]",0.0651069787921564,0.0199606356552553,3.2617688092019668,0.001107194020177,0.0259848517993299,0.1042291057849829,0.15372192225044998,0.02378077481155984,0.1766490689872698,0.1213320871156962
mistralai_Mistral-7B-v0.3,full_mixed_random_slopes,14737.3741056929,"C(tense)[T.present perfect]:C(dominance, Treatment(reference='-dom'))[T.+dom]",0.0243913371119349,0.0199606356552553,1.2219719618755285,0.2217182301135163,-0.0147307898808915,0.0635134641047614,0.15372192225044998,0.02378077481155984,0.1766490689872698,0.1213320871156962
mistralai_Mistral-7B-v0.3,full_mixed_random_slopes,14737.3741056929,"C(tense)[T.simple future]:C(dominance, Treatment(reference='-dom'))[T.+dom]",0.14150669913352,0.0199606356552553,7.089288215942339,1.3480352132686901e-12,0.1023845721406935,0.1806288261263465,0.15372192225044998,0.02378077481155984,0.1766490689872698,0.1213320871156962
mistralai_Mistral-7B-v0.3,full_mixed_random_slopes,14737.3741056929,"C(tense)[T.simple past]:C(dominance, Treatment(reference='-dom'))[T.+dom]",-0.0203525441751797,0.0199606356552553,-1.0196340701114532,0.3079020404713125,-0.0594746711680062,0.0187695828176467,0.15372192225044998,0.02378077481155984,0.1766490689872698,0.1213320871156962
mistralai_Mistral-7B-v0.3,full_mixed_random_slopes,14737.3741056929,C(semantic_role)[T.patient]:C(syntactic_role)[T.subject],-0.1691632136001049,0.0115242783687577,-14.678855212201867,8.806469374313531e-49,-0.1917503841506841,-0.1465760430495257,0.15372192225044998,0.02378077481155984,0.1766490689872698,0.1213320871156962
mistralai_Mistral-7B-v0.3,full_mixed_random_slopes,14737.3741056929,"C(semantic_role)[T.patient]:C(valence, Treatment(reference='-val'))[T.+val]",-0.0367863848441199,0.0115242783687577,-3.19207707997124,0.0014125363241333,-0.0593735553946991,-0.0141992142935407,0.15372192225044998,0.02378077481155984,0.1766490689872698,0.1213320871156962
mistralai_Mistral-7B-v0.3,full_mixed_random_slopes,14737.3741056929,"C(semantic_role)[T.patient]:C(dominance, Treatment(reference='-dom'))[T.+dom]",0.0477571649099252,0.0115242783687577,4.144048189550391,3.412279897542091e-05,0.025169994359346,0.0703443354605044,0.15372192225044998,0.02378077481155984,0.1766490689872698,0.1213320871156962
mistralai_Mistral-7B-v0.3,full_mixed_random_slopes,14737.3741056929,"C(syntactic_role)[T.subject]:C(valence, Treatment(reference='-val'))[T.+val]",0.022106117830859,0.0115242783687577,1.9182214385577985,0.0550829389572272,-0.0004810527197201,0.0446932883814382,0.15372192225044998,0.02378077481155984,0.1766490689872698,0.1213320871156962
mistralai_Mistral-7B-v0.3,full_mixed_random_slopes,14737.3741056929,"C(syntactic_role)[T.subject]:C(dominance, Treatment(reference='-dom'))[T.+dom]",-0.0151611839885469,0.0115242783687577,-1.315586408399234,0.1883128978867362,-0.0377483545391262,0.0074259865620322,0.15372192225044998,0.02378077481155984,0.1766490689872698,0.1213320871156962
mistralai_Mistral-7B-v0.3,full_mixed_random_slopes,14737.3741056929,"C(valence, Treatment(reference='-val'))[T.+val]:C(dominance, Treatment(reference='-dom'))[T.+dom]",-0.0434458096335181,0.0115242783687577,-3.769937539108689,0.0001632884082511,-0.0660329801840973,-0.0208586390829389,0.15372192225044998,0.02378077481155984,0.1766490689872698,0.1213320871156962
mistralai_Mistral-7B-v0.3,full_mixed_random_slopes,14737.3741056929,log_frequency,0.033226726186882,0.3286877212861265,0.1010890399460886,0.9194797783322034,-0.6109893696944652,0.6774428220682293,0.15372192225044998,0.02378077481155984,0.1766490689872698,0.1213320871156962
mistralai_Mistral-7B-v0.3,full_mixed_random_slopes,14737.3741056929,C(tense)[T.past perfect]:log_frequency,0.0037665728684587,0.0099803178276277,0.3774000922126994,0.7058762983647913,-0.0157944906279546,0.023327636364872,0.15372192225044998,0.02378077481155984,0.1766490689872698,0.1213320871156962
mistralai_Mistral-7B-v0.3,full_mixed_random_slopes,14737.3741056929,C(tense)[T.present continuous]:log_frequency,-0.0091380592877757,0.0099803178276277,-0.9156080443129376,0.3598725106141851,-0.028699122784189,0.0104230042086375,0.15372192225044998,0.02378077481155984,0.1766490689872698,0.1213320871156962
mistralai_Mistral-7B-v0.3,full_mixed_random_slopes,14737.3741056929,C(tense)[T.present perfect]:log_frequency,0.0242271064540255,0.0099803178276277,2.4274884700524826,0.0152037701035655,0.0046660429576121,0.0437881699504388,0.15372192225044998,0.02378077481155984,0.1766490689872698,0.1213320871156962
mistralai_Mistral-7B-v0.3,full_mixed_random_slopes,14737.3741056929,C(tense)[T.simple future]:log_frequency,0.0700232974616227,0.0099803178276277,7.016139031943741,2.2808310265683105e-12,0.0504622339652093,0.089584360958036,0.15372192225044998,0.02378077481155984,0.1766490689872698,0.1213320871156962
mistralai_Mistral-7B-v0.3,full_mixed_random_slopes,14737.3741056929,C(tense)[T.simple past]:log_frequency,0.0195897154509362,0.0099803178276277,1.9628348304407364,0.0496653692077212,2.865195452295133e-05,0.0391507789473496,0.15372192225044998,0.02378077481155984,0.1766490689872698,0.1213320871156962
mistralai_Mistral-7B-v0.3,full_mixed_random_slopes,14737.3741056929,C(semantic_role)[T.patient]:log_frequency,-0.0219446835260413,0.0674865561081892,-0.3251711865524941,0.7450515145252472,-0.1542159029387337,0.110326535886651,0.15372192225044998,0.02378077481155984,0.1766490689872698,0.1213320871156962
mistralai_Mistral-7B-v0.3,full_mixed_random_slopes,14737.3741056929,C(syntactic_role)[T.subject]:log_frequency,-0.0239779646622407,0.0270672643845167,-0.8858658311978079,0.3756898304351732,-0.0770288280159172,0.0290728986914357,0.15372192225044998,0.02378077481155984,0.1766490689872698,0.1213320871156962
mistralai_Mistral-7B-v0.3,full_mixed_random_slopes,14737.3741056929,"C(valence, Treatment(reference='-val'))[T.+val]:log_frequency",0.0020020440152328,0.0723101866996678,0.0276868876517783,0.9779118818337832,-0.1397233176314833,0.1437274056619489,0.15372192225044998,0.02378077481155984,0.1766490689872698,0.1213320871156962
mistralai_Mistral-7B-v0.3,full_mixed_random_slopes,14737.3741056929,"C(dominance, Treatment(reference='-dom'))[T.+dom]:log_frequency",0.0066755777168582,0.0600149401857644,0.1112319315189729,0.9114324310480612,-0.1109515435815656,0.124302699015282,0.15372192225044998,0.02378077481155984,0.1766490689872698,0.1213320871156962
mistralai_Mistral-7B-v0.3,full_mixed_random_slopes,14737.3741056929,lex_emb_norm,0.1015447607281005,0.3080794134615484,0.3296057973726779,0.7416978415242427,-0.5022797940347586,0.7053693154909598,0.15372192225044998,0.02378077481155984,0.1766490689872698,0.1213320871156962
mistralai_Mistral-7B-v0.3,full_mixed_random_slopes,14737.3741056929,C(tense)[T.past perfect]:lex_emb_norm,-0.0073830147960146,0.0099803178276277,-0.7397574830309315,0.4594471616323428,-0.0269440782924279,0.0121780487003987,0.15372192225044998,0.02378077481155984,0.1766490689872698,0.1213320871156962
mistralai_Mistral-7B-v0.3,full_mixed_random_slopes,14737.3741056929,C(tense)[T.present continuous]:lex_emb_norm,-0.0470553140098872,0.0099803178276277,-4.714811173610905,2.4193500677057846e-06,-0.0666163775063005,-0.0274942505134738,0.15372192225044998,0.02378077481155984,0.1766490689872698,0.1213320871156962
mistralai_Mistral-7B-v0.3,full_mixed_random_slopes,14737.3741056929,C(tense)[T.present perfect]:lex_emb_norm,-0.0381712398928266,0.0099803178276277,-3.824651734753405,0.0001309570728152,-0.0577323033892399,-0.0186101763964133,0.15372192225044998,0.02378077481155984,0.1766490689872698,0.1213320871156962
mistralai_Mistral-7B-v0.3,full_mixed_random_slopes,14737.3741056929,C(tense)[T.simple future]:lex_emb_norm,-0.0354602905892569,0.0099803178276277,-3.553022178421521,0.0003808323558281,-0.0550213540856702,-0.0158992270928436,0.15372192225044998,0.02378077481155984,0.1766490689872698,0.1213320871156962
mistralai_Mistral-7B-v0.3,full_mixed_random_slopes,14737.3741056929,C(tense)[T.simple past]:lex_emb_norm,-0.0207786206261983,0.0099803178276277,-2.081959811808657,0.0373461407134378,-0.0403396841226117,-0.001217557129785,0.15372192225044998,0.02378077481155984,0.1766490689872698,0.1213320871156962
mistralai_Mistral-7B-v0.3,full_mixed_random_slopes,14737.3741056929,C(semantic_role)[T.patient]:lex_emb_norm,0.0076082526372545,0.0674865561082443,0.112737307635781,0.910238822567961,-0.124662966775546,0.1398794720500551,0.15372192225044998,0.02378077481155984,0.1766490689872698,0.1213320871156962
mistralai_Mistral-7B-v0.3,full_mixed_random_slopes,14737.3741056929,C(syntactic_role)[T.subject]:lex_emb_norm,0.0073708585784967,0.0270672643845168,0.2723163476658187,0.7853787874168807,-0.0456800047751799,0.0604217219321734,0.15372192225044998,0.02378077481155984,0.1766490689872698,0.1213320871156962
mistralai_Mistral-7B-v0.3,full_mixed_random_slopes,14737.3741056929,"C(valence, Treatment(reference='-val'))[T.+val]:lex_emb_norm",-0.0259634291481687,0.0723101866997886,-0.3590563146512339,0.7195529612668212,-0.1676887907951216,0.1157619324987841,0.15372192225044998,0.02378077481155984,0.1766490689872698,0.1213320871156962
mistralai_Mistral-7B-v0.3,full_mixed_random_slopes,14737.3741056929,"C(dominance, Treatment(reference='-dom'))[T.+dom]:lex_emb_norm",0.005541771825823,0.060014940185763,0.0923398708499866,0.9264280113149808,-0.1120853494725981,0.1231688931242442,0.15372192225044998,0.02378077481155984,0.1766490689872698,0.1213320871156962
mistralai_Mistral-7B-v0.3,full_mixed_random_slopes,14737.3741056929,log_frequency:lex_emb_norm,-0.2635155212708344,0.2660690282921385,-0.9904028400535956,0.3219772578407474,-0.7850012341249947,0.2579701915833258,0.15372192225044998,0.02378077481155984,0.1766490689872698,0.1213320871156962
tiiuae_Falcon3-10B-Base,full_mixed_random_slopes,22831.812782650784,Intercept,1.4675044688280048,0.2552040281328441,5.750318596319761,8.907543239084924e-09,0.9673137649780836,1.967695172677926,0.0049859594436516075,0.07404969753771619,0.0106446166744117,0.0031133005605148
tiiuae_Falcon3-10B-Base,full_mixed_random_slopes,22831.812782650784,C(tense)[T.past perfect],-0.0403577928101981,0.0289600086734912,-1.3935697763495478,0.1634475606133241,-0.0971183668022084,0.0164027811818122,0.0049859594436516075,0.07404969753771619,0.0106446166744117,0.0031133005605148
tiiuae_Falcon3-10B-Base,full_mixed_random_slopes,22831.812782650784,C(tense)[T.present continuous],-0.0082106881483699,0.0289600086734912,-0.2835181522540668,0.7767796687862183,-0.0649712621403804,0.0485498858436404,0.0049859594436516075,0.07404969753771619,0.0106446166744117,0.0031133005605148
tiiuae_Falcon3-10B-Base,full_mixed_random_slopes,22831.812782650784,C(tense)[T.present perfect],0.1415191153543956,0.0289600086734912,4.886708320772581,1.025358261017213e-06,0.0847585413623852,0.198279689346406,0.0049859594436516075,0.07404969753771619,0.0106446166744117,0.0031133005605148
tiiuae_Falcon3-10B-Base,full_mixed_random_slopes,22831.812782650784,C(tense)[T.simple future],0.4397974805747442,0.0289600086734912,15.186372543365872,4.353540790011454e-52,0.3830369065827339,0.4965580545667546,0.0049859594436516075,0.07404969753771619,0.0106446166744117,0.0031133005605148
tiiuae_Falcon3-10B-Base,full_mixed_random_slopes,22831.812782650784,C(tense)[T.simple past],0.1860458935009417,0.0289600086734911,6.424234729986133,1.3253455913818448e-10,0.1292853195089314,0.2428064674929521,0.0049859594436516075,0.07404969753771619,0.0106446166744117,0.0031133005605148
tiiuae_Falcon3-10B-Base,full_mixed_random_slopes,22831.812782650784,C(semantic_role)[T.patient],0.1255417102296487,0.0254922562244066,4.924699843141131,8.448994299545821e-07,0.0755778061451447,0.1755056143141527,0.0049859594436516075,0.07404969753771619,0.0106446166744117,0.0031133005605148
tiiuae_Falcon3-10B-Base,full_mixed_random_slopes,22831.812782650784,C(syntactic_role)[T.subject],-0.2320504873721149,0.0517797406515484,-4.481491881809483,7.412305301874771e-06,-0.3335369141779745,-0.1305640605662553,0.0049859594436516075,0.07404969753771619,0.0106446166744117,0.0031133005605148
tiiuae_Falcon3-10B-Base,full_mixed_random_slopes,22831.812782650784,"C(valence, Treatment(reference='-val'))[T.+val]",-0.0636489812707484,0.0285707231695789,-2.2277693460178005,0.025895899990064,-0.1196465696953872,-0.0076513928461097,0.0049859594436516075,0.07404969753771619,0.0106446166744117,0.0031133005605148
tiiuae_Falcon3-10B-Base,full_mixed_random_slopes,22831.812782650784,"C(dominance, Treatment(reference='-dom'))[T.+dom]",0.064221430518284,0.0243880488142379,2.633315646013917,0.0084555725075374,0.0164217331891728,0.1120211278473952,0.0049859594436516075,0.07404969753771619,0.0106446166744117,0.0031133005605148
tiiuae_Falcon3-10B-Base,full_mixed_random_slopes,22831.812782650784,C(tense)[T.past perfect]:C(semantic_role)[T.patient],0.0391565096782452,0.0259026192091638,1.5116814775392469,0.1306149128802901,-0.0116116910769712,0.0899247104334617,0.0049859594436516075,0.07404969753771619,0.0106446166744117,0.0031133005605148
tiiuae_Falcon3-10B-Base,full_mixed_random_slopes,22831.812782650784,C(tense)[T.present continuous]:C(semantic_role)[T.patient],-0.0110656101152595,0.0259026192091638,-0.4272004319680835,0.6692333467300996,-0.0618338108704761,0.0397025906399569,0.0049859594436516075,0.07404969753771619,0.0106446166744117,0.0031133005605148
tiiuae_Falcon3-10B-Base,full_mixed_random_slopes,22831.812782650784,C(tense)[T.present perfect]:C(semantic_role)[T.patient],-0.0058029989431592,0.0259026192091638,-0.2240313574584851,0.8227329035718194,-0.0565711996983757,0.0449652018120573,0.0049859594436516075,0.07404969753771619,0.0106446166744117,0.0031133005605148
tiiuae_Falcon3-10B-Base,full_mixed_random_slopes,22831.812782650784,C(tense)[T.simple future]:C(semantic_role)[T.patient],-0.003007330920466,0.0259026192091638,-0.1161014218748234,0.9075721619432332,-0.0537755316756825,0.0477608698347504,0.0049859594436516075,0.07404969753771619,0.0106446166744117,0.0031133005605148
tiiuae_Falcon3-10B-Base,full_mixed_random_slopes,22831.812782650784,C(tense)[T.simple past]:C(semantic_role)[T.patient],0.033401537813574,0.0259026192091638,1.2895042599304871,0.1972228363209722,-0.0173666629416424,0.0841697385687905,0.0049859594436516075,0.07404969753771619,0.0106446166744117,0.0031133005605148
tiiuae_Falcon3-10B-Base,full_mixed_random_slopes,22831.812782650784,C(tense)[T.past perfect]:C(syntactic_role)[T.subject],0.1591132898104066,0.0259026192091637,6.1427490604547,8.11053624684746e-10,0.1083450890551902,0.209881490565623,0.0049859594436516075,0.07404969753771619,0.0106446166744117,0.0031133005605148
tiiuae_Falcon3-10B-Base,full_mixed_random_slopes,22831.812782650784,C(tense)[T.present continuous]:C(syntactic_role)[T.subject],0.0444394750457665,0.0259026192091637,1.7156363488540485,0.0862286213189266,-0.0063287257094499,0.0952076758009829,0.0049859594436516075,0.07404969753771619,0.0106446166744117,0.0031133005605148
tiiuae_Falcon3-10B-Base,full_mixed_random_slopes,22831.812782650784,C(tense)[T.present perfect]:C(syntactic_role)[T.subject],0.1195263061419493,0.0259026192091637,4.6144486461687055,3.941402104300499e-06,0.0687581053867329,0.1702945068971658,0.0049859594436516075,0.07404969753771619,0.0106446166744117,0.0031133005605148
tiiuae_Falcon3-10B-Base,full_mixed_random_slopes,22831.812782650784,C(tense)[T.simple future]:C(syntactic_role)[T.subject],0.2684779337653963,0.0259026192091637,10.364895209918176,3.5815080659598333e-25,0.2177097330101799,0.3192461345206127,0.0049859594436516075,0.07404969753771619,0.0106446166744117,0.0031133005605148
tiiuae_Falcon3-10B-Base,full_mixed_random_slopes,22831.812782650784,C(tense)[T.simple past]:C(syntactic_role)[T.subject],0.0806211271823583,0.0259026192091637,3.1124700761472157,0.0018552882135487,0.0298529264271419,0.1313893279375747,0.0049859594436516075,0.07404969753771619,0.0106446166744117,0.0031133005605148
tiiuae_Falcon3-10B-Base,full_mixed_random_slopes,22831.812782650784,"C(tense)[T.past perfect]:C(valence, Treatment(reference='-val'))[T.+val]",-0.0989784381549676,0.0259026192091638,-3.821174891840704,0.000132817418563,-0.1497466389101842,-0.048210237399751,0.0049859594436516075,0.07404969753771619,0.0106446166744117,0.0031133005605148
tiiuae_Falcon3-10B-Base,full_mixed_random_slopes,22831.812782650784,"C(tense)[T.present continuous]:C(valence, Treatment(reference='-val'))[T.+val]",0.0255039374387271,0.0259026192091638,0.9846084379646198,0.3248164433357146,-0.0252642633164893,0.0762721381939437,0.0049859594436516075,0.07404969753771619,0.0106446166744117,0.0031133005605148
tiiuae_Falcon3-10B-Base,full_mixed_random_slopes,22831.812782650784,"C(tense)[T.present perfect]:C(valence, Treatment(reference='-val'))[T.+val]",-0.1402150927540796,0.0259026192091638,-5.413162723886787,6.19211703797024e-08,-0.1909832935092961,-0.089446891998863,0.0049859594436516075,0.07404969753771619,0.0106446166744117,0.0031133005605148
tiiuae_Falcon3-10B-Base,full_mixed_random_slopes,22831.812782650784,"C(tense)[T.simple future]:C(valence, Treatment(reference='-val'))[T.+val]",-0.1751090152854687,0.0259026192091638,-6.760282188896113,1.3772323180133866e-11,-0.2258772160406852,-0.1243408145302521,0.0049859594436516075,0.07404969753771619,0.0106446166744117,0.0031133005605148
tiiuae_Falcon3-10B-Base,full_mixed_random_slopes,22831.812782650784,"C(tense)[T.simple past]:C(valence, Treatment(reference='-val'))[T.+val]",-0.133033640199703,0.0259026192091638,-5.135914600969705,2.807751455222388e-07,-0.1838018409549195,-0.0822654394444864,0.0049859594436516075,0.07404969753771619,0.0106446166744117,0.0031133005605148
tiiuae_Falcon3-10B-Base,full_mixed_random_slopes,22831.812782650784,"C(tense)[T.past perfect]:C(dominance, Treatment(reference='-dom'))[T.+dom]",0.0047702275920608,0.0259026192091639,0.1841600478137428,0.853887900598135,-0.0459979731631558,0.0555384283472774,0.0049859594436516075,0.07404969753771619,0.0106446166744117,0.0031133005605148
tiiuae_Falcon3-10B-Base,full_mixed_random_slopes,22831.812782650784,"C(tense)[T.present continuous]:C(dominance, Treatment(reference='-dom'))[T.+dom]",-0.0086673684526511,0.0259026192091639,-0.3346135918789564,0.737916590578457,-0.0594355692078678,0.0421008323025654,0.0049859594436516075,0.07404969753771619,0.0106446166744117,0.0031133005605148
tiiuae_Falcon3-10B-Base,full_mixed_random_slopes,22831.812782650784,"C(tense)[T.present perfect]:C(dominance, Treatment(reference='-dom'))[T.+dom]",-0.0070259025206167,0.0259026192091639,-0.2712429373988194,0.7862041910677624,-0.0577941032758333,0.0437422982345999,0.0049859594436516075,0.07404969753771619,0.0106446166744117,0.0031133005605148
tiiuae_Falcon3-10B-Base,full_mixed_random_slopes,22831.812782650784,"C(tense)[T.simple future]:C(dominance, Treatment(reference='-dom'))[T.+dom]",-0.0180950650629056,0.0259026192091639,-0.6985805148424494,0.4848142243623808,-0.0688632658181222,0.0326731356923109,0.0049859594436516075,0.07404969753771619,0.0106446166744117,0.0031133005605148
tiiuae_Falcon3-10B-Base,full_mixed_random_slopes,22831.812782650784,"C(tense)[T.simple past]:C(dominance, Treatment(reference='-dom'))[T.+dom]",-0.0411260298885154,0.0259026192091638,-1.5877170395944262,0.1123503381764539,-0.091894230643732,0.0096421708667011,0.0049859594436516075,0.07404969753771619,0.0106446166744117,0.0031133005605148
tiiuae_Falcon3-10B-Base,full_mixed_random_slopes,22831.812782650784,C(semantic_role)[T.patient]:C(syntactic_role)[T.subject],-0.2322952973726683,0.014954884173127,-15.533072318278943,2.0720985050900542e-54,-0.2616063317449654,-0.2029842630003711,0.0049859594436516075,0.07404969753771619,0.0106446166744117,0.0031133005605148
tiiuae_Falcon3-10B-Base,full_mixed_random_slopes,22831.812782650784,"C(semantic_role)[T.patient]:C(valence, Treatment(reference='-val'))[T.+val]",0.0572601106771541,0.0149548841731271,3.8288568479886074,0.0001287398598245,0.0279490763048569,0.0865711450494513,0.0049859594436516075,0.07404969753771619,0.0106446166744117,0.0031133005605148
tiiuae_Falcon3-10B-Base,full_mixed_random_slopes,22831.812782650784,"C(semantic_role)[T.patient]:C(dominance, Treatment(reference='-dom'))[T.+dom]",-0.0420678312497462,0.014954884173127,-2.81298275284133,0.0049084283784414,-0.0713788656220433,-0.0127567968774491,0.0049859594436516075,0.07404969753771619,0.0106446166744117,0.0031133005605148
tiiuae_Falcon3-10B-Base,full_mixed_random_slopes,22831.812782650784,"C(syntactic_role)[T.subject]:C(valence, Treatment(reference='-val'))[T.+val]",-0.0512947384835141,0.014954884173127,-3.4299656145573656,0.0006036577427496,-0.0806057728558112,-0.0219837041112169,0.0049859594436516075,0.07404969753771619,0.0106446166744117,0.0031133005605148
tiiuae_Falcon3-10B-Base,full_mixed_random_slopes,22831.812782650784,"C(syntactic_role)[T.subject]:C(dominance, Treatment(reference='-dom'))[T.+dom]",-0.0466478485714069,0.014954884173127,-3.119238372653524,0.0018131920669766,-0.075958882943704,-0.0173368141991097,0.0049859594436516075,0.07404969753771619,0.0106446166744117,0.0031133005605148
tiiuae_Falcon3-10B-Base,full_mixed_random_slopes,22831.812782650784,"C(valence, Treatment(reference='-val'))[T.+val]:C(dominance, Treatment(reference='-dom'))[T.+dom]",-0.0650282239106137,0.0149548841731271,-4.348293384141684,1.3720098917381524e-05,-0.094339258282911,-0.0357171895383165,0.0049859594436516075,0.07404969753771619,0.0106446166744117,0.0031133005605148
tiiuae_Falcon3-10B-Base,full_mixed_random_slopes,22831.812782650784,log_frequency,-0.0636184640093676,0.283545274637193,-0.2243679218099115,0.8224710291004622,-0.6193569902847844,0.4921200622660491,0.0049859594436516075,0.07404969753771619,0.0106446166744117,0.0031133005605148
tiiuae_Falcon3-10B-Base,full_mixed_random_slopes,22831.812782650784,C(tense)[T.past perfect]:log_frequency,0.021398306887276,0.0129513096045818,1.652211825721919,0.0984913765418592,-0.0039857934903321,0.0467824072648842,0.0049859594436516075,0.07404969753771619,0.0106446166744117,0.0031133005605148
tiiuae_Falcon3-10B-Base,full_mixed_random_slopes,22831.812782650784,C(tense)[T.present continuous]:log_frequency,-0.0071900502514383,0.0129513096045818,-0.5551600935317478,0.578785162045003,-0.0325741506290465,0.0181940501261698,0.0049859594436516075,0.07404969753771619,0.0106446166744117,0.0031133005605148
tiiuae_Falcon3-10B-Base,full_mixed_random_slopes,22831.812782650784,C(tense)[T.present perfect]:log_frequency,0.0197911168187007,0.0129513096045818,1.5281170339483692,0.1264834829364495,-0.0055929835589074,0.0451752171963089,0.0049859594436516075,0.07404969753771619,0.0106446166744117,0.0031133005605148
tiiuae_Falcon3-10B-Base,full_mixed_random_slopes,22831.812782650784,C(tense)[T.simple future]:log_frequency,0.0547827485793838,0.0129513096045818,4.229900315254827,2.337948896418557e-05,0.0293986482017756,0.080166848956992,0.0049859594436516075,0.07404969753771619,0.0106446166744117,0.0031133005605148
tiiuae_Falcon3-10B-Base,full_mixed_random_slopes,22831.812782650784,C(tense)[T.simple past]:log_frequency,0.000124081347196,0.0129513096045818,0.0095806023471307,0.9923559022435444,-0.0252600190304121,0.0255081817248042,0.0049859594436516075,0.07404969753771619,0.0106446166744117,0.0031133005605148
tiiuae_Falcon3-10B-Base,full_mixed_random_slopes,22831.812782650784,C(semantic_role)[T.patient]:log_frequency,-0.0186096294597,0.0142322874530961,-1.307564193108797,0.1910211685467271,-0.0465044002853897,0.0092851413659896,0.0049859594436516075,0.07404969753771619,0.0106446166744117,0.0031133005605148
tiiuae_Falcon3-10B-Base,full_mixed_random_slopes,22831.812782650784,C(syntactic_role)[T.subject]:log_frequency,0.0306023341957988,0.0472635633514738,0.6474825854374474,0.5173196616793454,-0.062032547754117,0.1232372161457147,0.0049859594436516075,0.07404969753771619,0.0106446166744117,0.0031133005605148
tiiuae_Falcon3-10B-Base,full_mixed_random_slopes,22831.812782650784,"C(valence, Treatment(reference='-val'))[T.+val]:log_frequency",0.0093043545227363,0.0192090890249834,0.4843725025499664,0.6281215295944764,-0.0283447681420548,0.0469534771875275,0.0049859594436516075,0.07404969753771619,0.0106446166744117,0.0031133005605148
tiiuae_Falcon3-10B-Base,full_mixed_random_slopes,22831.812782650784,"C(dominance, Treatment(reference='-dom'))[T.+dom]:log_frequency",0.0138044029386713,0.0121441263046147,1.1367143747035713,0.2556577081257596,-0.009997647242079,0.0376064531194218,0.0049859594436516075,0.07404969753771619,0.0106446166744117,0.0031133005605148
tiiuae_Falcon3-10B-Base,full_mixed_random_slopes,22831.812782650784,lex_emb_norm,-0.371677605766824,0.2787003628019331,-1.333610053572008,0.1823316863820455,-0.9179202793368596,0.1745650678032114,0.0049859594436516075,0.07404969753771619,0.0106446166744117,0.0031133005605148
tiiuae_Falcon3-10B-Base,full_mixed_random_slopes,22831.812782650784,C(tense)[T.past perfect]:lex_emb_norm,-0.0357914974329388,0.0129513096045819,-2.763542724689138,0.0057177606268514,-0.061175597810547,-0.0104073970553306,0.0049859594436516075,0.07404969753771619,0.0106446166744117,0.0031133005605148
tiiuae_Falcon3-10B-Base,full_mixed_random_slopes,22831.812782650784,C(tense)[T.present continuous]:lex_emb_norm,0.0590263207011283,0.0129513096045819,4.557556147082304,5.175225833583093e-06,0.0336422203235201,0.0844104210787365,0.0049859594436516075,0.07404969753771619,0.0106446166744117,0.0031133005605148
tiiuae_Falcon3-10B-Base,full_mixed_random_slopes,22831.812782650784,C(tense)[T.present perfect]:lex_emb_norm,-0.0129563747993986,0.0129513096045819,-1.0003910951843016,0.3171212777034498,-0.0383404751770068,0.0124277255782095,0.0049859594436516075,0.07404969753771619,0.0106446166744117,0.0031133005605148
tiiuae_Falcon3-10B-Base,full_mixed_random_slopes,22831.812782650784,C(tense)[T.simple future]:lex_emb_norm,-0.0161977736051085,0.0129513096045819,-1.25066685143394,0.2110560492425184,-0.0415818739827168,0.0091863267724996,0.0049859594436516075,0.07404969753771619,0.0106446166744117,0.0031133005605148
tiiuae_Falcon3-10B-Base,full_mixed_random_slopes,22831.812782650784,C(tense)[T.simple past]:lex_emb_norm,-0.0458290580682567,0.0129513096045819,-3.538565555721364,0.0004023073726855,-0.071213158445865,-0.0204449576906485,0.0049859594436516075,0.07404969753771619,0.0106446166744117,0.0031133005605148
tiiuae_Falcon3-10B-Base,full_mixed_random_slopes,22831.812782650784,C(semantic_role)[T.patient]:lex_emb_norm,-0.0124159607454539,0.0142322874530902,-0.8723798466252931,0.3830011912136871,-0.040310731571132,0.0154788100802241,0.0049859594436516075,0.07404969753771619,0.0106446166744117,0.0031133005605148
tiiuae_Falcon3-10B-Base,full_mixed_random_slopes,22831.812782650784,C(syntactic_role)[T.subject]:lex_emb_norm,0.095180250018944,0.0472635633514671,2.013818748940976,0.0440285665275954,0.0025453680690412,0.1878151319688468,0.0049859594436516075,0.07404969753771619,0.0106446166744117,0.0031133005605148
tiiuae_Falcon3-10B-Base,full_mixed_random_slopes,22831.812782650784,"C(valence, Treatment(reference='-val'))[T.+val]:lex_emb_norm",0.0798682649173103,0.0192090890249685,4.157837199541081,3.2127484289802026e-05,0.0422191422525484,0.1175173875820722,0.0049859594436516075,0.07404969753771619,0.0106446166744117,0.0031133005605148
tiiuae_Falcon3-10B-Base,full_mixed_random_slopes,22831.812782650784,"C(dominance, Treatment(reference='-dom'))[T.+dom]:lex_emb_norm",-0.0164433877350865,0.0121441263046131,-1.3540198218162645,0.1757300539157048,-0.0402454379158338,0.0073586624456607,0.0049859594436516075,0.07404969753771619,0.0106446166744117,0.0031133005605148
tiiuae_Falcon3-10B-Base,full_mixed_random_slopes,22831.812782650784,log_frequency:lex_emb_norm,0.0554132987588388,0.2145505393582428,0.2582762034744331,0.7961937502583776,-0.3650980312469604,0.4759246287646382,0.0049859594436516075,0.07404969753771619,0.0106446166744117,0.0031133005605148
tiiuae_Falcon3-3B-Base,full_mixed_random_slopes,4807.82600895912,Intercept,1.382238424380421,0.1840069687875837,7.511880846078534,5.828382767434558e-14,1.021591392652371,1.7428854561084712,0.0031741085020124344,0.01721531270704428,0.0068119440273809,0.0045665064765404
tiiuae_Falcon3-3B-Base,full_mixed_random_slopes,4807.82600895912,C(tense)[T.past perfect],-0.0171007658528367,0.016616951756913,-1.029115694803796,0.3034253118335318,-0.0496693928292259,0.0154678611235524,0.0031741085020124344,0.01721531270704428,0.0068119440273809,0.0045665064765404
tiiuae_Falcon3-3B-Base,full_mixed_random_slopes,4807.82600895912,C(tense)[T.present continuous],-0.226978384768617,0.016616951756913,-13.659447778933831,1.77323343780157e-42,-0.2595470117450063,-0.1944097577922278,0.0031741085020124344,0.01721531270704428,0.0068119440273809,0.0045665064765404
tiiuae_Falcon3-3B-Base,full_mixed_random_slopes,4807.82600895912,C(tense)[T.present perfect],-0.0213756175747043,0.016616951756913,-1.2863741730375724,0.1983125074879914,-0.0539442445510935,0.0111930094016849,0.0031741085020124344,0.01721531270704428,0.0068119440273809,0.0045665064765404
tiiuae_Falcon3-3B-Base,full_mixed_random_slopes,4807.82600895912,C(tense)[T.simple future],0.2276751827462102,0.0166169517569131,13.701380739189498,9.961186947328169e-43,0.1951065557698209,0.2602438097225995,0.0031741085020124344,0.01721531270704428,0.0068119440273809,0.0045665064765404
tiiuae_Falcon3-3B-Base,full_mixed_random_slopes,4807.82600895912,C(tense)[T.simple past],0.0600997903937257,0.016616951756913,3.6167758848263327,0.0002982953619349,0.0275311634173365,0.0926684173701149,0.0031741085020124344,0.01721531270704428,0.0068119440273809,0.0045665064765404
tiiuae_Falcon3-3B-Base,full_mixed_random_slopes,4807.82600895912,C(semantic_role)[T.patient],0.1040722504021897,0.0160944084646514,6.466360701032658,1.0039128365716496e-10,0.0725277894589962,0.1356167113453833,0.0031741085020124344,0.01721531270704428,0.0068119440273809,0.0045665064765404
tiiuae_Falcon3-3B-Base,full_mixed_random_slopes,4807.82600895912,C(syntactic_role)[T.subject],-0.0354874503299883,0.0259230896710353,-1.3689514166839296,0.1710144619369473,-0.0862957724532199,0.0153208717932431,0.0031741085020124344,0.01721531270704428,0.0068119440273809,0.0045665064765404
tiiuae_Falcon3-3B-Base,full_mixed_random_slopes,4807.82600895912,"C(valence, Treatment(reference='-val'))[T.+val]",-0.0208939439691574,0.0191317836684838,-1.092106430388739,0.2747863233352688,-0.0583915509193972,0.0166036629810824,0.0031741085020124344,0.01721531270704428,0.0068119440273809,0.0045665064765404
tiiuae_Falcon3-3B-Base,full_mixed_random_slopes,4807.82600895912,"C(dominance, Treatment(reference='-dom'))[T.+dom]",0.1511775378882608,0.0173200134362153,8.72848848789895,2.5809871506542453e-18,0.1172309353415289,0.1851241404349927,0.0031741085020124344,0.01721531270704428,0.0068119440273809,0.0045665064765404
tiiuae_Falcon3-3B-Base,full_mixed_random_slopes,4807.82600895912,C(tense)[T.past perfect]:C(semantic_role)[T.patient],0.0931823443978979,0.0148626534829169,6.269563137228558,3.6206246576777075e-10,0.0640520788566818,0.122312609939114,0.0031741085020124344,0.01721531270704428,0.0068119440273809,0.0045665064765404
tiiuae_Falcon3-3B-Base,full_mixed_random_slopes,4807.82600895912,C(tense)[T.present continuous]:C(semantic_role)[T.patient],-0.0326923085664779,0.0148626534829169,-2.199627987294078,0.0278332998286807,-0.061822574107694,-0.0035620430252619,0.0031741085020124344,0.01721531270704428,0.0068119440273809,0.0045665064765404
tiiuae_Falcon3-3B-Base,full_mixed_random_slopes,4807.82600895912,C(tense)[T.present perfect]:C(semantic_role)[T.patient],0.0471761368008352,0.0148626534829169,3.174139587864249,0.0015028139876923,0.0180458712596191,0.0763064023420513,0.0031741085020124344,0.01721531270704428,0.0068119440273809,0.0045665064765404
tiiuae_Falcon3-3B-Base,full_mixed_random_slopes,4807.82600895912,C(tense)[T.simple future]:C(semantic_role)[T.patient],-0.0580535832174073,0.0148626534829169,-3.906003950380304,9.383497818698729e-05,-0.0871838487586233,-0.0289233176761912,0.0031741085020124344,0.01721531270704428,0.0068119440273809,0.0045665064765404
tiiuae_Falcon3-3B-Base,full_mixed_random_slopes,4807.82600895912,C(tense)[T.simple past]:C(semantic_role)[T.patient],-0.0213357590832277,0.0148626534829169,-1.4355282593213163,0.1511366214777258,-0.0504660246244437,0.0077945064579883,0.0031741085020124344,0.01721531270704428,0.0068119440273809,0.0045665064765404
tiiuae_Falcon3-3B-Base,full_mixed_random_slopes,4807.82600895912,C(tense)[T.past perfect]:C(syntactic_role)[T.subject],-0.0086221646525861,0.0148626534829169,-0.5801228335503067,0.5618317867287741,-0.0377524301938021,0.0205081008886299,0.0031741085020124344,0.01721531270704428,0.0068119440273809,0.0045665064765404
tiiuae_Falcon3-3B-Base,full_mixed_random_slopes,4807.82600895912,C(tense)[T.present continuous]:C(syntactic_role)[T.subject],0.0084094807444506,0.0148626534829169,0.5658128781725612,0.5715209910539181,-0.0207207847967653,0.0375397462856667,0.0031741085020124344,0.01721531270704428,0.0068119440273809,0.0045665064765404
tiiuae_Falcon3-3B-Base,full_mixed_random_slopes,4807.82600895912,C(tense)[T.present perfect]:C(syntactic_role)[T.subject],-0.1347939697300129,0.0148626534829169,-9.069307165436111,1.1977618597259682e-19,-0.1639242352712289,-0.1056637041887968,0.0031741085020124344,0.01721531270704428,0.0068119440273809,0.0045665064765404
tiiuae_Falcon3-3B-Base,full_mixed_random_slopes,4807.82600895912,C(tense)[T.simple future]:C(syntactic_role)[T.subject],0.0469432125006279,0.0148626534829169,3.1584678035173286,0.0015860082730159,0.0178129469594118,0.076073478041844,0.0031741085020124344,0.01721531270704428,0.0068119440273809,0.0045665064765404
tiiuae_Falcon3-3B-Base,full_mixed_random_slopes,4807.82600895912,C(tense)[T.simple past]:C(syntactic_role)[T.subject],-0.0155116765898556,0.0148626534829169,-1.0436680507746947,0.2966389964076926,-0.0446419421310717,0.0136185889513603,0.0031741085020124344,0.01721531270704428,0.0068119440273809,0.0045665064765404
tiiuae_Falcon3-3B-Base,full_mixed_random_slopes,4807.82600895912,"C(tense)[T.past perfect]:C(valence, Treatment(reference='-val'))[T.+val]",-0.0137765612671294,0.014862653482917,-0.926924743482992,0.3539656092303311,-0.0429068268083455,0.0153537042740866,0.0031741085020124344,0.01721531270704428,0.0068119440273809,0.0045665064765404
tiiuae_Falcon3-3B-Base,full_mixed_random_slopes,4807.82600895912,"C(tense)[T.present continuous]:C(valence, Treatment(reference='-val'))[T.+val]",0.0256424837373893,0.014862653482917,1.7252964799901,0.0844740559907053,-0.0034877818038268,0.0547727492786054,0.0031741085020124344,0.01721531270704428,0.0068119440273809,0.0045665064765404
tiiuae_Falcon3-3B-Base,full_mixed_random_slopes,4807.82600895912,"C(tense)[T.present perfect]:C(valence, Treatment(reference='-val'))[T.+val]",-0.0137783147377117,0.014862653482917,-0.927042721782381,0.3539043533450481,-0.0429085802789279,0.0153519508035043,0.0031741085020124344,0.01721531270704428,0.0068119440273809,0.0045665064765404
tiiuae_Falcon3-3B-Base,full_mixed_random_slopes,4807.82600895912,"C(tense)[T.simple future]:C(valence, Treatment(reference='-val'))[T.+val]",-0.0458640360326071,0.014862653482917,-3.08585785743594,0.0020296582409087,-0.0749943015738232,-0.0167337704913909,0.0031741085020124344,0.01721531270704428,0.0068119440273809,0.0045665064765404
tiiuae_Falcon3-3B-Base,full_mixed_random_slopes,4807.82600895912,"C(tense)[T.simple past]:C(valence, Treatment(reference='-val'))[T.+val]",-0.0024958543755936,0.014862653482917,-0.1679279126343334,0.8666399908331972,-0.0316261199168097,0.0266344111656224,0.0031741085020124344,0.01721531270704428,0.0068119440273809,0.0045665064765404
tiiuae_Falcon3-3B-Base,full_mixed_random_slopes,4807.82600895912,"C(tense)[T.past perfect]:C(dominance, Treatment(reference='-dom'))[T.+dom]",-0.0414952997831501,0.014862653482917,-2.791917326932524,0.0052396741606473,-0.0706255653243664,-0.0123650342419339,0.0031741085020124344,0.01721531270704428,0.0068119440273809,0.0045665064765404
tiiuae_Falcon3-3B-Base,full_mixed_random_slopes,4807.82600895912,"C(tense)[T.present continuous]:C(dominance, Treatment(reference='-dom'))[T.+dom]",-0.0163486768020244,0.014862653482917,-1.099983715614134,0.2713392171341378,-0.0454789423432406,0.0127815887391917,0.0031741085020124344,0.01721531270704428,0.0068119440273809,0.0045665064765404
tiiuae_Falcon3-3B-Base,full_mixed_random_slopes,4807.82600895912,"C(tense)[T.present perfect]:C(dominance, Treatment(reference='-dom'))[T.+dom]",-0.0276589406702611,0.014862653482917,-1.860969220741907,0.0627485233975361,-0.0567892062114774,0.001471324870955,0.0031741085020124344,0.01721531270704428,0.0068119440273809,0.0045665064765404
tiiuae_Falcon3-3B-Base,full_mixed_random_slopes,4807.82600895912,"C(tense)[T.simple future]:C(dominance, Treatment(reference='-dom'))[T.+dom]",-0.057798644080836,0.014862653482917,-3.888850947596203,0.0001007199481218,-0.0869289096220523,-0.0286683785396197,0.0031741085020124344,0.01721531270704428,0.0068119440273809,0.0045665064765404
tiiuae_Falcon3-3B-Base,full_mixed_random_slopes,4807.82600895912,"C(tense)[T.simple past]:C(dominance, Treatment(reference='-dom'))[T.+dom]",-0.0797544356046925,0.014862653482917,-5.366096686325977,8.045882262118688e-08,-0.1088847011459087,-0.0506241700634762,0.0031741085020124344,0.01721531270704428,0.0068119440273809,0.0045665064765404
tiiuae_Falcon3-3B-Base,full_mixed_random_slopes,4807.82600895912,C(semantic_role)[T.patient]:C(syntactic_role)[T.subject],-0.2261635736865941,0.0085809569892342,-26.35645114762141,4.328936297194308e-153,-0.2429819403383805,-0.2093452070348076,0.0031741085020124344,0.01721531270704428,0.0068119440273809,0.0045665064765404
tiiuae_Falcon3-3B-Base,full_mixed_random_slopes,4807.82600895912,"C(semantic_role)[T.patient]:C(valence, Treatment(reference='-val'))[T.+val]",0.0722189311871974,0.0085809569892342,8.41618612910001,3.8893917866825904e-17,0.0554005645354109,0.0890372978389839,0.0031741085020124344,0.01721531270704428,0.0068119440273809,0.0045665064765404
tiiuae_Falcon3-3B-Base,full_mixed_random_slopes,4807.82600895912,"C(semantic_role)[T.patient]:C(dominance, Treatment(reference='-dom'))[T.+dom]",-0.0273273724609967,0.0085809569892342,-3.184653238010844,0.0014492755676074,-0.0441457391127831,-0.0105090058092102,0.0031741085020124344,0.01721531270704428,0.0068119440273809,0.0045665064765404
tiiuae_Falcon3-3B-Base,full_mixed_random_slopes,4807.82600895912,"C(syntactic_role)[T.subject]:C(valence, Treatment(reference='-val'))[T.+val]",-0.0983795221954008,0.0085809569892342,-11.464866018886744,1.9806587354861884e-30,-0.1151978888471872,-0.0815611555436143,0.0031741085020124344,0.01721531270704428,0.0068119440273809,0.0045665064765404
tiiuae_Falcon3-3B-Base,full_mixed_random_slopes,4807.82600895912,"C(syntactic_role)[T.subject]:C(dominance, Treatment(reference='-dom'))[T.+dom]",-0.0475806597317908,0.0085809569892342,-5.544912973166716,2.941004108680644e-08,-0.0643990263835772,-0.0307622930800043,0.0031741085020124344,0.01721531270704428,0.0068119440273809,0.0045665064765404
tiiuae_Falcon3-3B-Base,full_mixed_random_slopes,4807.82600895912,"C(valence, Treatment(reference='-val'))[T.+val]:C(dominance, Treatment(reference='-dom'))[T.+dom]",-0.018623105379651,0.0085809569892342,-2.170283035215737,0.0299854109949729,-0.0354414720314375,-0.0018047387278646,0.0031741085020124344,0.01721531270704428,0.0068119440273809,0.0045665064765404
tiiuae_Falcon3-3B-Base,full_mixed_random_slopes,4807.82600895912,log_frequency,-0.0970438688165138,0.2120871687267614,-0.4575659593133545,0.6472643043619548,-0.5127270811040359,0.3186393434710082,0.0031741085020124344,0.01721531270704428,0.0068119440273809,0.0045665064765404
tiiuae_Falcon3-3B-Base,full_mixed_random_slopes,4807.82600895912,C(tense)[T.past perfect]:log_frequency,0.006384629574737,0.0074313267414585,0.859150700388113,0.3902573784029004,-0.0081805031958711,0.0209497623453451,0.0031741085020124344,0.01721531270704428,0.0068119440273809,0.0045665064765404
tiiuae_Falcon3-3B-Base,full_mixed_random_slopes,4807.82600895912,C(tense)[T.present continuous]:log_frequency,0.0117822142056362,0.0074313267414585,1.5854792307683965,0.112857492126295,-0.0027829185649718,0.0263473469762443,0.0031741085020124344,0.01721531270704428,0.0068119440273809,0.0045665064765404
tiiuae_Falcon3-3B-Base,full_mixed_random_slopes,4807.82600895912,C(tense)[T.present perfect]:log_frequency,0.0467925876062853,0.0074313267414585,6.296666696840932,3.0411421170242304e-10,0.0322274548356772,0.0613577203768934,0.0031741085020124344,0.01721531270704428,0.0068119440273809,0.0045665064765404
tiiuae_Falcon3-3B-Base,full_mixed_random_slopes,4807.82600895912,C(tense)[T.simple future]:log_frequency,0.0195394435385672,0.0074313267414585,2.6293344672303127,0.0085552171233211,0.0049743107679591,0.0341045763091753,0.0031741085020124344,0.01721531270704428,0.0068119440273809,0.0045665064765404
tiiuae_Falcon3-3B-Base,full_mixed_random_slopes,4807.82600895912,C(tense)[T.simple past]:log_frequency,0.0005039060296573,0.0074313267414585,0.067808353365243,0.9459381940461746,-0.0140612267409507,0.0150690388002655,0.0031741085020124344,0.01721531270704428,0.0068119440273809,0.0045665064765404
tiiuae_Falcon3-3B-Base,full_mixed_random_slopes,4807.82600895912,C(semantic_role)[T.patient]:log_frequency,0.0203579796407008,0.0105718654042178,1.9256752580844176,0.054144935134002,-0.000362495800971,0.0410784550823727,0.0031741085020124344,0.01721531270704428,0.0068119440273809,0.0045665064765404
tiiuae_Falcon3-3B-Base,full_mixed_random_slopes,4807.82600895912,C(syntactic_role)[T.subject]:log_frequency,0.0342183292926301,0.0229072244584652,1.4937789322610409,0.1352334098081087,-0.0106790056317366,0.079115664216997,0.0031741085020124344,0.01721531270704428,0.0068119440273809,0.0045665064765404
tiiuae_Falcon3-3B-Base,full_mixed_random_slopes,4807.82600895912,"C(valence, Treatment(reference='-val'))[T.+val]:log_frequency",0.0167520951994827,0.0147905206343675,1.1326237671821513,0.2573722833971427,-0.0122367925564742,0.0457409829554397,0.0031741085020124344,0.01721531270704428,0.0068119440273809,0.0045665064765404
tiiuae_Falcon3-3B-Base,full_mixed_random_slopes,4807.82600895912,"C(dominance, Treatment(reference='-dom'))[T.+dom]:log_frequency",0.0016973843821196,0.0123578808753214,0.1373523826005904,0.890752267413859,-0.0225236170587466,0.025918385822986,0.0031741085020124344,0.01721531270704428,0.0068119440273809,0.0045665064765404
tiiuae_Falcon3-3B-Base,full_mixed_random_slopes,4807.82600895912,lex_emb_norm,-0.3244914638840537,0.2260301503358883,-1.4356114146800705,0.1511129448374524,-0.7675024179625689,0.1185194901944615,0.0031741085020124344,0.01721531270704428,0.0068119440273809,0.0045665064765404
tiiuae_Falcon3-3B-Base,full_mixed_random_slopes,4807.82600895912,C(tense)[T.past perfect]:lex_emb_norm,-0.0127057825474298,0.0074313267414585,-1.7097596417804868,0.0873103288083096,-0.0272709153180379,0.0018593502231782,0.0031741085020124344,0.01721531270704428,0.0068119440273809,0.0045665064765404
tiiuae_Falcon3-3B-Base,full_mixed_random_slopes,4807.82600895912,C(tense)[T.present continuous]:lex_emb_norm,0.0556020519739154,0.0074313267414585,7.482116438740072,7.313510111799203e-14,0.0410369192033073,0.0701671847445235,0.0031741085020124344,0.01721531270704428,0.0068119440273809,0.0045665064765404
tiiuae_Falcon3-3B-Base,full_mixed_random_slopes,4807.82600895912,C(tense)[T.present perfect]:lex_emb_norm,0.0455420587684844,0.0074313267414585,6.128388691942521,8.877349992340426e-10,0.0309769259978763,0.0601071915390925,0.0031741085020124344,0.01721531270704428,0.0068119440273809,0.0045665064765404
tiiuae_Falcon3-3B-Base,full_mixed_random_slopes,4807.82600895912,C(tense)[T.simple future]:lex_emb_norm,0.0188697720327373,0.0074313267414585,2.53921980411184,0.0111099998339684,0.0043046392621292,0.0334349048033454,0.0031741085020124344,0.01721531270704428,0.0068119440273809,0.0045665064765404
tiiuae_Falcon3-3B-Base,full_mixed_random_slopes,4807.82600895912,C(tense)[T.simple past]:lex_emb_norm,-0.0035633341928989,0.0074313267414585,-0.4795017520921943,0.6315817220635542,-0.018128466963507,0.0110017985777091,0.0031741085020124344,0.01721531270704428,0.0068119440273809,0.0045665064765404
tiiuae_Falcon3-3B-Base,full_mixed_random_slopes,4807.82600895912,C(semantic_role)[T.patient]:lex_emb_norm,0.0244513062556698,0.0105718654042194,2.312865830273515,0.0207300170111668,0.0037308308139947,0.0451717816973448,0.0031741085020124344,0.01721531270704428,0.0068119440273809,0.0045665064765404
tiiuae_Falcon3-3B-Base,full_mixed_random_slopes,4807.82600895912,C(syntactic_role)[T.subject]:lex_emb_norm,0.0632315755937957,0.0229072244584765,2.760333348477649,0.0057742409606762,0.0183342406694066,0.1081289105181848,0.0031741085020124344,0.01721531270704428,0.0068119440273809,0.0045665064765404
tiiuae_Falcon3-3B-Base,full_mixed_random_slopes,4807.82600895912,"C(valence, Treatment(reference='-val'))[T.+val]:lex_emb_norm",0.0334188694084878,0.0147905206343854,2.2594789077806103,0.023853610883452,0.0044299816524958,0.0624077571644799,0.0031741085020124344,0.01721531270704428,0.0068119440273809,0.0045665064765404
tiiuae_Falcon3-3B-Base,full_mixed_random_slopes,4807.82600895912,"C(dominance, Treatment(reference='-dom'))[T.+dom]:lex_emb_norm",0.003641102987908,0.0123578808753298,0.294638136153006,0.7682703262669301,-0.0205798984529748,0.0278621044287909,0.0031741085020124344,0.01721531270704428,0.0068119440273809,0.0045665064765404
tiiuae_Falcon3-3B-Base,full_mixed_random_slopes,4807.82600895912,log_frequency:lex_emb_norm,0.1542931627528418,0.2302093176352675,0.670229877477403,0.5027112604976043,-0.2969088087178239,0.6054951342235078,0.0031741085020124344,0.01721531270704428,0.0068119440273809,0.0045665064765404
tiiuae_Falcon3-7B-Base,full_mixed_random_slopes,23116.378554735216,Intercept,1.3635343394227424,0.2180790293001824,6.252478029631444,4.0399059140703645e-10,0.9361072962109296,1.7909613826345552,0.007171061329421873,0.04797174058050024,0.0100187163349783,0.0076306476446605
tiiuae_Falcon3-7B-Base,full_mixed_random_slopes,23116.378554735216,C(tense)[T.past perfect],0.0120416720287141,0.0292315301126535,0.4119412149246901,0.6803825108947804,-0.0452510742050848,0.0693344182625131,0.007171061329421873,0.04797174058050024,0.0100187163349783,0.0076306476446605
tiiuae_Falcon3-7B-Base,full_mixed_random_slopes,23116.378554735216,C(tense)[T.present continuous],0.0150809537973256,0.0292315301126535,0.5159139374232585,0.6059145192971822,-0.0422117924364733,0.0723737000311246,0.007171061329421873,0.04797174058050024,0.0100187163349783,0.0076306476446605
tiiuae_Falcon3-7B-Base,full_mixed_random_slopes,23116.378554735216,C(tense)[T.present perfect],0.2225257411384257,0.0292315301126535,7.612524567850112,2.6879307962907025e-14,0.1652329949046266,0.2798184873722248,0.007171061329421873,0.04797174058050024,0.0100187163349783,0.0076306476446605
tiiuae_Falcon3-7B-Base,full_mixed_random_slopes,23116.378554735216,C(tense)[T.simple future],0.404990900160144,0.0292315301126535,13.854591210223164,1.1933430381012326e-43,0.3476981539263449,0.4622836463939431,0.007171061329421873,0.04797174058050024,0.0100187163349783,0.0076306476446605
tiiuae_Falcon3-7B-Base,full_mixed_random_slopes,23116.378554735216,C(tense)[T.simple past],0.1597552952408592,0.0292315301126535,5.465170472609141,4.624621478851194e-08,0.1024625490070601,0.2170480414746583,0.007171061329421873,0.04797174058050024,0.0100187163349783,0.0076306476446605
tiiuae_Falcon3-7B-Base,full_mixed_random_slopes,23116.378554735216,C(semantic_role)[T.patient],0.0724169597787502,0.026899869519191,2.6920933474077327,0.0071005068269111,0.019694184332309,0.1251397352251915,0.007171061329421873,0.04797174058050024,0.0100187163349783,0.0076306476446605
tiiuae_Falcon3-7B-Base,full_mixed_random_slopes,23116.378554735216,C(syntactic_role)[T.subject],-0.4772598601384603,0.0438591262808813,-10.88165452913965,1.4098048632457718e-27,-0.5632221680423819,-0.3912975522345386,0.007171061329421873,0.04797174058050024,0.0100187163349783,0.0076306476446605
tiiuae_Falcon3-7B-Base,full_mixed_random_slopes,23116.378554735216,"C(valence, Treatment(reference='-val'))[T.+val]",-0.055968151522237,0.0284140377126753,-1.969735948413628,0.0488686407451461,-0.1116586420944435,-0.0002776609500306,0.007171061329421873,0.04797174058050024,0.0100187163349783,0.0076306476446605
tiiuae_Falcon3-7B-Base,full_mixed_random_slopes,23116.378554735216,"C(dominance, Treatment(reference='-dom'))[T.+dom]",0.0917162459195231,0.0271499580978578,3.378135818440167,0.0007297902635267,0.0385033058659502,0.1449291859730961,0.007171061329421873,0.04797174058050024,0.0100187163349783,0.0076306476446605
tiiuae_Falcon3-7B-Base,full_mixed_random_slopes,23116.378554735216,C(tense)[T.past perfect]:C(semantic_role)[T.patient],0.0201714148599139,0.0261454753672901,0.7715069080422949,0.4404065293738251,-0.0310727752186538,0.0714156049384817,0.007171061329421873,0.04797174058050024,0.0100187163349783,0.0076306476446605
tiiuae_Falcon3-7B-Base,full_mixed_random_slopes,23116.378554735216,C(tense)[T.present continuous]:C(semantic_role)[T.patient],0.0055928671587922,0.0261454753672901,0.2139133857856448,0.8306146014919238,-0.0456513229197756,0.05683705723736,0.007171061329421873,0.04797174058050024,0.0100187163349783,0.0076306476446605
tiiuae_Falcon3-7B-Base,full_mixed_random_slopes,23116.378554735216,C(tense)[T.present perfect]:C(semantic_role)[T.patient],-0.0456781999993797,0.0261454753672901,-1.7470785808135083,0.080623708248596,-0.0969223900779475,0.005565990079188,0.007171061329421873,0.04797174058050024,0.0100187163349783,0.0076306476446605
tiiuae_Falcon3-7B-Base,full_mixed_random_slopes,23116.378554735216,C(tense)[T.simple future]:C(semantic_role)[T.patient],-0.0460850580160546,0.0261454753672901,-1.7626398972921482,0.0779612435391699,-0.0973292480946224,0.0051591320625131,0.007171061329421873,0.04797174058050024,0.0100187163349783,0.0076306476446605
tiiuae_Falcon3-7B-Base,full_mixed_random_slopes,23116.378554735216,C(tense)[T.simple past]:C(semantic_role)[T.patient],-0.0223535315936087,0.0261454753672901,-0.8549674955068742,0.3925691426488776,-0.0735977216721765,0.028890658484959,0.007171061329421873,0.04797174058050024,0.0100187163349783,0.0076306476446605
tiiuae_Falcon3-7B-Base,full_mixed_random_slopes,23116.378554735216,C(tense)[T.past perfect]:C(syntactic_role)[T.subject],0.1806006312160062,0.0261454753672901,6.907529072580972,4.9316791315762e-12,0.1293564411374384,0.231844821294574,0.007171061329421873,0.04797174058050024,0.0100187163349783,0.0076306476446605
tiiuae_Falcon3-7B-Base,full_mixed_random_slopes,23116.378554735216,C(tense)[T.present continuous]:C(syntactic_role)[T.subject],-0.0134149680719591,0.0261454753672901,-0.5130894689618936,0.6078887377368395,-0.0646591581505269,0.0378292220066086,0.007171061329421873,0.04797174058050024,0.0100187163349783,0.0076306476446605
tiiuae_Falcon3-7B-Base,full_mixed_random_slopes,23116.378554735216,C(tense)[T.present perfect]:C(syntactic_role)[T.subject],0.0817580820080115,0.0261454753672901,3.127045152535141,0.0017657280686692,0.0305138919294437,0.1330022720865793,0.007171061329421873,0.04797174058050024,0.0100187163349783,0.0076306476446605
tiiuae_Falcon3-7B-Base,full_mixed_random_slopes,23116.378554735216,C(tense)[T.simple future]:C(syntactic_role)[T.subject],0.3710051379779454,0.0261454753672901,14.190032224164476,1.0561019312052796e-45,0.3197609478993776,0.4222493280565132,0.007171061329421873,0.04797174058050024,0.0100187163349783,0.0076306476446605
tiiuae_Falcon3-7B-Base,full_mixed_random_slopes,23116.378554735216,C(tense)[T.simple past]:C(syntactic_role)[T.subject],0.1021543903982965,0.0261454753672901,3.907153683887464,9.338975702755736e-05,0.0509102003197287,0.1533985804768643,0.007171061329421873,0.04797174058050024,0.0100187163349783,0.0076306476446605
tiiuae_Falcon3-7B-Base,full_mixed_random_slopes,23116.378554735216,"C(tense)[T.past perfect]:C(valence, Treatment(reference='-val'))[T.+val]",-0.0996902301241239,0.0261454753672902,-3.8129056260664895,0.0001373425659257,-0.150934420202692,-0.0484460400455558,0.007171061329421873,0.04797174058050024,0.0100187163349783,0.0076306476446605
tiiuae_Falcon3-7B-Base,full_mixed_random_slopes,23116.378554735216,"C(tense)[T.present continuous]:C(valence, Treatment(reference='-val'))[T.+val]",-0.0037645115137855,0.0261454753672902,-0.1439832881560538,0.8855136662406338,-0.0550087015923536,0.0474796785647825,0.007171061329421873,0.04797174058050024,0.0100187163349783,0.0076306476446605
tiiuae_Falcon3-7B-Base,full_mixed_random_slopes,23116.378554735216,"C(tense)[T.present perfect]:C(valence, Treatment(reference='-val'))[T.+val]",-0.1670617939060307,0.0261454753672902,-6.38970191052774,1.6620943977913357e-10,-0.2183059839845988,-0.1158176038274626,0.007171061329421873,0.04797174058050024,0.0100187163349783,0.0076306476446605
tiiuae_Falcon3-7B-Base,full_mixed_random_slopes,23116.378554735216,"C(tense)[T.simple future]:C(valence, Treatment(reference='-val'))[T.+val]",-0.0943684902168829,0.0261454753672902,-3.609362189487828,0.0003069507896818,-0.145612680295451,-0.0431243001383148,0.007171061329421873,0.04797174058050024,0.0100187163349783,0.0076306476446605
tiiuae_Falcon3-7B-Base,full_mixed_random_slopes,23116.378554735216,"C(tense)[T.simple past]:C(valence, Treatment(reference='-val'))[T.+val]",-0.1208342661781083,0.0261454753672902,-4.6216128978584194,3.8076802156917137e-06,-0.1720784562566764,-0.0695900760995402,0.007171061329421873,0.04797174058050024,0.0100187163349783,0.0076306476446605
tiiuae_Falcon3-7B-Base,full_mixed_random_slopes,23116.378554735216,"C(tense)[T.past perfect]:C(dominance, Treatment(reference='-dom'))[T.+dom]",0.0732284471222819,0.0261454753672902,2.800807638552084,0.0050974894602959,0.0219842570437138,0.12447263720085,0.007171061329421873,0.04797174058050024,0.0100187163349783,0.0076306476446605
tiiuae_Falcon3-7B-Base,full_mixed_random_slopes,23116.378554735216,"C(tense)[T.present continuous]:C(dominance, Treatment(reference='-dom'))[T.+dom]",0.0275000311489907,0.0261454753672902,1.0518084204885054,0.2928874549518007,-0.0237441589295773,0.0787442212275588,0.007171061329421873,0.04797174058050024,0.0100187163349783,0.0076306476446605
tiiuae_Falcon3-7B-Base,full_mixed_random_slopes,23116.378554735216,"C(tense)[T.present perfect]:C(dominance, Treatment(reference='-dom'))[T.+dom]",0.0987047839562257,0.0261454753672902,3.775214738673746,0.000159869882161,0.0474605938776575,0.1499489740347938,0.007171061329421873,0.04797174058050024,0.0100187163349783,0.0076306476446605
tiiuae_Falcon3-7B-Base,full_mixed_random_slopes,23116.378554735216,"C(tense)[T.simple future]:C(dominance, Treatment(reference='-dom'))[T.+dom]",0.0787887186178365,0.0261454753672902,3.0134743205475014,0.0025827489809099,0.0275445285392684,0.1300329086964047,0.007171061329421873,0.04797174058050024,0.0100187163349783,0.0076306476446605
tiiuae_Falcon3-7B-Base,full_mixed_random_slopes,23116.378554735216,"C(tense)[T.simple past]:C(dominance, Treatment(reference='-dom'))[T.+dom]",0.0154912552993609,0.0261454753672903,0.5925023386165515,0.5535142551912208,-0.0357529347792071,0.066735445377929,0.007171061329421873,0.04797174058050024,0.0100187163349783,0.0076306476446605
tiiuae_Falcon3-7B-Base,full_mixed_random_slopes,23116.378554735216,C(semantic_role)[T.patient]:C(syntactic_role)[T.subject],-0.1112601276493133,0.0150950972413957,-7.370613509146618,1.698445807468445e-13,-0.1408459745855789,-0.0816742807130477,0.007171061329421873,0.04797174058050024,0.0100187163349783,0.0076306476446605
tiiuae_Falcon3-7B-Base,full_mixed_random_slopes,23116.378554735216,"C(semantic_role)[T.patient]:C(valence, Treatment(reference='-val'))[T.+val]",-0.0048954484291517,0.0150950972413957,-0.3243071807266504,0.7457054837951855,-0.0344812953654173,0.0246903985071139,0.007171061329421873,0.04797174058050024,0.0100187163349783,0.0076306476446605
tiiuae_Falcon3-7B-Base,full_mixed_random_slopes,23116.378554735216,"C(semantic_role)[T.patient]:C(dominance, Treatment(reference='-dom'))[T.+dom]",-0.0982204886208944,0.0150950972413957,-6.506780781215591,7.677832659341804e-11,-0.1278063355571601,-0.0686346416846288,0.007171061329421873,0.04797174058050024,0.0100187163349783,0.0076306476446605
tiiuae_Falcon3-7B-Base,full_mixed_random_slopes,23116.378554735216,"C(syntactic_role)[T.subject]:C(valence, Treatment(reference='-val'))[T.+val]",0.0066818979345694,0.0150950972413957,0.4426535203924007,0.6580163664830114,-0.0229039490016961,0.036267744870835,0.007171061329421873,0.04797174058050024,0.0100187163349783,0.0076306476446605
tiiuae_Falcon3-7B-Base,full_mixed_random_slopes,23116.378554735216,"C(syntactic_role)[T.subject]:C(dominance, Treatment(reference='-dom'))[T.+dom]",-0.0563428575947733,0.0150950972413957,-3.732526971754946,0.0001895683906892,-0.0859287045310389,-0.0267570106585077,0.007171061329421873,0.04797174058050024,0.0100187163349783,0.0076306476446605
tiiuae_Falcon3-7B-Base,full_mixed_random_slopes,23116.378554735216,"C(valence, Treatment(reference='-val'))[T.+val]:C(dominance, Treatment(reference='-dom'))[T.+dom]",-0.0640723920706355,0.0150950972413957,-4.244582929544022,2.190003656346378e-05,-0.0936582390069011,-0.0344865451343698,0.007171061329421873,0.04797174058050024,0.0100187163349783,0.0076306476446605
tiiuae_Falcon3-7B-Base,full_mixed_random_slopes,23116.378554735216,log_frequency,-0.0309345903207084,0.2407694140613533,-0.1284822262051343,0.8977673630754093,-0.5028339704597726,0.4409647898183557,0.007171061329421873,0.04797174058050024,0.0100187163349783,0.0076306476446605
tiiuae_Falcon3-7B-Base,full_mixed_random_slopes,23116.378554735216,C(tense)[T.past perfect]:log_frequency,0.0439508475259694,0.0130727376836451,3.362023211171361,0.0007737361937576,0.0183287524866854,0.0695729425652534,0.007171061329421873,0.04797174058050024,0.0100187163349783,0.0076306476446605
tiiuae_Falcon3-7B-Base,full_mixed_random_slopes,23116.378554735216,C(tense)[T.present continuous]:log_frequency,-0.0043750618723259,0.0130727376836451,-0.3346706694650092,0.7378735291583749,-0.0299971569116099,0.021247033166958,0.007171061329421873,0.04797174058050024,0.0100187163349783,0.0076306476446605
tiiuae_Falcon3-7B-Base,full_mixed_random_slopes,23116.378554735216,C(tense)[T.present perfect]:log_frequency,0.0603879416605964,0.0130727376836451,4.619379897459869,3.848885895406656e-06,0.0347658466213123,0.0860100366998804,0.007171061329421873,0.04797174058050024,0.0100187163349783,0.0076306476446605
tiiuae_Falcon3-7B-Base,full_mixed_random_slopes,23116.378554735216,C(tense)[T.simple future]:log_frequency,0.0816185876571259,0.0130727376836451,6.243419674766084,4.2810620786502244e-10,0.0559964926178419,0.10724068269641,0.007171061329421873,0.04797174058050024,0.0100187163349783,0.0076306476446605
tiiuae_Falcon3-7B-Base,full_mixed_random_slopes,23116.378554735216,C(tense)[T.simple past]:log_frequency,0.0226543393166968,0.0130727376836451,1.7329452992114207,0.0831053917487696,-0.0029677557225872,0.0482764343559808,0.007171061329421873,0.04797174058050024,0.0100187163349783,0.0076306476446605
tiiuae_Falcon3-7B-Base,full_mixed_random_slopes,23116.378554735216,C(semantic_role)[T.patient]:log_frequency,-0.0105351139250542,0.0163670112938863,-0.6436797614350938,0.519783116391807,-0.0426138665956317,0.0215436387455232,0.007171061329421873,0.04797174058050024,0.0100187163349783,0.0076306476446605
tiiuae_Falcon3-7B-Base,full_mixed_random_slopes,23116.378554735216,C(syntactic_role)[T.subject]:log_frequency,-0.0415610651257397,0.0383131705379115,-1.0847722739263876,0.2780225283543617,-0.1166534995135873,0.0335313692621078,0.007171061329421873,0.04797174058050024,0.0100187163349783,0.0076306476446605
tiiuae_Falcon3-7B-Base,full_mixed_random_slopes,23116.378554735216,"C(valence, Treatment(reference='-val'))[T.+val]:log_frequency",0.0165450297860533,0.0187518963755976,0.8823123514901617,0.3776079188915738,-0.0202080117519451,0.0532980713240518,0.007171061329421873,0.04797174058050024,0.0100187163349783,0.0076306476446605
tiiuae_Falcon3-7B-Base,full_mixed_random_slopes,23116.378554735216,"C(dominance, Treatment(reference='-dom'))[T.+dom]:log_frequency",0.0206444822867146,0.0167748711846037,1.230679035297903,0.2184429321140254,-0.0122336610804073,0.0535226256538367,0.007171061329421873,0.04797174058050024,0.0100187163349783,0.0076306476446605
tiiuae_Falcon3-7B-Base,full_mixed_random_slopes,23116.378554735216,lex_emb_norm,-0.1934179816614875,0.2349970796695927,-0.8230654692961902,0.4104707640366664,-0.654003794285979,0.2671678309630039,0.007171061329421873,0.04797174058050024,0.0100187163349783,0.0076306476446605
tiiuae_Falcon3-7B-Base,full_mixed_random_slopes,23116.378554735216,C(tense)[T.past perfect]:lex_emb_norm,-0.0583206155296516,0.0130727376836451,-4.461239637862136,8.148690600250887e-06,-0.0839427105689357,-0.0326985204903676,0.007171061329421873,0.04797174058050024,0.0100187163349783,0.0076306476446605
tiiuae_Falcon3-7B-Base,full_mixed_random_slopes,23116.378554735216,C(tense)[T.present continuous]:lex_emb_norm,0.0304267647470663,0.0130727376836451,2.327497535970008,0.0199387999836644,0.0048046697077822,0.0560488597863503,0.007171061329421873,0.04797174058050024,0.0100187163349783,0.0076306476446605
tiiuae_Falcon3-7B-Base,full_mixed_random_slopes,23116.378554735216,C(tense)[T.present perfect]:lex_emb_norm,-0.0275994982517355,0.0130727376836451,-2.111225584084376,0.0347529267955105,-0.0532215932910195,-0.0019774032124514,0.007171061329421873,0.04797174058050024,0.0100187163349783,0.0076306476446605
tiiuae_Falcon3-7B-Base,full_mixed_random_slopes,23116.378554735216,C(tense)[T.simple future]:lex_emb_norm,-0.0378157733403208,0.0130727376836451,-2.892720274470966,0.0038192127068359,-0.0634378683796048,-0.0121936783010368,0.007171061329421873,0.04797174058050024,0.0100187163349783,0.0076306476446605
tiiuae_Falcon3-7B-Base,full_mixed_random_slopes,23116.378554735216,C(tense)[T.simple past]:lex_emb_norm,-0.0309494229915032,0.0130727376836451,-2.3674783155958994,0.0179097695187918,-0.0565715180307872,-0.0053273279522191,0.007171061329421873,0.04797174058050024,0.0100187163349783,0.0076306476446605
tiiuae_Falcon3-7B-Base,full_mixed_random_slopes,23116.378554735216,C(semantic_role)[T.patient]:lex_emb_norm,0.0348149625907985,0.0163670112938945,2.127142333175128,0.0334082588146186,0.0027362099202048,0.0668937152613921,0.007171061329421873,0.04797174058050024,0.0100187163349783,0.0076306476446605
tiiuae_Falcon3-7B-Base,full_mixed_random_slopes,23116.378554735216,C(syntactic_role)[T.subject]:lex_emb_norm,0.0756278832395503,0.0383131705379134,1.9739395664138912,0.0483886150830829,0.0005354488516988,0.1507203176274018,0.007171061329421873,0.04797174058050024,0.0100187163349783,0.0076306476446605
tiiuae_Falcon3-7B-Base,full_mixed_random_slopes,23116.378554735216,"C(valence, Treatment(reference='-val'))[T.+val]:lex_emb_norm",0.0445571322037817,0.018751896375611,2.3761400613184525,0.0174948206688587,0.0078040906657568,0.0813101737418066,0.007171061329421873,0.04797174058050024,0.0100187163349783,0.0076306476446605
tiiuae_Falcon3-7B-Base,full_mixed_random_slopes,23116.378554735216,"C(dominance, Treatment(reference='-dom'))[T.+dom]:lex_emb_norm",-0.0207415097025195,0.016774871184611,-1.2364631283456526,0.2162864631623234,-0.053619653069656,0.0121366336646169,0.007171061329421873,0.04797174058050024,0.0100187163349783,0.0076306476446605
tiiuae_Falcon3-7B-Base,full_mixed_random_slopes,23116.378554735216,log_frequency:lex_emb_norm,0.1803477450246336,0.1772751797526439,1.0173321797009425,0.3089954331600042,-0.1671052226434126,0.5278007126926799,0.007171061329421873,0.04797174058050024,0.0100187163349783,0.0076306476446605
