,Group,C(semantic_role)[T.patient],C(syntactic_role)[T.subject],C(valence)[T.-val],C(dominance)[T.-dom]
Group,1.960885972989982,0.059047063168890086,-0.06362464204927068,0.13274923095443428,0.016067062139616884
C(semantic_role)[T.patient],0.059047063168890086,0.0039032575703104922,-0.0013672917239614722,0.004794928550434508,0.000512907668484479
C(syntactic_role)[T.subject],-0.06362464204927068,-0.0013672917239614722,0.03389118647427003,-0.0048178214806056845,-0.0005046968468680312
C(valence)[T.-val],0.13274923095443428,0.004794928550434508,-0.0048178214806056845,0.01247264464059924,0.0014233186877597912
C(dominance)[T.-dom],0.016067062139616884,0.000512907668484479,-0.0005046968468680312,0.0014233186877597912,0.003172925364678713
