,Group,C(semantic_role)[T.patient],C(syntactic_role)[T.subject],C(valence)[T.-val],C(dominance)[T.-dom]
Group,2.0022003250187566,0.05362892142896619,-0.057871567425418574,0.11156388341417671,0.03964492580023861
C(semantic_role)[T.patient],0.05362892142896619,0.003356906265189477,-0.0014577544331834777,0.00340978914867597,0.0012258191511473962
C(syntactic_role)[T.subject],-0.057871567425418574,-0.0014577544331834777,0.03339287111868424,-0.004674506516544379,0.00010604228940711275
C(valence)[T.-val],0.11156388341417671,0.00340978914867597,-0.004674506516544379,0.010108995802590144,0.0010230795830082804
C(dominance)[T.-dom],0.03964492580023861,0.0012258191511473962,0.00010604228940711275,0.0010230795830082804,0.006380321352146624
