,Group,C(semantic_role)[T.patient],C(syntactic_role)[T.subject],C(valence)[T.-val],C(dominance)[T.-dom]
Group,1.8635584491856407,0.0812452221919241,-0.1420013856257596,0.061082535360723854,0.04606918748007299
C(semantic_role)[T.patient],0.0812452221919241,0.008929816030393016,-0.0013005753175594505,0.0023037967326559167,0.0013852294278811714
C(syntactic_role)[T.subject],-0.1420013856257596,-0.0013005753175594505,0.046441369180024436,-0.0034848643075583757,-0.0016780055398492525
C(valence)[T.-val],0.061082535360723854,0.0023037967326559167,-0.0034848643075583757,0.004151840590964197,0.0006628616711023292
C(dominance)[T.-dom],0.04606918748007299,0.0013852294278811714,-0.0016780055398492525,0.0006628616711023292,0.004534109670981356
