,Group,C(semantic_role)[T.patient],C(syntactic_role)[T.subject],C(valence)[T.-val],C(dominance)[T.-dom]
Group,1.8538767666458225,0.09491581984450281,-0.15524662226280528,0.06999539330331256,0.03668231317257672
C(semantic_role)[T.patient],0.09491581984450281,0.010833783775140061,-0.002930035142778513,0.003689480087924049,0.0008017323131233531
C(syntactic_role)[T.subject],-0.15524662226280528,-0.002930035142778513,0.04858334854854607,-0.003436930956982156,-0.0025909166093450757
C(valence)[T.-val],0.06999539330331256,0.003689480087924049,-0.003436930956982156,0.004837982508209553,0.00104580954731124
C(dominance)[T.-dom],0.03668231317257672,0.0008017323131233531,-0.0025909166093450757,0.00104580954731124,0.003155362905885325
