,Group,C(semantic_role)[T.patient],C(syntactic_role)[T.subject],C(valence)[T.-val],C(dominance)[T.-dom]
Group,1.1968155126167461,0.038690072144793294,0.0037245081615998993,0.10673058930443936,0.05283569264691668
C(semantic_role)[T.patient],0.038690072144793294,0.004464437146617474,0.0008064804479061073,0.003641308808926117,0.0011468694923675085
C(syntactic_role)[T.subject],0.0037245081615998993,0.0008064804479061073,0.006758508850459879,0.001270462714297541,-0.000746306914467181
C(valence)[T.-val],0.10673058930443936,0.003641308808926117,0.001270462714297541,0.011306211248739255,0.0030365416120078366
C(dominance)[T.-dom],0.05283569264691668,0.0011468694923675085,-0.000746306914467181,0.0030365416120078366,0.0055949647648544315
