,Group,C(semantic_role)[T.patient],C(syntactic_role)[T.subject],C(valence)[T.-val],C(dominance)[T.-dom]
Group,2.002665048943811,0.05367536577054521,-0.058022649021414685,0.11156787787653162,0.03986185234161536
C(semantic_role)[T.patient],0.05367536577054521,0.0033574887437362692,-0.0014491950158266682,0.003409055904679988,0.001237218861725286
C(syntactic_role)[T.subject],-0.058022649021414685,-0.0014491950158266682,0.033426581166525235,-0.004690633884896961,0.00010468130596227115
C(valence)[T.-val],0.11156787787653162,0.003409055904679988,-0.004690633884896961,0.010108286056458207,0.0010318910791476264
C(dominance)[T.-dom],0.03986185234161536,0.001237218861725286,0.00010468130596227115,0.0010318910791476264,0.006427439673820066
