,Group,C(semantic_role)[T.patient],C(syntactic_role)[T.subject],C(valence)[T.-val],C(dominance)[T.-dom]
Group,1.9611149120483182,0.05905594689781024,-0.06363777865132783,0.13277458075824297,0.01612894229964726
C(semantic_role)[T.patient],0.05905594689781024,0.003903570927221191,-0.0013679652522886167,0.004795894389315483,0.0005149758112015806
C(syntactic_role)[T.subject],-0.06363777865132783,-0.0013679652522886167,0.03389234227372629,-0.0048191725782173135,-0.0005069600158778969
C(valence)[T.-val],0.13277458075824297,0.004795894389315483,-0.0048191725782173135,0.012475009129034832,0.0014290718050596935
C(dominance)[T.-dom],0.01612894229964726,0.0005149758112015806,-0.0005069600158778969,0.0014290718050596935,0.0031908676138088753
