,Group,C(semantic_role)[T.patient],C(syntactic_role)[T.subject],C(valence)[T.-val],C(dominance)[T.-dom]
Group,1.8635566521085432,0.08124308973880678,-0.1420078791421839,0.06108031483782211,0.04606931680685045
C(semantic_role)[T.patient],0.08124308973880678,0.008930160957832924,-0.0013013813484519308,0.0023036203510334342,0.0013850919391599798
C(syntactic_role)[T.subject],-0.1420078791421839,-0.0013013813484519308,0.04644176972939779,-0.003484998482711993,-0.0016782467471516999
C(valence)[T.-val],0.06108031483782211,0.0023036203510334342,-0.003484998482711993,0.00415223539971668,0.0006627633913910553
C(dominance)[T.-dom],0.04606931680685045,0.0013850919391599798,-0.0016782467471516999,0.0006627633913910553,0.004534684642542972
