,Group,C(semantic_role)[T.patient],C(syntactic_role)[T.subject],C(valence)[T.-val],C(dominance)[T.-dom]
Group,1.8538805907274878,0.09491616871099359,-0.15524844522907502,0.06999608516215039,0.036682518099639135
C(semantic_role)[T.patient],0.09491616871099359,0.01083296083293409,-0.002930360995154199,0.0036894309579851878,0.0008017571865153969
C(syntactic_role)[T.subject],-0.15524844522907502,-0.002930360995154199,0.048583663488162544,-0.0034370467989770616,-0.002590868452277967
C(valence)[T.-val],0.06999608516215039,0.0036894309579851878,-0.0034370467989770616,0.004837191264137175,0.0010457540322947635
C(dominance)[T.-dom],0.036682518099639135,0.0008017571865153969,-0.002590868452277967,0.0010457540322947635,0.003154499813579967
