,Group,C(semantic_role)[T.patient],C(syntactic_role)[T.subject],C(valence)[T.-val],C(dominance)[T.-dom]
Group,2.0019721386178615,0.05360845313096983,-0.057851068611339346,0.11156575452668066,0.03964701627533234
C(semantic_role)[T.patient],0.05360845313096983,0.003355766037355019,-0.0014592539220278946,0.0034085276949069442,0.0012267499757008047
C(syntactic_role)[T.subject],-0.057851068611339346,-0.0014592539220278946,0.03341492188877853,-0.004679671722898146,0.00010544994583790775
C(valence)[T.-val],0.11156575452668066,0.0034085276949069442,-0.004679671722898146,0.010110414167762875,0.0010248443528955743
C(dominance)[T.-dom],0.03964701627533234,0.0012267499757008047,0.00010544994583790775,0.0010248443528955743,0.00637890200292938
