,Group,C(semantic_role)[T.patient],C(syntactic_role)[T.subject],C(valence)[T.-val],C(dominance)[T.-dom]
Group,1.9586564037519978,0.05896920333503739,-0.06359096498051654,0.13259482040217505,0.01605016581494311
C(semantic_role)[T.patient],0.05896920333503739,0.0038980122022669386,-0.001368420466430718,0.004789780709059219,0.0005128696541501336
C(syntactic_role)[T.subject],-0.06359096498051654,-0.001368420466430718,0.03387017359620983,-0.004814271467478301,-0.0005041982747651454
C(valence)[T.-val],0.13259482040217505,0.004789780709059219,-0.004814271467478301,0.012461035805593037,0.0014220575581980726
C(dominance)[T.-dom],0.01605016581494311,0.0005128696541501336,-0.0005041982747651454,0.0014220575581980726,0.00317076563534103
