,Group,C(semantic_role)[T.patient],C(syntactic_role)[T.subject],C(valence)[T.-val],C(dominance)[T.-dom]
Group,2.450637628388677,-0.07074986377306129,-0.2779357130949139,0.2720693097166362,-0.007311351687447652
C(semantic_role)[T.patient],-0.07074986377306129,0.08229121338298903,0.006054419498471618,-0.006441701238774269,-0.0002331025776932954
C(syntactic_role)[T.subject],-0.2779357130949139,0.006054419498471618,0.06225484279772867,-0.02567601593557778,-0.0008651049499507238
C(valence)[T.-val],0.2720693097166362,-0.006441701238774269,-0.02567601593557778,0.08874115290406917,0.0008214380204838734
C(dominance)[T.-dom],-0.007311351687447652,-0.0002331025776932954,-0.0008651049499507238,0.0008214380204838734,0.07284164657533056
