,Group,C(semantic_role)[T.patient],C(syntactic_role)[T.subject],C(valence)[T.-val],C(dominance)[T.-dom]
Group,2.5358448313587685,-0.0753549853200436,-0.28641803468584304,0.23904403634124366,0.035028733298388515
C(semantic_role)[T.patient],-0.0753549853200436,0.09491182792117797,0.005793854848817591,-0.005235559673527299,-0.0018074837348080043
C(syntactic_role)[T.subject],-0.28641803468584304,0.005793854848817591,0.06898446532337275,-0.02105952609481059,-0.0063830867060036805
C(valence)[T.-val],0.23904403634124366,-0.005235559673527299,-0.02105952609481059,0.09232260175730422,0.004962220224092081
C(dominance)[T.-dom],0.035028733298388515,-0.0018074837348080043,-0.0063830867060036805,0.004962220224092081,0.08363340676850714
