,Group,C(semantic_role)[T.patient],C(syntactic_role)[T.subject]
Group,1.359266202050409,0.040861096422494525,0.003985026006761413
C(semantic_role)[T.patient],0.040861096422494525,0.004432276274170997,0.0008117509749626326
C(syntactic_role)[T.subject],0.003985026006761413,0.0008117509749626326,0.0067511049383190015
