,Group,C(semantic_role)[T.patient],C(syntactic_role)[T.subject]
Group,0.8173668512943979,0.008274232197092508,0.03865727205323605
C(semantic_role)[T.patient],0.008274232197092508,0.00443187328893613,0.0033266269325596897
C(syntactic_role)[T.subject],0.03865727205323605,0.0033266269325596897,0.030508593835398973
