,Group,C(semantic_role)[T.patient],C(syntactic_role)[T.subject]
Group,0.8160234716894202,0.008262290032491444,0.038950671461656455
C(semantic_role)[T.patient],0.008262290032491444,0.004432201786782821,0.0033281797458941894
C(syntactic_role)[T.subject],0.038950671461656455,0.0033281797458941894,0.030548559060008116
