,Group,C(semantic_role)[T.patient],C(syntactic_role)[T.subject]
Group,0.8161147431364595,0.008273161714686327,0.038867899848168484
C(semantic_role)[T.patient],0.008273161714686327,0.004437806077854204,0.0033188542557273186
C(syntactic_role)[T.subject],0.038867899848168484,0.0033188542557273186,0.030552589068522096
