random_term,Group,C(semantic_role)[T.patient],C(syntactic_role)[T.subject]
Group,1.5412227389301034,0.029078911298062397,-0.11425951974236506
C(semantic_role)[T.patient],0.029078911298062397,0.002061338477842737,-0.0013781286394022672
C(syntactic_role)[T.subject],-0.11425951974236506,-0.0013781286394022672,0.03027884788923165
