,Group,C(semantic_role)[T.patient],C(syntactic_role)[T.subject],C(valence)[T.-val],C(dominance)[T.-dom]
Group,1.195159411810816,0.038621773582536184,0.003718401252578785,0.10661258071605925,0.05277548210214307
C(semantic_role)[T.patient],0.038621773582536184,0.0044617563100002,0.0008065098153939576,0.0036355872680478964,0.0011438020392155253
C(syntactic_role)[T.subject],0.003718401252578785,0.0008065098153939576,0.006760681886527878,0.0012696801208408428,-0.0007467950408927796
C(valence)[T.-val],0.10661258071605925,0.0036355872680478964,0.0012696801208408428,0.011296510351363679,0.0030335889310471307
C(dominance)[T.-dom],0.05277548210214307,0.0011438020392155253,-0.0007467950408927796,0.0030335889310471307,0.005592037113884897
