{
  "formula": "log_he_she_odds ~ C(tense) + C(semantic_role) + C(syntactic_role) + C(valence) + C(dominance) + log_frequency + lex_emb_norm + C(semantic_role):C(dominance) + C(valence):C(dominance) + log_frequency:lex_emb_norm + profession_embedding_1 + profession_embedding_2 + profession_embedding_3 + profession_embedding_4 + profession_embedding_5",
  "model_type": "OLS",
  "optimizer": "closed_form",
  "converged": true,
  "nobs": 15360,
  "aic": 52086.43688660465,
  "bic": 52239.227326738684,
  "log_likelihood": -26023.218443302325,
  "residual_variance": 1.7364898825566117,
  "R2m": 0.22671051314077417,
  "R2c": 0.22671051314077417,
  "warnings": [],
  "fixed_effect_variance_profession_embedding": 1.0178066771930634,
  "fixed_effect_variance_Intercept": 1.2622596267147332e-29,
  "fixed_effect_variance_C(tense)": 0.011417365004636368,
  "fixed_effect_variance_C(semantic_role)": 0.012214590214210263,
  "fixed_effect_variance_C(syntactic_role)": 0.04101306327328753,
  "fixed_effect_variance_C(valence)": 0.013442818411350093,
  "fixed_effect_variance_C(dominance)": 0.006143522354790309,
  "fixed_effect_variance_C(semantic_role):C(dominance)": 0.003841308800181371,
  "fixed_effect_variance_C(valence):C(dominance)": 0.007097369825790878,
  "fixed_effect_variance_log_frequency": 0.0004777078803311374,
  "fixed_effect_variance_lex_emb_norm": 0.0023668791646128747,
  "fixed_effect_variance_log_frequency:lex_emb_norm": 0.46982583736996564
}