,Group,C(semantic_role)[T.patient],C(syntactic_role)[T.subject],C(valence)[T.-val],C(dominance)[T.-dom]
Group,2.0006176985846547,0.053583458643474476,-0.05802341864916397,0.11152723291873319,0.03962954535995872
C(semantic_role)[T.patient],0.053583458643474476,0.0033499162305793083,-0.0014561217953793228,0.0034064953071894786,0.0012264907619906605
C(syntactic_role)[T.subject],-0.05802341864916397,-0.0014561217953793228,0.03341352531921179,-0.00468804698864797,0.00010187033585904397
C(valence)[T.-val],0.11152723291873319,0.0034064953071894786,-0.00468804698864797,0.010105474375326436,0.0010262526480836864
C(dominance)[T.-dom],0.03962954535995872,0.0012264907619906605,0.00010187033585904397,0.0010262526480836864,0.006374582779255562
