,Group,C(semantic_role)[T.patient],C(syntactic_role)[T.subject],C(valence)[T.-val],C(dominance)[T.-dom]
Group,1.961133705432673,0.05905281208470999,-0.06350363800319823,0.13276831115552667,0.016109965739655476
C(semantic_role)[T.patient],0.05905281208470999,0.0039002484479450303,-0.0013645891243015678,0.00479631199581845,0.0005146455377434063
C(syntactic_role)[T.subject],-0.06350363800319823,-0.0013645891243015678,0.03388038156911472,-0.0048100372692992215,-0.0005054042127100969
C(valence)[T.-val],0.13276831115552667,0.00479631199581845,-0.0048100372692992215,0.012470400276966923,0.0014265608436120345
C(dominance)[T.-dom],0.016109965739655476,0.0005146455377434063,-0.0005054042127100969,0.0014265608436120345,0.003170414235369469
