semantic_role,Group,C(syntactic_role)[T.subject]
agent,0.05997198366894378,-0.020695800384905674
patient,-0.05997198366899565,0.020695800384923142
