random_term,Group,C(syntactic_role)[T.subject]
Group,0.0038694364178605226,-0.0013303188908302802
C(syntactic_role)[T.subject],-0.0013303188908302802,0.000510408950608513
