,Group,C(semantic_role)[T.patient],C(syntactic_role)[T.subject],C(valence)[T.-val],C(dominance)[T.-dom]
Group,2.318470246780683,0.2134497867523843,-0.44896136700780326,0.1651770986117257,0.0601193830643752
C(semantic_role)[T.patient],0.2134497867523843,0.12134073561979238,-0.040014745949177505,0.007931897806294995,0.0038626825645371892
C(syntactic_role)[T.subject],-0.44896136700780326,-0.040014745949177505,0.11549268394937855,-0.028292182478008163,-0.012147872019245309
C(valence)[T.-val],0.1651770986117257,0.007931897806294995,-0.028292182478008163,0.1198574394364986,0.00427988181469827
C(dominance)[T.-dom],0.0601193830643752,0.0038626825645371892,-0.012147872019245309,0.00427988181469827,0.11119080600323374
