,Group,C(semantic_role)[T.patient],C(syntactic_role)[T.subject],C(valence)[T.-val],C(dominance)[T.-dom]
Group,2.340230184764128,0.19702283747129354,-0.46309287599511506,0.1727751350002891,0.05419651840788864
C(semantic_role)[T.patient],0.19702283747129354,0.12161111474051918,-0.03784680300054556,0.007062034142575854,0.0031438653592634463
C(syntactic_role)[T.subject],-0.46309287599511506,-0.03784680300054556,0.12197985044965542,-0.03121685846748669,-0.010351746090576942
C(valence)[T.-val],0.1727751350002891,0.007062034142575854,-0.03121685846748669,0.12338786923838982,0.004703055803229903
C(dominance)[T.-dom],0.05419651840788864,0.0031438653592634463,-0.010351746090576942,0.004703055803229903,0.11161125652505166
