,Group,C(semantic_role)[T.patient],C(syntactic_role)[T.subject],C(valence)[T.-val],C(dominance)[T.-dom]
Group,0.6089194412199319,0.009767623477389008,0.03349166965954693,-0.007163166263353079,0.03086802741987058
C(semantic_role)[T.patient],0.009767623477389008,0.01441046178763182,0.003154390029509241,0.0026346718309404956,0.006084978588289138
C(syntactic_role)[T.subject],0.03349166965954693,0.003154390029509241,0.025861205379448273,-0.004462570298789389,0.0035568594807459985
C(valence)[T.-val],-0.007163166263353079,0.0026346718309404956,-0.004462570298789389,0.00443783263227705,0.002747994125159851
C(dominance)[T.-dom],0.03086802741987058,0.006084978588289138,0.0035568594807459985,0.002747994125159851,0.005492163982578028
