,Group,C(semantic_role)[T.patient],C(syntactic_role)[T.subject],C(valence)[T.-val],C(dominance)[T.-dom]
Group,1.8652066821317221,0.0951181062847245,-0.15586141890039754,0.07058471306099794,0.03663050524348396
C(semantic_role)[T.patient],0.0951181062847245,0.010830164673141733,-0.0029595156880435703,0.0036900208797371707,0.0008009861926413885
C(syntactic_role)[T.subject],-0.15586141890039754,-0.0029595156880435703,0.04861281067130653,-0.003455864697342897,-0.0025890308933292144
C(valence)[T.-val],0.07058471306099794,0.0036900208797371707,-0.003455864697342897,0.004843919182794519,0.0010473914167509182
C(dominance)[T.-dom],0.03663050524348396,0.0008009861926413885,-0.0025890308933292144,0.0010473914167509182,0.003152823432057842
