,Group,C(semantic_role)[T.patient],C(syntactic_role)[T.subject],C(valence)[T.-val],C(dominance)[T.-dom]
Group,1.123568884880925,-0.014998536451404311,0.07331520403123702,0.0021148587469439362,0.046676956627877055
C(semantic_role)[T.patient],-0.014998536451404311,0.0017379056897831589,0.0009679922622879236,-1.3185697756453034e-05,-0.000590100973653683
C(syntactic_role)[T.subject],0.07331520403123702,0.0009679922622879236,0.055491551782352475,-0.0010913572244041078,0.004711418806752865
C(valence)[T.-val],0.0021148587469439362,-1.3185697756453034e-05,-0.0010913572244041078,0.0010431805542441925,0.0005446929948307314
C(dominance)[T.-dom],0.046676956627877055,-0.000590100973653683,0.004711418806752865,0.0005446929948307314,0.0034346258608515343
