,Group,C(semantic_role)[T.patient],C(syntactic_role)[T.subject],C(valence)[T.-val],C(dominance)[T.-dom]
Group,0.8891328994674803,-0.01540120249244304,0.07748772081136061,0.0006511658070533811,0.044836163336986715
C(semantic_role)[T.patient],-0.01540120249244304,0.0016175663245608458,-0.001625044099948374,-2.9693743223857206e-05,-0.0006836840061245333
C(syntactic_role)[T.subject],0.07748772081136061,-0.001625044099948374,0.03800550580472005,-0.0008006297042549522,0.005313306199188046
C(valence)[T.-val],0.0006511658070533811,-2.9693743223857206e-05,-0.0008006297042549522,0.001983215853830277,-0.0002692305631127179
C(dominance)[T.-dom],0.044836163336986715,-0.0006836840061245333,0.005313306199188046,-0.0002692305631127179,0.00335565314420642
