,Group,C(semantic_role)[T.patient],C(syntactic_role)[T.subject],C(valence)[T.-val],C(dominance)[T.-dom]
Group,1.854415830609634,0.0949419686049736,-0.15529271550877466,0.07004583115627262,0.03668693464425523
C(semantic_role)[T.patient],0.0949419686049736,0.010831955205958853,-0.0029342046024031687,0.0036915799959362054,0.0008021114596985479
C(syntactic_role)[T.subject],-0.15529271550877466,-0.0029342046024031687,0.04858784671002251,-0.0034406018315538685,-0.0025906813546023536
C(valence)[T.-val],0.07004583115627262,0.0036915799959362054,-0.0034406018315538685,0.004839461877327664,0.0010461116057720711
C(dominance)[T.-dom],0.03668693464425523,0.0008021114596985479,-0.0025906813546023536,0.0010461116057720711,0.0031521380743426393
