,Group,C(semantic_role)[T.patient],C(syntactic_role)[T.subject],C(valence)[T.-val],C(dominance)[T.-dom]
Group,1.1076067004508414,-0.016591926055837224,0.07305673561446271,0.020994029599269652,0.02802597167200639
C(semantic_role)[T.patient],-0.016591926055837224,0.0016846200065997483,0.0005709022946481337,-0.00019115034904043933,-0.0003952905139940934
C(syntactic_role)[T.subject],0.07305673561446271,0.0005709022946481337,0.054156100686087526,0.0006229879056744032,0.003069245566405633
C(valence)[T.-val],0.020994029599269652,-0.00019115034904043933,0.0006229879056744032,0.0021619041893979176,0.0008399128742340277
C(dominance)[T.-dom],0.02802597167200639,-0.0003952905139940934,0.003069245566405633,0.0008399128742340277,0.0019472540663241526
