,Group,C(semantic_role)[T.patient],C(syntactic_role)[T.subject],C(valence)[T.-val],C(dominance)[T.-dom]
Group,1.150174497083118,-0.015424040708141589,0.0734218183007674,0.002472080114705812,0.04893234956091837
C(semantic_role)[T.patient],-0.015424040708141589,0.0017414935917199892,0.0009048067265003014,-1.6655798631415054e-05,-0.0006249036496596845
C(syntactic_role)[T.subject],0.0734218183007674,0.0009048067265003014,0.05359477730573437,-0.0010209667683085443,0.0047695377985238875
C(valence)[T.-val],0.002472080114705812,-1.6655798631415054e-05,-0.0010209667683085443,0.0010455110850997663,0.0005747345573821804
C(dominance)[T.-dom],0.04893234956091837,-0.0006249036496596845,0.0047695377985238875,0.0005747345573821804,0.003630124327669384
