term,coef,std_err,z,p_value,ci_low,ci_high
Intercept,1.2224600239651553,0.8024620270426893,1.523386755720122,0.1276619735585901,-0.3503366479995227,2.795256695929833
C(semantic_role)[T.patient],0.17013320922800604,0.0199479523128326,8.528855822387275,1.478022569271687e-17,0.13103594112953165,0.20923047732648042
C(syntactic_role)[T.subject],-0.4159732818596166,0.03980682330914223,-10.44979848377105,1.468368920782264e-25,-0.4939932218844849,-0.33795334183474823
C(valence)[T.-val],0.14440968831338108,0.014912259039128578,9.68395787214141,3.5278794236961293e-22,0.1151821976685572,0.17363717895820496
C(dominance)[T.-dom],-0.02189000447613196,0.012716852371457778,-1.7213382554682146,0.08518946141499426,-0.046814577120901986,0.0030345681686380632
lex_emb_norm,0.8290872413458941,0.8148780913684622,1.0174371481181557,0.30894551761952826,-0.7680444695270314,2.42621895221882
