{
  "formula": "log_he_she_odds ~ C(semantic_role) + C(syntactic_role) + C(valence) + C(dominance) + lex_emb_norm",
  "re_formula": "1 + C(semantic_role) + C(syntactic_role) + C(valence) + C(dominance)",
  "group_col": "profession",
  "optimizer": "lbfgs",
  "converged": true,
  "aic": 18531.664480771753,
  "bic": 18699.73396491919,
  "log_likelihood": -9243.832240385877,
  "nobs": 15360,
  "residual_variance": 0.18905850137890406,
  "R2m": 0.03217179649099619,
  "R2c": 0.9162140851487223,
  "random_effect_variance_semantic_role": 0.011157978135781942,
  "random_effect_variance_syntactic_role": 0.049131174311579096,
  "random_effect_variance_valence": 0.005540527517360561,
  "random_effect_variance_dominance": 0.003599499184120927
}