,Group,C(semantic_role)[T.patient],C(syntactic_role)[T.subject],C(valence)[T.-val],C(dominance)[T.-dom]
Group,1.913947330463324,0.09042443656755825,-0.1595684313286988,0.07693919536165728,0.04050247462353758
C(semantic_role)[T.patient],0.09042443656755825,0.011157978135781942,-0.0026091078105306884,0.003089777660836477,0.000384560624069282
C(syntactic_role)[T.subject],-0.1595684313286988,-0.0026091078105306884,0.049131174311579096,-0.004063471677984104,-0.0025631497392190742
C(valence)[T.-val],0.07693919536165728,0.003089777660836477,-0.004063471677984104,0.005540527517360561,0.0014318718067538976
C(dominance)[T.-dom],0.04050247462353758,0.000384560624069282,-0.0025631497392190742,0.0014318718067538976,0.003599499184120927
