,Group,C(semantic_role)[T.patient],C(syntactic_role)[T.subject],C(valence)[T.-val],C(dominance)[T.-dom]
Group,1.853839048200483,0.09488987068158469,-0.15534275267805392,0.07001450920007689,0.036668267533135096
C(semantic_role)[T.patient],0.09488987068158469,0.010811036549272403,-0.002958996596176036,0.0036876739583680098,0.0007995260234647893
C(syntactic_role)[T.subject],-0.15534275267805392,-0.002958996596176036,0.04855434855575207,-0.003447221471026946,-0.0025884156225825863
C(valence)[T.-val],0.07001450920007689,0.0036876739583680098,-0.003447221471026946,0.004824372564395701,0.0010449333111731557
C(dominance)[T.-dom],0.036668267533135096,0.0007995260234647893,-0.0025884156225825863,0.0010449333111731557,0.0031380799764204304
