,Group,C(semantic_role)[T.patient],C(syntactic_role)[T.subject],C(valence)[T.-val],C(dominance)[T.-dom]
Group,1.863586850616459,0.08124065347586618,-0.1419701328391401,0.06111786485530554,0.046054799467441426
C(semantic_role)[T.patient],0.08124065347586618,0.008907804980775692,-0.0012862764976612955,0.00230582350871281,0.0013847042439306158
C(syntactic_role)[T.subject],-0.1419701328391401,-0.0012862764976612955,0.0464392783691427,-0.0034893116551034187,-0.001677452673475299
C(valence)[T.-val],0.06111786485530554,0.00230582350871281,-0.0034893116551034187,0.004134072983715998,0.000662703028795466
C(dominance)[T.-dom],0.046054799467441426,0.0013847042439306158,-0.001677452673475299,0.000662703028795466,0.00451061716211131
