,Group,C(semantic_role)[T.patient],C(syntactic_role)[T.subject]
Group,1.541250257571198,0.02908250118333625,-0.11415636593459519
C(semantic_role)[T.patient],0.02908250118333625,0.002046266230161514,-0.0013751494572733143
C(syntactic_role)[T.subject],-0.11415636593459519,-0.0013751494572733143,0.030246203251107103
