,Group,C(semantic_role)[T.patient],C(syntactic_role)[T.subject],C(valence)[T.-val],C(dominance)[T.-dom]
Group,1.5886066424562502,0.1428337381826267,-0.007053911909634373,0.15214099496256028,-0.004188277840009762
C(semantic_role)[T.patient],0.1428337381826267,0.017931458142847734,0.0065617433477071765,0.015048072368099212,0.0019007392175219167
C(syntactic_role)[T.subject],-0.007053911909634373,0.0065617433477071765,0.04939775875551606,0.0014355251045023076,0.008991555030949405
C(valence)[T.-val],0.15214099496256028,0.015048072368099212,0.0014355251045023076,0.018568210567000656,-0.002291032620249636
C(dominance)[T.-dom],-0.004188277840009762,0.0019007392175219167,0.008991555030949405,-0.002291032620249636,0.006186845264613739
