,Group,C(semantic_role)[T.patient],C(syntactic_role)[T.subject],C(valence)[T.-val],C(dominance)[T.-dom]
Group,1.602971176210859,0.12677378999340203,0.009442721468093919,0.13605915421610912,0.01275542377727582
C(semantic_role)[T.patient],0.12677378999340203,0.015290861134187522,0.009009356312816567,0.011334258395021592,0.004285924235046743
C(syntactic_role)[T.subject],0.009442721468093919,0.009009356312816567,0.04978065314882701,0.002014318095668729,0.010123513316411857
C(valence)[T.-val],0.13605915421610912,0.011334258395021592,0.002014318095668729,0.015527039733506106,-0.0016350337673408685
C(dominance)[T.-dom],0.01275542377727582,0.004285924235046743,0.010123513316411857,-0.0016350337673408685,0.007817044452316513
