random_term,Group,C(syntactic_role)[T.subject]
Group,1.4013195202955329,0.004438476358098349
C(syntactic_role)[T.subject],0.004438476358098349,0.0067137287389469795
