,Group,C(semantic_role)[T.patient],C(syntactic_role)[T.subject],C(valence)[T.-val],C(dominance)[T.-dom]
Group,1.1221125204458584,-0.015059278650537262,0.0708153297592431,0.0021342193194554366,0.04654290678888678
C(semantic_role)[T.patient],-0.015059278650537262,0.0017356322992887687,0.0009285593374283776,-1.2644069910363171e-05,-0.0005945341835482197
C(syntactic_role)[T.subject],0.0708153297592431,0.0009285593374283776,0.053393909079744256,-0.0010770174615016665,0.004536709582368164
C(valence)[T.-val],0.0021342193194554366,-1.2644069910363171e-05,-0.0010770174615016665,0.0010508668544247349,0.000548262000132945
C(dominance)[T.-dom],0.04654290678888678,-0.0005945341835482197,0.004536709582368164,0.000548262000132945,0.0034243903368885186
