,Group,C(semantic_role)[T.patient],C(syntactic_role)[T.subject],C(valence)[T.-val],C(dominance)[T.-dom]
Group,1.9415345073945256,0.23546532481742086,0.012422613159689526,0.24102194992694845,0.0016150428075306638
C(semantic_role)[T.patient],0.23546532481742086,0.0593540415670294,-0.000522275172863536,0.024854980563510636,-0.0013838866465322903
C(syntactic_role)[T.subject],0.012422613159689526,-0.000522275172863536,0.12248090659858443,0.00036996464028370987,0.009964283712434999
C(valence)[T.-val],0.24102194992694845,0.024854980563510636,0.00036996464028370987,0.061875282464356286,0.0017633158021185709
C(dominance)[T.-dom],0.0016150428075306638,-0.0013838866465322903,0.009964283712434999,0.0017633158021185709,0.039048683487506106
