,Group,C(semantic_role)[T.patient],C(syntactic_role)[T.subject]
Group,1.541219032591541,0.029079028326537113,-0.11425816604465194
C(semantic_role)[T.patient],0.029079028326537113,0.0020613339387059353,-0.0013781117630709933
C(syntactic_role)[T.subject],-0.11425816604465194,-0.0013781117630709933,0.030278772101182592
