,Group,C(semantic_role)[T.patient],C(syntactic_role)[T.subject]
Group,0.8175848644487471,0.008299974277455885,0.038919335596006036
C(semantic_role)[T.patient],0.008299974277455885,0.004433306422257803,0.0033278829063556115
C(syntactic_role)[T.subject],0.038919335596006036,0.0033278829063556115,0.030548220721896974
