,Group,C(semantic_role)[T.patient],C(syntactic_role)[T.subject],C(valence)[T.-val],C(dominance)[T.-dom]
Group,1.664384838032869,0.11323415036616852,-0.03225224787135039,0.07642376014129529,0.06258505514462832
C(semantic_role)[T.patient],0.11323415036616852,0.011590186293148983,0.002928234182233875,0.005015983895929008,0.005429726901115569
C(syntactic_role)[T.subject],-0.03225224787135039,0.002928234182233875,0.01952314264753747,-0.004470033546884496,-0.00020521352910575803
C(valence)[T.-val],0.07642376014129529,0.005015983895929008,-0.004470033546884496,0.006006700061073066,0.0015545227243349755
C(dominance)[T.-dom],0.06258505514462832,0.005429726901115569,-0.00020521352910575803,0.0015545227243349755,0.004402204788186267
