random_term,Group,C(semantic_role)[T.patient]
Group,0.8601422119048565,0.1047007393323684
C(semantic_role)[T.patient],0.1047007393323684,0.014627458682996716
