semantic_role,Group,C(syntactic_role)[T.subject]
agent,-0.0006150202106105258,-0.00032718931886742295
patient,0.0006150202106106904,0.000327189318867571
