random_term,Group,C(syntactic_role)[T.subject]
Group,2.4150879387399882e-05,3.6309146753904367e-06
C(syntactic_role)[T.subject],3.6309146753904367e-06,1.8478202050600357e-05
