,Group,C(semantic_role)[T.patient],C(syntactic_role)[T.subject],C(valence)[T.-val],C(dominance)[T.-dom]
Group,1.5125602018767348,0.06566238226074088,-0.01793222143958761,0.12242985915359558,-0.025984321269705287
C(semantic_role)[T.patient],0.06566238226074088,0.004686744640161988,0.003685120263081566,0.006007407781063495,-0.002356487385376431
C(syntactic_role)[T.subject],-0.01793222143958761,0.003685120263081566,0.03969852754807953,0.0021862670422555007,0.0026113836239408605
C(valence)[T.-val],0.12242985915359558,0.006007407781063495,0.0021862670422555007,0.014331516212576405,-0.00399283402913602
C(dominance)[T.-dom],-0.025984321269705287,-0.002356487385376431,0.0026113836239408605,-0.00399283402913602,0.0047357336493976535
