,Group,C(semantic_role)[T.patient],C(syntactic_role)[T.subject],C(valence)[T.-val],C(dominance)[T.-dom]
Group,1.5095302461179236,0.07432737599625908,-0.013053684409503418,0.11219265310926141,-0.015635207462344435
C(semantic_role)[T.patient],0.07432737599625908,0.005433981195057211,0.003649832651276586,0.006089418303343974,-0.0019837445865062316
C(syntactic_role)[T.subject],-0.013053684409503418,0.003649832651276586,0.04042268573078447,0.0023978644279204556,0.002748193486491954
C(valence)[T.-val],0.11219265310926141,0.006089418303343974,0.0023978644279204556,0.012440943034599885,-0.002841872130984966
C(dominance)[T.-dom],-0.015635207462344435,-0.0019837445865062316,0.002748193486491954,-0.002841872130984966,0.004290687713774346
