,Group,C(semantic_role)[T.patient],C(syntactic_role)[T.subject],C(valence)[T.-val],C(dominance)[T.-dom]
Group,2.318310280480461,0.21343729769433406,-0.448936320353429,0.1651673094816205,0.06012423066614541
C(semantic_role)[T.patient],0.21343729769433406,0.12133720454412164,-0.04001297871691132,0.007931330360844521,0.003863163654751081
C(syntactic_role)[T.subject],-0.448936320353429,-0.04001297871691132,0.11548801904911278,-0.02829082526785803,-0.012148827859283522
C(valence)[T.-val],0.1651673094816205,0.007931330360844521,-0.02829082526785803,0.11985411402928733,0.004280197474913766
C(dominance)[T.-dom],0.06012423066614541,0.003863163654751081,-0.012148827859283522,0.004280197474913766,0.11092374576239739
