,Group,C(semantic_role)[T.patient],C(syntactic_role)[T.subject],C(valence)[T.-val],C(dominance)[T.-dom]
Group,2.339944224261354,0.19700234974712622,-0.4630471063489365,0.17275703326286704,0.05420489750765145
C(semantic_role)[T.patient],0.19700234974712622,0.12160495742738454,-0.03784383492684288,0.007061089031284194,0.0031446129058071218
C(syntactic_role)[T.subject],-0.4630471063489365,-0.03784383492684288,0.12197115768995287,-0.031214254542912493,-0.010353503303598447
C(valence)[T.-val],0.17275703326286704,0.007061089031284194,-0.031214254542912493,0.12338179985082345,0.004703544920068117
C(dominance)[T.-dom],0.05420489750765145,0.0031446129058071218,-0.010353503303598447,0.004703544920068117,0.1111338695273906
