,Group,C(semantic_role)[T.patient],C(syntactic_role)[T.subject]
Group,1.0074763498017487,0.1140362961864313,-0.15607464362771367
C(semantic_role)[T.patient],0.1140362961864313,0.015164579448293091,-0.01674638161291549
C(syntactic_role)[T.subject],-0.15607464362771367,-0.01674638161291549,0.07441457620582737
