random_term,Group,C(semantic_role)[T.patient]
Group,0.8615049820997788,0.009980029261661048
C(semantic_role)[T.patient],0.009980029261661048,0.0043681168612448446
