,Group,C(semantic_role)[T.patient],C(syntactic_role)[T.subject],C(valence)[T.-val],C(dominance)[T.-dom]
Group,1.8645575933583252,0.09523245212435666,-0.15563697740452032,0.07047897183821254,0.036605881899977266
C(semantic_role)[T.patient],0.09523245212435666,0.010901220751853277,-0.0029157527243825823,0.0036699534319270975,0.000797315548694621
C(syntactic_role)[T.subject],-0.15563697740452032,-0.0029157527243825823,0.04861403555137209,-0.003455201967666158,-0.0025880346950801275
C(valence)[T.-val],0.07047897183821254,0.0036699534319270975,-0.003455201967666158,0.004844201997053666,0.0010468226288602345
C(dominance)[T.-dom],0.036605881899977266,0.000797315548694621,-0.0025880346950801275,0.0010468226288602345,0.003153304899055581
