,Group,C(semantic_role)[T.patient],C(syntactic_role)[T.subject],C(valence)[T.-val],C(dominance)[T.-dom]
Group,0.9246852977667719,-0.019363563721211535,0.08184297869795501,0.0005829743457805448,0.05343149957168755
C(semantic_role)[T.patient],-0.019363563721211535,0.0033179634086078933,-0.002098120710203257,-1.4595762553980597e-05,-0.001069339425269566
C(syntactic_role)[T.subject],0.08184297869795501,-0.002098120710203257,0.03532295320473614,-0.0008403510617629269,0.0064378138759523746
C(valence)[T.-val],0.0005829743457805448,-1.4595762553980597e-05,-0.0008403510617629269,0.003266173497951752,-0.00016165556765074368
C(dominance)[T.-dom],0.05343149957168755,-0.001069339425269566,0.0064378138759523746,-0.00016165556765074368,0.00578815867403745
