,Group,C(semantic_role)[T.patient],C(syntactic_role)[T.subject],C(valence)[T.-val],C(dominance)[T.-dom]
Group,1.3545409900207679,0.03253798006851409,-0.10910537382560624,0.1354240233586539,0.08126377417486051
C(semantic_role)[T.patient],0.03253798006851409,0.0027052855526191887,-0.001614890741201776,0.003684616995651877,-0.0007388638819504678
C(syntactic_role)[T.subject],-0.10910537382560624,-0.001614890741201776,0.030411988107933028,-0.013928158121623834,-0.00034254705888627315
C(valence)[T.-val],0.1354240233586539,0.003684616995651877,-0.013928158121623834,0.015806858039573487,0.004949517144580404
C(dominance)[T.-dom],0.08126377417486051,-0.0007388638819504678,-0.00034254705888627315,0.004949517144580404,0.014140335445663545
