,Group,C(semantic_role)[T.patient],C(syntactic_role)[T.subject]
Group,1.2536985510630296,0.05990504858539787,-0.04830362317011439
C(semantic_role)[T.patient],0.05990504858539787,0.0053714172620001,0.0014589825781737488
C(syntactic_role)[T.subject],-0.04830362317011439,0.0014589825781737488,0.019140246994167817
