,Group,C(semantic_role)[T.patient],C(syntactic_role)[T.subject],C(valence)[T.-val],C(dominance)[T.-dom]
Group,1.1305674212867491,-0.016511282162018623,0.06981739041309179,0.0021923261192997546,0.04685784080666188
C(semantic_role)[T.patient],-0.016511282162018623,0.001971118608511404,0.0010681403481496653,-1.5182689088123388e-05,-0.0006484622341667998
C(syntactic_role)[T.subject],0.06981739041309179,0.0010681403481496653,0.05341443893778805,-0.0010465025156211137,0.004503885946204243
C(valence)[T.-val],0.0021923261192997546,-1.5182689088123388e-05,-0.0010465025156211137,0.0010414354778834612,0.0005494055055913406
C(dominance)[T.-dom],0.04685784080666188,-0.0006484622341667998,0.004503885946204243,0.0005494055055913406,0.0034356973902249064
