,Group,C(semantic_role)[T.patient],C(syntactic_role)[T.subject],C(valence)[T.-val],C(dominance)[T.-dom]
Group,2.033780185399506,0.056501772432681605,-0.05879295834799369,0.11364300296365647,0.04031782289937627
C(semantic_role)[T.patient],0.056501772432681605,0.003610508168745918,-0.0015302954736996558,0.003591987654154086,0.0012966952863618596
C(syntactic_role)[T.subject],-0.05879295834799369,-0.0015302954736996558,0.033432047515866536,-0.0047392501094881976,8.986280307865372e-05
C(valence)[T.-val],0.11364300296365647,0.003591987654154086,-0.0047392501094881976,0.010243561129688172,0.0010734431720216694
C(dominance)[T.-dom],0.04031782289937627,0.0012966952863618596,8.986280307865372e-05,0.0010734431720216694,0.006391745646191691
