,Group,C(semantic_role)[T.patient],C(syntactic_role)[T.subject],C(valence)[T.-val],C(dominance)[T.-dom]
Group,1.989885451322207,0.061645651572182866,-0.06413549504926204,0.13514087991377782,0.016362897582443497
C(semantic_role)[T.patient],0.061645651572182866,0.004135046417484935,-0.0014263731315837492,0.005008954965636902,0.0005373691948601461
C(syntactic_role)[T.subject],-0.06413549504926204,-0.0014263731315837492,0.033895541655826165,-0.004865531985939087,-0.0005121320688689248
C(valence)[T.-val],0.13514087991377782,0.005008954965636902,-0.004865531985939087,0.012668879236060093,0.0014471064231455612
C(dominance)[T.-dom],0.016362897582443497,0.0005373691948601461,-0.0005121320688689248,0.0014471064231455612,0.0031769461404736743
