,Group,C(semantic_role)[T.patient],C(syntactic_role)[T.subject]
Group,1.2537863199879997,0.05991432445485935,-0.04828643526911376
C(semantic_role)[T.patient],0.05991432445485935,0.005372700036975709,0.0014594442008358261
C(syntactic_role)[T.subject],-0.04828643526911376,0.0014594442008358261,0.019139657000657888
