,Group,C(semantic_role)[T.patient],C(syntactic_role)[T.subject]
Group,1.360118973658513,0.04088640108630267,0.003982382982367051
C(semantic_role)[T.patient],0.04088640108630267,0.004430255273014058,0.0008074572772813316
C(syntactic_role)[T.subject],0.003982382982367051,0.0008074572772813316,0.0067532605730629275
