{
  "formula": "log_he_she_odds ~ C(tense) + C(syntactic_role) + C(valence) + C(dominance) + C(tense):C(syntactic_role) + C(tense):C(valence) + C(syntactic_role):C(valence) + C(valence):C(dominance)",
  "re_formula": "1 + C(semantic_role) + C(syntactic_role) + C(valence) + C(dominance)",
  "group_col": "profession",
  "optimizer": "lbfgs",
  "converged": true,
  "aic": 7001.459051143684,
  "bic": 7253.5342581838195,
  "log_likelihood": -3463.729525571842,
  "nobs": 6720,
  "residual_variance": 0.15930431053252878,
  "R2m": 0.029466295611774516,
  "R2c": 0.908068941757665,
  "random_effect_variance_semantic_role": 0.002700921223567799,
  "random_effect_variance_syntactic_role": 0.030415240473563747,
  "random_effect_variance_valence": 0.015805055594597984,
  "random_effect_variance_dominance": 0.014133461598011104
}