,Group,C(semantic_role)[T.patient],C(syntactic_role)[T.subject],C(valence)[T.-val],C(dominance)[T.-dom]
Group,1.354934480854317,0.03249518773055924,-0.1092003215644538,0.13545290643623517,0.08129333487228554
C(semantic_role)[T.patient],0.03249518773055924,0.002700921223567799,-0.0016018358650490253,0.0036789406516742054,-0.0007381537952457574
C(syntactic_role)[T.subject],-0.1092003215644538,-0.0016018358650490253,0.030415240473563747,-0.013935685730072358,-0.0003593773543115786
C(valence)[T.-val],0.13545290643623517,0.0036789406516742054,-0.013935685730072358,0.015805055594597984,0.0049535764760757885
C(dominance)[T.-dom],0.08129333487228554,-0.0007381537952457574,-0.0003593773543115786,0.0049535764760757885,0.014133461598011104
