,Group,C(semantic_role)[T.patient],C(syntactic_role)[T.subject],C(valence)[T.-val],C(dominance)[T.-dom]
Group,1.1189821493027277,-0.01323271099323557,0.07591693368809471,0.001720540849140925,0.0465732012866268
C(semantic_role)[T.patient],-0.01323271099323557,0.0021575602830892758,0.0018519571203329047,-0.0002919446566743098,-0.0004906202944629279
C(syntactic_role)[T.subject],0.07591693368809471,0.0018519571203329047,0.05594956528874499,-0.0021568940027575376,0.004944930363609751
C(valence)[T.-val],0.001720540849140925,-0.0002919446566743098,-0.0021568940027575376,0.0018572872352513516,0.0006222606255169642
C(dominance)[T.-dom],0.0465732012866268,-0.0004906202944629279,0.004944930363609751,0.0006222606255169642,0.0036135995051227994
