,Group,C(semantic_role)[T.patient],C(syntactic_role)[T.subject]
Group,1.2535901523177413,0.05979120781890007,-0.04856075693158822
C(semantic_role)[T.patient],0.05979120781890007,0.0053628242194711994,0.0014539543287074386
C(syntactic_role)[T.subject],-0.04856075693158822,0.0014539543287074386,0.01919175846264443
