,Group,C(semantic_role)[T.patient],C(syntactic_role)[T.subject],C(valence)[T.-val],C(dominance)[T.-dom]
Group,1.854010902723023,0.09490616626960538,-0.1553324060905498,0.07004937968794633,0.036651386384452006
C(semantic_role)[T.patient],0.09490616626960538,0.010813583188057153,-0.0029571093607749246,0.00368999724097552,0.0007991193228928761
C(syntactic_role)[T.subject],-0.1553324060905498,-0.0029571093607749246,0.04854964174141765,-0.0034458558250053824,-0.0025836421986742512
C(valence)[T.-val],0.07004937968794633,0.00368999724097552,-0.0034458558250053824,0.004827771474042323,0.0010457558604151781
C(dominance)[T.-dom],0.036651386384452006,0.0007991193228928761,-0.0025836421986742512,0.0010457558604151781,0.003137573802237485
