,Group,C(semantic_role)[T.patient],C(syntactic_role)[T.subject],C(valence)[T.-val],C(dominance)[T.-dom]
Group,1.2868985062909253,0.1822791834218762,-0.21546473713639855,0.07829328542113435,0.11139608563009108
C(semantic_role)[T.patient],0.1822791834218762,0.02964402066003734,-0.03027118307389239,0.010772518203439194,0.02032040206039099
C(syntactic_role)[T.subject],-0.21546473713639855,-0.03027118307389239,0.08810789791849323,-0.009648977901151119,-0.019910408549186496
C(valence)[T.-val],0.07829328542113435,0.010772518203439194,-0.009648977901151119,0.006538023756944044,0.00731497987098273
C(dominance)[T.-dom],0.11139608563009108,0.02032040206039099,-0.019910408549186496,0.00731497987098273,0.015819935190008086
