,Group,C(semantic_role)[T.patient],C(syntactic_role)[T.subject],C(valence)[T.-val],C(dominance)[T.-dom]
Group,2.464844169722143,-0.0712211954321394,-0.2797927380073015,0.27389142952325796,-0.007358207186336422
C(semantic_role)[T.patient],-0.0712211954321394,0.0848821065049788,0.0060761861869204695,-0.0064733256412552375,-0.0002403790277004233
C(syntactic_role)[T.subject],-0.2797927380073015,0.0060761861869204695,0.06392784052241456,-0.025769057081632143,-0.0009051022056376715
C(valence)[T.-val],0.27389142952325796,-0.0064733256412552375,-0.025769057081632143,0.09106739201803984,0.0008553965671923297
C(dominance)[T.-dom],-0.007358207186336422,-0.0002403790277004233,-0.0009051022056376715,0.0008553965671923297,0.075262385333777
