,Group,C(semantic_role)[T.patient],C(syntactic_role)[T.subject],C(valence)[T.-val],C(dominance)[T.-dom]
Group,2.5497848952654225,-0.07583027086377554,-0.288230759985598,0.24056140292214895,0.03525315408744189
C(semantic_role)[T.patient],-0.07583027086377554,0.097638360235326,0.005805363821459351,-0.005252538624386505,-0.0018290590951975717
C(syntactic_role)[T.subject],-0.288230759985598,0.005805363821459351,0.07074725118103455,-0.02110700194533205,-0.006471568977193421
C(valence)[T.-val],0.24056140292214895,-0.005252538624386505,-0.02110700194533205,0.09473462574028373,0.005024356472615697
C(dominance)[T.-dom],0.03525315408744189,-0.0018290590951975717,-0.006471568977193421,0.005024356472615697,0.08616419365729844
