,Group,C(semantic_role)[T.patient],C(syntactic_role)[T.subject]
Group,0.818617257029116,0.008333421683707794,0.03882901878502253
C(semantic_role)[T.patient],0.008333421683707794,0.004422051119091197,0.0033364200003677563
C(syntactic_role)[T.subject],0.03882901878502253,0.0033364200003677563,0.030466572772802195
