,Group,C(semantic_role)[T.patient],C(syntactic_role)[T.subject]
Group,1.2539114662413808,0.059934703112269255,-0.048174441534501775
C(semantic_role)[T.patient],0.059934703112269255,0.005378326452437955,0.001462185537619469
C(syntactic_role)[T.subject],-0.048174441534501775,0.001462185537619469,0.019132307350739234
