,Group,C(semantic_role)[T.patient],C(syntactic_role)[T.subject],C(valence)[T.-val],C(dominance)[T.-dom]
Group,1.1955226441720845,0.03863662077117603,0.003728416227329384,0.10665653022503813,0.052799360170378874
C(semantic_role)[T.patient],0.03863662077117603,0.004452570404481407,0.0008141586905315919,0.003639007015576918,0.001141469846706652
C(syntactic_role)[T.subject],0.003728416227329384,0.0008141586905315919,0.006752778356504256,0.001271457267119886,-0.0007493776416078688
C(valence)[T.-val],0.10665653022503813,0.003639007015576918,0.001271457267119886,0.011291897032039299,0.003035457032531976
C(dominance)[T.-dom],0.052799360170378874,0.001141469846706652,-0.0007493776416078688,0.003035457032531976,0.005585585280981729
