,Group,C(semantic_role)[T.patient],C(syntactic_role)[T.subject],C(valence)[T.-val],C(dominance)[T.-dom]
Group,2.4447861051593995,-0.07061673786748025,-0.2773667991146756,0.27148473517153965,-0.007198460223484814
C(semantic_role)[T.patient],-0.07061673786748025,0.08204294540902722,0.006046111917023237,-0.006431805432427311,-0.00023467282516423732
C(syntactic_role)[T.subject],-0.2773667991146756,0.006046111917023237,0.062068351452871026,-0.025634732680782774,-0.0008706097960102918
C(valence)[T.-val],0.27148473517153965,-0.006431805432427311,-0.025634732680782774,0.08848709155348725,0.0008272130316225112
C(dominance)[T.-dom],-0.007198460223484814,-0.00023467282516423732,-0.0008706097960102918,0.0008272130316225112,0.06550802563108658
