,Group,C(semantic_role)[T.patient],C(syntactic_role)[T.subject],C(valence)[T.-val],C(dominance)[T.-dom]
Group,2.529445772076133,-0.07518869099900073,-0.28574840490698067,0.23846338884717191,0.03511483513002461
C(semantic_role)[T.patient],-0.07518869099900073,0.09439557968337513,0.005786350781524629,-0.00522729207025813,-0.0018066026062439385
C(syntactic_role)[T.subject],-0.28574840490698067,0.005786350781524629,0.06862989796352854,-0.021027533221664486,-0.0063786693482301505
C(valence)[T.-val],0.23846338884717191,-0.00522729207025813,-0.021027533221664486,0.09184774671161516,0.004960279396250004
C(dominance)[T.-dom],0.03511483513002461,-0.0018066026062439385,-0.0063786693482301505,0.004960279396250004,0.0770958201316569
