,Group,C(semantic_role)[T.patient],C(syntactic_role)[T.subject],C(valence)[T.-val],C(dominance)[T.-dom]
Group,2.45957583018336,-0.0710463797661581,-0.279103937817679,0.27321555447496076,-0.007340838635215421
C(semantic_role)[T.patient],-0.0710463797661581,0.08391625472576916,0.006068133874143746,-0.006461609096160235,-0.0002376739361013804
C(syntactic_role)[T.subject],-0.279103937817679,0.006068133874143746,0.06330333936113834,-0.025734636040462857,-0.0008902298525010468
C(valence)[T.-val],0.27321555447496076,-0.006461609096160235,-0.025734636040462857,0.09020007243746356,0.000842770619181964
C(dominance)[T.-dom],-0.007340838635215421,-0.0002376739361013804,-0.0008902298525010468,0.000842770619181964,0.07435976457671148
