,Group,C(semantic_role)[T.patient],C(syntactic_role)[T.subject],C(valence)[T.-val],C(dominance)[T.-dom]
Group,2.5437245099217005,-0.07562361647263269,-0.28744255201845076,0.23990160195105437,0.03515555889965023
C(semantic_role)[T.patient],-0.07562361647263269,0.0964479281775032,0.005800387265450983,-0.005245173826943466,-0.0018196673717842398
C(syntactic_role)[T.subject],-0.28744255201845076,0.005800387265450983,0.06997677035895496,-0.02108645374849125,-0.006433045322000998
C(valence)[T.-val],0.23990160195105437,-0.005245173826943466,-0.02108645374849125,0.09368129437880156,0.004997307041773388
C(dominance)[T.-dom],0.03515555889965023,-0.0018196673717842398,-0.006433045322000998,0.004997307041773388,0.08505901224611845
