,Group,C(semantic_role)[T.patient],C(syntactic_role)[T.subject],C(valence)[T.-val],C(dominance)[T.-dom]
Group,1.8746923082006606,0.09523729482986791,-0.15691989441120804,0.0703306804219146,0.039676759130752214
C(semantic_role)[T.patient],0.09523729482986791,0.010836009683231089,-0.002955616792096227,0.003695375244639871,0.0008467724054116344
C(syntactic_role)[T.subject],-0.15691989441120804,-0.002955616792096227,0.04872890365248327,-0.0034658941510494787,-0.0028219913714210916
C(valence)[T.-val],0.0703306804219146,0.003695375244639871,-0.0034658941510494787,0.0048439724858897965,0.0010910615321396994
C(dominance)[T.-dom],0.039676759130752214,0.0008467724054116344,-0.0028219913714210916,0.0010910615321396994,0.00361388439950373
