,Group,C(semantic_role)[T.patient],C(syntactic_role)[T.subject]
Group,1.3601290631735659,0.04088438098286163,0.003982731389405563
C(semantic_role)[T.patient],0.04088438098286163,0.0044303104752282845,0.0008074859315168303
C(syntactic_role)[T.subject],0.003982731389405563,0.0008074859315168303,0.006753497964556428
