,Group,C(semantic_role)[T.patient],C(syntactic_role)[T.subject],C(valence)[T.-val],C(dominance)[T.-dom]
Group,0.6088625364530124,0.009787252066566866,0.033531003785513075,-0.007178993132282489,0.030735867040290278
C(semantic_role)[T.patient],0.009787252066566866,0.014369443358925656,0.0031157536080541645,0.0025873223791422896,0.006071520638761131
C(syntactic_role)[T.subject],0.033531003785513075,0.0031157536080541645,0.0257440209008977,-0.004457255930981823,0.0035061323707046865
C(valence)[T.-val],-0.007178993132282489,0.0025873223791422896,-0.004457255930981823,0.00446153939712194,0.0027862404365463058
C(dominance)[T.-dom],0.030735867040290278,0.006071520638761131,0.0035061323707046865,0.0027862404365463058,0.005509241496126378
