,Group,C(semantic_role)[T.patient],C(syntactic_role)[T.subject],C(valence)[T.-val],C(dominance)[T.-dom]
Group,1.8677602971676939,0.09713740980578613,-0.1548900830037727,0.07040986597450478,0.03679478846242629
C(semantic_role)[T.patient],0.09713740980578613,0.011252814293963716,-0.002815979403289303,0.003737564831385199,0.0008139681994432499
C(syntactic_role)[T.subject],-0.1548900830037727,-0.002815979403289303,0.04864160802347548,-0.0034337147659898,-0.002593623520665903
C(valence)[T.-val],0.07040986597450478,0.003737564831385199,-0.0034337147659898,0.004860449581455833,0.0010523010640240895
C(dominance)[T.-dom],0.03679478846242629,0.0008139681994432499,-0.002593623520665903,0.0010523010640240895,0.003157026355044256
