,Group,C(semantic_role)[T.patient],C(syntactic_role)[T.subject],C(valence)[T.-val],C(dominance)[T.-dom]
Group,1.097029949027694,-0.016451589605376758,0.07188330277746326,0.0206945867932359,0.026990351988584457
C(semantic_role)[T.patient],-0.016451589605376758,0.0016839030986865863,0.0005765388139983631,-0.00018703373784501105,-0.0003810804225559219
C(syntactic_role)[T.subject],0.07188330277746326,0.0005765388139983631,0.05401084641364067,0.0005900117458604604,0.0029560973184015586
C(valence)[T.-val],0.0206945867932359,-0.00018703373784501105,0.0005900117458604604,0.0021507375299577775,0.0008086202072371603
C(dominance)[T.-dom],0.026990351988584457,-0.0003810804225559219,0.0029560973184015586,0.0008086202072371603,0.0018508320884529478
