,Group,C(semantic_role)[T.patient],C(syntactic_role)[T.subject],C(valence)[T.-val],C(dominance)[T.-dom]
Group,0.9424953918861971,-0.01990394195805146,0.08396321117244586,0.0005807274439247979,0.05482898154905796
C(semantic_role)[T.patient],-0.01990394195805146,0.00421820171001521,-0.002220761184371085,-1.505187110097558e-05,-0.001100300320953811
C(syntactic_role)[T.subject],0.08396321117244586,-0.002220761184371085,0.03437726338451959,-0.0008193074574301533,0.006587117344794581
C(valence)[T.-val],0.0005807274439247979,-1.505187110097558e-05,-0.0008193074574301533,0.004209682714280222,-0.00018473617351981163
C(dominance)[T.-dom],0.05482898154905796,-0.001100300320953811,0.006587117344794581,-0.00018473617351981163,0.006725762417476477
