,Group,C(semantic_role)[T.patient],C(syntactic_role)[T.subject]
Group,1.2537192181349692,0.05990843955415534,-0.048294333460636774
C(semantic_role)[T.patient],0.05990843955415534,0.005371920567638001,0.0014592685788227717
C(syntactic_role)[T.subject],-0.048294333460636774,0.0014592685788227717,0.01913969683412358
