,Group,C(semantic_role)[T.patient],C(syntactic_role)[T.subject],C(valence)[T.-val],C(dominance)[T.-dom]
Group,1.5879933367199661,0.1451847980412472,0.009853884141397906,0.14946823582893784,0.0020955186179180785
C(semantic_role)[T.patient],0.1451847980412472,0.017929069835237867,0.006558777036636199,0.015046384939641092,0.001906556284968813
C(syntactic_role)[T.subject],0.009853884141397906,0.006558777036636199,0.04939981014842795,0.0014414198244078766,0.008989169854657926
C(valence)[T.-val],0.14946823582893784,0.015046384939641092,0.0014414198244078766,0.018577926982712316,-0.0022864894247587204
C(dominance)[T.-dom],0.0020955186179180785,0.001906556284968813,0.008989169854657926,-0.0022864894247587204,0.006190129136139298
