,Group,C(semantic_role)[T.patient],C(syntactic_role)[T.subject],C(valence)[T.-val],C(dominance)[T.-dom]
Group,1.6032459383677298,0.1293774457149318,0.0254677860390534,0.1331031996241879,0.01902431198949133
C(semantic_role)[T.patient],0.1293774457149318,0.015281657661581894,0.0089348255546839,0.011319648565639186,0.004274960466387378
C(syntactic_role)[T.subject],0.0254677860390534,0.0089348255546839,0.04969563231154985,0.0019467984408220419,0.010098729950189848
C(valence)[T.-val],0.1331031996241879,0.011319648565639186,0.0019467984408220419,0.015528048177114569,-0.0016482969681101227
C(dominance)[T.-dom],0.01902431198949133,0.004274960466387378,0.010098729950189848,-0.0016482969681101227,0.007818698054524995
