,Group,C(semantic_role)[T.patient],C(syntactic_role)[T.subject],C(valence)[T.-val],C(dominance)[T.-dom]
Group,1.8544103856499081,0.09494370803747863,-0.15527591461168513,0.0700429842613462,0.03668972250066336
C(semantic_role)[T.patient],0.09494370803747863,0.010835161932206681,-0.0029317188088023114,0.0036919029125742717,0.0008021649797531369
C(syntactic_role)[T.subject],-0.15527591461168513,-0.0029317188088023114,0.0485867457285805,-0.0034394321158072393,-0.0025912290209913515
C(valence)[T.-val],0.0700429842613462,0.0036919029125742717,-0.0034394321158072393,0.004842180330442422,0.0010464148839320578
C(dominance)[T.-dom],0.03668972250066336,0.0008021649797531369,-0.0025912290209913515,0.0010464148839320578,0.0031553067297806913
