,Group,C(semantic_role)[T.patient],C(syntactic_role)[T.subject],C(valence)[T.-val],C(dominance)[T.-dom]
Group,1.0970602249271402,-0.01645184434516406,0.07185548279591608,0.020707908128533153,0.026998382842366567
C(semantic_role)[T.patient],-0.01645184434516406,0.001684672735248964,0.0005764121626311204,-0.00018694350372954163,-0.000381259051303764
C(syntactic_role)[T.subject],0.07185548279591608,0.0005764121626311204,0.05399787951038699,0.0005894891159446061,0.002955603994207134
C(valence)[T.-val],0.020707908128533153,-0.00018694350372954163,0.0005894891159446061,0.00215504449772921,0.0008095263368597561
C(dominance)[T.-dom],0.026998382842366567,-0.000381259051303764,0.002955603994207134,0.0008095263368597561,0.001852026589836335
