,Group,C(semantic_role)[T.patient],C(syntactic_role)[T.subject],C(valence)[T.-val],C(dominance)[T.-dom]
Group,1.1249451543439537,-0.01509435716467322,0.07097240407988528,0.002186552399304914,0.04667678644073834
C(semantic_role)[T.patient],-0.01509435716467322,0.001737081865617741,0.0009582261260047756,-1.3414961695085693e-05,-0.0005952983408661266
C(syntactic_role)[T.subject],0.07097240407988528,0.0009582261260047756,0.053486508904975916,-0.001074373526518971,0.0045445367437742055
C(valence)[T.-val],0.002186552399304914,-1.3414961695085693e-05,-0.001074373526518971,0.001079166558581148,0.0005590562696998622
C(dominance)[T.-dom],0.04667678644073834,-0.0005952983408661266,0.0045445367437742055,0.0005590562696998622,0.003432397341747878
