,Group,C(semantic_role)[T.patient],C(syntactic_role)[T.subject],C(valence)[T.-val],C(dominance)[T.-dom]
Group,2.5321423235262714,-0.07526279363466723,-0.2859903863203816,0.2386793983446663,0.03497172659912903
C(semantic_role)[T.patient],-0.07526279363466723,0.0923699100685666,0.005823223874211049,-0.005253961572122097,-0.001794730300408398
C(syntactic_role)[T.subject],-0.2859903863203816,0.005823223874211049,0.06866905298417872,-0.02104344223818153,-0.006366039515541784
C(valence)[T.-val],0.2386793983446663,-0.005253961572122097,-0.02104344223818153,0.09189393532971635,0.004949990296913617
C(dominance)[T.-dom],0.03497172659912903,-0.001794730300408398,-0.006366039515541784,0.004949990296913617,0.08319030628920462
