,Group,C(semantic_role)[T.patient],C(syntactic_role)[T.subject],C(valence)[T.-val],C(dominance)[T.-dom]
Group,2.4487948373457114,-0.07070877603047251,-0.27772800241133505,0.2718610561039904,-0.007308361303072222
C(semantic_role)[T.patient],-0.07070877603047251,0.08085790114241677,0.006068432217087919,-0.006450411252680026,-0.00022895368900803018
C(syntactic_role)[T.subject],-0.27772800241133505,0.006068432217087919,0.06212415059978651,-0.025663392029612375,-0.0008619557929391115
C(valence)[T.-val],0.2718610561039904,-0.006450411252680026,-0.025663392029612375,0.08856003045942086,0.0008187725293106352
C(dominance)[T.-dom],-0.007308361303072222,-0.00022895368900803018,-0.0008619557929391115,0.0008187725293106352,0.07265899015710975
