,Group,C(semantic_role)[T.patient],C(syntactic_role)[T.subject],C(valence)[T.-val],C(dominance)[T.-dom]
Group,1.9113818143282355,0.09019409348368133,-0.1594845950437451,0.07678887516514671,0.04036981541107668
C(semantic_role)[T.patient],0.09019409348368133,0.011229265140063874,-0.002619581023518239,0.003080833320621989,0.0003795306724356445
C(syntactic_role)[T.subject],-0.1594845950437451,-0.002619581023518239,0.04920910442664255,-0.00405527160775356,-0.0025531454607385213
C(valence)[T.-val],0.07678887516514671,0.003080833320621989,-0.00405527160775356,0.005625006009398394,0.001431358206709211
C(dominance)[T.-dom],0.04036981541107668,0.0003795306724356445,-0.0025531454607385213,0.001431358206709211,0.0036878961242243287
