random_term,Group,C(syntactic_role)[T.subject]
Group,1.5558296925648074,-0.11350836966079632
C(syntactic_role)[T.subject],-0.11350836966079632,0.030112700952253733
