,Group,C(semantic_role)[T.patient],C(syntactic_role)[T.subject]
Group,0.8134150332618854,0.00826322771175107,0.038655219013150034
C(semantic_role)[T.patient],0.00826322771175107,0.004437635018537284,0.003319994576816683
C(syntactic_role)[T.subject],0.038655219013150034,0.003319994576816683,0.03054516346132405
