{
  "formula": "log_he_she_odds ~ C(tense) + C(semantic_role) + C(syntactic_role) + C(valence) + C(dominance) + log_frequency",
  "re_formula": "1 + C(semantic_role) + C(syntactic_role) + C(valence) + C(dominance)",
  "group_col": "profession",
  "optimizer": "lbfgs",
  "converged": true,
  "aic": 21652.993109142524,
  "bic": 21859.26020332347,
  "log_likelihood": -10799.496554571262,
  "nobs": 15360,
  "residual_variance": 0.23156413324044622,
  "R2m": 0.054549448216502046,
  "R2c": 0.9043976878154797,
  "random_effect_variance_semantic_role": 0.019073475819833815,
  "random_effect_variance_syntactic_role": 0.056456188560189816,
  "random_effect_variance_valence": 0.019193547696666792,
  "random_effect_variance_dominance": 0.006261076791871659
}