,Group,C(semantic_role)[T.patient],C(syntactic_role)[T.subject],C(valence)[T.-val],C(dominance)[T.-dom]
Group,1.6917294304415145,0.15635337215886527,-0.017392070389669622,0.15789661689528647,0.005801407985929783
C(semantic_role)[T.patient],0.15635337215886527,0.019073475819833815,0.003664211611299397,0.015945602860565178,0.002306032569659659
C(syntactic_role)[T.subject],-0.017392070389669622,0.003664211611299397,0.056456188560189816,-0.0007778072757993884,0.008026561291101018
C(valence)[T.-val],0.15789661689528647,0.015945602860565178,-0.0007778072757993884,0.019193547696666792,-0.0019889265129458358
C(dominance)[T.-dom],0.005801407985929783,0.002306032569659659,0.008026561291101018,-0.0019889265129458358,0.006261076791871659
