random_term,Group,C(semantic_role)[T.patient],C(syntactic_role)[T.subject]
Group,1.3594842192070866,0.04089103457049201,0.004001348652390435
C(semantic_role)[T.patient],0.04089103457049201,0.004426166961046552,0.0008116088100117034
C(syntactic_role)[T.subject],0.004001348652390435,0.0008116088100117034,0.006746132593172846
