term,coef,std_err,z,p_value,ci_low,ci_high
Intercept,1.1741421297913606,0.8166421366581693,1.4377682427655993,0.15049982282103908,-0.4264470463164882,2.774731305899209
C(semantic_role)[T.patient],0.17013320922802894,0.019947287334051513,8.52914014717173,1.4743948140138433e-17,0.131037244464016,0.20922917399204188
C(syntactic_role)[T.subject],-0.4159732818597149,0.03980126771746933,-10.451257100967627,1.445957540976674e-25,-0.4939823331249915,-0.33796423059443825
C(valence)[T.-val],0.14440968831340928,0.014912512097319844,9.683793540014184,3.5335568085814584e-22,0.11518170168364453,0.17363767494317403
C(dominance)[T.-dom],-0.02189000447611433,0.012717546399473973,-1.7212443177734151,0.08520649894473464,-0.04681593739080035,0.0030359284385716966
log_frequency,-0.02623147435109677,0.08579150947365932,-0.3057583962798866,0.7597886072719794,-0.19437974309879588,0.14191679439660235
lex_emb_norm,1.0796156024353887,1.155683775401821,0.9341790768499938,0.3502115267069267,-1.185482974869457,3.3447141797402344
