,Group,C(semantic_role)[T.patient],C(syntactic_role)[T.subject],C(valence)[T.-val],C(dominance)[T.-dom]
Group,1.8983883384530058,0.09126931901783966,-0.1591433241489357,0.07594923282435749,0.03953753662532811
C(semantic_role)[T.patient],0.09126931901783966,0.011157127805121845,-0.002595416682507272,0.0030891372192065865,0.0003855559271387713
C(syntactic_role)[T.subject],-0.1591433241489357,-0.002595416682507272,0.049117020282930135,-0.0040613704374854315,-0.0025605297385650895
C(valence)[T.-val],0.07594923282435749,0.0030891372192065865,-0.0040613704374854315,0.0055407676472116465,0.001431380876347501
C(dominance)[T.-dom],0.03953753662532811,0.0003855559271387713,-0.0025605297385650895,0.001431380876347501,0.0036000626670458194
