,Group,C(semantic_role)[T.patient],C(syntactic_role)[T.subject],C(valence)[T.-val],C(dominance)[T.-dom]
Group,0.8755933871186051,-0.017877164592619465,0.075973812737931,0.0006125620605616341,0.04958631891555419
C(semantic_role)[T.patient],-0.017877164592619465,0.001397815879326429,-0.0017671201038384186,-1.3831931336448846e-05,-0.0009843903125288345
C(syntactic_role)[T.subject],0.075973812737931,-0.0017671201038384186,0.03789464464222034,-0.000816826311539218,0.006014291693917775
C(valence)[T.-val],0.0006125620605616341,-1.3831931336448846e-05,-0.000816826311539218,0.0012457259288693341,-9.482289695134204e-05
C(dominance)[T.-dom],0.04958631891555419,-0.0009843903125288345,0.006014291693917775,-9.482289695134204e-05,0.0037623007668615154
