,Group,C(semantic_role)[T.patient],C(syntactic_role)[T.subject],C(valence)[T.-val],C(dominance)[T.-dom]
Group,2.335681649878476,0.11202464354737504,-0.21025158345563502,0.11077744996757735,-0.06024492538687588
C(semantic_role)[T.patient],0.11202464354737504,0.00808375794920879,-0.011664730254625631,0.006310708883560325,-0.003200994612725419
C(syntactic_role)[T.subject],-0.21025158345563502,-0.011664730254625631,0.06575705885279032,-0.006565022248315082,0.004318436144852552
C(valence)[T.-val],0.11077744996757735,0.006310708883560325,-0.006565022248315082,0.013289446917134577,-0.00668707591601045
C(dominance)[T.-dom],-0.06024492538687588,-0.003200994612725419,0.004318436144852552,-0.00668707591601045,0.006713256133396503
