,Group,C(semantic_role)[T.patient],C(syntactic_role)[T.subject],C(valence)[T.-val],C(dominance)[T.-dom]
Group,1.888734470179368,0.09571345870836208,-0.15767499337401122,0.071038878517371,0.04100891093664641
C(semantic_role)[T.patient],0.09571345870836208,0.01085072364014686,-0.0029759481663999055,0.0037151591454323892,0.0009000126366664057
C(syntactic_role)[T.subject],-0.15767499337401122,-0.0029759481663999055,0.04878574876922183,-0.003508547029071748,-0.0028991501727832136
C(valence)[T.-val],0.071038878517371,0.0037151591454323892,-0.003508547029071748,0.00486983838723151,0.001173493575259405
C(dominance)[T.-dom],0.04100891093664641,0.0009000126366664057,-0.0028991501727832136,0.001173493575259405,0.003703639672769868
