,Group,C(semantic_role)[T.patient],C(syntactic_role)[T.subject],C(valence)[T.-val],C(dominance)[T.-dom]
Group,1.9249000188775571,0.08311506288883107,-0.14431290400900568,0.06196555596507656,0.054140906457862195
C(semantic_role)[T.patient],0.08311506288883107,0.008987472038850697,-0.0013617432088883121,0.00233058493407409,0.0016320355760348051
C(syntactic_role)[T.subject],-0.14431290400900568,-0.0013617432088883121,0.04650495795865786,-0.0035222285348547517,-0.00198233918723859
C(valence)[T.-val],0.06196555596507656,0.00233058493407409,-0.0035222285348547517,0.004164285581764302,0.0007805839590428013
C(dominance)[T.-dom],0.054140906457862195,0.0016320355760348051,-0.00198233918723859,0.0007805839590428013,0.00560030803333133
