,Group,C(semantic_role)[T.patient],C(syntactic_role)[T.subject],C(valence)[T.-val],C(dominance)[T.-dom]
Group,1.528960479099492,0.07490334062879914,-0.009382128269179519,0.11200854564851356,-0.013818216148989192
C(semantic_role)[T.patient],0.07490334062879914,0.005421767162475051,0.0036042589797842203,0.00607575669187222,-0.001986338623182976
C(syntactic_role)[T.subject],-0.009382128269179519,0.0036042589797842203,0.04027371897258158,0.0023283183569880214,0.0027322692191361357
C(valence)[T.-val],0.11200854564851356,0.00607575669187222,0.0023283183569880214,0.01244369277949709,-0.002847161239309513
C(dominance)[T.-dom],-0.013818216148989192,-0.001986338623182976,0.0027322692191361357,-0.002847161239309513,0.004292780358079241
