,Group,C(semantic_role)[T.patient],C(syntactic_role)[T.subject],C(valence)[T.-val],C(dominance)[T.-dom]
Group,1.5312004351766368,0.06629113077414572,-0.014061415564485251,0.12243516191281321,-0.02434776353846499
C(semantic_role)[T.patient],0.06629113077414572,0.004681422456712901,0.0036621994465771846,0.005995812972421086,-0.002354402472850866
C(syntactic_role)[T.subject],-0.014061415564485251,0.0036621994465771846,0.03961924358808683,0.002151317990079535,0.0026089314958925676
C(valence)[T.-val],0.12243516191281321,0.005995812972421086,0.002151317990079535,0.014319810466958576,-0.003989054112091485
C(dominance)[T.-dom],-0.02434776353846499,-0.002354402472850866,0.0026089314958925676,-0.003989054112091485,0.00473691635646127
