,Group,C(semantic_role)[T.patient],C(syntactic_role)[T.subject]
Group,1.0078395851269821,0.11408021780336276,-0.15613707969616464
C(semantic_role)[T.patient],0.11408021780336276,0.015168096669614837,-0.016756699096448894
C(syntactic_role)[T.subject],-0.15613707969616464,-0.016756699096448894,0.07442145434917156
