,Group,C(semantic_role)[T.patient],C(syntactic_role)[T.subject],C(valence)[T.-val],C(dominance)[T.-dom]
Group,1.923869873533047,0.0913823964229739,-0.16094967306494046,0.07683084945298649,0.04301965949481719
C(semantic_role)[T.patient],0.0913823964229739,0.011235264777449707,-0.0026443771289161996,0.0030916218529457827,0.00041569955596816984
C(syntactic_role)[T.subject],-0.16094967306494046,-0.0026443771289161996,0.049308197923310086,-0.0041213618856971,-0.0027878830450080287
C(valence)[T.-val],0.07683084945298649,0.0030916218529457827,-0.0041213618856971,0.005663250725766542,0.0015625626640726321
C(dominance)[T.-dom],0.04301965949481719,0.00041569955596816984,-0.0027878830450080287,0.0015625626640726321,0.004167489855363716
