,Group,C(semantic_role)[T.patient],C(syntactic_role)[T.subject]
Group,1.3593098068060963,0.04086367102980189,0.003955275283237126
C(semantic_role)[T.patient],0.04086367102980189,0.004431247646161244,0.000811122689172986
C(syntactic_role)[T.subject],0.003955275283237126,0.000811122689172986,0.006751616383244984
