random_term,Group,C(semantic_role)[T.patient],C(syntactic_role)[T.subject]
Group,1.0052768311693296,0.11390539929663279,-0.15542165856412674
C(semantic_role)[T.patient],0.11390539929663279,0.015032242180309746,-0.01667213535167152
C(syntactic_role)[T.subject],-0.15542165856412674,-0.01667213535167152,0.074056092989117
