,Group,C(semantic_role)[T.patient],C(syntactic_role)[T.subject],C(valence)[T.-val],C(dominance)[T.-dom]
Group,1.662984101569997,0.1130809645252632,-0.03241119806863888,0.07633712591018414,0.06253129113732202
C(semantic_role)[T.patient],0.1130809645252632,0.011574263843737444,0.0029114521524001855,0.005004881749362703,0.005424853745619506
C(syntactic_role)[T.subject],-0.03241119806863888,0.0029114521524001855,0.019523096922611168,-0.004479013014526168,-0.00021154664088516472
C(valence)[T.-val],0.07633712591018414,0.005004881749362703,-0.004479013014526168,0.006000365465330539,0.001551184686339104
C(dominance)[T.-dom],0.06253129113732202,0.005424853745619506,-0.00021154664088516472,0.001551184686339104,0.004400161213579692
