,Group,C(semantic_role)[T.patient],C(syntactic_role)[T.subject]
Group,1.541124139854324,0.0290816533168055,-0.11422593819701644
C(semantic_role)[T.patient],0.0290816533168055,0.002061148812218221,-0.0013776718930025818
C(syntactic_role)[T.subject],-0.11422593819701644,-0.0013776718930025818,0.030277787731108695
