,Group,C(semantic_role)[T.patient],C(syntactic_role)[T.subject],C(valence)[T.-val],C(dominance)[T.-dom]
Group,2.5374226802849447,-0.07540877133208367,-0.28662315906522984,0.23921573007455857,0.03505412312589045
C(semantic_role)[T.patient],-0.07540877133208367,0.09521836264689985,0.0057951685297849215,-0.005237488325129808,-0.001809920932618263
C(syntactic_role)[T.subject],-0.28662315906522984,0.0057951685297849215,0.06918231049022368,-0.02106493728298469,-0.006393078804021127
C(valence)[T.-val],0.23921573007455857,-0.005237488325129808,-0.02106493728298469,0.09259368891461275,0.004969238606170797
C(dominance)[T.-dom],0.03505412312589045,-0.001809920932618263,-0.006393078804021127,0.004969238606170797,0.08391784722852441
