,Group,C(semantic_role)[T.patient],C(syntactic_role)[T.subject],C(valence)[T.-val],C(dominance)[T.-dom]
Group,2.4502888601579174,-0.07073829563829338,-0.2778901388929886,0.27202459447721555,-0.007310200610652357
C(semantic_role)[T.patient],-0.07073829563829338,0.08222815133918915,0.006053883013963837,-0.00644092367774448,-0.00023292466492538105
C(syntactic_role)[T.subject],-0.2778901388929886,0.006053883013963837,0.06221421145174263,-0.025673722922508555,-0.0008641273191863731
C(valence)[T.-val],0.27202459447721555,-0.00644092367774448,-0.025673722922508555,0.0886845462029869,0.0008206078821382144
C(dominance)[T.-dom],-0.007310200610652357,-0.00023292466492538105,-0.0008641273191863731,0.0008206078821382144,0.07278274764220878
