,Group,C(semantic_role)[T.patient],C(syntactic_role)[T.subject],C(valence)[T.-val],C(dominance)[T.-dom]
Group,2.001228689695266,0.05360754340049896,-0.057401484010090424,0.11150117422750193,0.03962905795743903
C(semantic_role)[T.patient],0.05360754340049896,0.003351840245658069,-0.0014453910151819038,0.003406021681742571,0.0012296789798324798
C(syntactic_role)[T.subject],-0.057401484010090424,-0.0014453910151819038,0.0333995545283502,-0.004656513383389755,0.000115911612210388
C(valence)[T.-val],0.11150117422750193,0.003406021681742571,-0.004656513383389755,0.010099246188802702,0.0010260373094312725
C(dominance)[T.-dom],0.03962905795743903,0.0012296789798324798,0.000115911612210388,0.0010260373094312725,0.006371218632254294
