,Group,C(semantic_role)[T.patient],C(syntactic_role)[T.subject],C(valence)[T.-val],C(dominance)[T.-dom]
Group,1.959302791770886,0.05901312116901231,-0.06366683197744838,0.1326354080695345,0.01609180726763679
C(semantic_role)[T.patient],0.05901312116901231,0.0038980538959704947,-0.0013691758667136358,0.00479198524971768,0.0005139334369014325
C(syntactic_role)[T.subject],-0.06366683197744838,-0.0013691758667136358,0.03387367530429502,-0.004820751059397218,-0.0005071981392076744
C(valence)[T.-val],0.1326354080695345,0.00479198524971768,-0.004820751059397218,0.012458676056007808,0.0014248234253286677
C(dominance)[T.-dom],0.01609180726763679,0.0005139334369014325,-0.0005071981392076744,0.0014248234253286677,0.0031699241298221593
