,Group,C(semantic_role)[T.patient],C(syntactic_role)[T.subject],C(valence)[T.-val],C(dominance)[T.-dom]
Group,1.5880302500799364,0.14273535246416907,-0.00718794302079035,0.15207076683931053,-0.004206009979003093
C(semantic_role)[T.patient],0.14273535246416907,0.017919065578173535,0.00654378117208737,0.01503709362124411,0.001899538838328726
C(syntactic_role)[T.subject],-0.00718794302079035,0.00654378117208737,0.04940459236186533,0.0014209585461661403,0.008994269335610991
C(valence)[T.-val],0.15207076683931053,0.01503709362124411,0.0014209585461661403,0.018558446865757892,-0.002293125157757497
C(dominance)[T.-dom],-0.004206009979003093,0.001899538838328726,0.008994269335610991,-0.002293125157757497,0.006185277272620798
