,Group,C(semantic_role)[T.patient],C(syntactic_role)[T.subject],C(valence)[T.-val],C(dominance)[T.-dom]
Group,1.6028285114172582,0.12675262726510952,0.00931575182367769,0.13604505281487167,0.01271838071336225
C(semantic_role)[T.patient],0.12675262726510952,0.015287079769599692,0.008975912395566258,0.011327592637921565,0.004283899760580553
C(syntactic_role)[T.subject],0.00931575182367769,0.008975912395566258,0.04975493246781899,0.0019924070386046133,0.010120848606937195
C(valence)[T.-val],0.13604505281487167,0.011327592637921565,0.0019924070386046133,0.015516072431130595,-0.0016339385340531651
C(dominance)[T.-dom],0.01271838071336225,0.004283899760580553,0.010120848606937195,-0.0016339385340531651,0.007814910612066475
