target_model,model,term,coef,std_err,t,p_value,ci_low,ci_high
EleutherAI_pythia-12b-deduped,World-Knowledge Model,Intercept,1.2961984536428606,0.0268907683171551,48.20235845830937,0.0,1.2434896044673065,1.3489073028184146
EleutherAI_pythia-12b-deduped,World-Knowledge Model,Semantic role (patient),0.0771423867597318,0.0352082803739665,2.191029665191259,0.0284637439685388,0.0081303035765932,0.1461544699428704
EleutherAI_pythia-12b-deduped,World-Knowledge Model,Valence (+val),0.0729160683802268,0.0352082803739665,2.07099203953573,0.0383752319203057,0.0039039851970881,0.1419281515633654
EleutherAI_pythia-12b-deduped,World-Knowledge Model,Dominance (+dom),0.078654945776407,0.0352082803739665,2.2339899859058563,0.0254972316933527,0.0096428625932682,0.1476670289595457
EleutherAI_pythia-12b-deduped,World-Knowledge Model,Semantic role) (patient):C(valence (+val),-0.0884105740960062,0.0406550203032267,-2.1746533007877797,0.0296704301316652,-0.16809886370225,-0.0087222844897624
EleutherAI_pythia-12b-deduped,World-Knowledge Model,Semantic role) (patient):C(dominance (+dom),-0.0238561714614034,0.0406550203032268,-0.5867952170106264,0.5573493716425089,-0.1035444610676473,0.0558321181448405
EleutherAI_pythia-12b-deduped,World-Knowledge Model,Valence (+val):dominance (+dom),-0.0840490209351412,0.0406550203032267,-2.0673712694830533,0.0387149209093752,-0.163737310541385,-0.0043607313288973
EleutherAI_pythia-12b-deduped,World-Knowledge Model,Male perc,1.2420652138192336,0.0203275101516134,61.10267339950877,0.0,1.2022210690161117,1.2819093586223556
EleutherAI_pythia-12b-deduped,World-Knowledge Model,Male perc:semantic role (patient),0.0762187589554399,0.0203275101516134,3.7495373701432086,0.0001777732414461,0.0363746141523179,0.1160629037585619
EleutherAI_pythia-12b-deduped,World-Knowledge Model,Male perc:valence (+val),0.0055663694450018,0.0203275101516134,0.2738342966494596,0.7842154335302862,-0.0342777753581201,0.0454105142481238
EleutherAI_pythia-12b-deduped,World-Knowledge Model,Male perc:dominance (+dom),-0.0376507577599607,0.0203275101516134,-1.852207057290406,0.0640141531880897,-0.0774949025630827,0.0021933870431612
EleutherAI_pythia-12b-deduped,Human-Perception Model,Intercept,1.21831966287726,0.0402996587987099,30.23151309946721,2.1738766201241293e-195,1.1393279167582882,1.297311408996232
EleutherAI_pythia-12b-deduped,Human-Perception Model,Tense (past perfect),0.0892495067084848,0.0493568004325511,1.808251465377084,0.0705857961970923,-0.0074952292329927,0.1859942426499625
EleutherAI_pythia-12b-deduped,Human-Perception Model,Tense (present continuous),0.1016910857968036,0.0493568004325506,2.060325728280771,0.0393832485055408,0.0049463498553268,0.1984358217382804
EleutherAI_pythia-12b-deduped,Human-Perception Model,Tense (present perfect),0.1448856050018635,0.0493568004325505,2.9354740123371577,0.0033350351504014,0.048140869060387,0.24163034094334
EleutherAI_pythia-12b-deduped,Human-Perception Model,Tense (simple future),0.4260301844093742,0.0493568004325509,8.63164104390378,6.598552571411372e-18,0.329285448467897,0.5227749203508515
EleutherAI_pythia-12b-deduped,Human-Perception Model,Tense (simple past),0.0815226056058145,0.0493568004325508,1.6516995609798544,0.0986150768930413,-0.0152221303356625,0.1782673415472918
EleutherAI_pythia-12b-deduped,Human-Perception Model,Syntactic role (subject),-0.0062018504156192,0.0349005282835277,-0.177700760436523,0.8589601964059284,-0.0746107092439395,0.062207008412701
EleutherAI_pythia-12b-deduped,Human-Perception Model,Dominance (+dom),0.0774878536320969,0.0533114375510711,1.4534939816219614,0.146105903781049,-0.0270084042966784,0.1819841115608721
EleutherAI_pythia-12b-deduped,Human-Perception Model,Tense) (past perfect):C(dominance (+dom),0.0046914435447208,0.0698010565670557,0.0672116408469252,0.9464140424741708,-0.1321262741119199,0.1415091612013617
EleutherAI_pythia-12b-deduped,Human-Perception Model,Tense) (present continuous):C(dominance (+dom),0.0360399948174532,0.0698010565670555,0.5163244883382357,0.6056348006349765,-0.1007777228391873,0.1728577124740937
EleutherAI_pythia-12b-deduped,Human-Perception Model,Tense) (present perfect):C(dominance (+dom),0.030097250314776,0.0698010565670554,0.4311861710268335,0.6663387111650513,-0.1067204673418642,0.1669149679714164
EleutherAI_pythia-12b-deduped,Human-Perception Model,Tense) (simple future):C(dominance (+dom),0.056024236646688,0.0698010565670553,0.8026273440842193,0.4222018624928662,-0.0807934810099522,0.1928419543033282
EleutherAI_pythia-12b-deduped,Human-Perception Model,Tense) (simple past):C(dominance (+dom),-0.0305171836379424,0.0698010565670558,-0.4372023166816327,0.6619704224994927,-0.1673349012945835,0.1063005340186985
EleutherAI_pythia-12b-deduped,Human-Perception Model,Syntactic role)[non-subject]:C(valence (+val),-0.0074645762199972,0.0284961620160718,-0.2619502309043316,0.7933631230511868,-0.0633201755584883,0.0483910231184937
EleutherAI_pythia-12b-deduped,Human-Perception Model,Syntactic role)[subject]:C(valence (+val),-0.0191628820506934,0.0284961620160718,-0.6724723855754873,0.5012925476885918,-0.0750184813891844,0.0366927172877976
EleutherAI_pythia-12b-deduped,Human-Perception Model,Syntactic role) (subject):C(dominance (+dom),-0.1376829220031546,0.0402996587987099,-3.416478603227333,0.0006359149345653,-0.2166746681221265,-0.0586911758841827
EleutherAI_pythia-12b-deduped,Human-Perception Model,Male perc,1.4075667426194272,0.0246784002162754,57.03638527148668,0.0,1.3591943746486883,1.4559391105901658
EleutherAI_pythia-12b-deduped,Human-Perception Model,Male perc:tense (past perfect),-0.0603922070936586,0.0349005282835278,-1.7304095400229884,0.0835760596515709,-0.128801065921979,0.0080166517346616
EleutherAI_pythia-12b-deduped,Human-Perception Model,Male perc:tense (present continuous),-0.19886855715933,0.0349005282835278,-5.698153206843893,1.2320503359443512e-08,-0.2672774159876504,-0.1304596983310096
EleutherAI_pythia-12b-deduped,Human-Perception Model,Male perc:tense (present perfect),-0.2268841549538605,0.0349005282835278,-6.500880247733787,8.217065934302092e-11,-0.295293013782181,-0.1584752961255401
EleutherAI_pythia-12b-deduped,Human-Perception Model,Male perc:tense (simple future),-0.2712253258149884,0.0349005282835278,-7.771381671119289,8.224156344291461e-15,-0.3396341846433088,-0.202816466986668
EleutherAI_pythia-12b-deduped,Human-Perception Model,Male perc:tense (simple past),-0.1032358158578594,0.0349005282835278,-2.95800152419424,0.0031008513414336,-0.1716446746861798,-0.0348269570295391
EleutherAI_pythia-2.8b-deduped,World-Knowledge Model,Intercept,1.2137222313959315,0.0191886954351643,63.2519409929096,0.0,1.1761102882548362,1.2513341745370268
EleutherAI_pythia-2.8b-deduped,World-Knowledge Model,Semantic role (patient),-0.0573492068485236,0.0221571969497797,-2.588287994122546,0.009653985579488,-0.1007797378430362,-0.0139186758540111
EleutherAI_pythia-2.8b-deduped,World-Knowledge Model,Semantic role)[agent]:C(dominance (+dom),0.0228678048393273,0.0271369133286561,0.8426826058798409,0.3994183347196108,-0.0303235152580153,0.07605912493667
EleutherAI_pythia-2.8b-deduped,World-Knowledge Model,Semantic role)[patient]:C(dominance (+dom),-0.0118855125418132,0.027136913328656,-0.4379832148876854,0.6614042512421088,-0.0650768326391558,0.0413058075555293
EleutherAI_pythia-2.8b-deduped,World-Knowledge Model,Valence (+val):dominance[+dom],-0.2370904306453991,0.0221571969497798,-10.700380160124691,1.2423674175561811e-26,-0.2805209616399117,-0.1936598996508865
EleutherAI_pythia-2.8b-deduped,World-Knowledge Model,Valence (+val):dominance[-dom],0.010215071936027,0.0221571969497798,0.4610272661826268,0.644785190523909,-0.0332154590584855,0.0536456029305396
EleutherAI_pythia-2.8b-deduped,World-Knowledge Model,Male perc,1.1025507540808568,0.0156675042152751,70.37181793165989,0.0,1.0718407311041045,1.133260777057609
EleutherAI_pythia-2.8b-deduped,World-Knowledge Model,Male perc:semantic role (patient),0.0590919321828905,0.0156675042152751,3.7716238254002414,0.0001627615471489,0.0283819092061381,0.0898019551596428
EleutherAI_pythia-2.8b-deduped,World-Knowledge Model,Male perc:valence (+val),-0.0157423407729475,0.0156675042152751,-1.0047765461967728,0.3150193660034519,-0.0464523637496998,0.0149676822038047
EleutherAI_pythia-2.8b-deduped,World-Knowledge Model,Male perc:dominance (+dom),-0.0353824719633404,0.0156675042152751,-2.258334925408475,0.0239379422061725,-0.0660924949400927,-0.004672448986588
EleutherAI_pythia-2.8b-deduped,Human-Perception Model,Intercept,1.1628395419663144,0.0387759306707209,29.98869458069137,2.2467651903882894e-192,1.0868344664386762,1.2388446174939527
EleutherAI_pythia-2.8b-deduped,Human-Perception Model,Tense (past perfect),0.1215707528167779,0.0537295056259655,2.2626441728886317,0.0236707452953082,0.0162550308591947,0.2268864747743612
EleutherAI_pythia-2.8b-deduped,Human-Perception Model,Tense (present continuous),-0.1145790410988906,0.0537295056259651,-2.132516198762853,0.0329793460555433,-0.219894763056473,-0.0092633191413082
EleutherAI_pythia-2.8b-deduped,Human-Perception Model,Tense (present perfect),-0.0783667415045701,0.0537295056259649,-1.458542016934159,0.144710484635988,-0.183682463462152,0.0269489804530117
EleutherAI_pythia-2.8b-deduped,Human-Perception Model,Tense (simple future),0.1227815412398421,0.0537295056259652,2.285179061474685,0.0223151227800892,0.0174658192822595,0.2280972631974247
EleutherAI_pythia-2.8b-deduped,Human-Perception Model,Tense (simple past),0.0318546337480542,0.053729505625965,0.5928704047606266,0.5532761166803148,-0.0734610882095278,0.1371703557056363
EleutherAI_pythia-2.8b-deduped,Human-Perception Model,Tense[past continuous]:syntactic role (subject),0.0224450180412427,0.0379924977779207,0.5907750043822227,0.5546793820119753,-0.0520244431205207,0.0969144792030061
EleutherAI_pythia-2.8b-deduped,Human-Perception Model,Tense[past perfect]:syntactic role (subject),0.1369190303793622,0.0379924977779207,3.60384387411697,0.0003144802143534,0.0624495692175987,0.2113884915411257
EleutherAI_pythia-2.8b-deduped,Human-Perception Model,Tense[present continuous]:syntactic role (subject),-0.0620660415658843,0.0379924977779207,-1.633639407671529,0.1023539153072912,-0.1365355027276479,0.0124034195958791
EleutherAI_pythia-2.8b-deduped,Human-Perception Model,Tense[present perfect]:syntactic role (subject),0.0342140088813146,0.0379924977779207,0.9005464468618859,0.3678428337768033,-0.0402554522804488,0.108683470043078
EleutherAI_pythia-2.8b-deduped,Human-Perception Model,Tense[simple future]:syntactic role (subject),-0.0726430765534609,0.0379924977779206,-1.9120373969114868,0.055888922334908,-0.1471125377152243,0.0018263846083024
EleutherAI_pythia-2.8b-deduped,Human-Perception Model,Tense[simple past]:syntactic role (subject),0.0411058024791491,0.0379924977779208,1.0819452492812316,0.2792928745021925,-0.0333636586826144,0.1155752636409127
EleutherAI_pythia-2.8b-deduped,Human-Perception Model,Tense)[past continuous]:C(valence (+val),0.0520923057199757,0.0410365877639235,1.2694112390546195,0.2043125669082365,-0.0283439055699482,0.1325285170098997
EleutherAI_pythia-2.8b-deduped,Human-Perception Model,Tense)[past perfect]:C(valence (+val),0.0236294098289967,0.0410365877639234,0.57581322221362,0.564749390611386,-0.0568068014609271,0.1040656211189207
EleutherAI_pythia-2.8b-deduped,Human-Perception Model,Tense)[present continuous]:C(valence (+val),0.0583359862707686,0.0410365877639235,1.4215603550267275,0.1551730667521565,-0.0221002250191554,0.1387721975606926
EleutherAI_pythia-2.8b-deduped,Human-Perception Model,Tense)[present perfect]:C(valence (+val),0.0568161577149773,0.0410365877639235,1.384524416158355,0.1662169032789913,-0.0236200535749467,0.1372523690049014
EleutherAI_pythia-2.8b-deduped,Human-Perception Model,Tense)[simple future]:C(valence (+val),-0.0795404873481077,0.0410365877639235,-1.9382821935802907,0.0526060602935338,-0.1599766986380317,0.0008957239418162
EleutherAI_pythia-2.8b-deduped,Human-Perception Model,Tense)[simple past]:C(valence (+val),-0.0500429405704519,0.0410365877639235,-1.2194712888493655,0.2226830250430035,-0.130479151860376,0.0303932707194721
EleutherAI_pythia-2.8b-deduped,Human-Perception Model,Tense)[past continuous]:C(dominance (+dom),0.0153847908811525,0.0410365877639235,0.3749042432489429,0.7077365643721973,-0.0650514204087714,0.0958210021710765
EleutherAI_pythia-2.8b-deduped,Human-Perception Model,Tense)[past perfect]:C(dominance (+dom),-0.0071855216085953,0.0410365877639234,-0.175100367748227,0.8610029457886123,-0.0876217328985193,0.0732506896813285
EleutherAI_pythia-2.8b-deduped,Human-Perception Model,Tense)[present continuous]:C(dominance (+dom),-0.0342725081599572,0.0410365877639234,-0.8351695408283247,0.403634506657206,-0.1147087194498812,0.0461637031299667
EleutherAI_pythia-2.8b-deduped,Human-Perception Model,Tense)[present perfect]:C(dominance (+dom),-0.0032084776877005,0.0410365877639234,-0.078185781580047,0.9376812324572102,-0.0836446889776245,0.0772277336022234
EleutherAI_pythia-2.8b-deduped,Human-Perception Model,Tense)[simple future]:C(dominance (+dom),0.0798760256530543,0.0410365877639235,1.9464587580372772,0.0516168277091472,-0.0005601856368697,0.1603122369429784
EleutherAI_pythia-2.8b-deduped,Human-Perception Model,Tense)[simple past]:C(dominance (+dom),-0.0176474321854099,0.0410365877639235,-0.4300414129686574,0.6671712057916356,-0.098083643475334,0.062788779104514
EleutherAI_pythia-2.8b-deduped,Human-Perception Model,Valence (+val):dominance (+dom),-0.2473055025814261,0.0310207445365765,-7.972261990353863,1.660554515973399e-15,-0.3081095630035361,-0.1865014421593161
EleutherAI_pythia-2.8b-deduped,Human-Perception Model,Male perc,1.234686405415124,0.0205182938819617,60.17490598965311,0.0,1.194468299770162,1.2749045110600858
EleutherAI_pythia-2.8b-deduped,Human-Perception Model,Male perc:tense (past perfect),-0.0201338161034341,0.0268647528129825,-0.7494510090449941,0.4535962399465358,-0.0727916770822252,0.032524044875357
EleutherAI_pythia-2.8b-deduped,Human-Perception Model,Male perc:tense (present continuous),0.0072157194555975,0.0268647528129825,0.2685942992228262,0.7882453013756455,-0.0454421415231936,0.0598735804343886
EleutherAI_pythia-2.8b-deduped,Human-Perception Model,Male perc:tense (present perfect),-0.0567936017681188,0.0268647528129825,-2.1140563683382574,0.0345256095134653,-0.1094514627469099,-0.0041357407893277
EleutherAI_pythia-2.8b-deduped,Human-Perception Model,Male perc:tense (simple future),-0.1020372087380305,0.0268647528129825,-3.798181559620399,0.0001462909341718,-0.1546950697168217,-0.0493793477592394
EleutherAI_pythia-2.8b-deduped,Human-Perception Model,Male perc:tense (simple past),-0.006478214599549,0.0268647528129825,-0.2411417906818952,0.8094482592841438,-0.0591360755783402,0.046179646379242
EleutherAI_pythia-2.8b-deduped,Human-Perception Model,Male perc:syntactic role (subject),-0.1968951426374114,0.0155103722682882,-12.694417595635256,9.481562942703136e-37,-0.2272971728484664,-0.1664931124263565
EleutherAI_pythia-6.9b-deduped,World-Knowledge Model,Intercept,1.5070103252287557,0.0209626207187508,71.89035881762388,0.0,1.4659212945732532,1.5480993558842582
EleutherAI_pythia-6.9b-deduped,World-Knowledge Model,Semantic role (patient),0.031392740924351,0.0187495379654688,1.6743207743128004,0.0940867456222042,-0.0053584053457591,0.0681438871944613
EleutherAI_pythia-6.9b-deduped,World-Knowledge Model,Valence (+val),-0.0572849103465633,0.0265158508789953,-2.1604024931344696,0.0307560403308115,-0.1092588798345107,-0.005310940858616
EleutherAI_pythia-6.9b-deduped,World-Knowledge Model,Dominance (+dom),0.0709064897762532,0.0265158508789953,2.674117081885614,0.0075000946818068,0.0189325202883058,0.1228804592642006
EleutherAI_pythia-6.9b-deduped,World-Knowledge Model,Valence (+val):dominance (+dom),-0.0897314868499711,0.0374990759309376,-2.39289861476134,0.0167270990172212,-0.1632337793901915,-0.0162291943097507
EleutherAI_pythia-6.9b-deduped,World-Knowledge Model,Male perc,1.2727431609679856,0.0187495379654688,67.88130797206857,0.0,1.2359920146978751,1.3094943072380958
EleutherAI_pythia-6.9b-deduped,World-Knowledge Model,Male perc:semantic role (patient),-0.0162538294888261,0.0187495379654688,-0.8668922678927264,0.3860137925745432,-0.0530049757589363,0.0204973167812841
EleutherAI_pythia-6.9b-deduped,World-Knowledge Model,Male perc:valence (+val),-0.0235465624865732,0.0187495379654689,-1.2558476123485864,0.2091892138736887,-0.0602977087566836,0.013204583783537
EleutherAI_pythia-6.9b-deduped,World-Knowledge Model,Male perc:dominance (+dom),-0.0289415029247171,0.0187495379654688,-1.5435848594252757,0.1227083349958261,-0.0656926491948274,0.0078096433453931
EleutherAI_pythia-6.9b-deduped,Human-Perception Model,Intercept,1.34368214603749,0.0481105976240087,27.92902629351145,1.0358509224277237e-167,1.249380098963082,1.437984193111898
EleutherAI_pythia-6.9b-deduped,Human-Perception Model,Tense (past perfect),0.1217671900234353,0.0641474634986783,1.8982385800171853,0.0576823229574448,-0.003968872742442,0.2475032527893128
EleutherAI_pythia-6.9b-deduped,Human-Perception Model,Tense (present continuous),0.0970304207362878,0.0641474634986776,1.5126150816281008,0.1303968648430206,-0.0287056420295881,0.2227664835021638
EleutherAI_pythia-6.9b-deduped,Human-Perception Model,Tense (present perfect),0.3023271956673666,0.0641474634986774,4.713003120904381,2.4611140546530823e-06,0.1765911329014909,0.4280632584332422
EleutherAI_pythia-6.9b-deduped,Human-Perception Model,Tense (simple future),0.5632120563121416,0.0641474634986779,8.779958327171405,1.795241930506934e-18,0.4374759935462648,0.6889481190780182
EleutherAI_pythia-6.9b-deduped,Human-Perception Model,Tense (simple past),0.0789544354787145,0.0641474634986777,1.2308270845400155,0.2184053186910291,-0.0467816272871616,0.2046904982445908
EleutherAI_pythia-6.9b-deduped,Human-Perception Model,Valence (+val),0.0563797519768925,0.0523761846218566,1.0764386979299994,0.2817470485121722,-0.0462833133707595,0.1590428173245447
EleutherAI_pythia-6.9b-deduped,Human-Perception Model,Dominance (+dom),0.0943377546643616,0.0523761846218567,1.8011574410289168,0.0716965587775865,-0.0083253106832908,0.197000820012014
EleutherAI_pythia-6.9b-deduped,Human-Perception Model,Tense[past continuous]:syntactic role (subject),0.2297288576238197,0.0523761846218566,4.38613196593846,1.1610828830600665e-05,0.1270657922761675,0.3323919229714719
EleutherAI_pythia-6.9b-deduped,Human-Perception Model,Tense[past perfect]:syntactic role (subject),0.1002850925909473,0.0523761846218566,1.9147078641749364,0.0555472704136549,-0.0023779727567049,0.2029481579385995
EleutherAI_pythia-6.9b-deduped,Human-Perception Model,Tense[present continuous]:syntactic role (subject),-0.0997493032987797,0.0523761846218566,-1.9044782283960844,0.0568655310379698,-0.2024123686464319,0.0029137620488724
EleutherAI_pythia-6.9b-deduped,Human-Perception Model,Tense[present perfect]:syntactic role (subject),-0.0742110456817067,0.0523761846218566,-1.416885292762206,0.1565355952359684,-0.1768741110293589,0.0284520196659455
EleutherAI_pythia-6.9b-deduped,Human-Perception Model,Tense[simple future]:syntactic role (subject),-0.4314707773537604,0.0523761846218566,-8.2379192082981,1.8841998322143355e-16,-0.5341338427014126,-0.3288077120061081
EleutherAI_pythia-6.9b-deduped,Human-Perception Model,Tense[simple past]:syntactic role (subject),0.0971291755247226,0.0523761846218566,1.8544530539208173,0.0636924341310656,-0.0055338898229296,0.1997922408723748
EleutherAI_pythia-6.9b-deduped,Human-Perception Model,Tense) (past perfect):C(valence (+val),-0.0907322522316592,0.0641474634986778,-1.41443242309229,0.1572540929931386,-0.2164683149975357,0.0350038105342173
EleutherAI_pythia-6.9b-deduped,Human-Perception Model,Tense) (present continuous):C(valence (+val),-0.0264517310650703,0.0641474634986776,-0.412358176338735,0.6800823411350985,-0.1521877938309464,0.0992843317008058
EleutherAI_pythia-6.9b-deduped,Human-Perception Model,Tense) (present perfect):C(valence (+val),-0.1380413084045231,0.064147463498678,-2.151937128540833,0.0314169592405021,-0.2637773711704,-0.0123052456386462
EleutherAI_pythia-6.9b-deduped,Human-Perception Model,Tense) (simple future):C(valence (+val),-0.1521251424804674,0.064147463498678,-2.3714911577696665,0.0177280323293435,-0.2778612052463443,-0.0263890797145905
EleutherAI_pythia-6.9b-deduped,Human-Perception Model,Tense) (simple past):C(valence (+val),-0.1267661652827376,0.0641474634986778,-1.9761680099065853,0.0481525997714789,-0.2525022280486141,-0.001030102516861
EleutherAI_pythia-6.9b-deduped,Human-Perception Model,Tense) (past perfect):C(dominance (+dom),0.001865951589739,0.0641474634986777,0.0290884703457925,0.9767943876633356,-0.1238701111761371,0.1276020143556153
EleutherAI_pythia-6.9b-deduped,Human-Perception Model,Tense) (present continuous):C(dominance (+dom),0.0951200131573408,0.064147463498678,1.482833583268668,0.1381379808173101,-0.0306160496085359,0.2208560759232176
EleutherAI_pythia-6.9b-deduped,Human-Perception Model,Tense) (present perfect):C(dominance (+dom),0.0440508219672837,0.0641474634986776,0.686711828725571,0.4922741186783693,-0.0816852407985922,0.1697868847331597
EleutherAI_pythia-6.9b-deduped,Human-Perception Model,Tense) (simple future):C(dominance (+dom),0.0944374093354456,0.0641474634986778,1.4721924170453309,0.1409882480708455,-0.0312986534304308,0.2201734721013221
EleutherAI_pythia-6.9b-deduped,Human-Perception Model,Tense) (simple past):C(dominance (+dom),-0.0011746492649468,0.064147463498678,-0.0183117024568101,0.9853904161397974,-0.1269107120308237,0.12456141350093
EleutherAI_pythia-6.9b-deduped,Human-Perception Model,Syntactic role) (subject):C(valence (+val),-0.0492904581587657,0.0370355553187933,-1.330895614619115,0.1832419922068733,-0.1218842078434882,0.0233032915259567
EleutherAI_pythia-6.9b-deduped,Human-Perception Model,Syntactic role) (subject):C(dominance (+dom),-0.1249623787045118,0.0370355553187933,-3.3741192113595964,0.0007422498157901,-0.1975561283892343,-0.0523686290197893
EleutherAI_pythia-6.9b-deduped,Human-Perception Model,Valence (+val):dominance (+dom),-0.089731486849977,0.0370355553187934,-2.422847074320592,0.0154102399827879,-0.1623252365346996,-0.0171377371652544
EleutherAI_pythia-6.9b-deduped,Human-Perception Model,Male perc,1.39524379321876,0.0244967172601756,56.956357800929005,0.0,1.3472275411178978,1.4432600453196225
EleutherAI_pythia-6.9b-deduped,Human-Perception Model,Male perc:tense (past perfect),0.0233297761330829,0.0320737317493389,0.7273795364820247,0.4670039426947679,-0.0395382552498553,0.0861978075160212
EleutherAI_pythia-6.9b-deduped,Human-Perception Model,Male perc:tense (present continuous),-0.1727699570632168,0.0320737317493389,-5.386649686211765,7.277966383596874e-08,-0.2356379884461551,-0.1099019256802786
EleutherAI_pythia-6.9b-deduped,Human-Perception Model,Male perc:tense (present perfect),-0.1051659396145901,0.0320737317493389,-3.278880687675442,0.0010443825186133,-0.1680339709975284,-0.0422979082316518
EleutherAI_pythia-6.9b-deduped,Human-Perception Model,Male perc:tense (simple future),-0.2439154539675251,0.0320737317493389,-7.6048355044483555,3.007877776256825e-14,-0.3067834853504634,-0.1810474225845869
EleutherAI_pythia-6.9b-deduped,Human-Perception Model,Male perc:tense (simple past),-0.0489040602114564,0.0320737317493389,-1.5247387049829135,0.1273437012972649,-0.1117720915943946,0.0139639711714818
EleutherAI_pythia-6.9b-deduped,Human-Perception Model,Male perc:syntactic role (subject),-0.1312679478270959,0.0185177776593966,-7.088752778089714,1.4087828829392898e-12,-0.1675648226694572,-0.0949710729847346
Qwen_Qwen3-4B-Base,World-Knowledge Model,Intercept,1.6146158489349904,0.0223371516809514,72.28387361097131,0.0,1.5708325867731714,1.6583991110968097
Qwen_Qwen3-4B-Base,World-Knowledge Model,Semantic role (patient),0.0995091128936556,0.0292461966821912,3.4024633689976285,0.0006694173348493,0.042183366314047,0.1568348594732643
Qwen_Qwen3-4B-Base,World-Knowledge Model,Valence (+val),0.0025513002246806,0.0292461966821912,0.0872352823310592,0.9304855659799164,-0.0547744463549281,0.0598770468042893
Qwen_Qwen3-4B-Base,World-Knowledge Model,Dominance (+dom),0.0660027073823109,0.0292461966821913,2.2567962631018457,0.0240339866909213,0.0086769608027021,0.1233284539619197
Qwen_Qwen3-4B-Base,World-Knowledge Model,Semantic role) (patient):C(valence (+val),-0.0479628522011972,0.0337705990544716,-1.4202547051011327,0.1555526584334211,-0.1141569226396639,0.0182312182372693
Qwen_Qwen3-4B-Base,World-Knowledge Model,Semantic role) (patient):C(dominance (+dom),0.1313577181988771,0.0337705990544717,3.889706486609788,0.0001007638297103,0.0651636477604103,0.1975517886373439
Qwen_Qwen3-4B-Base,World-Knowledge Model,Valence (+val):dominance (+dom),-0.207660887203264,0.0337705990544717,-6.149162082328141,7.970790634799147e-10,-0.2738549576417307,-0.1414668167647973
Qwen_Qwen3-4B-Base,World-Knowledge Model,Male perc,1.1433205880224746,0.0168852995272358,67.71100424829925,0.0,1.1102235528032411,1.176417623241708
Qwen_Qwen3-4B-Base,World-Knowledge Model,Male perc:semantic role (patient),0.0679249995371998,0.0168852995272358,4.022729915311081,5.778674994322992e-05,0.0348279643179664,0.1010220347564332
Qwen_Qwen3-4B-Base,World-Knowledge Model,Male perc:valence (+val),-0.0374092493042427,0.0168852995272358,-2.215492194491534,0.0267400581787835,-0.0705062845234761,-0.0043122140850092
Qwen_Qwen3-4B-Base,World-Knowledge Model,Male perc:dominance (+dom),-0.0314746380192322,0.0168852995272358,-1.8640260404302509,0.0623360017063537,-0.0645716732384657,0.0016223972000011
Qwen_Qwen3-4B-Base,Human-Perception Model,Intercept,1.8670398649787856,0.0423119742738374,44.125567218762974,0.0,1.784103755916969,1.9499759740406024
Qwen_Qwen3-4B-Base,Human-Perception Model,Tense (past perfect),-0.0135867606349324,0.0574906520874999,-0.2363299100217827,0.813179651201323,-0.1262747425453408,0.0991012212754758
Qwen_Qwen3-4B-Base,Human-Perception Model,Tense (present continuous),-0.137804387212501,0.0574906520874993,-2.3969877225042806,0.0165416756352082,-0.2504923691229083,-0.0251164053020938
Qwen_Qwen3-4B-Base,Human-Perception Model,Tense (present perfect),-0.1470431607492871,0.0574906520874993,-2.55768817033926,0.0105460256215959,-0.2597311426596943,-0.0343551788388799
Qwen_Qwen3-4B-Base,Human-Perception Model,Tense (simple future),0.0829957697909836,0.0574906520874998,1.4436393879245863,0.1488596730649304,-0.0296922121194245,0.1956837517013918
Qwen_Qwen3-4B-Base,Human-Perception Model,Tense (simple past),0.0681587666934754,0.0574906520874995,1.18556259528487,0.2358123777478673,-0.044529215216932,0.1808467486038829
Qwen_Qwen3-4B-Base,Human-Perception Model,Syntactic role (subject),-0.271422258153367,0.0439092108238897,-6.181442414029768,6.503115878803236e-10,-0.3574891259894102,-0.1853553903173239
Qwen_Qwen3-4B-Base,Human-Perception Model,Valence (+val),0.0477975936100044,0.0469409208647491,1.0182500200139593,0.3085742788705877,-0.0442117583314893,0.1398069455514982
Qwen_Qwen3-4B-Base,Human-Perception Model,Dominance (+dom),0.0965680647013188,0.0439092108238898,2.19926668891026,0.0278729679921473,0.0105011968652754,0.1826349325373622
Qwen_Qwen3-4B-Base,Human-Perception Model,Tense (past perfect):syntactic role (subject),-0.1882470087121071,0.0574906520874999,-3.2743933470366264,0.0010611003007255,-0.3009349906225154,-0.0755590268016987
Qwen_Qwen3-4B-Base,Human-Perception Model,Tense (present continuous):syntactic role (subject),-0.0769744393894433,0.0574906520874998,-1.3389035711803992,0.180620753446949,-0.1896624212998515,0.0357135425209647
Qwen_Qwen3-4B-Base,Human-Perception Model,Tense (present perfect):syntactic role (subject),-0.0492750091955028,0.0574906520874997,-0.8570960218107646,0.3914044304767836,-0.1619629911059108,0.0634129727149052
Qwen_Qwen3-4B-Base,Human-Perception Model,Tense (simple future):syntactic role (subject),-0.1690874922953441,0.0574906520874998,-2.941130186486591,0.0032747718386134,-0.2817754742057523,-0.0563995103849359
Qwen_Qwen3-4B-Base,Human-Perception Model,Tense (simple past):syntactic role (subject),-0.0253564724265257,0.0574906520875,-0.4410538323331859,0.6591798798878065,-0.1380444543369342,0.0873315094838827
Qwen_Qwen3-4B-Base,Human-Perception Model,Tense) (past perfect):C(valence (+val),-0.1094027683616497,0.0574906520874999,-1.90296621083964,0.057062569592898,-0.222090750272058,0.0032852135487585
Qwen_Qwen3-4B-Base,Human-Perception Model,Tense) (present continuous):C(valence (+val),-0.022731956139448,0.0574906520874997,-0.3954026491967842,0.6925509328400767,-0.1354199380498561,0.08995602577096
Qwen_Qwen3-4B-Base,Human-Perception Model,Tense) (present perfect):C(valence (+val),-0.1312212727572717,0.0574906520874999,-2.28248015968848,0.0224738390766508,-0.24390925466768,-0.0185332908468633
Qwen_Qwen3-4B-Base,Human-Perception Model,Tense) (simple future):C(valence (+val),-0.0191227591037606,0.0574906520875,-0.3326237989900695,0.7394225572891056,-0.131810741014169,0.0935652228066478
Qwen_Qwen3-4B-Base,Human-Perception Model,Tense) (simple past):C(valence (+val),-0.11769019867562,0.0574906520875,-2.047118868933633,0.0406624260031799,-0.2303781805860284,-0.0050022167652115
Qwen_Qwen3-4B-Base,Human-Perception Model,Tense) (past perfect):C(dominance (+dom),0.0251181290748599,0.0574906520874997,0.4369080565764074,0.6621838211028088,-0.0875698528355481,0.1378061109852679
Qwen_Qwen3-4B-Base,Human-Perception Model,Tense) (present continuous):C(dominance (+dom),0.0472040425726701,0.0574906520874998,0.8210733546877558,0.4116165039338767,-0.065483939337738,0.1598920244830784
Qwen_Qwen3-4B-Base,Human-Perception Model,Tense) (present perfect):C(dominance (+dom),0.0620877429164195,0.0574906520874999,1.0799624053998005,0.2801749135571543,-0.0506002389939888,0.1747757248268278
Qwen_Qwen3-4B-Base,Human-Perception Model,Tense) (simple future):C(dominance (+dom),0.0583777272432669,0.0574906520874999,1.015429902489484,0.3099160289394101,-0.0543102546671414,0.1710657091536754
Qwen_Qwen3-4B-Base,Human-Perception Model,Tense) (simple past):C(dominance (+dom),0.0178933688754024,0.0574906520874999,0.3112396228898039,0.7556224464833433,-0.094794613035006,0.1305813507858108
Qwen_Qwen3-4B-Base,Human-Perception Model,Syntactic role) (subject):C(valence (+val),-0.0050657872925957,0.0331922434586051,-0.1526196112327689,0.8787001492045206,-0.0701262239830056,0.0599946493978141
Qwen_Qwen3-4B-Base,Human-Perception Model,Valence (+val):dominance (+dom),-0.2076608872032703,0.0331922434586051,-6.256307666044,4.040430393649693e-10,-0.2727213238936802,-0.1426004505128604
Qwen_Qwen3-4B-Base,Human-Perception Model,Male perc,1.2941565698717226,0.0219546054119449,58.94692915626728,0.0,1.2511231359537007,1.3371900037897444
Qwen_Qwen3-4B-Base,Human-Perception Model,Male perc:tense (past perfect),-0.0776974279800331,0.02874532604375,-2.7029586605411486,0.0068796561475767,-0.1340414189352373,-0.0213534370248288
Qwen_Qwen3-4B-Base,Human-Perception Model,Male perc:tense (present continuous),-0.1441600503281735,0.0287453260437499,-5.015077933322588,5.356937452107117e-07,-0.2005040412833777,-0.0878160593729694
Qwen_Qwen3-4B-Base,Human-Perception Model,Male perc:tense (present perfect),-0.1796526391318854,0.0287453260437499,-6.249803493564714,4.211904809029368e-10,-0.2359966300870896,-0.1233086481766812
Qwen_Qwen3-4B-Base,Human-Perception Model,Male perc:tense (simple future),-0.1235803080307468,0.0287453260437499,-4.299144418910379,1.724553953829309e-05,-0.179924298985951,-0.0672363170755427
Qwen_Qwen3-4B-Base,Human-Perception Model,Male perc:tense (simple past),-0.0679571333356865,0.0287453260437499,-2.364110716025857,0.0180850767414105,-0.1243011242908907,-0.0116131423804822
Qwen_Qwen3-4B-Base,Human-Perception Model,Male perc:syntactic role (subject),-0.1049483318825956,0.0165961217293026,-6.323666070567303,2.6208397640347286e-10,-0.1374785502278006,-0.0724181135373907
Qwen_Qwen3-8B-Base,World-Knowledge Model,Intercept,2.1042103259202776,0.0220958756712613,95.23090902693151,0.0,2.060899991342909,2.147520660497646
Qwen_Qwen3-8B-Base,World-Knowledge Model,Semantic role (patient),0.1307378420831131,0.0255141195335663,5.124136927833802,3.0231519265072697e-07,0.0807273754292404,0.1807483087369857
Qwen_Qwen3-8B-Base,World-Knowledge Model,Valence (+val),-0.1437452007575317,0.0312482870468072,-4.600098576354394,4.254679950123317e-06,-0.2049952633077622,-0.0824951382073011
Qwen_Qwen3-8B-Base,World-Knowledge Model,Dominance (+dom),0.06334837131412,0.0255141195335663,2.482875069656194,0.0130426555612248,0.0133379046602473,0.1133588379679928
Qwen_Qwen3-8B-Base,World-Knowledge Model,Semantic role) (patient):C(valence (+val),-0.0977078666683416,0.0360824138763777,-2.7079082625430564,0.006777931205554,-0.1684333468708557,-0.0269823864658275
Qwen_Qwen3-8B-Base,World-Knowledge Model,Valence (+val):dominance (+dom),0.0145330830527468,0.0360824138763777,0.4027746897017124,0.6871192613188929,-0.0561923971497671,0.0852585632552608
Qwen_Qwen3-8B-Base,World-Knowledge Model,Male perc,1.1465411964671683,0.0180412069381889,63.55124689802297,0.0,1.1111784563659113,1.1819039365684254
Qwen_Qwen3-8B-Base,World-Knowledge Model,Male perc:semantic role (patient),0.0910837145948998,0.0180412069381889,5.0486486246159865,4.497404348699997e-07,0.0557209744936427,0.1264464546961568
Qwen_Qwen3-8B-Base,World-Knowledge Model,Male perc:valence (+val),-0.0870703489109601,0.0180412069381889,-4.826193126062595,1.4042713979297715e-06,-0.1224330890122171,-0.051707608809703
Qwen_Qwen3-8B-Base,World-Knowledge Model,Male perc:dominance (+dom),-0.0248060415200763,0.0180412069381889,-1.374965743980682,0.1691609522660561,-0.0601687816213334,0.0105566985811807
Qwen_Qwen3-8B-Base,Human-Perception Model,Intercept,2.2919525263538016,0.0433293996625789,52.89601388899982,0.0,2.207022152744914,2.3768828999626894
Qwen_Qwen3-8B-Base,Human-Perception Model,Tense (past perfect),0.3203370027300734,0.0612770246523034,5.227685328191468,1.7376544180136507e-07,0.2002273165149699,0.4404466889451768
Qwen_Qwen3-8B-Base,Human-Perception Model,Tense (present continuous),-0.2971872946573978,0.0612770246523028,-4.849897597732485,1.2466606372485655e-06,-0.4172969808725001,-0.1770776084422955
Qwen_Qwen3-8B-Base,Human-Perception Model,Tense (present perfect),0.0396360562047996,0.0612770246523028,0.6468338896952311,0.5177485704546467,-0.0804736300103026,0.1597457424199019
Qwen_Qwen3-8B-Base,Human-Perception Model,Tense (simple future),0.1203598460099164,0.0612770246523034,1.9641920718712973,0.0495247995131346,0.0002501597948129,0.2404695322250198
Qwen_Qwen3-8B-Base,Human-Perception Model,Tense (simple past),0.0711914089202436,0.061277024652303,1.1617961107641344,0.2453353171971143,-0.048918277294859,0.1913010951353463
Qwen_Qwen3-8B-Base,Human-Perception Model,Syntactic role (subject),-0.3014712230981771,0.0433293996625788,-6.957659820949253,3.5914349528548146e-12,-0.3864015967070649,-0.2165408494892893
Qwen_Qwen3-8B-Base,Human-Perception Model,Valence (+val),-0.1576989189870567,0.0433293996625788,-3.639536209020051,0.0002739744070735,-0.2426292925959444,-0.072768545378169
Qwen_Qwen3-8B-Base,Human-Perception Model,Dominance (+dom),0.0700313320316651,0.0433293996625787,1.616254381021285,0.1060586908670515,-0.0148990415772224,0.1549617056405527
Qwen_Qwen3-8B-Base,Human-Perception Model,Tense (past perfect):syntactic role (subject),-0.1600867979292075,0.0612770246523033,-2.612509318746598,0.008996275994794,-0.2801964841443108,-0.0399771117141042
Qwen_Qwen3-8B-Base,Human-Perception Model,Tense (present continuous):syntactic role (subject),0.013823427721451,0.0612770246523033,0.2255890817135402,0.8215238636353509,-0.1062862584936521,0.1339331139365543
Qwen_Qwen3-8B-Base,Human-Perception Model,Tense (present perfect):syntactic role (subject),-0.0751876589463773,0.0612770246523033,-1.2270122345692431,0.2198357264380232,-0.1952973451614805,0.0449220272687259
Qwen_Qwen3-8B-Base,Human-Perception Model,Tense (simple future):syntactic role (subject),-0.0574147862168798,0.0612770246523033,-0.936970855596555,0.3487874410291322,-0.1775244724319832,0.0626948999982234
Qwen_Qwen3-8B-Base,Human-Perception Model,Tense (simple past):syntactic role (subject),0.0669405136830826,0.0612770246523034,1.0924243476721451,0.2746627824174298,-0.0531691725320209,0.1870501998981861
Qwen_Qwen3-8B-Base,Human-Perception Model,Tense) (past perfect):C(valence (+val),-0.1342436574603175,0.0612770246523034,-2.190766575597291,0.0284828076564924,-0.2543533436754209,-0.0141339712452141
Qwen_Qwen3-8B-Base,Human-Perception Model,Tense) (present continuous):C(valence (+val),0.0785288715758981,0.0612770246523032,1.2815385867947224,0.2000227974037731,-0.041580814639205,0.1986385577910012
Qwen_Qwen3-8B-Base,Human-Perception Model,Tense) (present perfect):C(valence (+val),-0.0594752229395753,0.0612770246523033,-0.9705958028649114,0.3317640085198514,-0.1795849091546787,0.0606344632755279
Qwen_Qwen3-8B-Base,Human-Perception Model,Tense) (simple future):C(valence (+val),-0.0167274404907808,0.0612770246523035,-0.2729806250498487,0.7848715696770462,-0.1368371267058845,0.1033822457243229
Qwen_Qwen3-8B-Base,Human-Perception Model,Tense) (simple past):C(valence (+val),-0.0338845921548572,0.0612770246523035,-0.5529738486345307,0.5802889060579196,-0.1539942783699609,0.0862250940602463
Qwen_Qwen3-8B-Base,Human-Perception Model,Tense) (past perfect):C(dominance (+dom),-0.0602389414977934,0.0612770246523032,-0.9830591782091244,0.3255929147990603,-0.1803486277128966,0.0598707447173096
Qwen_Qwen3-8B-Base,Human-Perception Model,Tense) (present continuous):C(dominance (+dom),-0.0341242615979217,0.0612770246523034,-0.5568850934187609,0.5776135909120428,-0.1542339478130251,0.0859854246171817
Qwen_Qwen3-8B-Base,Human-Perception Model,Tense) (present perfect):C(dominance (+dom),-0.0048315282960661,0.0612770246523033,-0.0788473057150057,0.9371550451487268,-0.1249412145111694,0.1152781579190372
Qwen_Qwen3-8B-Base,Human-Perception Model,Tense) (simple future):C(dominance (+dom),0.095732723836453,0.0612770246523033,1.5622939328346532,0.1182381871275248,-0.0243769623786503,0.2158424100515564
Qwen_Qwen3-8B-Base,Human-Perception Model,Tense) (simple past):C(dominance (+dom),0.0069634924082918,0.0612770246523034,0.1136395320726471,0.9095249487511512,-0.1131461938068117,0.1270731786233953
Qwen_Qwen3-8B-Base,Human-Perception Model,Male perc,1.1573881754554969,0.0234005503192379,49.45986994604944,0.0,1.1115205313906549,1.203255819520339
Qwen_Qwen3-8B-Base,Human-Perception Model,Male perc:tense (past perfect),0.034049432617131,0.0306385123261516,1.1113278691429125,0.2664436505392146,-0.0260054104904206,0.0941042757246826
Qwen_Qwen3-8B-Base,Human-Perception Model,Male perc:tense (present continuous),-0.1166968692754747,0.0306385123261516,-3.808829489931447,0.0001401386583708,-0.1767517123830264,-0.056642026167923
Qwen_Qwen3-8B-Base,Human-Perception Model,Male perc:tense (present perfect),-0.1048321997362459,0.0306385123261516,-3.421582569685206,0.0006241071603722,-0.1648870428437976,-0.0447773566286942
Qwen_Qwen3-8B-Base,Human-Perception Model,Male perc:tense (simple future),-0.1963646742287824,0.0306385123261516,-6.409079923282507,1.5042194612296483e-10,-0.2564195173363341,-0.1363098311212307
Qwen_Qwen3-8B-Base,Human-Perception Model,Male perc:tense (simple past),-0.0282380162906997,0.0306385123261517,-0.9216510250269876,0.3567242840983927,-0.0882928593982514,0.0318168268168519
Qwen_Qwen3-8B-Base,Human-Perception Model,Male perc:syntactic role (subject),0.0948741418252401,0.0176891533390733,5.363407733917589,8.27809379716687e-08,0.0602014619909544,0.1295468216595259
allenai_Olmo-3-1025-7B,World-Knowledge Model,Intercept,1.7205986574840724,0.0178215942677591,96.5457204127235,0.0,1.6856663825700189,1.755530932398126
allenai_Olmo-3-1025-7B,World-Knowledge Model,Semantic role (patient),0.0522911630891445,0.017821594267759,2.9341461994645512,0.0033493245845247,0.017358888175091,0.0872234380031979
allenai_Olmo-3-1025-7B,World-Knowledge Model,Valence (+val),-0.1590754731839373,0.017821594267759,-8.92599566536646,4.878672286215988e-19,-0.1940077480979908,-0.1241431982698838
allenai_Olmo-3-1025-7B,World-Knowledge Model,Dominance (+dom),0.0433410479804211,0.017821594267759,2.431940000947568,0.015028881724044,0.0084087730663677,0.0782733228944746
allenai_Olmo-3-1025-7B,World-Knowledge Model,Male perc,1.2437231009712817,0.0178215942677591,69.7874209391743,0.0,1.208790826057228,1.278655375885335
allenai_Olmo-3-1025-7B,World-Knowledge Model,Male perc:semantic role (patient),0.0386529419294947,0.0178215942677591,2.1688823877794925,0.0301060136495416,0.0037206670154411,0.0735852168435483
allenai_Olmo-3-1025-7B,World-Knowledge Model,Male perc:valence (+val),-0.0813147832525324,0.0178215942677591,-4.562710946665314,5.086543626846559e-06,-0.116247058166586,-0.0463825083384788
allenai_Olmo-3-1025-7B,World-Knowledge Model,Male perc:dominance (+dom),-0.0538064911943325,0.0178215942677591,-3.0191738396644623,0.0025385682340065,-0.0887387661083861,-0.0188742162802789
allenai_Olmo-3-1025-7B,Human-Perception Model,Intercept,1.8637183413840557,0.0448602983562286,41.54493861330473,0.0,1.7757872372971266,1.9516494454709843
allenai_Olmo-3-1025-7B,Human-Perception Model,Tense (past perfect),0.0110261027109421,0.0609531426883588,0.1808947369181014,0.8564524509858691,-0.1084487409825871,0.1305009464044715
allenai_Olmo-3-1025-7B,Human-Perception Model,Tense (present continuous),-0.1191453841572258,0.0609531426883583,-1.9547045304356687,0.0506350391029513,-0.2386202278507541,0.0003294595363024
allenai_Olmo-3-1025-7B,Human-Perception Model,Tense (present perfect),0.0295418139407363,0.0609531426883583,0.4846643280032003,0.6279209925692704,-0.0899330297527918,0.1490166576342646
allenai_Olmo-3-1025-7B,Human-Perception Model,Tense (simple future),0.2981631802515666,0.0609531426883588,4.891678543566079,1.009343164263462e-06,0.1786883365580373,0.4176380239450958
allenai_Olmo-3-1025-7B,Human-Perception Model,Tense (simple past),-0.0276762605936676,0.0609531426883584,-0.4540579758975011,0.6497931498978,-0.1471511042871961,0.0917985830998609
allenai_Olmo-3-1025-7B,Human-Perception Model,Syntactic role (subject),-0.3106959803526629,0.0497680326018447,-6.242882511316037,4.4021749870328844e-10,-0.4082467817353039,-0.2131451789700219
allenai_Olmo-3-1025-7B,Human-Perception Model,Valence (+val),-0.1668814982936906,0.0465537317024749,-3.584707223047788,0.00033844285908,-0.2581319174384601,-0.075631079148921
allenai_Olmo-3-1025-7B,Human-Perception Model,Dominance (+dom),-0.0250421686380798,0.0465537317024748,-0.5379196838209348,0.5906398489955741,-0.1162925877828492,0.0662082505066894
allenai_Olmo-3-1025-7B,Human-Perception Model,Tense (past perfect):syntactic role (subject),0.056922362413043,0.0609531426883588,0.9338708375395116,0.3503843687275533,-0.0625524812804862,0.1763972061065723
allenai_Olmo-3-1025-7B,Human-Perception Model,Tense (present continuous):syntactic role (subject),0.0526643342361814,0.0609531426883587,0.8640134357869559,0.3875932345336395,-0.0668105094573477,0.1721391779297106
allenai_Olmo-3-1025-7B,Human-Perception Model,Tense (present perfect):syntactic role (subject),-0.0407445441495382,0.0609531426883588,-0.6684568235940994,0.5038515075919442,-0.1602193878430675,0.078730299543991
allenai_Olmo-3-1025-7B,Human-Perception Model,Tense (simple future):syntactic role (subject),-0.1165028952850554,0.0609531426883588,-1.9113517391664496,0.055976927995388,-0.2359777389785848,0.0029719484084738
allenai_Olmo-3-1025-7B,Human-Perception Model,Tense (simple past):syntactic role (subject),0.1243284923316556,0.0609531426883589,2.0397388362290347,0.0413924474272598,0.004853648638126,0.2438033360251852
allenai_Olmo-3-1025-7B,Human-Perception Model,Tense) (past perfect):C(valence (+val),-0.0109963473031431,0.0609531426883588,-0.1804065683596531,0.8568356428158221,-0.1304711909966724,0.1084784963903862
allenai_Olmo-3-1025-7B,Human-Perception Model,Tense) (present continuous):C(valence (+val),-0.0330443416801353,0.0609531426883587,-0.5421269556039866,0.5877384676814714,-0.1525191853736644,0.0864305020133937
allenai_Olmo-3-1025-7B,Human-Perception Model,Tense) (present perfect):C(valence (+val),-0.0573018148180638,0.0609531426883589,-0.9400961507602054,0.3471821859292359,-0.1767766585115933,0.0621730288754656
allenai_Olmo-3-1025-7B,Human-Perception Model,Tense) (simple future):C(valence (+val),-0.1296134595718595,0.0609531426883591,-2.126444246436093,0.0334812813584271,-0.2490883032653894,-0.0101386158783296
allenai_Olmo-3-1025-7B,Human-Perception Model,Tense) (simple past):C(valence (+val),-0.0511253053352027,0.060953142688359,-0.8387640584275687,0.4016140339424419,-0.1706001490287323,0.0683495383583269
allenai_Olmo-3-1025-7B,Human-Perception Model,Tense) (past perfect):C(dominance (+dom),0.0067925885451086,0.0609531426883587,0.1114395131328633,0.9112692015289724,-0.1126822551484205,0.1262674322386378
allenai_Olmo-3-1025-7B,Human-Perception Model,Tense) (present continuous):C(dominance (+dom),0.0673659837384037,0.0609531426883588,1.1052093586516514,0.2690852095285266,-0.0521088599551256,0.1868408274319331
allenai_Olmo-3-1025-7B,Human-Perception Model,Tense) (present perfect):C(dominance (+dom),0.012695619985268,0.0609531426883588,0.2082849123986634,0.8350091160923853,-0.1067792237082613,0.1321704636787974
allenai_Olmo-3-1025-7B,Human-Perception Model,Tense) (simple future):C(dominance (+dom),0.1549034551238427,0.0609531426883589,2.541353050749699,0.0110516273971154,0.0354286114303132,0.2743782988173722
allenai_Olmo-3-1025-7B,Human-Perception Model,Tense) (simple past):C(dominance (+dom),0.0297946687683769,0.060953142688359,0.4888126756763138,0.6249809053215672,-0.0896801749251526,0.1492695124619065
allenai_Olmo-3-1025-7B,Human-Perception Model,Syntactic role) (subject):C(valence (+val),0.109639139788968,0.0351913133390776,3.1155171372141104,0.0018394162960724,0.0406603066211203,0.1786179729568156
allenai_Olmo-3-1025-7B,Human-Perception Model,Syntactic role) (subject):C(dominance (+dom),0.0462489945166692,0.0351913133390777,1.3142162121387118,0.1887919634572881,-0.0227298386511784,0.1152278276845169
allenai_Olmo-3-1025-7B,Human-Perception Model,Male perc,1.3672338774613175,0.0248840163009224,54.94426064214706,0.0,1.318458476769997,1.416009278152638
allenai_Olmo-3-1025-7B,Human-Perception Model,Male perc:tense (past perfect),-0.009688533486554,0.0304765713441794,-0.3179010321449574,0.7505640855165181,-0.0694259553333187,0.0500488883602105
allenai_Olmo-3-1025-7B,Human-Perception Model,Male perc:tense (present continuous),-0.1257409614936828,0.0304765713441794,-4.125823737639618,3.712458143941741e-05,-0.1854783833404475,-0.0660035396469182
allenai_Olmo-3-1025-7B,Human-Perception Model,Male perc:tense (present perfect),-0.1707323866883545,0.0304765713441794,-5.602086427644094,2.1521351587413978e-08,-0.2304698085351191,-0.1109949648415898
allenai_Olmo-3-1025-7B,Human-Perception Model,Male perc:tense (simple future),-0.2743445043094676,0.0304765713441794,-9.001816549874574,2.460829161445632e-19,-0.3340819261562323,-0.214607082462703
allenai_Olmo-3-1025-7B,Human-Perception Model,Male perc:tense (simple past),-0.0445994471736717,0.0304765713441794,-1.4634010719250274,0.1433769646048275,-0.1043368690204364,0.0151379746730929
allenai_Olmo-3-1025-7B,Human-Perception Model,Male perc:valence (+val),-0.0813147832525319,0.0175956566695388,-4.621298584059214,3.842698541610599e-06,-0.1158041998364557,-0.046825366668608
allenai_Olmo-3-1025-7B,Human-Perception Model,Male perc:dominance (+dom),-0.0538064911943314,0.0175956566695388,-3.057941638943197,0.0022322448830129,-0.0882959077782552,-0.0193170746104075
allenai_Olmo-3-1125-32B,World-Knowledge Model,Intercept,1.644056151995453,0.0161960088500319,101.50995638608886,0.0,1.6123102025261804,1.6758021014647255
allenai_Olmo-3-1125-32B,World-Knowledge Model,Valence (+val),-0.1141218314321166,0.0187015401387269,-6.102269149255478,1.0693615700706812e-09,-0.1507788963756461,-0.077464766488587
allenai_Olmo-3-1125-32B,World-Knowledge Model,Dominance (+dom),0.1142045142012405,0.0187015401387269,6.106690323581794,1.040234566960693e-09,0.0775474492577109,0.15086157914477
allenai_Olmo-3-1125-32B,World-Knowledge Model,Male perc,1.2552181416208053,0.018701540138727,67.11843689394908,0.0,1.2185610766772756,1.2918752065643349
allenai_Olmo-3-1125-32B,World-Knowledge Model,Male perc:semantic role (patient),0.0620512987894223,0.018701540138727,3.31797800229976,0.0009086997973515,0.0253942338458926,0.0987083637329519
allenai_Olmo-3-1125-32B,World-Knowledge Model,Male perc:valence (+val),-0.067743594358238,0.018701540138727,-3.622353766359333,0.0002928203547451,-0.1044006593017676,-0.0310865294147084
allenai_Olmo-3-1125-32B,World-Knowledge Model,Male perc:dominance (+dom),0.022053747960262,0.018701540138727,1.1792476874454485,0.2383167604614172,-0.0146033169832675,0.0587108129037917
allenai_Olmo-3-1125-32B,Human-Perception Model,Intercept,1.8399441996609496,0.0334599788578798,54.98940114325995,0.0,1.7743589758195826,1.905529423502317
allenai_Olmo-3-1125-32B,Human-Perception Model,Tense (past perfect),0.0119365677826814,0.0438093959622448,0.2724659292944483,0.7852672365799008,-0.0739346472812297,0.0978077828465927
allenai_Olmo-3-1125-32B,Human-Perception Model,Tense (present continuous),-0.0512865856683433,0.0438093959622444,-1.1706754804960762,0.2417463600712562,-0.1371578007322538,0.0345846293955671
allenai_Olmo-3-1125-32B,Human-Perception Model,Tense (present perfect),0.0673108604059184,0.0438093959622443,1.5364480364880648,0.1244479439124331,-0.0185603546579918,0.1531820754698287
allenai_Olmo-3-1125-32B,Human-Perception Model,Tense (simple future),0.4274200304875783,0.0438093959622446,9.756355254382722,1.995742448183524e-22,0.3415488154236675,0.5132912455514891
allenai_Olmo-3-1125-32B,Human-Perception Model,Tense (simple past),0.056541080258361,0.0438093959622445,1.290615380935376,0.1968553869344352,-0.0293301348055497,0.1424122953222718
allenai_Olmo-3-1125-32B,Human-Perception Model,Syntactic role (subject),-0.5624167464197184,0.0178851110078407,-31.446086422005276,8.932998260491156e-211,-0.5974735231696146,-0.5273599696698222
allenai_Olmo-3-1125-32B,Human-Perception Model,Valence (+val),-0.1141218314321167,0.0178851110078407,-6.380828801235071,1.808835290212452e-10,-0.1491786081820129,-0.0790650546822205
allenai_Olmo-3-1125-32B,Human-Perception Model,Dominance (+dom),0.0236313444683282,0.0438093959622444,0.5394126978763651,0.5896094896470722,-0.0622398705955822,0.1095025595322387
allenai_Olmo-3-1125-32B,Human-Perception Model,Tense) (past perfect):C(dominance (+dom),0.0154786728028568,0.0619558419291792,0.2498339514222126,0.8027189112148261,-0.1059615641579822,0.1369189097636959
allenai_Olmo-3-1125-32B,Human-Perception Model,Tense) (present continuous):C(dominance (+dom),0.1530756353848347,0.0619558419291794,2.470721575534599,0.013494227978433,0.0316353984239952,0.2745158723456742
allenai_Olmo-3-1125-32B,Human-Perception Model,Tense) (present perfect):C(dominance (+dom),0.0560102114120661,0.0619558419291794,0.9040343842972934,0.3659905305920254,-0.0654300255487733,0.1774504483729057
allenai_Olmo-3-1125-32B,Human-Perception Model,Tense) (simple future):C(dominance (+dom),0.3057784624926449,0.0619558419291795,4.935425828643796,8.076586045037264e-07,0.1843382255318052,0.4272186994534847
allenai_Olmo-3-1125-32B,Human-Perception Model,Tense) (simple past):C(dominance (+dom),0.0130960363050753,0.0619558419291793,0.2113769403706148,0.8325957918845551,-0.108344200655764,0.1345362732659148
allenai_Olmo-3-1125-32B,Human-Perception Model,Male perc,1.2883741785044325,0.0236597779487652,54.454195694244376,0.0,1.241998421980564,1.3347499350283003
allenai_Olmo-3-1125-32B,Human-Perception Model,Male perc:tense (past perfect),-0.0293251787645668,0.0309779209645896,-0.9466477365633408,0.3438323442142573,-0.0900452972449865,0.0313949397158527
allenai_Olmo-3-1125-32B,Human-Perception Model,Male perc:tense (present continuous),-0.0749011653014602,0.0309779209645896,-2.417888708124683,0.0156217442591589,-0.1356212837818798,-0.0141810468210405
allenai_Olmo-3-1125-32B,Human-Perception Model,Male perc:tense (present perfect),-0.0534428232015442,0.0309779209645896,-1.7251907661148018,0.0845120550067127,-0.1141629416819638,0.0072772952788754
allenai_Olmo-3-1125-32B,Human-Perception Model,Male perc:tense (simple future),-0.0850983004463211,0.0309779209645896,-2.747062998307588,0.0060197623312826,-0.1458184189267408,-0.0243781819659015
allenai_Olmo-3-1125-32B,Human-Perception Model,Male perc:tense (simple past),0.0267543597056891,0.0309779209645896,0.86365898267581,0.3877879611116971,-0.0339657587747305,0.0874744781861088
allenai_Olmo-3-1125-32B,Human-Perception Model,Male perc:dominance (+dom),0.0220537479602621,0.0178851110078408,1.2330786177728412,0.2175642176194597,-0.0130030287896341,0.0571105247101584
google_gemma-3-12b-pt,World-Knowledge Model,Intercept,1.7807124032560109,0.0216841553514843,82.12044114202104,0.0,1.738209085372322,1.8232157211396995
google_gemma-3-12b-pt,World-Knowledge Model,Valence (+val),-0.0163845542778633,0.0283912237941023,-0.5770992612606882,0.563880369053249,-0.0720344604175127,0.039265351861786
google_gemma-3-12b-pt,World-Knowledge Model,Dominance (+dom),0.0205088065582507,0.0283912237941024,0.7223643019752782,0.4700808860406166,-0.0351410995813988,0.0761587126979002
google_gemma-3-12b-pt,World-Knowledge Model,Semantic role) (patient):C(valence[+val],-0.0432587679986087,0.0283912237941023,-1.5236669018682718,0.1276113306857578,-0.0989086741382582,0.0123911381410406
google_gemma-3-12b-pt,World-Knowledge Model,Semantic role) (patient):C(valence[-val],-0.0054414751833697,0.0283912237941024,-0.1916604660240158,0.8480105613620937,-0.0610913813230192,0.0502084309562796
google_gemma-3-12b-pt,World-Knowledge Model,Semantic role) (patient):C(dominance (+dom),0.0300136153551409,0.0327833614002958,0.915513665260392,0.3599355678765195,-0.0342453612250671,0.0942725919353489
google_gemma-3-12b-pt,World-Knowledge Model,Valence (+val):dominance (+dom),-0.0481388731622828,0.0327833614002958,-1.4683934503997635,0.1420166656775925,-0.1123978497424908,0.0161201034179251
google_gemma-3-12b-pt,World-Knowledge Model,Male perc,1.1772359006787585,0.0163916807001479,71.81910886466531,0.0,1.1451064123886543,1.2093653889688625
google_gemma-3-12b-pt,World-Knowledge Model,Male perc:semantic role (patient),-0.0171430933744798,0.0163916807001479,-1.0458411000114884,0.2956499019076182,-0.0492725816645839,0.0149863949156242
google_gemma-3-12b-pt,World-Knowledge Model,Male perc:valence (+val),-0.0513330596980187,0.0163916807001479,-3.1316532231838434,0.0017413234007154,-0.0834625479881228,-0.0192035714079146
google_gemma-3-12b-pt,World-Knowledge Model,Male perc:dominance (+dom),-0.022241208394085,0.0163916807001479,-1.3568595436271702,0.1748446229579155,-0.054370696684189,0.009888279896019
google_gemma-3-12b-pt,Human-Perception Model,Intercept,1.7406660869094104,0.0372694228597042,46.704938079184,0.0,1.6676139335316835,1.8137182402871368
google_gemma-3-12b-pt,Human-Perception Model,Tense (past perfect),0.1288041471222576,0.0487971289605462,2.6395845383936223,0.0083086761264073,0.0331564263985555,0.2244518678459597
google_gemma-3-12b-pt,Human-Perception Model,Tense (present continuous),0.026838758917222,0.0487971289605461,0.5500069264099924,0.5823221622052884,-0.0688089618064797,0.1224864796409237
google_gemma-3-12b-pt,Human-Perception Model,Tense (present perfect),0.0758095015369589,0.048797128960546,1.5535647926797749,0.1203076857285708,-0.0198382191867426,0.1714572222606604
google_gemma-3-12b-pt,Human-Perception Model,Tense (simple future),0.3104981663393728,0.0487971289605462,6.36304169842489,2.0307616774859068e-10,0.2148504456156707,0.4061458870630749
google_gemma-3-12b-pt,Human-Perception Model,Tense (simple past),0.1019062643649879,0.0487971289605459,2.0883659866010245,0.0367803190551158,0.0062585436412865,0.1975539850886894
google_gemma-3-12b-pt,Human-Perception Model,Syntactic role (subject),-0.1131528246509555,0.0460063743872489,-2.4595031918515344,0.0139232585708982,-0.2033303605559778,-0.0229752887459331
google_gemma-3-12b-pt,Human-Perception Model,Valence (+val),-0.0675002676949568,0.0230031871936244,-2.934387618845492,0.0033467270811133,-0.1125890356474681,-0.0224114997424456
google_gemma-3-12b-pt,Human-Perception Model,Tense (past perfect):syntactic role (subject),0.0196274001883036,0.0563460710821044,0.3483366242111837,0.7275918924591216,-0.0908170744261032,0.1300718748027106
google_gemma-3-12b-pt,Human-Perception Model,Tense (present continuous):syntactic role (subject),-0.0670765969403502,0.0563460710821048,-1.1904396464947733,0.2338909822883093,-0.1775210715547579,0.0433678776740574
google_gemma-3-12b-pt,Human-Perception Model,Tense (present perfect):syntactic role (subject),0.0507360406365492,0.0563460710821047,0.900436173493252,0.3679014862064461,-0.0597084339778583,0.1611805152509567
google_gemma-3-12b-pt,Human-Perception Model,Tense (simple future):syntactic role (subject),-0.063862325311498,0.0563460710821046,-1.1333944689495936,0.2570653127209523,-0.1743067999259053,0.0465821493029092
google_gemma-3-12b-pt,Human-Perception Model,Tense (simple past):syntactic role (subject),0.0441023173169108,0.0563460710821047,0.7827043921597853,0.4338120980400717,-0.0663421572974966,0.1545467919313182
google_gemma-3-12b-pt,Human-Perception Model,Tense)[past continuous]:C(dominance (+dom),0.051998500987451,0.0430350226411846,1.20828334217462,0.2269558301353974,-0.0323548598475743,0.1363518618224763
google_gemma-3-12b-pt,Human-Perception Model,Tense)[past perfect]:C(dominance (+dom),0.0297368645485143,0.0430350226411845,0.6909921901622551,0.4895802932840952,-0.0546164962865107,0.1140902253835394
google_gemma-3-12b-pt,Human-Perception Model,Tense)[present continuous]:C(dominance (+dom),0.0847744921518772,0.0430350226411846,1.9698953770445533,0.0488672729786655,0.0004211313168519,0.1691278529869025
google_gemma-3-12b-pt,Human-Perception Model,Tense)[present perfect]:C(dominance (+dom),0.0516012260306278,0.0430350226411846,1.199051908508706,0.2305252002130028,-0.0327521348043974,0.1359545868656531
google_gemma-3-12b-pt,Human-Perception Model,Tense)[simple future]:C(dominance (+dom),0.10112593029372,0.0430350226411845,2.34985191333308,0.0187927468649792,0.0167725694586947,0.1854792911287452
google_gemma-3-12b-pt,Human-Perception Model,Tense)[simple past]:C(dominance (+dom),0.0011599315239903,0.0430350226411845,0.0269531988785417,0.978497392438163,-0.0831934293110348,0.0855132923590156
google_gemma-3-12b-pt,Human-Perception Model,Syntactic role) (subject):C(valence (+val),0.0162752608566617,0.0325314193070308,0.5002935993371874,0.6168751174498217,-0.0474898862924729,0.0800404080057964
google_gemma-3-12b-pt,Human-Perception Model,Syntactic role) (subject):C(dominance (+dom),-0.0839066265360363,0.0325314193070308,-2.5792488715025703,0.0099102254549455,-0.1476717736851711,-0.0201414793869015
google_gemma-3-12b-pt,Human-Perception Model,Male perc,1.1727434283948794,0.0199213444776876,58.86868879298662,0.0,1.133695409922663,1.2117914468670958
google_gemma-3-12b-pt,Human-Perception Model,Male perc:tense (past perfect),0.0144643938017069,0.0281730355410523,0.5134126842892087,0.6076696362769802,-0.0407578435054966,0.0696866311089105
google_gemma-3-12b-pt,Human-Perception Model,Male perc:tense (present continuous),-0.0818078936522576,0.0281730355410522,-2.903765678109176,0.0036919902600818,-0.1370301309594611,-0.026585656345054
google_gemma-3-12b-pt,Human-Perception Model,Male perc:tense (present perfect),-0.0709641089757589,0.0281730355410523,-2.5188662709899927,0.011782829017887,-0.1261863462829625,-0.0157418716685553
google_gemma-3-12b-pt,Human-Perception Model,Male perc:tense (simple future),-0.1039299772714447,0.0281730355410523,-3.6889875469756657,0.0002258807083929,-0.1591522145786483,-0.0487077399642411
google_gemma-3-12b-pt,Human-Perception Model,Male perc:tense (simple past),-0.0029596645987091,0.0281730355410523,-0.10505309569487,0.9163349706605564,-0.0581819019059127,0.0522625727084944
google_gemma-3-4b-pt,World-Knowledge Model,Intercept,1.604507180886802,0.0200540744093855,80.00903697334807,0.0,1.5651990000667952,1.6438153617068083
google_gemma-3-4b-pt,World-Knowledge Model,Dominance (+dom),0.0566651983282705,0.0262569468495101,2.158103097555216,0.0309343656648456,0.0051987086029303,0.1081316880536107
google_gemma-3-4b-pt,World-Knowledge Model,Valence (+val),0.005756441201752,0.0262569468495101,0.2192349794035337,0.8264697521098298,-0.0457100485235881,0.0572229309270922
google_gemma-3-4b-pt,World-Knowledge Model,Semantic role) (patient):C(valence[+val],-0.0588087698170052,0.0262569468495101,-2.239741358889269,0.0251211377286946,-0.1102752595423454,-0.007342280091665
google_gemma-3-4b-pt,World-Knowledge Model,Semantic role) (patient):C(valence[-val],0.0124431158951415,0.0262569468495101,0.4738980493984469,0.6355789541283853,-0.0390233738301986,0.0639096056204817
google_gemma-3-4b-pt,World-Knowledge Model,Semantic role) (patient):C(dominance (+dom),-0.0228663360716458,0.0303189106633247,-0.754193853650095,0.4507437166646094,-0.0822947194659864,0.0365620473226946
google_gemma-3-4b-pt,World-Knowledge Model,Valence (+val):dominance (+dom),-0.1624384694910916,0.0303189106633247,-5.357661800415048,8.545023561685359e-08,-0.2218668528854321,-0.1030100860967511
google_gemma-3-4b-pt,World-Knowledge Model,Male perc,1.0909815162838263,0.0151594553316624,71.96706559800832,0.0,1.061267324586656,1.1206957079809967
google_gemma-3-4b-pt,World-Knowledge Model,Male perc:semantic role (patient),0.0614917909534498,0.0151594553316624,4.056332474229236,5.0081184811473054e-05,0.0317775992562795,0.0912059826506202
google_gemma-3-4b-pt,World-Knowledge Model,Male perc:valence (+val),-0.0370016010071417,0.0151594553316624,-2.440826546707077,0.0146642549935141,-0.066715792704312,-0.0072874093099714
google_gemma-3-4b-pt,World-Knowledge Model,Male perc:dominance (+dom),-0.0336765903620887,0.0151594553316624,-2.221490787452702,0.0263314128809535,-0.063390782059259,-0.0039623986649184
google_gemma-3-4b-pt,Human-Perception Model,Intercept,1.884234449498209,0.0368153992448174,51.18060616342376,0.0,1.812072230519018,1.9563966684774
google_gemma-3-4b-pt,Human-Perception Model,Tense (past perfect),4.193214086400943e-06,0.0510129135943654,8.219907060678252e-05,0.9999344156373684,-0.0999867105130099,0.0999950969411827
google_gemma-3-4b-pt,Human-Perception Model,Tense (present continuous),-0.3012699361161688,0.0510129135943651,-5.905758265676618,3.580128380129344e-09,-0.4012608398432645,-0.2012790323890731
google_gemma-3-4b-pt,Human-Perception Model,Tense (present perfect),-0.186179420083512,0.051012913594365,-3.649652744086308,0.0002634159009759,-0.2861703238106075,-0.0861885163564164
google_gemma-3-4b-pt,Human-Perception Model,Tense (simple future),0.0646560585025717,0.0510129135943653,1.2674449261355931,0.2050143639807314,-0.0353348452245243,0.1646469622296679
google_gemma-3-4b-pt,Human-Perception Model,Tense (simple past),-0.0389785235133457,0.051012913594365,-0.7640913009456362,0.4448239042978551,-0.1389694272404413,0.0610123802137498
google_gemma-3-4b-pt,Human-Perception Model,Syntactic role (subject),-0.4855512914950349,0.0360715771306591,-13.460772445193127,4.412736956051882e-41,-0.5562555375774358,-0.414847045412634
google_gemma-3-4b-pt,Human-Perception Model,Valence (+val),-0.0126276587393621,0.0389617563277367,-0.3241039401083807,0.7458635056483388,-0.088996972928772,0.0637416554500478
google_gemma-3-4b-pt,Human-Perception Model,Tense (past perfect):syntactic role (subject),0.0155513192669298,0.0510129135943653,0.3048506382244277,0.760483807262203,-0.0844395844601663,0.1155422229940261
google_gemma-3-4b-pt,Human-Perception Model,Tense (present continuous):syntactic role (subject),0.1176933152507568,0.0510129135943656,2.3071278811205973,0.0210601715157496,0.0177024115236601,0.2176842189778535
google_gemma-3-4b-pt,Human-Perception Model,Tense (present perfect):syntactic role (subject),0.1571866785379801,0.0510129135943654,3.081311524134191,0.0020643462693023,0.0571957748108836,0.2571775822650766
google_gemma-3-4b-pt,Human-Perception Model,Tense (simple future):syntactic role (subject),0.1629647707162129,0.0510129135943654,3.194578769055312,0.0014030176895686,0.0629738669891166,0.2629556744433092
google_gemma-3-4b-pt,Human-Perception Model,Tense (simple past):syntactic role (subject),0.1013783932249795,0.0510129135943654,1.9873084300006956,0.046904948252425,0.0013874894978831,0.2013692969520759
google_gemma-3-4b-pt,Human-Perception Model,Tense) (past perfect):C(valence (+val),0.0014013350854266,0.0510129135943652,0.0274702028699925,0.9780850420784636,-0.0985895686416693,0.1013922388125225
google_gemma-3-4b-pt,Human-Perception Model,Tense) (present continuous):C(valence (+val),0.0213077991905473,0.0510129135943653,0.4176942207218075,0.6761762041253485,-0.0786831045365488,0.1212987029176435
google_gemma-3-4b-pt,Human-Perception Model,Tense) (present perfect):C(valence (+val),0.0188602167972533,0.0510129135943654,0.3697145579102255,0.7115999901375807,-0.081130686929843,0.1188511205243497
google_gemma-3-4b-pt,Human-Perception Model,Tense) (simple future):C(valence (+val),-0.0752472056908021,0.0510129135943652,-1.475061908620599,0.140215228689715,-0.1752381094178982,0.0247436980362938
google_gemma-3-4b-pt,Human-Perception Model,Tense) (simple past):C(valence (+val),-0.0697732028721832,0.0510129135943654,-1.367755690784342,0.1714074317932805,-0.1697641065992796,0.0302177008549131
google_gemma-3-4b-pt,Human-Perception Model,Tense)[past continuous]:C(dominance (+dom),0.0446159338406643,0.0389617563277369,1.1451212174668357,0.2521757729297091,-0.0317533803487459,0.1209852480300747
google_gemma-3-4b-pt,Human-Perception Model,Tense)[past perfect]:C(dominance (+dom),0.0328746856452709,0.0389617563277369,0.8437680624234948,0.3988114170231392,-0.0434946285441393,0.1092439998346811
google_gemma-3-4b-pt,Human-Perception Model,Tense)[present continuous]:C(dominance (+dom),0.0714054115299858,0.0389617563277369,1.8327051514141373,0.0668646748236489,-0.0049639026594243,0.1477747257193961
google_gemma-3-4b-pt,Human-Perception Model,Tense)[present perfect]:C(dominance (+dom),0.0294127290982055,0.0389617563277369,0.7549128137549223,0.4503122118122656,-0.0469565850912046,0.1057820432876157
google_gemma-3-4b-pt,Human-Perception Model,Tense)[simple future]:C(dominance (+dom),0.1074251281036846,0.0389617563277369,2.75719418806612,0.005836464374677,0.0310558139142744,0.1837944422930949
google_gemma-3-4b-pt,Human-Perception Model,Tense)[simple past]:C(dominance (+dom),-0.0143417064631177,0.0389617563277369,-0.3680970216660361,0.7128056749624256,-0.0907110206525279,0.0620276077262923
google_gemma-3-4b-pt,Human-Perception Model,Valence (+val):dominance (+dom),-0.1624384694910943,0.029452319395854,-5.515303134800337,3.534785118956426e-08,-0.2201682446744473,-0.1047086943077413
google_gemma-3-4b-pt,Human-Perception Model,Male perc,1.187389963503124,0.0194808781638684,60.95156252788425,0.0,1.149205306408419,1.225574620597829
google_gemma-3-4b-pt,Human-Perception Model,Male perc:tense (past perfect),-0.0136519814123913,0.0255064567971827,-0.5352362941253068,0.5924937792922937,-0.0636474332759395,0.0363434704511568
google_gemma-3-4b-pt,Human-Perception Model,Male perc:tense (present continuous),-0.1043031771780827,0.0255064567971827,-4.089285235007767,4.347829386912652e-05,-0.1542986290416309,-0.0543077253145346
google_gemma-3-4b-pt,Human-Perception Model,Male perc:tense (present perfect),-0.0815225866370027,0.0255064567971827,-3.1961548907101496,0.0013953805872858,-0.1315180385005509,-0.0315271347734545
google_gemma-3-4b-pt,Human-Perception Model,Male perc:tense (simple future),-0.0918788869721502,0.0255064567971827,-3.6021815065391043,0.0003164970494253,-0.1418743388356984,-0.041883435108602
google_gemma-3-4b-pt,Human-Perception Model,Male perc:tense (simple past),-0.0364000392800342,0.0255064567971827,-1.4270911702661435,0.1535727864718232,-0.0863954911435824,0.0135954125835138
google_gemma-3-4b-pt,Human-Perception Model,Male perc:syntactic role (subject),-0.0927510710278253,0.014726159697927,-6.298388237693892,3.084683495802786e-10,-0.1216159586195018,-0.0638861834361488
gpt2,World-Knowledge Model,Intercept,1.2815797188399338,0.0204964025210098,62.5270565176622,0.0,1.241404526689847,1.3217549109900206
gpt2,World-Knowledge Model,Semantic role (patient),-0.0766198040725253,0.0268360902933744,-2.8551030807733606,0.0043077135213577,-0.1292214780974303,-0.0240181300476204
gpt2,World-Knowledge Model,Valence (+val),-0.07382617153536,0.0268360902933744,-2.751003247055962,0.0059478598619007,-0.126427845560265,-0.021224497510455
gpt2,World-Knowledge Model,Dominance (+dom),0.094384649736645,0.0268360902933744,3.51707900460998,0.0004375097530848,0.0417829757117399,0.1469863237615501
gpt2,World-Knowledge Model,Semantic role) (patient):C(valence (+val),-0.0113406850269985,0.0309876479097536,-0.3659743734027946,0.7143889446295743,-0.0720798663432062,0.0493984962892092
gpt2,World-Knowledge Model,Semantic role) (patient):C(dominance (+dom),-0.0419537204317273,0.0309876479097536,-1.3538852820940326,0.1757917390707963,-0.1026929017479349,0.0187854608844802
gpt2,World-Knowledge Model,Valence (+val):dominance (+dom),-0.0368612747387612,0.0309876479097536,-1.18954735919659,0.2342416625965374,-0.0976004560549689,0.0238779065774465
gpt2,World-Knowledge Model,Male perc,0.9028203338081152,0.0134180451466872,67.28404353528437,0.0,0.8765194967956627,0.9291211708205678
gpt2,World-Knowledge Model,Male perc:semantic role (patient),-0.0079036306000594,0.0154938239548768,-0.5101149092101079,0.6099778635016123,-0.0382732212581632,0.0224659600580444
gpt2,World-Knowledge Model,Male perc:dominance (+dom),-0.0227279827660964,0.0154938239548768,-1.4669059640982036,0.1424209185807207,-0.0530975734242003,0.0076416078920074
gpt2,Human-Perception Model,Intercept,1.1889321407190263,0.0277222572281488,42.887277573912726,0.0,1.1345934800421966,1.243270801395856
gpt2,Human-Perception Model,Tense (past perfect),0.0676327698654337,0.0376671302328983,1.7955381641037127,0.0725865133934107,-0.0061989311952268,0.1414644709260943
gpt2,Human-Perception Model,Tense (present continuous),0.1262097126902911,0.037667130232898,3.350659100120689,0.0008080252243046,0.052378011629631,0.2000414137509512
gpt2,Human-Perception Model,Tense (present perfect),-0.1314440881378339,0.0376671302328979,-3.4896231097274453,0.0004849797085168,-0.2052757891984936,-0.0576123870771741
gpt2,Human-Perception Model,Tense (simple future),0.2839512256325166,0.0376671302328981,7.538435338100591,5.006023190817684e-14,0.2101195245718564,0.3577829266931768
gpt2,Human-Perception Model,Tense (simple past),0.0349683485655821,0.0376671302328981,0.9283518109654396,0.3532388532094727,-0.0388633524950781,0.1088000496262423
gpt2,Human-Perception Model,Valence (+val),-0.0979271514182414,0.0153775415242604,-6.368192943179282,1.9638731535516102e-10,-0.128068817158295,-0.0677854856781878
gpt2,Human-Perception Model,Tense)[past continuous]:C(dominance (+dom),0.0605451623740561,0.037667130232898,1.6073739092864778,0.107991738574341,-0.0132865386866037,0.1343768634347161
gpt2,Human-Perception Model,Tense)[past perfect]:C(dominance (+dom),0.0457866613457601,0.0376671302328981,1.2155601199947668,0.2241701387481201,-0.0280450397149,0.1196183624064203
gpt2,Human-Perception Model,Tense)[present continuous]:C(dominance (+dom),0.0863325444603099,0.0376671302328981,2.291986247067685,0.0219191228457388,0.0125008433996497,0.1601642455209702
gpt2,Human-Perception Model,Tense)[present perfect]:C(dominance (+dom),0.1086930495827203,0.0376671302328982,2.8856206700819604,0.0039115514091583,0.0348613485220599,0.1825247506433807
gpt2,Human-Perception Model,Tense)[simple future]:C(dominance (+dom),-0.0174069478062673,0.0376671302328979,-0.4621256702764246,0.6439973703897864,-0.0912386488669271,0.0564247532543924
gpt2,Human-Perception Model,Tense)[simple past]:C(dominance (+dom),0.0459124429518272,0.0376671302328979,1.218899413572208,0.222900011764322,-0.0279192581088325,0.1197441440124871
gpt2,Human-Perception Model,Male perc,0.8241091714779712,0.020342575324381,40.51154577711006,0.0,0.7842354956532627,0.8639828473026798
gpt2,Human-Perception Model,Male perc:tense (past perfect),-0.044132171021326,0.026634683215519,-1.6569437174913288,0.0975501003129996,-0.0963390675078568,0.0080747254652047
gpt2,Human-Perception Model,Male perc:tense (present continuous),0.1322232840836802,0.026634683215519,4.96432726508414,6.96359288323376e-07,0.0800163875971494,0.184430180570211
gpt2,Human-Perception Model,Male perc:tense (present perfect),0.0478378277108471,0.026634683215519,1.7960727118005937,0.0725014653520453,-0.0043690687756836,0.1000447241973779
gpt2,Human-Perception Model,Male perc:tense (simple future),0.1487809681256688,0.0266346832155191,5.585986021376046,2.360923962943413e-08,0.096574071639138,0.2009878646121997
gpt2,Human-Perception Model,Male perc:tense (simple past),-0.0150104545295101,0.026634683215519,-0.5635679766885339,0.5730559384235727,-0.0672173510160409,0.0371964419570206
gpt2,Human-Perception Model,Male perc:syntactic role (subject),0.0368908931710115,0.0153775415242603,2.3990111236448737,0.016450575677027,0.006749227430958,0.067032558911065
meta-llama_Llama-3.1-70B,World-Knowledge Model,Intercept,1.350915721818515,0.0207290690737603,65.17011048646434,0.0,1.3102844777610716,1.3915469658759585
meta-llama_Llama-3.1-70B,World-Knowledge Model,Valence (+val),0.0777981328029258,0.0271407223189928,2.866472450089637,0.0041560548716906,0.0245993466676519,0.1309969189381996
meta-llama_Llama-3.1-70B,World-Knowledge Model,Dominance (+dom),0.1738382676068476,0.0271407223189928,6.405071521814183,1.5441192651464758e-10,0.1206394814715737,0.2270370537421215
meta-llama_Llama-3.1-70B,World-Knowledge Model,Semantic role) (patient):C(valence[+val],-0.0208538878197833,0.0271407223189928,-0.7683615629194199,0.4422835339592187,-0.0740526739550571,0.0323448983154905
meta-llama_Llama-3.1-70B,World-Knowledge Model,Semantic role) (patient):C(valence[-val],0.0289335063859466,0.0271407223189928,1.0660551346380085,0.2864144994615377,-0.0242652797493271,0.0821322925212205
meta-llama_Llama-3.1-70B,World-Knowledge Model,Semantic role) (patient):C(dominance (+dom),-0.0534727208754585,0.0313394066737427,-1.7062454765699129,0.0879814223744693,-0.1149013878669819,0.0079559461160648
meta-llama_Llama-3.1-70B,World-Knowledge Model,Valence (+val):dominance (+dom),-0.1461123597388204,0.0313394066737428,-4.662256731913116,3.1523830002363466e-06,-0.2075410267303439,-0.0846836927472969
meta-llama_Llama-3.1-70B,World-Knowledge Model,Male perc,1.07210935756695,0.0135703611594964,79.00374536581117,0.0,1.045509964499313,1.098708750634587
meta-llama_Llama-3.1-70B,World-Knowledge Model,Male perc:semantic role (patient),0.052660388820054,0.0156697033368714,3.360650019208862,0.0007793768750995,0.0219460553242923,0.0833747223158158
meta-llama_Llama-3.1-70B,World-Knowledge Model,Male perc:valence (+val),-0.0364882302247047,0.0156697033368714,-2.3285846222019098,0.0198932381015621,-0.0672025637204664,-0.005773896728943
meta-llama_Llama-3.1-70B,Human-Perception Model,Intercept,1.1744280646828806,0.0323496491556595,36.30419789197048,1.3977335957053286e-277,1.111019207529873,1.2378369218358882
meta-llama_Llama-3.1-70B,Human-Perception Model,Tense (past perfect),0.2081271900850283,0.0457493125739451,4.549296554972928,5.42139203062983e-06,0.1184535243246665,0.2978008558453901
meta-llama_Llama-3.1-70B,Human-Perception Model,Tense (present continuous),-0.0074583165785532,0.0457493125739449,-0.1630257627696216,0.8705001718817784,-0.0971319823389147,0.0822153491818082
meta-llama_Llama-3.1-70B,Human-Perception Model,Tense (present perfect),0.1492127362419764,0.0457493125739448,3.2615295803801034,0.0011104061742957,0.0595390704816152,0.2388864020023375
meta-llama_Llama-3.1-70B,Human-Perception Model,Tense (simple future),0.4864384370692006,0.0457493125739451,10.632693907322972,2.5609334106430187e-26,0.3967647713088388,0.5761121028295624
meta-llama_Llama-3.1-70B,Human-Perception Model,Tense (simple past),0.2061761295094624,0.0457493125739448,4.506649781375818,6.631753000083646e-06,0.1165024637491012,0.2958497952698236
meta-llama_Llama-3.1-70B,Human-Perception Model,Syntactic role (subject),0.0692609001608622,0.03735415729642,1.8541684560368907,0.0637331194394757,-0.0039573413317287,0.1424791416534532
meta-llama_Llama-3.1-70B,Human-Perception Model,Tense (past perfect):syntactic role (subject),-0.0914909811580971,0.0528267558596151,-1.731906108359759,0.0833092054240138,-0.195037211290028,0.0120552489738336
meta-llama_Llama-3.1-70B,Human-Perception Model,Tense (present continuous):syntactic role (subject),0.0690052705652398,0.052826755859615,1.3062560712344045,0.1914839280703916,-0.0345409595666908,0.1725515006971705
meta-llama_Llama-3.1-70B,Human-Perception Model,Tense (present perfect):syntactic role (subject),0.0240893195657189,0.0528267558596151,0.4560060365950789,0.6483917142565137,-0.0794569105662118,0.1276355496976498
meta-llama_Llama-3.1-70B,Human-Perception Model,Tense (simple future):syntactic role (subject),0.1098480224608973,0.0528267558596151,2.0794012555458385,0.0375960838861022,0.0063017923289663,0.2133942525928282
meta-llama_Llama-3.1-70B,Human-Perception Model,Tense (simple past):syntactic role (subject),-0.0031298469094892,0.0528267558596151,-0.0592473805850708,0.9527557981728406,-0.1066760770414201,0.1004163832224416
meta-llama_Llama-3.1-70B,Human-Perception Model,Tense)[past continuous]:C(dominance (+dom),0.0128924201516587,0.03735415729642,0.3451401687194364,0.7299934512257682,-0.0603258213409323,0.0861106616442498
meta-llama_Llama-3.1-70B,Human-Perception Model,Tense)[past perfect]:C(dominance (+dom),0.0479546042049637,0.03735415729642,1.2837822527871507,0.1992364092057543,-0.0252636372876274,0.1211728456975548
meta-llama_Llama-3.1-70B,Human-Perception Model,Tense)[present continuous]:C(dominance (+dom),0.0935586368336392,0.03735415729642,2.5046378664418625,0.0122673685110666,0.0203403953410481,0.1667768783262303
meta-llama_Llama-3.1-70B,Human-Perception Model,Tense)[present perfect]:C(dominance (+dom),0.0893348245059746,0.0373541572964199,2.3915631076098856,0.016788069119231,0.0161165830133836,0.1625530659985655
meta-llama_Llama-3.1-70B,Human-Perception Model,Tense)[simple future]:C(dominance (+dom),0.1889273250804218,0.0373541572964201,5.057732224587701,4.288792667448716e-07,0.1157090835878305,0.262145566573013
meta-llama_Llama-3.1-70B,Human-Perception Model,Tense)[simple past]:C(dominance (+dom),0.011606553021594,0.0373541572964201,0.3107165001606493,0.756020126608469,-0.0616116884709971,0.0848247945141852
meta-llama_Llama-3.1-70B,Human-Perception Model,Male perc,1.066875753870606,0.0201735506204698,52.88487752810644,0.0,1.027333384078365,1.106418123662847
meta-llama_Llama-3.1-70B,Human-Perception Model,Male perc:tense (past perfect),0.1065321472948146,0.0264133779298075,4.03326479399641,5.525786303744553e-05,0.0547590322288492,0.15830526236078
meta-llama_Llama-3.1-70B,Human-Perception Model,Male perc:tense (present continuous),-0.1587992792487353,0.0264133779298075,-6.012077655146488,1.870681035527055e-09,-0.2105723943147006,-0.1070261641827699
meta-llama_Llama-3.1-70B,Human-Perception Model,Male perc:tense (present perfect),-0.0694702432244032,0.0264133779298075,-2.630115822709896,0.0085436016264186,-0.1212433582903687,-0.0176971281584378
meta-llama_Llama-3.1-70B,Human-Perception Model,Male perc:tense (simple future),-0.1605846748026316,0.0264133779298075,-6.079672021858722,1.231134876375517e-09,-0.212357789868597,-0.1088115597366662
meta-llama_Llama-3.1-70B,Human-Perception Model,Male perc:tense (simple past),0.0381020955013032,0.0264133779298075,1.4425302058130542,0.1491720770237869,-0.0136710195646621,0.0898752105672686
meta-llama_Llama-3.1-70B,Human-Perception Model,Male perc:syntactic role (subject),0.1080460174812545,0.0152497708579817,7.085091211367503,1.4463885092120506e-12,0.0781547955611339,0.1379372394013752
meta-llama_Llama-3.1-8B,World-Knowledge Model,Intercept,1.5645424936331933,0.0184858971449601,84.63438270615582,0.0,1.5283081123876896,1.600776874878697
meta-llama_Llama-3.1-8B,World-Knowledge Model,Semantic role (patient),0.0050507788564699,0.01653428905648,0.3054729985194294,0.7600098296989877,-0.0273582369785658,0.0374597946915057
meta-llama_Llama-3.1-8B,World-Knowledge Model,Valence (+val),0.0405612122778763,0.0233830158278711,1.734644178341182,0.0828227389802334,-0.0052720574591956,0.0863944820149484
meta-llama_Llama-3.1-8B,World-Knowledge Model,Dominance (+dom),0.0993660721124361,0.0233830158278711,4.249497705680792,2.154399677814115e-05,0.053532802375364,0.1451993418495082
meta-llama_Llama-3.1-8B,World-Knowledge Model,Valence (+val):dominance (+dom),-0.1323129691329598,0.03306857811296,-4.0011689852822725,6.330864075814947e-05,-0.1971310008030312,-0.0674949374628884
meta-llama_Llama-3.1-8B,World-Knowledge Model,Male perc,1.151517692765906,0.0143191143564267,80.41822029650022,0.0,1.123450661741113,1.1795847237906991
meta-llama_Llama-3.1-8B,World-Knowledge Model,Male perc:semantic role (patient),0.044176085089152,0.01653428905648,2.6717861855595677,0.0075523646539074,0.0117670692541163,0.0765851009241878
meta-llama_Llama-3.1-8B,World-Knowledge Model,Male perc:valence (+val),-0.0559700334574852,0.01653428905648,-3.3850886038277985,0.0007132296260609,-0.088379049292521,-0.0235610176224495
meta-llama_Llama-3.1-8B,Human-Perception Model,Intercept,1.7014419854855705,0.0360729161915212,47.16674350507561,0.0,1.6307351163096035,1.7721488546615374
meta-llama_Llama-3.1-8B,Human-Perception Model,Tense (past perfect),0.0846426571116851,0.0483968956505365,1.7489274048251222,0.0803223985385326,-0.0102205624605028,0.1795058766838731
meta-llama_Llama-3.1-8B,Human-Perception Model,Tense (present continuous),-0.1653098611270287,0.0483968956505363,-3.415712080392429,0.0006377066981794,-0.2601730806992163,-0.0704466415548412
meta-llama_Llama-3.1-8B,Human-Perception Model,Tense (present perfect),-0.0377542832318242,0.0483968956505363,-0.7800972092185396,0.4353449911570617,-0.1326175028040118,0.0571089363403632
meta-llama_Llama-3.1-8B,Human-Perception Model,Tense (simple future),0.2430389404297293,0.0483968956505366,5.021787806074596,5.17335899097293e-07,0.1481757208575413,0.3379021600019173
meta-llama_Llama-3.1-8B,Human-Perception Model,Tense (simple past),-0.0178402171414921,0.0483968956505363,-0.3686231710048629,0.7124134115203051,-0.1127034367136796,0.0770230024306953
meta-llama_Llama-3.1-8B,Human-Perception Model,Syntactic role (subject),-0.4106506347656037,0.039515899826179,-10.392035524230929,3.231662136050091e-25,-0.4881061292020914,-0.333195140329116
meta-llama_Llama-3.1-8B,Human-Perception Model,Tense (past perfect):syntactic role (subject),0.0117108513327048,0.0558839214635589,0.2095567208958546,0.8340162812960386,-0.0978277593796896,0.1212494620450993
meta-llama_Llama-3.1-8B,Human-Perception Model,Tense (present continuous):syntactic role (subject),0.1873626708984138,0.055883921463559,3.3527115848623827,0.0008020622875966,0.0778240601860193,0.2969012816108083
meta-llama_Llama-3.1-8B,Human-Perception Model,Tense (present perfect):syntactic role (subject),0.1093241972081787,0.0558839214635591,1.9562728302713492,0.0504500827826423,-0.0002144135042161,0.2188628079205736
meta-llama_Llama-3.1-8B,Human-Perception Model,Tense (simple future):syntactic role (subject),0.2262777889475602,0.0558839214635591,4.049067835998443,5.1659864429776736e-05,0.1167391782351654,0.335816399659955
meta-llama_Llama-3.1-8B,Human-Perception Model,Tense (simple past):syntactic role (subject),0.1031845990349001,0.0558839214635594,1.84640942032288,0.0648509050756276,-0.0063540116774952,0.2127232097472954
meta-llama_Llama-3.1-8B,Human-Perception Model,Tense)[past continuous]:C(dominance (+dom),0.0371504241345012,0.0426820500396211,0.8703992451162731,0.3840950824169911,-0.0465110717171403,0.1208119199861429
meta-llama_Llama-3.1-8B,Human-Perception Model,Tense)[past perfect]:C(dominance (+dom),0.0978452196308207,0.0426820500396211,2.2924208078101302,0.0218940577715219,0.0141837237791791,0.1815067154824623
meta-llama_Llama-3.1-8B,Human-Perception Model,Tense)[present continuous]:C(dominance (+dom),0.0803114348766849,0.0426820500396211,1.881620840660956,0.0599053264599685,-0.0033500609749566,0.1639729307283265
meta-llama_Llama-3.1-8B,Human-Perception Model,Tense)[present perfect]:C(dominance (+dom),0.1071722890816502,0.0426820500396211,2.510945209570854,0.0120504393268256,0.0235107932300086,0.1908337849332919
meta-llama_Llama-3.1-8B,Human-Perception Model,Tense)[simple future]:C(dominance (+dom),0.1641006768918516,0.0426820500396211,3.844723408072461,0.0001211472893592,0.0804391810402099,0.2477621727434932
meta-llama_Llama-3.1-8B,Human-Perception Model,Tense)[simple past]:C(dominance (+dom),0.1096163880591237,0.0426820500396212,2.568208133333994,0.0102314048015779,0.025954892207482,0.1932778839107655
meta-llama_Llama-3.1-8B,Human-Perception Model,Valence (+val):dominance[+dom],-0.0917517568550872,0.0228145154019148,-4.02163952372999,5.805494780511311e-05,-0.136470707418209,-0.0470328062919654
meta-llama_Llama-3.1-8B,Human-Perception Model,Valence (+val):dominance[-dom],0.0405612122778783,0.0228145154019148,1.7778686754167938,0.075444072460238,-0.0041577382852434,0.0852801628410002
meta-llama_Llama-3.1-8B,Human-Perception Model,Male perc,1.2175431733808126,0.0213410250198106,57.05176636317059,0.0,1.1757124254549918,1.2593739213066335
meta-llama_Llama-3.1-8B,Human-Perception Model,Male perc:tense (past perfect),-0.028300360431646,0.0279419607317795,-1.0128265766066618,0.3111580442092663,-0.0830696657878434,0.0264689449245513
meta-llama_Llama-3.1-8B,Human-Perception Model,Male perc:tense (present continuous),-0.1452482109244184,0.0279419607317795,-5.198211117633618,2.0364626678643725e-07,-0.2000175162806157,-0.090478905568221
meta-llama_Llama-3.1-8B,Human-Perception Model,Male perc:tense (present perfect),-0.1538971207705319,0.0279419607317795,-5.507742360953875,3.6896541816406895e-08,-0.2086664261267292,-0.0991278154143345
meta-llama_Llama-3.1-8B,Human-Perception Model,Male perc:tense (simple future),-0.2367543019785952,0.0279419607317795,-8.473074035542703,2.591755285725399e-17,-0.2915236073347926,-0.1819849966223978
meta-llama_Llama-3.1-8B,Human-Perception Model,Male perc:tense (simple past),-0.0534775764205002,0.0279419607317795,-1.9138805946312147,0.055652915492118,-0.1082468817766976,0.001291728935697
meta-llama_Llama-3.1-8B,Human-Perception Model,Male perc:syntactic role (subject),0.0620476139104242,0.0161322985501788,3.8461731734896665,0.0001204337267416,0.0304265407196948,0.0936686871011536
mistralai_Mistral-7B-v0.3,World-Knowledge Model,Intercept,1.913796629886925,0.0202800118731887,94.36861486343908,0.0,1.8740455872701,1.95354767250375
mistralai_Mistral-7B-v0.3,World-Knowledge Model,Valence (+val),-0.011917339062803,0.0234173406283086,-0.5089108644726497,0.6108215879350821,-0.0578178893735875,0.0339832112479814
mistralai_Mistral-7B-v0.3,World-Knowledge Model,Dominance (+dom),0.0620040562524994,0.0234173406283086,2.6477838468790185,0.0081099236331975,0.0161035059417149,0.1079046065632839
mistralai_Mistral-7B-v0.3,World-Knowledge Model,Semantic role) (patient):C(valence[+val],-0.0207501792171037,0.0286802678361509,-0.7235001895954569,0.4693830128347733,-0.0769666428042886,0.0354662843700812
mistralai_Mistral-7B-v0.3,World-Knowledge Model,Semantic role) (patient):C(valence[-val],0.0160362056270165,0.0286802678361509,0.5591372339557866,0.5760757418755559,-0.0401802579601683,0.0722526692142014
mistralai_Mistral-7B-v0.3,World-Knowledge Model,Semantic role) (patient):C(dominance (+dom),0.0477571649099265,0.0331171207112646,1.442068751275294,0.1493021792672422,-0.0171560158599734,0.1126703456798265
mistralai_Mistral-7B-v0.3,World-Knowledge Model,Male perc,1.1239796528843682,0.0143401339180754,78.37999695857876,0.0,1.0958714210907756,1.1520878846779607
mistralai_Mistral-7B-v0.3,World-Knowledge Model,Male perc:semantic role (patient),0.0540730910009769,0.0165585603556323,3.265567165238742,0.0010947042734531,0.0216165006160268,0.086529681385927
mistralai_Mistral-7B-v0.3,World-Knowledge Model,Male perc:valence (+val),-0.0802800529469215,0.0165585603556323,-4.84825076713958,1.2570217027713043e-06,-0.1127366433318716,-0.0478234625619715
mistralai_Mistral-7B-v0.3,Human-Perception Model,Intercept,1.899305854002385,0.0356390266823007,53.29286545711492,0.0,1.829449455816964,1.9691622521878065
mistralai_Mistral-7B-v0.3,Human-Perception Model,Tense (past perfect),0.0344039992484015,0.0490569207645155,0.701307760704114,0.4831209877282047,-0.0617529418831743,0.1305609403799774
mistralai_Mistral-7B-v0.3,Human-Perception Model,Tense (present continuous),0.0476154968623115,0.0490569207645151,0.9706173180105864,0.331753287281561,-0.0485414442692635,0.1437724379938866
mistralai_Mistral-7B-v0.3,Human-Perception Model,Tense (present perfect),0.0221130478386088,0.049056920764515,0.4507630624587453,0.6521663242975277,-0.074043893292966,0.1182699889701836
mistralai_Mistral-7B-v0.3,Human-Perception Model,Tense (simple future),0.282012751871705,0.0490569207645154,5.748684333968519,9.154995375006976e-09,0.1858558107401293,0.3781696930032808
mistralai_Mistral-7B-v0.3,Human-Perception Model,Tense (simple past),-0.0252763849534594,0.0490569207645151,-0.5152460562046296,0.6063880793939664,-0.1214333260850345,0.0708805561781156
mistralai_Mistral-7B-v0.3,Human-Perception Model,Syntactic role (subject),-0.126252822617472,0.0400548080750692,-3.1520016868100766,0.0016244918900551,-0.2047646362838721,-0.0477410089510718
mistralai_Mistral-7B-v0.3,Human-Perception Model,Valence (+val),-0.0303105314848638,0.0163523069215051,-1.853593601830092,0.0638153868511669,-0.0623628451953891,0.0017417822256613
mistralai_Mistral-7B-v0.3,Human-Perception Model,Dominance (+dom),0.0488017302655302,0.0400548080750691,1.2183738385181608,0.2230995837377172,-0.0297100834008697,0.1273135439319302
mistralai_Mistral-7B-v0.3,Human-Perception Model,Tense (past perfect):syntactic role (subject),0.0253573932956481,0.0566460528180143,0.4476462530780973,0.6544144679774646,-0.0856750783978844,0.1363898649891807
mistralai_Mistral-7B-v0.3,Human-Perception Model,Tense (present continuous):syntactic role (subject),-5.8189172301708906e-05,0.0566460528180142,-0.001027241430019,0.9991803926430892,-0.1110906608658341,0.1109742825212307
mistralai_Mistral-7B-v0.3,Human-Perception Model,Tense (present perfect):syntactic role (subject),0.0794867747114038,0.0566460528180143,1.4032182430569256,0.1605708256724482,-0.0315456969821286,0.1905192464049364
mistralai_Mistral-7B-v0.3,Human-Perception Model,Tense (simple future):syntactic role (subject),0.1749070849524175,0.0566460528180143,3.087718848025266,0.0020203806308445,0.063874613258885,0.28593955664595
mistralai_Mistral-7B-v0.3,Human-Perception Model,Tense (simple past):syntactic role (subject),0.0261925945590528,0.0566460528180144,0.4623904624599576,0.6438075121794194,-0.0848398771344799,0.1372250662525857
mistralai_Mistral-7B-v0.3,Human-Perception Model,Tense) (past perfect):C(dominance (+dom),0.0118329797891534,0.0566460528180143,0.2088932802991406,0.8345341613922488,-0.0991994919043792,0.122865451482686
mistralai_Mistral-7B-v0.3,Human-Perception Model,Tense) (present continuous):C(dominance (+dom),0.0651069787921587,0.0566460528180143,1.149364793365684,0.2504224624475543,-0.0459254929013739,0.1761394504856913
mistralai_Mistral-7B-v0.3,Human-Perception Model,Tense) (present perfect):C(dominance (+dom),0.0243913371119412,0.0566460528180143,0.430591998886539,0.6667707556456907,-0.0866411345815913,0.1354238088054739
mistralai_Mistral-7B-v0.3,Human-Perception Model,Tense) (simple future):C(dominance (+dom),0.1415066991335218,0.0566460528180143,2.498085781689636,0.012496374813273,0.0304742274399892,0.2525391708270544
mistralai_Mistral-7B-v0.3,Human-Perception Model,Tense) (simple past):C(dominance (+dom),-0.0203525441751785,0.0566460528180143,-0.3592932457370809,0.7193803826843709,-0.1313850158687111,0.0906799275183541
mistralai_Mistral-7B-v0.3,Human-Perception Model,Male perc,1.1855073877052666,0.02312565422448,51.26373404175209,0.0,1.1401785709504046,1.2308362044601286
mistralai_Mistral-7B-v0.3,Human-Perception Model,Male perc:tense (past perfect),-0.0042661579604771,0.0283230264090071,-0.1506250744136732,0.8802733451534883,-0.0597823938072433,0.0512500778862891
mistralai_Mistral-7B-v0.3,Human-Perception Model,Male perc:tense (present continuous),-0.0892479774192515,0.0283230264090071,-3.1510748932843318,0.0016296524029602,-0.1447642132660178,-0.0337317415724852
mistralai_Mistral-7B-v0.3,Human-Perception Model,Male perc:tense (present perfect),-0.0918472496570008,0.0283230264090071,-3.2428472978365037,0.0011857975944098,-0.1473634855037671,-0.0363310138102345
mistralai_Mistral-7B-v0.3,Human-Perception Model,Male perc:tense (simple future),-0.1283801906725027,0.0283230264090071,-4.53271443590067,5.86448738311261e-06,-0.183896426519269,-0.0728639548257364
mistralai_Mistral-7B-v0.3,Human-Perception Model,Male perc:tense (simple past),-0.0483292323814735,0.0283230264090071,-1.7063583419215411,0.0879604385836131,-0.1038454682282398,0.0071870034652927
mistralai_Mistral-7B-v0.3,Human-Perception Model,Male perc:syntactic role (subject),0.0517078907227511,0.0163523069215051,3.162115961433506,0.001569143796738,0.0196555770122258,0.0837602044332764
mistralai_Mistral-7B-v0.3,Human-Perception Model,Male perc:valence (+val),-0.0802800529469214,0.0163523069215051,-4.909402283866374,9.223862530417756e-07,-0.1123323666574467,-0.0482277392363961
tiiuae_Falcon3-10B-Base,World-Knowledge Model,Intercept,1.5272930708873518,0.0234700497860094,65.07413000025994,0.0,1.481289204440579,1.5732969373341246
tiiuae_Falcon3-10B-Base,World-Knowledge Model,Semantic role (patient),0.0181744127956307,0.0307295084882198,0.5914319391928401,0.5542392425743237,-0.0420587872766475,0.078407612867909
tiiuae_Falcon3-10B-Base,World-Knowledge Model,Valence (+val),-0.1762683920053342,0.0307295084882199,-5.736127932957546,9.858232753280617e-09,-0.2365015920776126,-0.1160351919330559
tiiuae_Falcon3-10B-Base,World-Knowledge Model,Dominance (+dom),0.0292068165103966,0.0307295084882199,0.9504485410690182,0.3418984735817899,-0.0310263835618817,0.089440016582675
tiiuae_Falcon3-10B-Base,World-Knowledge Model,Semantic role) (patient):C(valence (+val),0.057260110677153,0.0354833799954772,1.6137163563463086,0.1066083109898414,-0.0122911978746118,0.1268114192289179
tiiuae_Falcon3-10B-Base,World-Knowledge Model,Semantic role) (patient):C(dominance (+dom),-0.0420678312497468,0.0354833799954773,-1.1855643756346983,0.235811650988295,-0.1116191398015118,0.0274834773020181
tiiuae_Falcon3-10B-Base,World-Knowledge Model,Valence (+val):dominance (+dom),-0.0650282239106094,0.0354833799954772,-1.8326389402277343,0.0668745042657787,-0.1345795324623744,0.0045230846411554
tiiuae_Falcon3-10B-Base,World-Knowledge Model,Male perc,1.1027059639249088,0.0177416899977386,62.1533779513371,0.0,1.0679303096490262,1.1374816182007914
tiiuae_Falcon3-10B-Base,World-Knowledge Model,Male perc:semantic role (patient),0.0349267091192501,0.0177416899977386,1.9686235710184248,0.0490132418332758,0.0001510548433676,0.0697023633951327
tiiuae_Falcon3-10B-Base,World-Knowledge Model,Male perc:valence (+val),-0.048668451206738,0.0177416899977386,-2.743168842029212,0.0060915836890255,-0.0834441054826206,-0.0138927969308555
tiiuae_Falcon3-10B-Base,World-Knowledge Model,Male perc:dominance (+dom),-0.0282699304953602,0.0177416899977386,-1.5934181297815206,0.1110857999195736,-0.0630455847712428,0.0065057237805222
tiiuae_Falcon3-10B-Base,Human-Perception Model,Intercept,1.5361206688086808,0.0408096904740201,37.64107619945297,2.117461012302721e-297,1.4561292040024192,1.6161121336149424
tiiuae_Falcon3-10B-Base,Human-Perception Model,Tense (past perfect),-0.0183944241750282,0.0522039314598711,-0.352357066999215,0.724575052109719,-0.1207198497692062,0.0839310014191497
tiiuae_Falcon3-10B-Base,Human-Perception Model,Tense (present continuous),-0.0180771774322901,0.0522039314598707,-0.3462800008881725,0.7291367675804167,-0.1204026030264673,0.084248248161887
tiiuae_Falcon3-10B-Base,Human-Perception Model,Tense (present perfect),0.1351046646225287,0.0522039314598705,2.5880170486083864,0.0096615866921819,0.0327792390283517,0.2374300902167056
tiiuae_Falcon3-10B-Base,Human-Perception Model,Tense (simple future),0.4292462825830963,0.0522039314598709,8.222489582284755,2.1419946776918518e-16,0.3269208569889186,0.5315717081772741
tiiuae_Falcon3-10B-Base,Human-Perception Model,Tense (simple past),0.182183647463507,0.0522039314598706,3.4898453501256355,0.0004845772037383,0.0798582218693298,0.2845090730576842
tiiuae_Falcon3-10B-Base,Human-Perception Model,Syntactic role (subject),-0.3481981360586074,0.0492183385864967,-7.074560947372923,1.5602089906589534e-12,-0.4446714724925309,-0.2517247996246839
tiiuae_Falcon3-10B-Base,Human-Perception Model,Valence (+val),-0.0350189259324134,0.0492183385864967,-0.7115015853465038,0.4767836531506551,-0.1314922623663368,0.06145441050151
tiiuae_Falcon3-10B-Base,Human-Perception Model,Tense (past perfect):syntactic role (subject),0.1591132898103896,0.0602799077622267,2.639574208341686,0.0083089277867499,0.0409580657869061,0.2772685138338732
tiiuae_Falcon3-10B-Base,Human-Perception Model,Tense (present continuous):syntactic role (subject),0.0444394750457475,0.0602799077622268,0.737218696834083,0.4609999791502528,-0.0737157489777359,0.1625946990692311
tiiuae_Falcon3-10B-Base,Human-Perception Model,Tense (present perfect):syntactic role (subject),0.1195263061419498,0.0602799077622268,1.9828548280700675,0.0474004101181536,0.0013710821184661,0.2376815301654334
tiiuae_Falcon3-10B-Base,Human-Perception Model,Tense (simple future):syntactic role (subject),0.2684779337653566,0.0602799077622267,4.453854422345237,8.490328358242128e-06,0.1503227097418731,0.3866331577888401
tiiuae_Falcon3-10B-Base,Human-Perception Model,Tense (simple past):syntactic role (subject),0.0806211271823336,0.0602799077622268,1.3374460939844586,0.1810957332245894,-0.0375340968411498,0.1987763512058172
tiiuae_Falcon3-10B-Base,Human-Perception Model,Tense) (past perfect):C(valence (+val),-0.0989784381549751,0.0602799077622265,-1.6419805840678217,0.1006133234881749,-0.2171336621784581,0.0191767858685078
tiiuae_Falcon3-10B-Base,Human-Perception Model,Tense) (present continuous):C(valence (+val),0.0255039374387234,0.0602799077622265,0.4230918457825693,0.6722338345755895,-0.0926512865847596,0.1436591614622065
tiiuae_Falcon3-10B-Base,Human-Perception Model,Tense) (present perfect):C(valence (+val),-0.1402150927540837,0.0602799077622266,-2.326066809975234,0.0200271898181685,-0.2583703167775669,-0.0220598687306006
tiiuae_Falcon3-10B-Base,Human-Perception Model,Tense) (simple future):C(valence (+val),-0.1751090152854714,0.0602799077622265,-2.904931705871,0.0036782705959289,-0.2932642393089545,-0.0569537912619882
tiiuae_Falcon3-10B-Base,Human-Perception Model,Tense) (simple past):C(valence (+val),-0.1330336401997071,0.0602799077622266,-2.2069317147009686,0.0273327192879197,-0.2511888642231905,-0.0148784161762238
tiiuae_Falcon3-10B-Base,Human-Perception Model,Syntactic role) (subject):C(valence (+val),-0.0512947384835139,0.0348026209732474,-1.4738757326048464,0.1405343688164791,-0.1195116888796327,0.0169222119126048
tiiuae_Falcon3-10B-Base,Human-Perception Model,Syntactic role)[non-subject]:C(dominance (+dom),0.0314968251712302,0.0301399538811133,1.0450190234354402,0.2960296781338591,-0.0275807868405114,0.0905744371829719
tiiuae_Falcon3-10B-Base,Human-Perception Model,Syntactic role)[subject]:C(dominance (+dom),-0.0151510234001761,0.0301399538811133,-0.5026890041019683,0.6151897348890809,-0.0742286354119178,0.0439265886115655
tiiuae_Falcon3-10B-Base,Human-Perception Model,Valence (+val):dominance (+dom),-0.0650282239106134,0.0348026209732474,-1.868486398211219,0.061712232931965,-0.1332451743067322,0.0031887264855054
tiiuae_Falcon3-10B-Base,Human-Perception Model,Male perc,1.0708781641915186,0.0123045846466242,87.03082590319828,0.0,1.0467598300830376,1.0949964982999996
tiiuae_Falcon3-10B-Base,Human-Perception Model,Male perc:syntactic role (subject),0.0216439268839467,0.0174013104866237,1.2438101659403349,0.2135873294427521,-0.0124645483141126,0.0557524020820061
tiiuae_Falcon3-3B-Base,World-Knowledge Model,Intercept,1.3710710930221504,0.0157715091695325,86.93341127244729,0.0,1.340157209233632,1.4019849768106687
tiiuae_Falcon3-3B-Base,World-Knowledge Model,Valence (+val),-0.0877739715359515,0.0199495564455813,-4.3997956433458745,1.0903993883569898e-05,-0.1268772851733404,-0.0486706578985625
tiiuae_Falcon3-3B-Base,World-Knowledge Model,Dominance (+dom),0.0672359696118802,0.0141064666443343,4.766322517686204,1.8923688327235149e-06,0.0395857513720181,0.0948861878517424
tiiuae_Falcon3-3B-Base,World-Knowledge Model,Semantic role) (patient):C(valence[+val],0.0542585135708559,0.0199495564455814,2.7197854608378265,0.0065393444377302,0.0151551999334668,0.093361827208245
tiiuae_Falcon3-3B-Base,World-Knowledge Model,Semantic role) (patient):C(valence[-val],-0.0179604176163388,0.0199495564455814,-0.9002915761727053,0.3679783936164296,-0.0570637312537279,0.0211428960210502
tiiuae_Falcon3-3B-Base,World-Knowledge Model,Male perc,1.0645835406126432,0.0122165584716314,87.14267140657952,0.0,1.040637749196739,1.0885293320285476
tiiuae_Falcon3-3B-Base,World-Knowledge Model,Male perc:valence (+val),-0.0522345487836544,0.0141064666443344,-3.70287968636238,0.0002138685239633,-0.0798847670235166,-0.0245843305437922
tiiuae_Falcon3-3B-Base,World-Knowledge Model,Male perc:dominance (+dom),-0.0342389112928562,0.0141064666443344,-2.427178410874962,0.0152275246549622,-0.0618891295327184,-0.006588693052994
tiiuae_Falcon3-3B-Base,Human-Perception Model,Intercept,1.4736028474939509,0.0268331249089387,54.917302867064144,0.0,1.4210069842710775,1.526198710716824
tiiuae_Falcon3-3B-Base,Human-Perception Model,Tense (past perfect),0.0018544758209844,0.0339415165808178,0.0546373883019852,0.9564280211670686,-0.064674613493801,0.0683835651357698
tiiuae_Falcon3-3B-Base,Human-Perception Model,Tense (present continuous),-0.238677635584144,0.0339415165808177,-7.032026250678329,2.1163453883148494e-12,-0.3052067248989293,-0.1721485462693588
tiiuae_Falcon3-3B-Base,Human-Perception Model,Tense (present perfect),-0.018506176878255,0.0339415165808176,-0.5452371827343147,0.5855978603768415,-0.0850352661930401,0.04802291243653
tiiuae_Falcon3-3B-Base,Human-Perception Model,Tense (simple future),0.1468170510808203,0.0339415165808179,4.325589009295883,1.53029186368591e-05,0.0802879617660345,0.213346140395606
tiiuae_Falcon3-3B-Base,Human-Perception Model,Tense (simple past),0.0083067658620052,0.0339415165808175,0.244737616312051,0.8066626800720245,-0.0582223234527796,0.0748358551767901
tiiuae_Falcon3-3B-Base,Human-Perception Model,Syntactic role (subject),-0.1723595670391697,0.0366610279784986,-4.701438463216493,2.6044952881607627e-06,-0.2442191964975602,-0.1004999375807792
tiiuae_Falcon3-3B-Base,Human-Perception Model,Dominance (+dom),0.0672359696118804,0.0138565661198697,4.852282234302381,1.231771337182035e-06,0.0400755826330015,0.0943963565907593
tiiuae_Falcon3-3B-Base,Human-Perception Model,Tense (past perfect):syntactic role (subject),-0.0086221646526087,0.0480005530761041,-0.179626360532523,0.8574481409244682,-0.1027085050539098,0.0854641757486922
tiiuae_Falcon3-3B-Base,Human-Perception Model,Tense (present continuous):syntactic role (subject),0.0084094807444305,0.0480005530761041,0.1751954968330775,0.860928198305966,-0.0856768596568705,0.1024958211457317
tiiuae_Falcon3-3B-Base,Human-Perception Model,Tense (present perfect):syntactic role (subject),-0.134793969730015,0.0480005530761042,-2.808175345736143,0.0049882310571372,-0.2288803101313162,-0.0407076293287138
tiiuae_Falcon3-3B-Base,Human-Perception Model,Tense (simple future):syntactic role (subject),0.0469432125005845,0.0480005530761043,0.9779723251554336,0.328102523319228,-0.0471431279007169,0.141029552901886
tiiuae_Falcon3-3B-Base,Human-Perception Model,Tense (simple past):syntactic role (subject),-0.0155116765898753,0.0480005530761041,-0.323156205414588,0.7465810905651643,-0.1095980169911764,0.0785746638114257
tiiuae_Falcon3-3B-Base,Human-Perception Model,Syntactic role)[non-subject]:C(valence (+val),-0.0024747448446532,0.0195961437346393,-0.1262873388848802,0.8995060354423804,-0.0408853324694853,0.0359358427801788
tiiuae_Falcon3-3B-Base,Human-Perception Model,Syntactic role)[subject]:C(valence (+val),-0.1008542670400521,0.0195961437346394,-5.1466384614119525,2.682757560151462e-07,-0.1392648546648843,-0.0624436794152198
tiiuae_Falcon3-3B-Base,Human-Perception Model,Male perc,1.0127349512215265,0.0097980718673197,103.36063716774537,0.0,0.9935296574091104,1.0319402450339423
tiiuae_Falcon3-3B-Base,Human-Perception Model,Male perc:syntactic role (subject),0.0172237187057243,0.0138565661198698,1.2430005065270957,0.2138855227836172,-0.0099366682731545,0.0443841056846033
tiiuae_Falcon3-7B-Base,World-Knowledge Model,Intercept,1.3208121091983405,0.021121807412703,62.53310066656428,0.0,1.2794110548253042,1.3622131635713768
tiiuae_Falcon3-7B-Base,World-Knowledge Model,Valence (+val),-0.133580417877435,0.0276549375094258,-4.830255639952389,1.3759610710117297e-06,-0.1877871223104122,-0.0793737134444577
tiiuae_Falcon3-7B-Base,World-Knowledge Model,Dominance (+dom),0.1124970231467186,0.0276549375094258,4.067882023178509,4.766548611357102e-05,0.0582903187137412,0.1667037275796959
tiiuae_Falcon3-7B-Base,World-Knowledge Model,Semantic role) (patient):C(valence[+val],-0.0028339704073008,0.0276549375094258,-0.1024761096037517,0.91838003465871,-0.057040674840278,0.0513727340256764
tiiuae_Falcon3-7B-Base,World-Knowledge Model,Semantic role) (patient):C(valence[-val],0.002061478021852,0.0276549375094258,0.0745428559059081,0.9405793561482906,-0.0521452264111252,0.0562681824548293
tiiuae_Falcon3-7B-Base,World-Knowledge Model,Semantic role) (patient):C(dominance (+dom),-0.0982204886208938,0.0319331712309786,-3.075813795956769,0.0021027629142771,-0.1608129994134176,-0.0356279778283699
tiiuae_Falcon3-7B-Base,World-Knowledge Model,Valence (+val):dominance (+dom),-0.0640723920706374,0.0319331712309785,-2.006452525719726,0.0448244669405326,-0.1266649028631611,-0.0014798812781136
tiiuae_Falcon3-7B-Base,World-Knowledge Model,Male perc,1.0256021691921144,0.0159665856154893,64.23428238766147,0.0,0.9943059137958524,1.0568984245883764
tiiuae_Falcon3-7B-Base,World-Knowledge Model,Male perc:semantic role (patient),0.0632168113128544,0.0159665856154893,3.959319345742102,7.548266337571641e-05,0.0319205559165925,0.0945130667091164
tiiuae_Falcon3-7B-Base,World-Knowledge Model,Male perc:valence (+val),-0.0526748717464364,0.0159665856154893,-3.2990692571952294,0.000972137916713,-0.0839711271426983,-0.0213786163501744
tiiuae_Falcon3-7B-Base,World-Knowledge Model,Male perc:dominance (+dom),-0.0550431236733504,0.0159665856154893,-3.4473947654752592,0.000567448648973,-0.0863393790696123,-0.0237468682770884
tiiuae_Falcon3-7B-Base,Human-Perception Model,Intercept,1.4703232393798968,0.0341420536045427,43.06487408198157,0.0,1.4034010724888633,1.5372454062709304
tiiuae_Falcon3-7B-Base,Human-Perception Model,Tense (past perfect),-0.0277177356033759,0.0458063716507197,-0.6051065518729093,0.5451166286281126,-0.1175032442253384,0.0620677730185864
tiiuae_Falcon3-7B-Base,Human-Perception Model,Tense (present continuous),0.0159951316198632,0.0458063716507194,0.3491901026745492,0.7269511086442717,-0.0737903770020987,0.1057806402418252
tiiuae_Falcon3-7B-Base,Human-Perception Model,Tense (present perfect),0.1161557441857412,0.0458063716507193,2.535798841948162,0.0112283788696821,0.0263702355637794,0.2059412528077031
tiiuae_Falcon3-7B-Base,Human-Perception Model,Tense (simple future),0.3347641260437123,0.0458063716507196,7.308243678332318,2.8319907059538023e-13,0.24497861742175,0.4245496346656746
tiiuae_Falcon3-7B-Base,Human-Perception Model,Tense (simple past),0.0881613963550363,0.0458063716507192,1.9246535618948544,0.0542901060666546,-0.0016241122669252,0.177946904976998
tiiuae_Falcon3-7B-Base,Human-Perception Model,Syntactic role (subject),-0.5610613527609754,0.0403974226166677,-13.888543288637544,1.3174241597866017e-43,-0.6402447284780279,-0.4818779770439227
tiiuae_Falcon3-7B-Base,Human-Perception Model,Valence (+val),-0.1714052870946162,0.0215933306771834,-7.937880897444477,2.189681778024563e-15,-0.2137305817605315,-0.1290799924287009
tiiuae_Falcon3-7B-Base,Human-Perception Model,Tense (past perfect):syntactic role (subject),0.1806006312159893,0.052892642006286,3.4144755180602564,0.0006406063190704,0.0769252560715544,0.2842760063604242
tiiuae_Falcon3-7B-Base,Human-Perception Model,Tense (present continuous):syntactic role (subject),-0.0134149680719768,0.0528926420062861,-0.253626356391547,0.7997874330096557,-0.1170903432164118,0.0902604070724581
tiiuae_Falcon3-7B-Base,Human-Perception Model,Tense (present perfect):syntactic role (subject),0.0817580820080102,0.0528926420062861,1.5457363993708886,0.1221876644847767,-0.0219172931364248,0.1854334571524453
tiiuae_Falcon3-7B-Base,Human-Perception Model,Tense (simple future):syntactic role (subject),0.3710051379779078,0.052892642006286,7.014305277732492,2.4018003944862967e-12,0.2673297628334729,0.4746805131223428
tiiuae_Falcon3-7B-Base,Human-Perception Model,Tense (simple past):syntactic role (subject),0.1021543903982778,0.0528926420062861,1.931353521462155,0.0534566722867804,-0.0015209847461571,0.2058297655427128
tiiuae_Falcon3-7B-Base,Human-Perception Model,Tense)[past continuous]:C(dominance (+dom),-0.0176016232231597,0.0374007458375173,-0.4706222517494086,0.6379168144324664,-0.090911184029849,0.0557079375835295
tiiuae_Falcon3-7B-Base,Human-Perception Model,Tense)[past perfect]:C(dominance (+dom),0.0556268238991189,0.0374007458375174,1.4873185722226585,0.136950043072275,-0.0176827369075704,0.1289363847058082
tiiuae_Falcon3-7B-Base,Human-Perception Model,Tense)[present continuous]:C(dominance (+dom),0.0098984079258278,0.0374007458375173,0.2646580356667264,0.7912762554194913,-0.0634111528808614,0.0832079687325171
tiiuae_Falcon3-7B-Base,Human-Perception Model,Tense)[present perfect]:C(dominance (+dom),0.0811031607330631,0.0374007458375173,2.168490465013857,0.0301358109105329,0.0077935999263738,0.1544127215397524
tiiuae_Falcon3-7B-Base,Human-Perception Model,Tense)[simple future]:C(dominance (+dom),0.0611870953946729,0.0374007458375172,1.63598596831444,0.1018618393769816,-0.0121224654120161,0.134496656201362
tiiuae_Falcon3-7B-Base,Human-Perception Model,Tense)[simple past]:C(dominance (+dom),-0.0021103679238047,0.0374007458375173,-0.0564258245804224,0.95500327658285,-0.0754199287304939,0.0711991928828845
tiiuae_Falcon3-7B-Base,Human-Perception Model,Syntactic role) (subject):C(valence (+val),0.0066818979345676,0.0305375811004798,0.2188090115121354,0.8268015674575871,-0.0531751078134073,0.0665389036825426
tiiuae_Falcon3-7B-Base,Human-Perception Model,Male perc,1.0615943228994709,0.0201987113083339,52.55752739341639,0.0,1.0220026350409444,1.1011860107579974
tiiuae_Falcon3-7B-Base,Human-Perception Model,Male perc:tense (past perfect),-0.1056342355591362,0.026446321003143,-3.994288488995575,6.517381041627637e-05,-0.1574719231313536,-0.0537965479869187
tiiuae_Falcon3-7B-Base,Human-Perception Model,Male perc:tense (present continuous),-0.1348405631741112,0.026446321003143,-5.098651081112037,3.4591592586947175e-07,-0.1866782507463287,-0.0830028756018938
tiiuae_Falcon3-7B-Base,Human-Perception Model,Male perc:tense (present perfect),-0.1534954278233873,0.026446321003143,-5.80403708346219,6.5939716705231445e-09,-0.2053331153956049,-0.1016577402511698
tiiuae_Falcon3-7B-Base,Human-Perception Model,Male perc:tense (simple future),-0.1906717219359783,0.026446321003143,-7.209763577826862,5.850890608671327e-13,-0.2425094095081957,-0.1388340343637608
tiiuae_Falcon3-7B-Base,Human-Perception Model,Male perc:tense (simple past),-0.089252916929255,0.026446321003143,-3.3748708154396065,0.0007402263711489,-0.1410906045014725,-0.0374152293570375
tiiuae_Falcon3-7B-Base,Human-Perception Model,Male perc:syntactic role (subject),0.1081461302856456,0.0152687905502399,7.082822305395137,1.4702108310324137e-12,0.0782176274116581,0.1380746331596331
