,Group,C(semantic_role)[T.patient],C(syntactic_role)[T.subject],C(valence)[T.-val],C(dominance)[T.-dom]
Group,2.3402804282817278,0.21571614955302176,-0.4536972149723079,0.1669332907111701,0.06065452356252602
C(semantic_role)[T.patient],0.21571614955302176,0.12604200286254588,-0.04046393432497704,0.00790937623876889,0.0038725472352364072
C(syntactic_role)[T.subject],-0.4536972149723079,-0.04046393432497704,0.11856413217852195,-0.028512794190276206,-0.012286577055096988
C(valence)[T.-val],0.1669332907111701,0.00790937623876889,-0.028512794190276206,0.12463149762889232,0.0043229210254097355
C(dominance)[T.-dom],0.06065452356252602,0.0038725472352364072,-0.012286577055096988,0.0043229210254097355,0.11937631468753132
