,Group,C(semantic_role)[T.patient],C(syntactic_role)[T.subject],C(valence)[T.-val],C(dominance)[T.-dom]
Group,2.3662494741472013,0.1994946184741427,-0.4688614867793869,0.17494398213406845,0.05475872367588071
C(semantic_role)[T.patient],0.1994946184741427,0.12725147827867875,-0.03835054337309774,0.0070210347791269554,0.003151852077637209
C(syntactic_role)[T.subject],-0.4688614867793869,-0.03835054337309774,0.12577164289141407,-0.03154616937008507,-0.0104601679216022
C(valence)[T.-val],0.17494398213406845,0.0070210347791269554,-0.03154616937008507,0.12914498645066605,0.0047714670216686015
C(dominance)[T.-dom],0.05475872367588071,0.003151852077637209,-0.0104601679216022,0.0047714670216686015,0.12148300725045481
