,Group,C(semantic_role)[T.patient],C(syntactic_role)[T.subject],C(valence)[T.-val],C(dominance)[T.-dom]
Group,1.8550635639263933,0.09495945808492601,-0.15546403383753662,0.07006792236751486,0.03669905000800682
C(semantic_role)[T.patient],0.09495945808492601,0.010832374736038375,-0.0029392188417238655,0.0036919137873960574,0.000802426861322695
C(syntactic_role)[T.subject],-0.15546403383753662,-0.0029392188417238655,0.04862477270734424,-0.0034489769140266463,-0.002593708155033822
C(valence)[T.-val],0.07006792236751486,0.0036919137873960574,-0.0034489769140266463,0.004839510129006757,0.0010465808613372481
C(dominance)[T.-dom],0.03669905000800682,0.000802426861322695,-0.002593708155033822,0.0010465808613372481,0.00315239382924438
