,Group,C(semantic_role)[T.patient],C(syntactic_role)[T.subject],C(valence)[T.-val],C(dominance)[T.-dom]
Group,1.0969373750940878,-0.016450608742850852,0.07185226323384884,0.020688960735310315,0.026993015217472948
C(semantic_role)[T.patient],-0.016450608742850852,0.0016846548854203905,0.0005765308127564084,-0.00018678836454489556,-0.00038120515620440555
C(syntactic_role)[T.subject],0.07185226323384884,0.0005765308127564084,0.05399771836756455,0.0005890265324007247,0.0029554077847040333
C(valence)[T.-val],0.020688960735310315,-0.00018678836454489556,0.0005890265324007247,0.0021523509055170168,0.0008087541917746201
C(dominance)[T.-dom],0.026993015217472948,-0.00038120515620440555,0.0029554077847040333,0.0008087541917746201,0.0018517505240537285
