,Group,C(semantic_role)[T.patient],C(syntactic_role)[T.subject],C(valence)[T.-val],C(dominance)[T.-dom]
Group,1.1239579380291496,-0.015092064578675509,0.07094855428066082,0.0021667107423852775,0.046618418432533275
C(semantic_role)[T.patient],-0.015092064578675509,0.001737935818989332,0.0009379084847592802,-1.2439337915713791e-05,-0.0005954701464580364
C(syntactic_role)[T.subject],0.07094855428066082,0.0009379084847592802,0.05333312044028959,-0.001048869989284327,0.004547186986641455
C(valence)[T.-val],0.0021667107423852775,-1.2439337915713791e-05,-0.001048869989284327,0.0010430359429632321,0.0005483858038009784
C(dominance)[T.-dom],0.046618418432533275,-0.0005954701464580364,0.004547186986641455,0.0005483858038009784,0.003426979233924621
