,Group,C(semantic_role)[T.patient],C(syntactic_role)[T.subject],C(valence)[T.-val],C(dominance)[T.-dom]
Group,1.1246507093157307,-0.015104049045870895,0.07098694799401183,0.0021210763037416208,0.04662368808872142
C(semantic_role)[T.patient],-0.015104049045870895,0.0017356280274761218,0.0009495596840041568,-1.291838227748891e-05,-0.0005955727916036023
C(syntactic_role)[T.subject],0.07098694799401183,0.0009495596840041568,0.053489115234205686,-0.0010786790323878382,0.00454379285319133
C(valence)[T.-val],0.0021210763037416208,-1.291838227748891e-05,-0.0010786790323878382,0.0010494282861559204,0.0005471985002038301
C(dominance)[T.-dom],0.04662368808872142,-0.0005955727916036023,0.00454379285319133,0.0005471985002038301,0.003426756800874872
