,Group,C(semantic_role)[T.patient],C(syntactic_role)[T.subject],C(valence)[T.-val],C(dominance)[T.-dom]
Group,1.8647228302621335,0.0950927746531519,-0.15576050336131247,0.07058599286870947,0.03659136209918133
C(semantic_role)[T.patient],0.0950927746531519,0.010829379156665177,-0.002952421522580709,0.0036915645810356146,0.000799271199080745
C(syntactic_role)[T.subject],-0.15576050336131247,-0.002952421522580709,0.04861126977922703,-0.0034492589319581055,-0.0025869947219464445
C(valence)[T.-val],0.07058599286870947,0.0036915645810356146,-0.0034492589319581055,0.0048463611213982105,0.001045605775150487
C(dominance)[T.-dom],0.03659136209918133,0.000799271199080745,-0.0025869947219464445,0.001045605775150487,0.0031519577495968047
