,Group,C(semantic_role)[T.patient],C(syntactic_role)[T.subject],C(valence)[T.-val],C(dominance)[T.-dom]
Group,1.5261035863111179,0.06682315497654662,-0.017331747650867632,0.12366442576276974,-0.02645892815368267
C(semantic_role)[T.patient],0.06682315497654662,0.004787357373752336,0.0037378919737347705,0.006110456594428095,-0.0023956624418854703
C(syntactic_role)[T.subject],-0.017331747650867632,0.0037378919737347705,0.03964881198203095,0.0022348345299421546,0.0025831793830436807
C(valence)[T.-val],0.12366442576276974,0.006110456594428095,0.0022348345299421546,0.014445466463518596,-0.004035052592554094
C(dominance)[T.-dom],-0.02645892815368267,-0.0023956624418854703,0.0025831793830436807,-0.004035052592554094,0.004750772212230583
