,Group,C(semantic_role)[T.patient],C(syntactic_role)[T.subject],C(valence)[T.-val],C(dominance)[T.-dom]
Group,1.5221801428506134,0.07537609010490566,-0.01295563937999324,0.11320411793052257,-0.016052375534097565
C(semantic_role)[T.patient],0.07537609010490566,0.005518534529847253,0.0036583459973878654,0.006164997434639716,-0.00201743718064315
C(syntactic_role)[T.subject],-0.01295563937999324,0.0036583459973878654,0.040335533402863805,0.002391812147194954,0.0027252777572692797
C(valence)[T.-val],0.11320411793052257,0.006164997434639716,0.002391812147194954,0.012526638042123216,-0.0028744855323186613
C(dominance)[T.-dom],-0.016052375534097565,-0.00201743718064315,0.0027252777572692797,-0.0028744855323186613,0.004306444761601096
