,Group,C(semantic_role)[T.patient],C(syntactic_role)[T.subject]
Group,1.2537683694536115,0.059859966638364945,-0.04835989713297011
C(semantic_role)[T.patient],0.059859966638364945,0.005369608596278075,0.0014570702496438138
C(syntactic_role)[T.subject],-0.04835989713297011,0.0014570702496438138,0.019142559845795958
