,Group,C(semantic_role)[T.patient],C(syntactic_role)[T.subject],C(valence)[T.-val],C(dominance)[T.-dom]
Group,2.33537201006554,0.11204286001306062,-0.210210292073466,0.11080140642691039,-0.06016338245124465
C(semantic_role)[T.patient],0.11204286001306062,0.00806953176862027,-0.01166212787047305,0.006312729326921743,-0.0031972980496194456
C(syntactic_role)[T.subject],-0.210210292073466,-0.01166212787047305,0.06571195232220246,-0.006569473792912393,0.004319547544132172
C(valence)[T.-val],0.11080140642691039,0.006312729326921743,-0.006569473792912393,0.013271203626215687,-0.006680258064430848
C(dominance)[T.-dom],-0.06016338245124465,-0.0031972980496194456,0.004319547544132172,-0.006680258064430848,0.006686082129071832
