,Group,C(semantic_role)[T.patient],C(syntactic_role)[T.subject],C(valence)[T.-val],C(dominance)[T.-dom]
Group,1.3005376806509683,0.1827115046930506,-0.21777995982327852,0.07886115531295816,0.1109840918926781
C(semantic_role)[T.patient],0.1827115046930506,0.029348776964672856,-0.030229648141293072,0.010761811475852033,0.019971826801983946
C(syntactic_role)[T.subject],-0.21777995982327852,-0.030229648141293072,0.08851227151357535,-0.009614259538931387,-0.0195362576695323
C(valence)[T.-val],0.07886115531295816,0.010761811475852033,-0.009614259538931387,0.006532435356016192,0.007249321377665479
C(dominance)[T.-dom],0.1109840918926781,0.019971826801983946,-0.0195362576695323,0.007249321377665479,0.0154419809455056
