,Group,C(semantic_role)[T.patient],C(syntactic_role)[T.subject]
Group,1.3614263014749106,0.04091995499318327,0.003989868295949825
C(semantic_role)[T.patient],0.04091995499318327,0.004427944572634234,0.000812042754778424
C(syntactic_role)[T.subject],0.003989868295949825,0.000812042754778424,0.006746354967351971
