,Group,C(semantic_role)[T.patient],C(syntactic_role)[T.subject],C(valence)[T.-val],C(dominance)[T.-dom]
Group,1.874275458860628,0.09524554374326803,-0.15671650120371072,0.07036084845567152,0.03960979367602146
C(semantic_role)[T.patient],0.09524554374326803,0.010838205134966236,-0.002951920508958731,0.0036973543159715544,0.0008442802607199229
C(syntactic_role)[T.subject],-0.15671650120371072,-0.002951920508958731,0.04870544200828781,-0.003464844225338311,-0.0027966349462925826
C(valence)[T.-val],0.07036084845567152,0.0036973543159715544,-0.003464844225338311,0.004847346487898688,0.0010892111936964082
C(dominance)[T.-dom],0.03960979367602146,0.0008442802607199229,-0.0027966349462925826,0.0010892111936964082,0.0036135795299228578
