,Group,C(semantic_role)[T.patient],C(syntactic_role)[T.subject],C(valence)[T.-val],C(dominance)[T.-dom]
Group,2.0049275361403733,0.05995263256114786,-0.06646703796207949,0.13456131030874155,0.016576693022202986
C(semantic_role)[T.patient],0.05995263256114786,0.0039021690600617065,-0.0013549494352014994,0.004793364361708818,0.0005142532534535174
C(syntactic_role)[T.subject],-0.06646703796207949,-0.0013549494352014994,0.03387170421931047,-0.004789075926594879,-0.0005040670237286968
C(valence)[T.-val],0.13456131030874155,0.004793364361708818,-0.004789075926594879,0.012468226249060585,0.0014250624334512054
C(dominance)[T.-dom],0.016576693022202986,0.0005142532534535174,-0.0005040670237286968,0.0014250624334512054,0.0031720431401394194
