,Group,C(semantic_role)[T.patient],C(syntactic_role)[T.subject],C(valence)[T.-val],C(dominance)[T.-dom]
Group,2.0260476331209647,0.05415035743260387,-0.05936567584587466,0.11247053407511326,0.0399641870154093
C(semantic_role)[T.patient],0.05415035743260387,0.003352413743393142,-0.0014573449745712212,0.0034067954472889526,0.0012261001154238412
C(syntactic_role)[T.subject],-0.05936567584587466,-0.0014573449745712212,0.03339223785943763,-0.00465872522475114,0.00011277703150950451
C(valence)[T.-val],0.11247053407511326,0.0034067954472889526,-0.00465872522475114,0.010110573861042827,0.0010264056387630231
C(dominance)[T.-dom],0.0399641870154093,0.0012261001154238412,0.00011277703150950451,0.0010264056387630231,0.006381254644836497
