,Group,C(semantic_role)[T.patient],C(syntactic_role)[T.subject],C(valence)[T.-val],C(dominance)[T.-dom]
Group,0.8788271622406839,-0.017812665600604547,0.07636901119360483,0.0006145868805453652,0.04951414971809464
C(semantic_role)[T.patient],-0.017812665600604547,0.0014840626694004114,-0.0017756374087828446,-1.475337478203119e-05,-0.0009710681880972477
C(syntactic_role)[T.subject],0.07636901119360483,-0.0017756374087828446,0.03776486629352063,-0.0008157047348691691,0.005997764393127905
C(valence)[T.-val],0.0006145868805453652,-1.475337478203119e-05,-0.0008157047348691691,0.0013653246651384161,-0.00010653648303962974
C(dominance)[T.-dom],0.04951414971809464,-0.0009710681880972477,0.005997764393127905,-0.00010653648303962974,0.003817159667411256
