,Group,C(semantic_role)[T.patient],C(syntactic_role)[T.subject],C(valence)[T.-val],C(dominance)[T.-dom]
Group,1.0972359525839364,-0.016447306133422237,0.07198466102282346,0.020687328958062037,0.027007224938650414
C(semantic_role)[T.patient],-0.016447306133422237,0.0016841626034908542,0.0005788139900374425,-0.00018675089509788498,-0.00038117681177520006
C(syntactic_role)[T.subject],0.07198466102282346,0.0005788139900374425,0.054080378735115585,0.0005897771728501696,0.002961770415155349
C(valence)[T.-val],0.020687328958062037,-0.00018675089509788498,0.0005897771728501696,0.00215216338010698,0.0008089002082739809
C(dominance)[T.-dom],0.027007224938650414,-0.00038117681177520006,0.002961770415155349,0.0008089002082739809,0.0018524464461490574
