,Group,C(semantic_role)[T.patient],C(syntactic_role)[T.subject],C(valence)[T.-val],C(dominance)[T.-dom]
Group,1.122237601496348,-0.015065094301399795,0.07085435838680615,0.002169352971574879,0.04655410991025636
C(semantic_role)[T.patient],-0.015065094301399795,0.0017368504647737328,0.0009307687997873131,-1.2369878021162196e-05,-0.0005945964717754978
C(syntactic_role)[T.subject],0.07085435838680615,0.0009307687997873131,0.05342891695609356,-0.0010466833010132992,0.004543593597329878
C(valence)[T.-val],0.002169352971574879,-1.2369878021162196e-05,-0.0010466833010132992,0.0010416184821295837,0.0005488164477871311
C(dominance)[T.-dom],0.04655410991025636,-0.0005945964717754978,0.004543593597329878,0.0005488164477871311,0.0034248223839317216
