,Group,C(semantic_role)[T.patient],C(syntactic_role)[T.subject],C(valence)[T.-val],C(dominance)[T.-dom]
Group,1.971653644135272,0.05924593135011016,-0.06901378210803796,0.13355199450775362,0.01616416961517515
C(semantic_role)[T.patient],0.05924593135011016,0.0039072711465067455,-0.0014739851846093997,0.0048110163591569,0.0005161762387191406
C(syntactic_role)[T.subject],-0.06901378210803796,-0.0014739851846093997,0.03686177957554092,-0.005220840038280472,-0.0005480521937269315
C(valence)[T.-val],0.13355199450775362,0.0048110163591569,-0.005220840038280472,0.01253376334726585,0.0014301578641862313
C(dominance)[T.-dom],0.01616416961517515,0.0005161762387191406,-0.0005480521937269315,0.0014301578641862313,0.003173436182945579
