,Group,C(semantic_role)[T.patient],C(syntactic_role)[T.subject],C(valence)[T.-val],C(dominance)[T.-dom]
Group,2.010600581240762,0.05385121810878337,-0.06250989882580386,0.11224481590828893,0.03962029388179676
C(semantic_role)[T.patient],0.05385121810878337,0.003363915305631778,-0.0015746683730587956,0.003426537830707161,0.001228837049498234
C(syntactic_role)[T.subject],-0.06250989882580386,-0.0015746683730587956,0.03643241681108351,-0.005065817041270815,0.00012478256216713883
C(valence)[T.-val],0.11224481590828893,0.003426537830707161,-0.005065817041270815,0.010166759204458078,0.0010240441707679913
C(dominance)[T.-dom],0.03962029388179676,0.001228837049498234,0.00012478256216713883,0.0010240441707679913,0.006378110344799339
