,Group,C(semantic_role)[T.patient],C(syntactic_role)[T.subject],C(valence)[T.-val],C(dominance)[T.-dom]
Group,1.512377701684148,0.07459772517343374,-0.01349705580165983,0.112604484739704,-0.016370352677695932
C(semantic_role)[T.patient],0.07459772517343374,0.005457959586288538,0.003580365170787706,0.006127609050131663,-0.0020717689623398258
C(syntactic_role)[T.subject],-0.01349705580165983,0.003580365170787706,0.04026586573722201,0.0022993826782057624,0.002833490003685536
C(valence)[T.-val],0.112604484739704,0.006127609050131663,0.0022993826782057624,0.01251259683090402,-0.0029678178474871813
C(dominance)[T.-dom],-0.016370352677695932,-0.0020717689623398258,0.002833490003685536,-0.0029678178474871813,0.004517822647362344
