,Group,C(semantic_role)[T.patient],C(syntactic_role)[T.subject],C(valence)[T.-val],C(dominance)[T.-dom]
Group,1.515163109549654,0.06581981629925848,-0.018555354746012886,0.12273490892222313,-0.026374309141703394
C(semantic_role)[T.patient],0.06581981629925848,0.00469735408925661,0.0036480264506018436,0.00602628080523995,-0.0023871867457366264
C(syntactic_role)[T.subject],-0.018555354746012886,0.0036480264506018436,0.039674085281968,0.0021209021627403833,0.002659194584602818
C(valence)[T.-val],0.12273490892222313,0.00602628080523995,0.0021209021627403833,0.014372287332853366,-0.004048883824757173
C(dominance)[T.-dom],-0.026374309141703394,-0.0023871867457366264,0.002659194584602818,-0.004048883824757173,0.00481925914133723
