,Group,C(semantic_role)[T.patient],C(syntactic_role)[T.subject],C(valence)[T.-val],C(dominance)[T.-dom]
Group,2.6704911179561823,0.2881794572599346,0.005060816350211261,0.25804526328345057,0.020319631270635033
C(semantic_role)[T.patient],0.2881794572599346,0.036836690313684355,0.006759014766077227,0.02944276792952737,0.0042559887568285396
C(syntactic_role)[T.subject],0.005060816350211261,0.006759014766077227,0.057051066175679246,0.0015547543768706911,0.008383422447947958
C(valence)[T.-val],0.25804526328345057,0.02944276792952737,0.0015547543768706911,0.029452301324159085,-0.0005070521674146391
C(dominance)[T.-dom],0.020319631270635033,0.0042559887568285396,0.008383422447947958,-0.0005070521674146391,0.006475492391544937
