{
  "formula": "log_he_she_odds ~ C(tense) + C(semantic_role) + C(syntactic_role) + C(dominance) + log_frequency",
  "re_formula": "1 + C(semantic_role) + C(syntactic_role) + C(valence) + C(dominance)",
  "group_col": "profession",
  "optimizer": "lbfgs",
  "converged": true,
  "aic": 21688.81313821196,
  "bic": 21887.440710386203,
  "log_likelihood": -10818.40656910598,
  "nobs": 15360,
  "residual_variance": 0.2315644658382762,
  "R2m": 0.020137110753279987,
  "R2c": 0.9591591529159716,
  "random_effect_variance_semantic_role": 0.046308960430315384,
  "random_effect_variance_syntactic_role": 0.056524840691748346,
  "random_effect_variance_valence": 0.06699923943231195,
  "random_effect_variance_dominance": 0.0066771572316763825
}