,Group,C(semantic_role)[T.patient],C(syntactic_role)[T.subject],C(valence)[T.-val],C(dominance)[T.-dom]
Group,4.331013373844097,0.4245068657608588,-0.03094743573717305,0.5130812435108884,-0.02785832643159805
C(semantic_role)[T.patient],0.4245068657608588,0.046308960430315384,0.002285546770081177,0.05202436867554099,-0.0011185207061599985
C(syntactic_role)[T.subject],-0.03094743573717305,0.002285546770081177,0.056524840691748346,-0.002605237472167084,0.008197045114249563
C(valence)[T.-val],0.5130812435108884,0.05202436867554099,-0.002605237472167084,0.06699923943231195,-0.006519143064936378
C(dominance)[T.-dom],-0.02785832643159805,-0.0011185207061599985,0.008197045114249563,-0.006519143064936378,0.0066771572316763825
