,Group,C(semantic_role)[T.patient],C(syntactic_role)[T.subject],C(valence)[T.-val],C(dominance)[T.-dom]
Group,1.1234122293134305,-0.01508394131884424,0.07108451532241487,0.0021712824335724987,0.04661180592680059
C(semantic_role)[T.patient],-0.01508394131884424,0.0017369884967671177,0.0009506950933443151,-1.3279533164368447e-05,-0.0005944451840356838
C(syntactic_role)[T.subject],0.07108451532241487,0.0009506950933443151,0.05357204935274083,-0.0010537156398965292,0.004560773936987668
C(valence)[T.-val],0.0021712824335724987,-1.3279533164368447e-05,-0.0010537156398965292,0.0010427871787957548,0.0005488247361600097
C(dominance)[T.-dom],0.04661180592680059,-0.0005944451840356838,0.004560773936987668,0.0005488247361600097,0.0034268988597918773
