,Group,C(semantic_role)[T.patient],C(syntactic_role)[T.subject],C(valence)[T.-val],C(dominance)[T.-dom]
Group,1.096920512582655,-0.016451350533985304,0.07185478746846316,0.020690937876855147,0.02699006532800871
C(semantic_role)[T.patient],-0.016451350533985304,0.0016846192818179145,0.0005762793549637064,-0.00018687185963906538,-0.0003811735256020292
C(syntactic_role)[T.subject],0.07185478746846316,0.0005762793549637064,0.054001089663902435,0.0005892682279137923,0.002955226346463057
C(valence)[T.-val],0.020690937876855147,-0.00018687185963906538,0.0005892682279137923,0.0021519636238492732,0.0008086902572304013
C(dominance)[T.-dom],0.02699006532800871,-0.0003811735256020292,0.002955226346463057,0.0008086902572304013,0.0018513323054531019
