,Group,C(semantic_role)[T.patient],C(syntactic_role)[T.subject],C(valence)[T.-val],C(dominance)[T.-dom]
Group,1.8581303956229505,0.0954615886173328,-0.15541366862966186,0.0701613257379878,0.03671278871670647
C(semantic_role)[T.patient],0.0954615886173328,0.010905150546973589,-0.002951780703052664,0.003710355924502536,0.0008063825905089178
C(syntactic_role)[T.subject],-0.15541366862966186,-0.002951780703052664,0.04859447887322982,-0.003444102370404314,-0.0025914028984241476
C(valence)[T.-val],0.0701613257379878,0.003710355924502536,-0.003444102370404314,0.0048448506108461345,0.0010466311719347454
C(dominance)[T.-dom],0.03671278871670647,0.0008063825905089178,-0.0025914028984241476,0.0010466311719347454,0.00315547871233238
