,Group,C(semantic_role)[T.patient],C(syntactic_role)[T.subject],C(valence)[T.-val],C(dominance)[T.-dom]
Group,1.8688010239077726,0.0818864192456254,-0.1421035170691276,0.061229464021522094,0.046160670214669484
C(semantic_role)[T.patient],0.0818864192456254,0.009013332578136487,-0.0013074467373406504,0.002321747650876982,0.0013963669724231563
C(syntactic_role)[T.subject],-0.1421035170691276,-0.0013074467373406504,0.046444350531545685,-0.0034883930213722137,-0.0016806191338413052
C(valence)[T.-val],0.061229464021522094,0.002321747650876982,-0.0034883930213722137,0.00415664304522293,0.0006658885389886288
C(dominance)[T.-dom],0.046160670214669484,0.0013963669724231563,-0.0016806191338413052,0.0006658885389886288,0.004536073909358875
