,Group,C(semantic_role)[T.patient],C(syntactic_role)[T.subject],C(valence)[T.-val],C(dominance)[T.-dom]
Group,0.60760220453771,0.009412126324184157,0.033093559184211696,-0.006618805550824052,0.02992309360161637
C(semantic_role)[T.patient],0.009412126324184157,0.014519936147646425,0.0030752150520613475,0.002633693953532883,0.006002540289770164
C(syntactic_role)[T.subject],0.033093559184211696,0.0030752150520613475,0.026107040530516844,-0.004690171601882033,0.003638753775249108
C(valence)[T.-val],-0.006618805550824052,0.002633693953532883,-0.004690171601882033,0.004378645613862406,0.0026322064007332944
C(dominance)[T.-dom],0.02992309360161637,0.006002540289770164,0.003638753775249108,0.0026322064007332944,0.005374600271301465
