term,coef,std_err,z,p_value,ci_low,ci_high
Intercept,1.0993934470321625,0.42475788170669987,2.588282629658903,0.009645580307585392,0.2668832967375061,1.9319035973268188
C(tense)[T.past perfect],-0.1781465530395507,0.011807410377450199,-15.087690471043095,1.9515454615698728e-51,-0.20128865213003758,-0.15500445394906384
C(tense)[T.present continuous],-0.20313682556152335,0.011807410377450199,-17.2041810242722,2.470447971974567e-66,-0.22627892465201022,-0.17999472647103648
C(tense)[T.present perfect],-0.26716880798339837,0.011807410377450202,-22.627214557871003,2.3391971036973678e-113,-0.29031090707388524,-0.2440267088929115
C(tense)[T.simple future],-0.01687679290771489,0.011807410377450202,-1.429339064893196,0.15290680312239516,-0.04001889199820177,0.00626530618277199
C(tense)[T.simple past],-0.04237403869628909,0.0118074103774502,-3.588766490001487,0.00033224626171089635,-0.06551613778677597,-0.019231939605802214
C(semantic_role)[T.patient],0.1501015561446166,0.04335946092884113,3.4617947947036054,0.0005365861114403145,0.06511857433501633,0.23508453795421685
C(valence)[T.-val],0.12096234121852473,0.03116394945744925,3.8814830380752845,0.0001038213944014413,0.059882122665897645,0.1820425597711518
