,Group,C(semantic_role)[T.patient],C(syntactic_role)[T.subject],C(valence)[T.-val],C(dominance)[T.-dom]
Group,2.9424426314887437,0.11200363783828697,-0.579909644707096,0.0984657895469917,0.019091224433969302
C(semantic_role)[T.patient],0.11200363783828697,0.01165031736353788,-0.011009774556199092,0.0035653088375317793,-5.466344665478364e-05
C(syntactic_role)[T.subject],-0.579909644707096,-0.011009774556199092,0.22183285018598617,-0.013854277367665476,0.006521069982392807
C(valence)[T.-val],0.0984657895469917,0.0035653088375317793,-0.013854277367665476,0.0061873182350334986,0.0009176077051564661
C(dominance)[T.-dom],0.019091224433969302,-5.466344665478364e-05,0.006521069982392807,0.0009176077051564661,0.004164878994651919
