random_term,Group,C(syntactic_role)[T.subject]
Group,0.8270236876240944,0.04022562119580761
C(syntactic_role)[T.subject],0.04022562119580761,0.030479933074652667
