,Group,C(semantic_role)[T.patient],C(syntactic_role)[T.subject],C(valence)[T.-val],C(dominance)[T.-dom]
Group,1.863596444360253,0.09521173031747425,-0.15549397133963663,0.07048936967782732,0.03656103992429175
C(semantic_role)[T.patient],0.09521173031747425,0.010886134357356254,-0.0029160711934372186,0.00367307455390058,0.0007954435613931963
C(syntactic_role)[T.subject],-0.15549397133963663,-0.0029160711934372186,0.04859429440759434,-0.0034471927863280157,-0.002583632196938689
C(valence)[T.-val],0.07048936967782732,0.00367307455390058,-0.0034471927863280157,0.004831581688356766,0.0010454194722657288
C(dominance)[T.-dom],0.03656103992429175,0.0007954435613931963,-0.002583632196938689,0.0010454194722657288,0.0031344587349564695
