,Group,C(semantic_role)[T.patient],C(syntactic_role)[T.subject],C(valence)[T.-val],C(dominance)[T.-dom]
Group,1.6022139514223324,0.12670620167195018,0.009292292916353426,0.13600244575514447,0.012724098236489324
C(semantic_role)[T.patient],0.12670620167195018,0.015276784484629078,0.008980119984476074,0.011324840054655552,0.004285796125275479
C(syntactic_role)[T.subject],0.009292292916353426,0.008980119984476074,0.04976736625797936,0.0019984433635846914,0.010125895728756084
C(valence)[T.-val],0.13600244575514447,0.011324840054655552,0.0019984433635846914,0.015509847887926281,-0.0016338755161092221
C(dominance)[T.-dom],0.012724098236489324,0.004285796125275479,0.010125895728756084,-0.0016338755161092221,0.00781198005437938
