,Group,C(semantic_role)[T.patient],C(syntactic_role)[T.subject],C(valence)[T.-val],C(dominance)[T.-dom]
Group,1.5877000080359513,0.14274714835524843,-0.0071089213633418625,0.15206356090607492,-0.0041786052252720035
C(semantic_role)[T.patient],0.14274714835524843,0.01791338619246203,0.006537357368152056,0.01503966278911849,0.0018996467623522938
C(syntactic_role)[T.subject],-0.0071089213633418625,0.006537357368152056,0.04938110336959292,0.001429493049780805,0.0089882320966723
C(valence)[T.-val],0.15206356090607492,0.01503966278911849,0.001429493049780805,0.01855713882771979,-0.0022904134703042186
C(dominance)[T.-dom],-0.0041786052252720035,0.0018996467623522938,0.0089882320966723,-0.0022904134703042186,0.00618067851502751
