,Group,C(semantic_role)[T.patient],C(syntactic_role)[T.subject]
Group,1.2536773836504964,0.059900479180160254,-0.04831630862875203
C(semantic_role)[T.patient],0.059900479180160254,0.005370604833189911,0.0014585780903698037
C(syntactic_role)[T.subject],-0.04831630862875203,0.0014585780903698037,0.019141094830951635
