,Group,C(semantic_role)[T.patient],C(syntactic_role)[T.subject],C(valence)[T.-val],C(dominance)[T.-dom]
Group,2.343099725581312,0.19723819004983492,-0.46357795668897633,0.17296516467387116,0.054134354500375334
C(semantic_role)[T.patient],0.19723819004983492,0.12175371472157233,-0.03788034557392892,0.00706948454428903,0.0031376382351980627
C(syntactic_role)[T.subject],-0.46357795668897633,-0.03788034557392892,0.1221146110017538,-0.031244480686088722,-0.01033854713956593
C(valence)[T.-val],0.17296516467387116,0.00706948454428903,-0.031244480686088722,0.1235315861192724,0.00469999874252108
C(dominance)[T.-dom],0.054134354500375334,0.0031376382351980627,-0.01033854713956593,0.00469999874252108,0.115876114247414
