,Group,C(semantic_role)[T.patient],C(syntactic_role)[T.subject],C(valence)[T.-val],C(dominance)[T.-dom]
Group,2.3211651116421366,0.2136788676970142,-0.4494271285132394,0.16535598364514842,0.06007782855083866
C(semantic_role)[T.patient],0.2136788676970142,0.12153887708706519,-0.04005142561098229,0.007938159100513197,0.003857123589890998
C(syntactic_role)[T.subject],-0.4494271285132394,-0.04005142561098229,0.11565099070231252,-0.028316240891184803,-0.012140769978014262
C(valence)[T.-val],0.16535598364514842,0.007938159100513197,-0.028316240891184803,0.12005544595553648,0.004277446377710233
C(dominance)[T.-dom],0.06007782855083866,0.003857123589890998,-0.012140769978014262,0.004277446377710233,0.11476123508308476
