,Group,C(semantic_role)[T.patient],C(syntactic_role)[T.subject]
Group,1.2527794446975566,0.05979373214241716,-0.048530198559696876
C(semantic_role)[T.patient],0.05979373214241716,0.00536835802941273,0.001454281460211452
C(syntactic_role)[T.subject],-0.048530198559696876,0.001454281460211452,0.01917441317137148
