,Group,C(semantic_role)[T.patient],C(syntactic_role)[T.subject],C(valence)[T.-val],C(dominance)[T.-dom]
Group,4.311063115341549,0.18754615397093066,-0.2876348349617252,0.3007505156315857,0.08546541292042716
C(semantic_role)[T.patient],0.18754615397093066,0.015185420614868328,-0.0077927489829964615,0.012162309498826813,0.002209044986250253
C(syntactic_role)[T.subject],-0.2876348349617252,-0.0077927489829964615,0.056044874304262464,-0.016011023972773698,-0.004961609317068743
C(valence)[T.-val],0.3007505156315857,0.012162309498826813,-0.016011023972773698,0.02653733067890064,0.005635409157616345
C(dominance)[T.-dom],0.08546541292042716,0.002209044986250253,-0.004961609317068743,0.005635409157616345,0.004532777548837408
