,Group,C(semantic_role)[T.patient],C(syntactic_role)[T.subject]
Group,1.2534242954890327,0.059876505310119184,-0.04831429786581576
C(semantic_role)[T.patient],0.059876505310119184,0.005351252045446087,0.0014587371241665194
C(syntactic_role)[T.subject],-0.04831429786581576,0.0014587371241665194,0.01912267904346795
