,Group,C(semantic_role)[T.patient],C(syntactic_role)[T.subject]
Group,0.8161413979907012,0.008266786484708527,0.038953788662859805
C(semantic_role)[T.patient],0.008266786484708527,0.004432308575339257,0.003328513136419794
C(syntactic_role)[T.subject],0.038953788662859805,0.003328513136419794,0.030544431743601136
