,Group,C(semantic_role)[T.patient],C(syntactic_role)[T.subject],C(valence)[T.-val],C(dominance)[T.-dom]
Group,1.8543845669039607,0.09492010734539132,-0.15536627262100938,0.0700609534314283,0.036677890281042465
C(semantic_role)[T.patient],0.09492010734539132,0.01081276458779712,-0.002959460014745291,0.003690255251988464,0.0008001468413788688
C(syntactic_role)[T.subject],-0.15536627262100938,-0.002959460014745291,0.04855649056438425,-0.0034491570272019833,-0.002588778683856418
C(valence)[T.-val],0.0700609534314283,0.003690255251988464,-0.0034491570272019833,0.00482845058118268,0.001045735780729509
C(dominance)[T.-dom],0.036677890281042465,0.0008001468413788688,-0.002588778683856418,0.001045735780729509,0.0031381749801543154
