,Group,C(semantic_role)[T.patient],C(syntactic_role)[T.subject],C(valence)[T.-val],C(dominance)[T.-dom]
Group,1.8544145496439333,0.09494227710052631,-0.15529031278079455,0.07004545302730679,0.03668743677466418
C(semantic_role)[T.patient],0.09494227710052631,0.010832294301087638,-0.002933878685642961,0.003691617145982317,0.0008021260105883626
C(syntactic_role)[T.subject],-0.15529031278079455,-0.002933878685642961,0.048587747034720304,-0.003440432587577877,-0.0025907608715025426
C(valence)[T.-val],0.07004545302730679,0.003691617145982317,-0.003440432587577877,0.0048397288771368395,0.0010461473692583117
C(dominance)[T.-dom],0.03668743677466418,0.0008021260105883626,-0.0025907608715025426,0.0010461473692583117,0.003152465475689992
