,Group,C(semantic_role)[T.patient],C(syntactic_role)[T.subject],C(valence)[T.-val],C(dominance)[T.-dom]
Group,1.3550682669171519,0.03256317483721136,-0.10917685511485971,0.13550522137082913,0.08119688855839602
C(semantic_role)[T.patient],0.03256317483721136,0.002713020304121056,-0.0016094417929692318,0.003690374562600448,-0.000741442028010246
C(syntactic_role)[T.subject],-0.10917685511485971,-0.0016094417929692318,0.030415893131527604,-0.013939839703615538,-0.0003459666000599698
C(valence)[T.-val],0.13550522137082913,0.003690374562600448,-0.013939839703615538,0.015826839364709987,0.004945082562932813
C(dominance)[T.-dom],0.08119688855839602,-0.000741442028010246,-0.0003459666000599698,0.004945082562932813,0.01413349039618362
