,Group,C(semantic_role)[T.patient],C(syntactic_role)[T.subject],C(valence)[T.-val],C(dominance)[T.-dom]
Group,1.1495249573020443,0.1610234206842065,-0.19088435917722624,0.06821091947456638,0.09919418571142667
C(semantic_role)[T.patient],0.1610234206842065,0.02664433397759034,-0.02709118089560722,0.009147227719323378,0.01867723042337281
C(syntactic_role)[T.subject],-0.19088435917722624,-0.02709118089560722,0.08175304892740287,-0.007686012193814174,-0.01779944665248683
C(valence)[T.-val],0.06821091947456638,0.009147227719323378,-0.007686012193814174,0.005895089102355522,0.006394201991671131
C(dominance)[T.-dom],0.09919418571142667,0.01867723042337281,-0.01779944665248683,0.006394201991671131,0.014950376852747813
