random_term,Group,C(semantic_role)[T.patient],C(syntactic_role)[T.subject]
Group,1.2542482942841016,0.05991281122776853,-0.04835457103902266
C(semantic_role)[T.patient],0.05991281122776853,0.005342171614375736,0.0014604655947731244
C(syntactic_role)[T.subject],-0.04835457103902266,0.0014604655947731244,0.019129319281183443
