,Group,C(semantic_role)[T.patient],C(syntactic_role)[T.subject],C(valence)[T.-val],C(dominance)[T.-dom]
Group,1.1953393234130767,0.0386235839691743,0.003719541161773998,0.10662372034936911,0.05278306270073317
C(semantic_role)[T.patient],0.0386235839691743,0.004462461749883005,0.0008087192277390065,0.00363608868156607,0.0011430183011381832
C(syntactic_role)[T.subject],0.003719541161773998,0.0008087192277390065,0.006761920247493427,0.0012699199995769032,-0.0007474602617039593
C(valence)[T.-val],0.10662372034936911,0.00363608868156607,0.0012699199995769032,0.011297501298535087,0.003034422443766041
C(dominance)[T.-dom],0.05278306270073317,0.0011430183011381832,-0.0007474602617039593,0.003034422443766041,0.0055928096728363914
