,Group,C(semantic_role)[T.patient],C(syntactic_role)[T.subject],C(valence)[T.-val],C(dominance)[T.-dom]
Group,1.6052507259140398,0.1269633013116697,0.009564881947403183,0.13628472822020657,0.012817302051354664
C(semantic_role)[T.patient],0.1269633013116697,0.01530536122919629,0.008995593780558106,0.011346504491449387,0.004292032742520663
C(syntactic_role)[T.subject],0.009564881947403183,0.008995593780558106,0.04969018866957248,0.002017768796552902,0.01009382546981093
C(valence)[T.-val],0.13628472822020657,0.011346504491449387,0.002017768796552902,0.015540899348256731,-0.0016276807786279465
C(dominance)[T.-dom],0.012817302051354664,0.004292032742520663,0.01009382546981093,-0.0016276807786279465,0.0078090762310278235
