,Group,C(semantic_role)[T.patient],C(syntactic_role)[T.subject],C(valence)[T.-val],C(dominance)[T.-dom]
Group,1.5885884492308626,0.1428397916665134,-0.007048881656406209,0.15211211746784595,-0.004198330969617753
C(semantic_role)[T.patient],0.1428397916665134,0.017934628829891965,0.006561203708517811,0.01504669899650803,0.0019009940757955006
C(syntactic_role)[T.subject],-0.007048881656406209,0.006561203708517811,0.049416291587314254,0.0014421290015107185,0.008993824887361808
C(valence)[T.-val],0.15211211746784595,0.01504669899650803,0.0014421290015107185,0.018564714040169523,-0.0022900208386872163
C(dominance)[T.-dom],-0.004198330969617753,0.0019009940757955006,0.008993824887361808,-0.0022900208386872163,0.006188322256654177
