,Group,C(semantic_role)[T.patient],C(syntactic_role)[T.subject]
Group,1.3602115076993497,0.040869717789393786,0.003985643897415798
C(semantic_role)[T.patient],0.040869717789393786,0.004427569643346482,0.0008079634587033332
C(syntactic_role)[T.subject],0.003985643897415798,0.0008079634587033332,0.006751348142869244
