,Group,C(semantic_role)[T.patient],C(syntactic_role)[T.subject]
Group,0.8174561422825299,0.008213838060265056,0.038484107515322795
C(semantic_role)[T.patient],0.008213838060265056,0.004432188277101857,0.0033161980298093124
C(syntactic_role)[T.subject],0.038484107515322795,0.0033161980298093124,0.030479081510766556
