,Group,C(semantic_role)[T.patient],C(syntactic_role)[T.subject],C(valence)[T.-val],C(dominance)[T.-dom]
Group,1.355068711189398,0.03256316629360569,-0.10917687561547029,0.1355052430584065,0.08119695564459134
C(semantic_role)[T.patient],0.03256316629360569,0.0027130178591870916,-0.001609446715044297,0.003690372378681832,-0.0007414417984508607
C(syntactic_role)[T.subject],-0.10917687561547029,-0.001609446715044297,0.030415892152019636,-0.013939839637370825,-0.00034596937436494736
C(valence)[T.-val],0.1355052430584065,0.003690372378681832,-0.013939839637370825,0.015826834551781067,0.004945088582336035
C(dominance)[T.-dom],0.08119695564459134,-0.0007414417984508607,-0.00034596937436494736,0.004945088582336035,0.014133496934478134
