,Group,C(semantic_role)[T.patient],C(syntactic_role)[T.subject]
Group,0.8178734828346249,0.008312735871084291,0.038459856816642726
C(semantic_role)[T.patient],0.008312735871084291,0.004437390870043179,0.0033337148927916537
C(syntactic_role)[T.subject],0.038459856816642726,0.0033337148927916537,0.03046499926549319
