,Group,C(semantic_role)[T.patient],C(syntactic_role)[T.subject]
Group,0.8171372546160727,0.008279924291279274,0.03877063525987135
C(semantic_role)[T.patient],0.008279924291279274,0.004436851065140761,0.0033313117968336936
C(syntactic_role)[T.subject],0.03877063525987135,0.0033313117968336936,0.030520038476980402
