,Group,C(semantic_role)[T.patient],C(syntactic_role)[T.subject],C(valence)[T.-val],C(dominance)[T.-dom]
Group,1.5091456481660845,0.07428746590946488,-0.013210055107270849,0.11215059788828026,-0.015670972638629196
C(semantic_role)[T.patient],0.07428746590946488,0.005423907310272214,0.003620069464780029,0.006080002142469042,-0.00198727884104828
C(syntactic_role)[T.subject],-0.013210055107270849,0.003620069464780029,0.04025259876157721,0.0023620220465593793,0.0027288642787362794
C(valence)[T.-val],0.11215059788828026,0.006080002142469042,0.0023620220465593793,0.012439701766288499,-0.002845179528848678
C(dominance)[T.-dom],-0.015670972638629196,-0.00198727884104828,0.0027288642787362794,-0.002845179528848678,0.004291864641080031
