,Group,C(semantic_role)[T.patient],C(syntactic_role)[T.subject],C(valence)[T.-val],C(dominance)[T.-dom]
Group,1.512673604135525,0.06565868830456309,-0.018104819390226394,0.12242533406310296,-0.025998786317830286
C(semantic_role)[T.patient],0.06565868830456309,0.00468161541804236,0.003659841705496047,0.006002640534410246,-0.0023556017476291115
C(syntactic_role)[T.subject],-0.018104819390226394,0.003659841705496047,0.039577141691570575,0.0021622015118014522,0.0026116039302839732
C(valence)[T.-val],0.12242533406310296,0.006002640534410246,0.0021622015118014522,0.014330112302590368,-0.003992517928135165
C(dominance)[T.-dom],-0.025998786317830286,-0.0023556017476291115,0.0026116039302839732,-0.003992517928135165,0.004736238449478837
