,Group,C(semantic_role)[T.patient],C(syntactic_role)[T.subject],C(valence)[T.-val],C(dominance)[T.-dom]
Group,3.6265784376764896,0.1193103510485653,-0.7058856724380275,0.1199746509552691,0.06730893930428425
C(semantic_role)[T.patient],0.1193103510485653,0.011697428184734675,-0.011521130643845539,0.003804490664056118,0.0008394464236823578
C(syntactic_role)[T.subject],-0.7058856724380275,-0.011521130643845539,0.2219744145580015,-0.018007035898802336,-0.011347764590475113
C(valence)[T.-val],0.1199746509552691,0.003804490664056118,-0.018007035898802336,0.0067520374019852366,0.0021411892272414084
C(dominance)[T.-dom],0.06730893930428425,0.0008394464236823578,-0.011347764590475113,0.0021411892272414084,0.004136983198716275
