,Group,C(semantic_role)[T.patient],C(syntactic_role)[T.subject],C(valence)[T.-val],C(dominance)[T.-dom]
Group,1.8538775397682816,0.09491590121459847,-0.15524687328850165,0.06999551212631994,0.03668237137855937
C(semantic_role)[T.patient],0.09491590121459847,0.01083364406073489,-0.002930081722959428,0.0036894729416133707,0.0008017374483138897
C(syntactic_role)[T.subject],-0.15524687328850165,-0.002930081722959428,0.04858339818723228,-0.0034369461080679593,-0.0025909108475039326
C(valence)[T.-val],0.06999551212631994,0.0036894729416133707,-0.0034369461080679593,0.004837845843938114,0.0010458009467260658
C(dominance)[T.-dom],0.03668237137855937,0.0008017374483138897,-0.0025909108475039326,0.0010458009467260658,0.0031552152840046777
