,Group,C(semantic_role)[T.patient],C(syntactic_role)[T.subject],C(valence)[T.-val],C(dominance)[T.-dom]
Group,1.8638843855487073,0.08125560395898063,-0.14201919053218198,0.06108502311691237,0.046074963058030285
C(semantic_role)[T.patient],0.08125560395898063,0.00893251452431405,-0.0012970681768603228,0.002303624567591926,0.0013854900280039053
C(syntactic_role)[T.subject],-0.14201919053218198,-0.0012970681768603228,0.046443844302288526,-0.003485665994202375,-0.0016789570654879434
C(valence)[T.-val],0.06108502311691237,0.002303624567591926,-0.003485665994202375,0.004152571326888066,0.0006633528525065076
C(dominance)[T.-dom],0.046074963058030285,0.0013854900280039053,-0.0016789570654879434,0.0006633528525065076,0.004534664547082097
