,Group,C(semantic_role)[T.patient],C(syntactic_role)[T.subject],C(valence)[T.-val],C(dominance)[T.-dom]
Group,2.3155035500494217,0.21183877791237943,-0.44120577783030035,0.1620499235599875,0.07058394260915717
C(semantic_role)[T.patient],0.21183877791237943,0.09783294729239583,-0.04001677366555042,0.009188643626744205,0.00557174721112201
C(syntactic_role)[T.subject],-0.44120577783030035,-0.04001677366555042,0.10465222330338399,-0.028142632834917018,-0.014292355259730433
C(valence)[T.-val],0.1620499235599875,0.009188643626744205,-0.028142632834917018,0.09437128376621919,0.005199157173463578
C(dominance)[T.-dom],0.07058394260915717,0.00557174721112201,-0.014292355259730433,0.005199157173463578,0.08940190428441352
