,Group,C(semantic_role)[T.patient],C(syntactic_role)[T.subject],C(valence)[T.-val],C(dominance)[T.-dom]
Group,2.337175663854018,0.19583907868531703,-0.45493064675666994,0.16636119344645056,0.06796459252400305
C(semantic_role)[T.patient],0.19583907868531703,0.09717195731377787,-0.037913962296338484,0.008063032326212477,0.005069079555115683
C(syntactic_role)[T.subject],-0.45493064675666994,-0.037913962296338484,0.11050003458234169,-0.030140778759892038,-0.013498807231662297
C(valence)[T.-val],0.16636119344645056,0.008063032326212477,-0.030140778759892038,0.09639340833166023,0.005721235807886652
C(dominance)[T.-dom],0.06796459252400305,0.005069079555115683,-0.013498807231662297,0.005721235807886652,0.09016124778039471
