,Group,C(semantic_role)[T.patient],C(syntactic_role)[T.subject]
Group,1.2536404282391527,0.0598940567441913,-0.0483158298528341
C(semantic_role)[T.patient],0.0598940567441913,0.005368283176081584,0.0014587021887369983
C(syntactic_role)[T.subject],-0.0483158298528341,0.0014587021887369983,0.019139305111788116
