,Group,C(semantic_role)[T.patient],C(syntactic_role)[T.subject],C(valence)[T.-val],C(dominance)[T.-dom]
Group,1.1228783452865756,-0.015181729754187207,0.07091245540642997,0.0021544543548878293,0.046579219444865275
C(semantic_role)[T.patient],-0.015181729754187207,0.001750157856275935,0.0009195104747035501,-1.1994667544615663e-05,-0.0005996778247700857
C(syntactic_role)[T.subject],0.07091245540642997,0.0009195104747035501,0.053407826532524065,-0.0010522880390715882,0.0045484116583875
C(valence)[T.-val],0.0021544543548878293,-1.1994667544615663e-05,-0.0010522880390715882,0.0010426846072774908,0.0005474300072476132
C(dominance)[T.-dom],0.046579219444865275,-0.0005996778247700857,0.0045484116583875,0.0005474300072476132,0.0034257001124586846
