{
  "formula": "log_he_she_odds ~ C(tense) + C(syntactic_role) + C(valence) + C(dominance) + C(tense):C(syntactic_role) + C(tense):C(dominance) + C(syntactic_role):C(valence)",
  "re_formula": "1 + C(semantic_role) + C(syntactic_role) + C(valence) + C(dominance)",
  "group_col": "profession",
  "optimizer": "lbfgs",
  "converged": true,
  "aic": 5541.810539199505,
  "bic": 5787.072902806124,
  "log_likelihood": -2734.9052695997525,
  "nobs": 6720,
  "residual_variance": 0.12835947879088902,
  "R2m": 0.0291701197206785,
  "R2c": 0.9193120631848403,
  "random_effect_variance_semantic_role": 0.004457230111997694,
  "random_effect_variance_syntactic_role": 0.006756186000670907,
  "random_effect_variance_valence": 0.011297986305320905,
  "random_effect_variance_dominance": 0.005584143558803935
}