,Group,C(semantic_role)[T.patient],C(syntactic_role)[T.subject],C(valence)[T.-val],C(dominance)[T.-dom]
Group,1.194611888140533,0.03861077986150415,0.003726053605660997,0.10657610826541047,0.05275110558470985
C(semantic_role)[T.patient],0.03861077986150415,0.0044511461969462705,0.0008121345941548366,0.0036350342461378107,0.0011402938769931544
C(syntactic_role)[T.subject],0.003726053605660997,0.0008121345941548366,0.006753233746209629,0.0012726021614309242,-0.0007468854669701145
C(valence)[T.-val],0.10657610826541047,0.0036350342461378107,0.0012726021614309242,0.011284433484454686,0.003031479053752057
C(dominance)[T.-dom],0.05275110558470985,0.0011402938769931544,-0.0007468854669701145,0.003031479053752057,0.005581134396374587
