,Group,C(semantic_role)[T.patient],C(syntactic_role)[T.subject]
Group,1.2546822878762487,0.0598751329966389,-0.048514898367683995
C(semantic_role)[T.patient],0.0598751329966389,0.0053685746767313716,0.0014516517101423514
C(syntactic_role)[T.subject],-0.048514898367683995,0.0014516517101423514,0.019159166393034905
