,Group,C(semantic_role)[T.patient],C(syntactic_role)[T.subject],C(valence)[T.-val],C(dominance)[T.-dom]
Group,1.354935689940801,0.032533721031114196,-0.10911195185099762,0.1354597643301884,0.08127767628998389
C(semantic_role)[T.patient],0.032533721031114196,0.0027074919383448214,-0.0016145050119185016,0.003684760403557302,-0.0007403152881963853
C(syntactic_role)[T.subject],-0.10911195185099762,-0.0016145050119185016,0.030415862350402157,-0.013931814571659673,-0.0003404257287421759
C(valence)[T.-val],0.1354597643301884,0.003684760403557302,-0.013931814571659673,0.015812209186592853,0.00495038086810281
C(dominance)[T.-dom],0.08127767628998389,-0.0007403152881963853,-0.0003404257287421759,0.00495038086810281,0.014143517146498688
