,Group,C(semantic_role)[T.patient],C(syntactic_role)[T.subject]
Group,1.3591889195524514,0.04088608578332536,0.003932863414727731
C(semantic_role)[T.patient],0.04088608578332536,0.004432559326612263,0.0008104272844687061
C(syntactic_role)[T.subject],0.003932863414727731,0.0008104272844687061,0.006754285694162216
