,Group,C(semantic_role)[T.patient],C(syntactic_role)[T.subject],C(valence)[T.-val],C(dominance)[T.-dom]
Group,2.4104986777624364,0.20381371695982134,-0.47897218116649565,0.17873181265981716,0.055954508367548464
C(semantic_role)[T.patient],0.20381371695982134,0.1381192164288446,-0.039251036184092064,0.006923356926851241,0.0031781822598101355
C(syntactic_role)[T.subject],-0.47897218116649565,-0.039251036184092064,0.13304079191486085,-0.032120843902040376,-0.010692881493929413
C(valence)[T.-val],0.17873181265981716,0.006923356926851241,-0.032120843902040376,0.140237933063537,0.004908804077162247
C(dominance)[T.-dom],0.055954508367548464,0.0031781822598101355,-0.010692881493929413,0.004908804077162247,0.1325675338823045
