,Group,C(semantic_role)[T.patient],C(syntactic_role)[T.subject],C(valence)[T.-val],C(dominance)[T.-dom]
Group,2.3654133923265155,0.21839726463217626,-0.4593158421427647,0.1690091482992295,0.06141370964800728
C(semantic_role)[T.patient],0.21839726463217626,0.13209698556342292,-0.04100697449537573,0.007869666632242658,0.0038924502481256255
C(syntactic_role)[T.subject],-0.4593158421427647,-0.04100697449537573,0.12249826138752003,-0.0287699670408765,-0.012478885377866622
C(valence)[T.-val],0.1690091482992295,0.007869666632242658,-0.0287699670408765,0.1307841633834981,0.004382807867735072
C(dominance)[T.-dom],0.06141370964800728,0.0038924502481256255,-0.012478885377866622,0.004382807867735072,0.1255822220682742
