,Group,C(semantic_role)[T.patient],C(syntactic_role)[T.subject],C(valence)[T.-val],C(dominance)[T.-dom]
Group,1.511200806581399,0.0744726182878709,-0.013531876664818816,0.11240576052304228,-0.016121476554902738
C(semantic_role)[T.patient],0.0744726182878709,0.005446139180660754,0.0035925911404656985,0.006105957381468117,-0.0020390442606057707
C(syntactic_role)[T.subject],-0.013531876664818816,0.0035925911404656985,0.040285968407800125,0.0023158331705816614,0.002798577587896387
C(valence)[T.-val],0.11240576052304228,0.006105957381468117,0.0023158331705816614,0.012477800180582942,-0.0029212825596196114
C(dominance)[T.-dom],-0.016121476554902738,-0.0020390442606057707,0.002798577587896387,-0.0029212825596196114,0.004433120520551399
