,Group,C(semantic_role)[T.patient],C(syntactic_role)[T.subject],C(valence)[T.-val],C(dominance)[T.-dom]
Group,1.5131062054426916,0.0657430636075771,-0.017982404855368377,0.12253502084148504,-0.026179584414250227
C(semantic_role)[T.patient],0.0657430636075771,0.004694060584921188,0.0036632553004935986,0.006020162863536325,-0.002378441407210311
C(syntactic_role)[T.subject],-0.017982404855368377,0.0036632553004935986,0.0395603199104699,0.0021610699913168227,0.0026243054529193005
C(valence)[T.-val],0.12253502084148504,0.006020162863536325,0.0021610699913168227,0.014350848523088634,-0.004027910151201442
C(dominance)[T.-dom],-0.026179584414250227,-0.002378441407210311,0.0026243054529193005,-0.004027910151201442,0.004788685671385721
