,Group,C(semantic_role)[T.patient],C(syntactic_role)[T.subject]
Group,1.360114284827806,0.04088188836827446,0.0039834358960208795
C(semantic_role)[T.patient],0.04088188836827446,0.004429413170711712,0.0008074933276178386
C(syntactic_role)[T.subject],0.0039834358960208795,0.0008074933276178386,0.0067525576272301205
