{
  "formula": "log_he_she_odds ~ C(tense) + C(semantic_role) + C(syntactic_role) + C(valence) + C(dominance) + lex_emb_norm",
  "re_formula": "1 + C(semantic_role) + C(syntactic_role) + C(valence) + C(dominance)",
  "group_col": "profession",
  "optimizer": "lbfgs",
  "converged": true,
  "aic": 21655.096242128493,
  "bic": 21861.363336309438,
  "log_likelihood": -10800.548121064247,
  "nobs": 15360,
  "residual_variance": 0.2315641837527957,
  "R2m": 0.041205137120532434,
  "R2c": 0.9000013998432752,
  "random_effect_variance_semantic_role": 0.01907497965024982,
  "random_effect_variance_syntactic_role": 0.056448495002017915,
  "random_effect_variance_valence": 0.019188171012611926,
  "random_effect_variance_dominance": 0.006260375825787795
}