,Group,C(semantic_role)[T.patient],C(syntactic_role)[T.subject],C(valence)[T.-val],C(dominance)[T.-dom]
Group,1.6208477374014187,0.15082544946334128,-0.004956986713876943,0.15391219328094305,0.003978099781367079
C(semantic_role)[T.patient],0.15082544946334128,0.01907497965024982,0.0036775773077848692,0.015943427033608078,0.002306146629998241
C(syntactic_role)[T.subject],-0.004956986713876943,0.0036775773077848692,0.056448495002017915,-0.0007640461915234661,0.008025512301650783
C(valence)[T.-val],0.15391219328094305,0.015943427033608078,-0.0007640461915234661,0.019188171012611926,-0.001988836098206218
C(dominance)[T.-dom],0.003978099781367079,0.002306146629998241,0.008025512301650783,-0.001988836098206218,0.006260375825787795
