,Group,C(semantic_role)[T.patient],C(syntactic_role)[T.subject]
Group,1.006977455931379,0.11397651412708604,-0.15599232085532996
C(semantic_role)[T.patient],0.11397651412708604,0.015159064961580338,-0.016732508862058938
C(syntactic_role)[T.subject],-0.15599232085532996,-0.016732508862058938,0.0744076015202975
