,Group,C(semantic_role)[T.patient],C(syntactic_role)[T.subject],C(valence)[T.-val],C(dominance)[T.-dom]
Group,1.35479401124849,0.032539075189272834,-0.10907920918657943,0.1354584927031569,0.08127038479792395
C(semantic_role)[T.patient],0.032539075189272834,0.0026959084356606975,-0.0016164276701302832,0.0036853947915519098,-0.0007413598423945266
C(syntactic_role)[T.subject],-0.10907920918657943,-0.0016164276701302832,0.030404804397892338,-0.013930117436729735,-0.000335365339565561
C(valence)[T.-val],0.1354584927031569,0.0036853947915519098,-0.013930117436729735,0.01580178950202252,0.004949169968145286
C(dominance)[T.-dom],0.08127038479792395,-0.0007413598423945266,-0.000335365339565561,0.004949169968145286,0.014132101295423978
