,Group,C(semantic_role)[T.patient],C(syntactic_role)[T.subject]
Group,0.8176031409044452,0.00830782238385896,0.03885621567087113
C(semantic_role)[T.patient],0.00830782238385896,0.004421979299542102,0.00334158339959014
C(syntactic_role)[T.subject],0.03885621567087113,0.00334158339959014,0.03051941478643229
