,Group,C(semantic_role)[T.patient],C(syntactic_role)[T.subject]
Group,0.815398543865566,0.008259102516675032,0.038791812056317355
C(semantic_role)[T.patient],0.008259102516675032,0.004438003076481006,0.003316683924331139
C(syntactic_role)[T.subject],0.038791812056317355,0.003316683924331139,0.030544613531067327
