,Group,C(semantic_role)[T.patient],C(syntactic_role)[T.subject],C(valence)[T.-val],C(dominance)[T.-dom]
Group,1.5095902645134667,0.07429667903619736,-0.01321232460806701,0.11216894203742848,-0.015681602172002606
C(semantic_role)[T.patient],0.07429667903619736,0.005423161073506585,0.003617549867135065,0.006075724699662288,-0.00198536533169186
C(syntactic_role)[T.subject],-0.01321232460806701,0.003617549867135065,0.04026137939887001,0.002360334585704892,0.002726560501046173
C(valence)[T.-val],0.11216894203742848,0.006075724699662288,0.002360334585704892,0.012434433633165059,-0.002842173440966015
C(dominance)[T.-dom],-0.015681602172002606,-0.00198536533169186,0.002726560501046173,-0.002842173440966015,0.004290632546529559
