,Group,C(semantic_role)[T.patient],C(syntactic_role)[T.subject],C(valence)[T.-val],C(dominance)[T.-dom]
Group,1.5128716284909234,0.06563180165066493,-0.018225938595949634,0.12246651449192066,-0.026023815340169582
C(semantic_role)[T.patient],0.06563180165066493,0.004678667201555421,0.00365767860506656,0.006001413354470304,-0.002356545264333805
C(syntactic_role)[T.subject],-0.018225938595949634,0.00365767860506656,0.039574221093333195,0.002149920575474778,0.00261207875420936
C(valence)[T.-val],0.12246651449192066,0.006001413354470304,0.002149920575474778,0.014334207755750205,-0.003994819740071928
C(dominance)[T.-dom],-0.026023815340169582,-0.002356545264333805,0.00261207875420936,-0.003994819740071928,0.004734891813729673
