,Group,C(semantic_role)[T.patient],C(syntactic_role)[T.subject],C(valence)[T.-val],C(dominance)[T.-dom]
Group,1.8544109917819025,0.09494358225702976,-0.15527852132006975,0.07004351836399313,0.03668949101745012
C(semantic_role)[T.patient],0.09494358225702976,0.01083442607527651,-0.002932152221351605,0.003691838667285749,0.0008021698983090636
C(syntactic_role)[T.subject],-0.15527852132006975,-0.002932152221351605,0.04858699494061404,-0.0034396109461534226,-0.0025911439076334135
C(valence)[T.-val],0.07004351836399313,0.003691838667285749,-0.0034396109461534226,0.004841516992397551,0.0010463544988551922
C(dominance)[T.-dom],0.03668949101745012,0.0008021698983090636,-0.0025911439076334135,0.0010463544988551922,0.003154565619833965
