,Group,C(semantic_role)[T.patient],C(syntactic_role)[T.subject],C(valence)[T.-val],C(dominance)[T.-dom]
Group,1.1955889828074737,0.038634958268319516,0.003765600502781805,0.1066720316754912,0.05276535986745961
C(semantic_role)[T.patient],0.038634958268319516,0.004457230111997694,0.0008081531299824301,0.0036368876656481773,0.001143057611031035
C(syntactic_role)[T.subject],0.003765600502781805,0.0008081531299824301,0.006756186000670907,0.0012737027577913534,-0.0007449281368675301
C(valence)[T.-val],0.1066720316754912,0.0036368876656481773,0.0012737027577913534,0.011297986305320905,0.0030337887626898145
C(dominance)[T.-dom],0.05276535986745961,0.001143057611031035,-0.0007449281368675301,0.0030337887626898145,0.005584143558803935
