,Group,C(semantic_role)[T.patient],C(syntactic_role)[T.subject]
Group,1.2536072816867725,0.05989196955032501,-0.04830689818522033
C(semantic_role)[T.patient],0.05989196955032501,0.0053640781257919485,0.0014591917967263874
C(syntactic_role)[T.subject],-0.04830689818522033,0.0014591917967263874,0.01913455551418988
