,Group,C(semantic_role)[T.patient],C(syntactic_role)[T.subject],C(valence)[T.-val],C(dominance)[T.-dom]
Group,2.3572498492323377,0.19861715259875676,-0.46680697399885773,0.1741744669835184,0.054515894780425504
C(semantic_role)[T.patient],0.19861715259875676,0.1250988321833756,-0.038167674738343586,0.007040087764466473,0.0031463623178788363
C(syntactic_role)[T.subject],-0.46680697399885773,-0.038167674738343586,0.1243380370389586,-0.031428970180496126,-0.010412876245146058
C(valence)[T.-val],0.1741744669835184,0.007040087764466473,-0.031428970180496126,0.12694720631104547,0.0047436516865903885
C(dominance)[T.-dom],0.054515894780425504,0.0031463623178788363,-0.010412876245146058,0.0047436516865903885,0.11928758481890205
