,Group,C(semantic_role)[T.patient],C(syntactic_role)[T.subject],C(valence)[T.-val],C(dominance)[T.-dom]
Group,2.332692517615981,0.21490724481452037,-0.452001844834664,0.16630701305308934,0.06042552737381821
C(semantic_role)[T.patient],0.21490724481452037,0.12424390607192563,-0.04030013378067907,0.007920948877331762,0.0038664543890397805
C(syntactic_role)[T.subject],-0.452001844834664,-0.04030013378067907,0.11739957907893281,-0.02843487035551263,-0.012228650806216644
C(valence)[T.-val],0.16630701305308934,0.007920948877331762,-0.02843487035551263,0.12280431070591763,0.004304862001637524
C(dominance)[T.-dom],0.06042552737381821,0.0038664543890397805,-0.012228650806216644,0.004304862001637524,0.11753348359316125
