{
  "formula": "log_he_she_odds ~ C(tense) + C(semantic_role) + C(syntactic_role) + C(valence) + C(dominance) + log_frequency + lex_emb_norm + C(tense):log_frequency + C(semantic_role):C(syntactic_role) + C(valence):lex_emb_norm + profession_embedding_1 + profession_embedding_2 + profession_embedding_3 + profession_embedding_4 + profession_embedding_5",
  "model_type": "OLS",
  "optimizer": "closed_form",
  "converged": true,
  "nobs": 15360,
  "aic": 48818.33917932073,
  "bic": 49001.687707481564,
  "log_likelihood": -24385.169589660363,
  "residual_variance": 1.4033173169863593,
  "R2m": 0.30040840037956773,
  "R2c": 0.30040840037956773,
  "warnings": [],
  "fixed_effect_variance_profession_embedding": 1.1683877845066,
  "fixed_effect_variance_Intercept": 5.049038506858933e-29,
  "fixed_effect_variance_C(tense)": 0.004688213061181523,
  "fixed_effect_variance_C(semantic_role)": 0.0029470584583232424,
  "fixed_effect_variance_C(syntactic_role)": 9.107670603130756e-07,
  "fixed_effect_variance_C(valence)": 0.00045207875700286357,
  "fixed_effect_variance_C(dominance)": 0.0013694447208707737,
  "fixed_effect_variance_C(semantic_role):C(syntactic_role)": 0.00448646872758146,
  "fixed_effect_variance_log_frequency": 0.2846699643050831,
  "fixed_effect_variance_C(tense):log_frequency": 0.013438809679197796,
  "fixed_effect_variance_lex_emb_norm": 0.04224790499204385,
  "fixed_effect_variance_C(valence):lex_emb_norm": 0.0025427713831148147
}