,Group,C(semantic_role)[T.patient],C(syntactic_role)[T.subject],C(valence)[T.-val],C(dominance)[T.-dom]
Group,1.882963177632661,0.09790986472931386,-0.15533436154881625,0.07127754214397719,0.03674119743824929
C(semantic_role)[T.patient],0.09790986472931386,0.011303627188752961,-0.002848555552966976,0.0037848211741838334,0.0008161664343442282
C(syntactic_role)[T.subject],-0.15533436154881625,-0.002848555552966976,0.04860014221423021,-0.0034485844629004994,-0.0025906344297524316
C(valence)[T.-val],0.07127754214397719,0.0037848211741838334,-0.0034485844629004994,0.004876398518430198,0.0010521844182143465
C(dominance)[T.-dom],0.03674119743824929,0.0008161664343442282,-0.0025906344297524316,0.0010521844182143465,0.003154348865351936
