,Group,C(semantic_role)[T.patient],C(syntactic_role)[T.subject],C(valence)[T.-val],C(dominance)[T.-dom]
Group,1.2890451721366625,-0.004598843846849862,0.08320918857949886,-0.0005992668684678625,0.04438928880983139
C(semantic_role)[T.patient],-0.004598843846849862,0.0021467893969294113,0.0017844871638471051,-0.0002044253603862201,-0.00046751679450392626
C(syntactic_role)[T.subject],0.08320918857949886,0.0017844871638471051,0.055504138685063875,-0.001504883039076979,0.005107729535328471
C(valence)[T.-val],-0.0005992668684678625,-0.0002044253603862201,-0.001504883039076979,0.001071390243667466,0.00043595377178615966
C(dominance)[T.-dom],0.04438928880983139,-0.00046751679450392626,0.005107729535328471,0.00043595377178615966,0.0035692032538653684
