,Group,C(semantic_role)[T.patient],C(syntactic_role)[T.subject],C(valence)[T.-val],C(dominance)[T.-dom]
Group,2.001397277000179,0.05367135110778557,-0.057438340606878094,0.11156077476974978,0.039609822500791224
C(semantic_role)[T.patient],0.05367135110778557,0.0033573052809296668,-0.001450404275807972,0.0034134722734557002,0.0012292058883051214
C(syntactic_role)[T.subject],-0.057438340606878094,-0.001450404275807972,0.03335637618347273,-0.0046565320582630096,0.00011499619551195265
C(valence)[T.-val],0.11156077476974978,0.0034134722734557002,-0.0046565320582630096,0.010104050599723125,0.0010249082229649238
C(dominance)[T.-dom],0.039609822500791224,0.0012292058883051214,0.00011499619551195265,0.0010249082229649238,0.0063658680065954145
