,Group,C(semantic_role)[T.patient],C(syntactic_role)[T.subject],C(valence)[T.-val],C(dominance)[T.-dom]
Group,1.9615890344867812,0.0590677980093423,-0.0637131266331586,0.13279583129504233,0.016086371570376706
C(semantic_role)[T.patient],0.0590677980093423,0.0038944040474090886,-0.0013658450894753025,0.0047967061878388525,0.0005137238597382363
C(syntactic_role)[T.subject],-0.0637131266331586,-0.0013658450894753025,0.03389225494175964,-0.004821055645218619,-0.0005057368231858397
C(valence)[T.-val],0.13279583129504233,0.0047967061878388525,-0.004821055645218619,0.012466359302210574,0.001424005406033329
C(dominance)[T.-dom],0.016086371570376706,0.0005137238597382363,-0.0005057368231858397,0.001424005406033329,0.003163932813759646
