,Group,C(semantic_role)[T.patient],C(syntactic_role)[T.subject],C(valence)[T.-val],C(dominance)[T.-dom]
Group,1.5092412610729808,0.07427147623181649,-0.013268191175107812,0.112150110480268,-0.015666569560726307
C(semantic_role)[T.patient],0.07427147623181649,0.005418032914107778,0.0036120049363613394,0.00607539162974736,-0.0019869653165694727
C(syntactic_role)[T.subject],-0.013268191175107812,0.0036120049363613394,0.04019463633516911,0.0023527685263641344,0.002720846499307565
C(valence)[T.-val],0.112150110480268,0.00607539162974736,0.0023527685263641344,0.012431115904234227,-0.0028452074539794
C(dominance)[T.-dom],-0.015666569560726307,-0.0019869653165694727,0.002720846499307565,-0.0028452074539794,0.00428725455520034
