,Group,C(semantic_role)[T.patient],C(syntactic_role)[T.subject],C(valence)[T.-val],C(dominance)[T.-dom]
Group,1.5121061487605605,0.06562712689379623,-0.017961781452439107,0.1223804427393764,-0.025953496924753443
C(semantic_role)[T.patient],0.06562712689379623,0.00467759373583663,0.0036669925373769537,0.005999723098910389,-0.0023554058772421458
C(syntactic_role)[T.subject],-0.017961781452439107,0.0036669925373769537,0.03956871943558406,0.00217056282657905,0.0026084112563735046
C(valence)[T.-val],0.1223804427393764,0.005999723098910389,0.00217056282657905,0.014322374132926441,-0.003991803208740955
C(dominance)[T.-dom],-0.025953496924753443,-0.0023554058772421458,0.0026084112563735046,-0.003991803208740955,0.004732936257677966
