,Group,C(semantic_role)[T.patient],C(syntactic_role)[T.subject]
Group,1.3598922207614765,0.040851962423103974,0.0038961764196202738
C(semantic_role)[T.patient],0.040851962423103974,0.00443118887750354,0.0008067503895032088
C(syntactic_role)[T.subject],0.0038961764196202738,0.0008067503895032088,0.006754401656326862
