,Group,C(semantic_role)[T.patient],C(syntactic_role)[T.subject],C(valence)[T.-val],C(dominance)[T.-dom]
Group,1.1974757080648555,0.038701893209337666,0.0037513152218801218,0.10680949718312908,0.05284519824011409
C(semantic_role)[T.patient],0.038701893209337666,0.004459242559882356,0.0008136638493999562,0.0036437676538790768,0.0011434505075642125
C(syntactic_role)[T.subject],0.0037513152218801218,0.0008136638493999562,0.006761443492432513,0.0012767927133342713,-0.0007482002397488809
C(valence)[T.-val],0.10680949718312908,0.0036437676538790768,0.0012767927133342713,0.011309777440459832,0.00303930494022345
C(dominance)[T.-dom],0.05284519824011409,0.0011434505075642125,-0.0007482002397488809,0.00303930494022345,0.00558956479112371
