,Group,C(semantic_role)[T.patient],C(syntactic_role)[T.subject],C(valence)[T.-val],C(dominance)[T.-dom]
Group,1.695237005010144,0.157286214724844,-0.01465806301767969,0.15732294248982706,0.008419190914591769
C(semantic_role)[T.patient],0.157286214724844,0.01940885382594587,0.0048191879196563215,0.015679612886208057,0.0034367335998468007
C(syntactic_role)[T.subject],-0.01465806301767969,0.0048191879196563215,0.06019972422723679,-0.00165240490874378,0.01188226867282931
C(valence)[T.-val],0.15732294248982706,0.015679612886208057,-0.00165240490874378,0.019413526917910963,-0.0029269588314252515
C(dominance)[T.-dom],0.008419190914591769,0.0034367335998468007,0.01188226867282931,-0.0029269588314252515,0.010199827989789854
