,Group,C(semantic_role)[T.patient],C(syntactic_role)[T.subject],C(valence)[T.-val],C(dominance)[T.-dom]
Group,0.6147471129173341,0.009707336864087314,0.03273344367777865,-0.007060218933651921,0.030758902882205768
C(semantic_role)[T.patient],0.009707336864087314,0.01587807026668116,0.0034491086118245942,0.0030288443215862005,0.0068428778502229335
C(syntactic_role)[T.subject],0.03273344367777865,0.0034491086118245942,0.027923120705092303,-0.004783900401610914,0.0036640253789059054
C(valence)[T.-val],-0.007060218933651921,0.0030288443215862005,-0.004783900401610914,0.004453748405844918,0.0027964981097168824
C(dominance)[T.-dom],0.030758902882205768,0.0068428778502229335,0.0036640253789059054,0.0027964981097168824,0.005673256494894218
