{
  "formula": "log_he_she_odds ~ C(tense) + C(semantic_role) + C(syntactic_role) + C(valence) + C(dominance) + log_frequency + lex_emb_norm + C(tense):C(syntactic_role) + C(semantic_role):C(dominance) + C(valence):C(dominance) + log_frequency:lex_emb_norm + profession_embedding_1 + profession_embedding_2 + profession_embedding_3 + profession_embedding_4 + profession_embedding_5",
  "model_type": "OLS",
  "optimizer": "closed_form",
  "converged": true,
  "nobs": 15360,
  "aic": 52080.234740098735,
  "bic": 52271.22279026628,
  "log_likelihood": -26015.117370049367,
  "residual_variance": 1.735224739683848,
  "R2m": 0.22752576990781193,
  "R2c": 0.22752576990781193,
  "warnings": [],
  "fixed_effect_variance_profession_embedding": 1.0178066771930616,
  "fixed_effect_variance_Intercept": 5.049038506858933e-29,
  "fixed_effect_variance_C(tense)": 0.012797347940848408,
  "fixed_effect_variance_C(semantic_role)": 0.012214590214211812,
  "fixed_effect_variance_C(syntactic_role)": 0.025270460142160067,
  "fixed_effect_variance_C(valence)": 0.013442818411351736,
  "fixed_effect_variance_C(dominance)": 0.006143522354790593,
  "fixed_effect_variance_C(tense):C(syntactic_role)": 0.005553532665611491,
  "fixed_effect_variance_C(semantic_role):C(dominance)": 0.0038413088001820724,
  "fixed_effect_variance_C(valence):C(dominance)": 0.007097369825792232,
  "fixed_effect_variance_log_frequency": 0.0004777078803319336,
  "fixed_effect_variance_lex_emb_norm": 0.0023668791646126973,
  "fixed_effect_variance_log_frequency:lex_emb_norm": 0.4698258373699788
}