,Group,C(semantic_role)[T.patient],C(syntactic_role)[T.subject]
Group,0.8160197100199725,0.008286962458385012,0.03856604998906489
C(semantic_role)[T.patient],0.008286962458385012,0.004440415966476616,0.0033318661197104435
C(syntactic_role)[T.subject],0.03856604998906489,0.0033318661197104435,0.030500311340912783
