random_term,Group,C(semantic_role)[T.patient],C(syntactic_role)[T.subject]
Group,1.2538221845240285,0.05988650768233706,-0.04833896486013477
C(semantic_role)[T.patient],0.05988650768233706,0.005374168493156208,0.0014572522076096662
C(syntactic_role)[T.subject],-0.04833896486013477,0.0014572522076096662,0.019143380028189754
