,Group,C(semantic_role)[T.patient],C(syntactic_role)[T.subject]
Group,0.8158136235532811,0.008267745629123528,0.03883323426248989
C(semantic_role)[T.patient],0.008267745629123528,0.004437786007721944,0.003317712739782633
C(syntactic_role)[T.subject],0.03883323426248989,0.003317712739782633,0.03054934609157789
