,Group,C(semantic_role)[T.patient],C(syntactic_role)[T.subject],C(valence)[T.-val],C(dominance)[T.-dom]
Group,1.0961322301920422,-0.01356320133280562,0.07178330995005783,0.00214949531694462,0.044352486768830156
C(semantic_role)[T.patient],-0.01356320133280562,0.001737496898196398,0.0009440645939289744,-1.2840163002831585e-05,-0.000594810601876674
C(syntactic_role)[T.subject],0.07178330995005783,0.0009440645939289744,0.05338783900002982,-0.0010520697681400115,0.0045428558214309885
C(valence)[T.-val],0.00214949531694462,-1.2840163002831585e-05,-0.0010520697681400115,0.0010431393997913316,0.0005480655244953606
C(dominance)[T.-dom],0.044352486768830156,-0.000594810601876674,0.0045428558214309885,0.0005480655244953606,0.003426765626057777
