,Group,C(semantic_role)[T.patient],C(syntactic_role)[T.subject],C(valence)[T.-val],C(dominance)[T.-dom]
Group,1.0767671822169493,-0.015210115767921051,0.07275306512062622,0.020874476817379042,0.024878541364895118
C(semantic_role)[T.patient],-0.015210115767921051,0.0016845607525927317,0.000575440046221117,-0.00018707866034533614,-0.0003813857642654862
C(syntactic_role)[T.subject],0.07275306512062622,0.000575440046221117,0.05406240642341733,0.0005908569966664498,0.002960040680862001
C(valence)[T.-val],0.020874476817379042,-0.00018707866034533614,0.0005908569966664498,0.0021538129293212846,0.0008095321922503954
C(dominance)[T.-dom],0.024878541364895118,-0.0003813857642654862,0.002960040680862001,0.0008095321922503954,0.0018521033634086629
