,Group,C(semantic_role)[T.patient],C(syntactic_role)[T.subject]
Group,1.359336013611574,0.04089802797452839,0.003976465805855018
C(semantic_role)[T.patient],0.04089802797452839,0.00441107911000572,0.0008102308775064347
C(syntactic_role)[T.subject],0.003976465805855018,0.0008102308775064347,0.006732446250362285
