,Group,C(semantic_role)[T.patient],C(syntactic_role)[T.subject],C(valence)[T.-val],C(dominance)[T.-dom]
Group,1.9659174604792056,0.10078429128281353,-0.15972939555116783,0.07969153599342284,0.03806537904744524
C(semantic_role)[T.patient],0.10078429128281353,0.011195018643755359,-0.0031495484801703708,0.004174882162806891,0.0008789084612736872
C(syntactic_role)[T.subject],-0.15972939555116783,-0.0031495484801703708,0.04880752670913997,-0.0037914814188658936,-0.0026461841615110235
C(valence)[T.-val],0.07969153599342284,0.004174882162806891,-0.0037914814188658936,0.0056964324212025715,0.0011844150389814226
C(dominance)[T.-dom],0.03806537904744524,0.0008789084612736872,-0.0026461841615110235,0.0011844150389814226,0.003177493371102146
