,Group,C(semantic_role)[T.patient],C(syntactic_role)[T.subject],C(valence)[T.-val],C(dominance)[T.-dom]
Group,0.878832627652749,-0.01781263382472998,0.07636922108140683,0.0006079212190402743,0.04951410971739183
C(semantic_role)[T.patient],-0.01781263382472998,0.0014842990378493754,-0.001775661756310829,-1.4638090518147093e-05,-0.0009710496502792381
C(syntactic_role)[T.subject],0.07636922108140683,-0.001775661756310829,0.037764795590601745,-0.000835368282256088,0.005997747908140734
C(valence)[T.-val],0.0006079212190402743,-1.4638090518147093e-05,-0.000835368282256088,0.0013634229469740517,-0.00010787033770035121
C(dominance)[T.-dom],0.04951410971739183,-0.0009710496502792381,0.005997747908140734,-0.00010787033770035121,0.0038173426909324094
