,Group,C(semantic_role)[T.patient],C(syntactic_role)[T.subject],C(valence)[T.-val],C(dominance)[T.-dom]
Group,1.8645847043171626,0.09505472282361754,-0.1558729108080429,0.07056564984477255,0.03659525466163727
C(semantic_role)[T.patient],0.09505472282361754,0.010817977083809736,-0.0029596529032622177,0.003687935546670653,0.000799024130406586
C(syntactic_role)[T.subject],-0.1558729108080429,-0.0029596529032622177,0.048601425523892454,-0.0034557570152940675,-0.002586901228138598
C(valence)[T.-val],0.07056564984477255,0.003687935546670653,-0.0034557570152940675,0.004836668481192173,0.0010457959948805599
C(dominance)[T.-dom],0.03659525466163727,0.000799024130406586,-0.002586901228138598,0.0010457959948805599,0.0031475779910517124
