,Group,C(semantic_role)[T.patient],C(syntactic_role)[T.subject]
Group,1.0081745874317771,0.1141217143407405,-0.15619180486702589
C(semantic_role)[T.patient],0.1141217143407405,0.015170618048234063,-0.01676609144310446
C(syntactic_role)[T.subject],-0.15619180486702589,-0.01676609144310446,0.07442644709445666
