,Group,C(semantic_role)[T.patient],C(syntactic_role)[T.subject],C(valence)[T.-val],C(dominance)[T.-dom]
Group,1.8636565198154857,0.09506932285618018,-0.15562446388306458,0.0705880669772813,0.036542187115712096
C(semantic_role)[T.patient],0.09506932285618018,0.010825761669188949,-0.002954861944588557,0.003694319561793246,0.0007997445735179364
C(syntactic_role)[T.subject],-0.15562446388306458,-0.002954861944588557,0.04862810805245482,-0.003439937174107015,-0.0025842573039100876
C(valence)[T.-val],0.0705880669772813,0.003694319561793246,-0.003439937174107015,0.004849066744627737,0.0010446459434321185
C(dominance)[T.-dom],0.036542187115712096,0.0007997445735179364,-0.0025842573039100876,0.0010446459434321185,0.0031475502542098657
