{
  "formula": "log_he_she_odds ~ C(tense) + C(semantic_role) + C(valence) + C(dominance) + log_frequency + lex_emb_norm",
  "re_formula": "1 + C(semantic_role) + C(syntactic_role) + C(valence) + C(dominance)",
  "group_col": "profession",
  "optimizer": "lbfgs",
  "converged": true,
  "aic": 7055.549408962805,
  "bic": 7261.816503143749,
  "log_likelihood": -3500.7747044814023,
  "nobs": 15360,
  "residual_variance": 0.08953779671584891,
  "R2m": 0.2074430979786769,
  "R2c": 0.9361061340812777,
  "random_effect_variance_semantic_role": 0.0013319185160166006,
  "random_effect_variance_syntactic_role": 0.03779797729017151,
  "random_effect_variance_valence": 0.0013513797828810703,
  "random_effect_variance_dominance": 0.0037616609825287107
}