,Group,C(semantic_role)[T.patient],C(syntactic_role)[T.subject],C(valence)[T.-val],C(dominance)[T.-dom]
Group,0.8893042476995152,-0.017224333315370006,0.07586602484571758,0.000656488515859497,0.04922420431347829
C(semantic_role)[T.patient],-0.017224333315370006,0.0013319185160166006,-0.0017803964232992848,1.3261273773685509e-05,-0.0009430204092072245
C(syntactic_role)[T.subject],0.07586602484571758,-0.0017803964232992848,0.03779797729017151,-0.0011101888968989397,0.006255783637864291
C(valence)[T.-val],0.000656488515859497,1.3261273773685509e-05,-0.0011101888968989397,0.0013513797828810703,-0.00010483569351269486
C(dominance)[T.-dom],0.04922420431347829,-0.0009430204092072245,0.006255783637864291,-0.00010483569351269486,0.0037616609825287107
