,Group,C(semantic_role)[T.patient],C(syntactic_role)[T.subject],C(valence)[T.-val],C(dominance)[T.-dom]
Group,1.8647250206051067,0.09507659533717723,-0.15579077852129772,0.0705819616504794,0.03660024274357356
C(semantic_role)[T.patient],0.09507659533717723,0.010826719005296649,-0.0029537679368426,0.0036903606722658295,0.0007995030821049643
C(syntactic_role)[T.subject],-0.15579077852129772,-0.0029537679368426,0.04860951965324841,-0.003451224402281607,-0.0025878614464129326
C(valence)[T.-val],0.0705819616504794,0.0036903606722658295,-0.003451224402281607,0.004845282183138628,0.0010456720989488516
C(dominance)[T.-dom],0.03660024274357356,0.0007995030821049643,-0.0025878614464129326,0.0010456720989488516,0.003152396207970414
