{
  "formula": "log_he_she_odds ~ C(tense) + C(syntactic_role) + C(valence) + C(dominance) + C(tense):C(syntactic_role) + C(tense):C(valence) + C(tense):C(dominance) + C(valence):C(dominance)",
  "re_formula": "1 + C(semantic_role) + C(syntactic_role) + C(valence) + C(dominance)",
  "group_col": "profession",
  "optimizer": "lbfgs",
  "converged": true,
  "aic": 6970.805686719679,
  "bic": 7250.132267493884,
  "log_likelihood": -3444.4028433598396,
  "nobs": 6720,
  "residual_variance": 0.15838120648836326,
  "R2m": 0.030010326975402752,
  "R2c": 0.9085565091342407,
  "random_effect_variance_semantic_role": 0.0027108105404975297,
  "random_effect_variance_syntactic_role": 0.03040516652484324,
  "random_effect_variance_valence": 0.015805203185902908,
  "random_effect_variance_dominance": 0.0141350460499341
}