,Group,C(semantic_role)[T.patient],C(syntactic_role)[T.subject],C(valence)[T.-val],C(dominance)[T.-dom]
Group,2.3358190226558815,0.11212508918460143,-0.21063800111340517,0.11074615492553848,-0.06016673428580424
C(semantic_role)[T.patient],0.11212508918460143,0.008092827842735307,-0.011709848502901219,0.006315109996627941,-0.0031999107485785
C(syntactic_role)[T.subject],-0.21063800111340517,-0.011709848502901219,0.06588562703305646,-0.006569119057388804,0.004313675901108399
C(valence)[T.-val],0.11074615492553848,0.006315109996627941,-0.006569119057388804,0.0132952995734199,-0.006685453561413206
C(dominance)[T.-dom],-0.06016673428580424,-0.0031999107485785,0.004313675901108399,-0.006685453561413206,0.006713484720378846
