,Group,C(semantic_role)[T.patient],C(syntactic_role)[T.subject],C(valence)[T.-val],C(dominance)[T.-dom]
Group,1.8830553772157734,0.09549535021284648,-0.1573092196660981,0.07067409828372788,0.04068636422704292
C(semantic_role)[T.patient],0.09549535021284648,0.010844846218407088,-0.002963929080080047,0.003703156622540078,0.0008818691204039566
C(syntactic_role)[T.subject],-0.1573092196660981,-0.002963929080080047,0.048763460878429706,-0.003482766187111026,-0.00288317175893178
C(valence)[T.-val],0.07067409828372788,0.003703156622540078,-0.003482766187111026,0.004854399160284604,0.001143152399556952
C(dominance)[T.-dom],0.04068636422704292,0.0008818691204039566,-0.00288317175893178,0.001143152399556952,0.0037026766964791684
