,Group,C(semantic_role)[T.patient],C(syntactic_role)[T.subject],C(valence)[T.-val],C(dominance)[T.-dom]
Group,2.0016146121418013,0.05361173104955452,-0.05804657683211938,0.11157951766181348,0.039623946620450254
C(semantic_role)[T.patient],0.05361173104955452,0.0033471829786351636,-0.001458095654756158,0.0034068341042156405,0.0012288813394601696
C(syntactic_role)[T.subject],-0.05804657683211938,-0.001458095654756158,0.03342471373119645,-0.004690713602506881,0.00010486613796646647
C(valence)[T.-val],0.11157951766181348,0.0034068341042156405,-0.004690713602506881,0.010105092003768584,0.0010278462957173074
C(dominance)[T.-dom],0.039623946620450254,0.0012288813394601696,0.00010486613796646647,0.0010278462957173074,0.006371208169486701
