,Group,C(semantic_role)[T.patient],C(syntactic_role)[T.subject],C(valence)[T.-val],C(dominance)[T.-dom]
Group,1.9603260585074813,0.05902428946697689,-0.06363829746577247,0.13270123578919052,0.016079446050640513
C(semantic_role)[T.patient],0.05902428946697689,0.0038971372486064056,-0.001364364792395833,0.004793333903861208,0.0005138032405907359
C(syntactic_role)[T.subject],-0.06363829746577247,-0.001364364792395833,0.03388259653113497,-0.004819223494715764,-0.0005046962020732346
C(valence)[T.-val],0.13270123578919052,0.004793333903861208,-0.004819223494715764,0.012463431460041953,0.0014238348622474966
C(dominance)[T.-dom],0.016079446050640513,0.0005138032405907359,-0.0005046962020732346,0.0014238348622474966,0.0031691839129201612
