,Group,C(semantic_role)[T.patient],C(syntactic_role)[T.subject]
Group,0.8169340904422742,0.008281337233250499,0.03881470428053222
C(semantic_role)[T.patient],0.008281337233250499,0.004437675094765586,0.003337815422970439
C(syntactic_role)[T.subject],0.03881470428053222,0.003337815422970439,0.03056498997985562
