,Group,C(semantic_role)[T.patient],C(syntactic_role)[T.subject]
Group,0.8165619883458077,0.008241142627719907,0.03880379125259855
C(semantic_role)[T.patient],0.008241142627719907,0.004435090153551594,0.0033264927739225774
C(syntactic_role)[T.subject],0.03880379125259855,0.0033264927739225774,0.030540043181145036
