,Group,C(semantic_role)[T.patient],C(syntactic_role)[T.subject]
Group,1.3619164202604892,0.04093871105679787,0.003993669326667469
C(semantic_role)[T.patient],0.04093871105679787,0.004429121360595274,0.0008119445133613444
C(syntactic_role)[T.subject],0.003993669326667469,0.0008119445133613444,0.0067447054587900564
