random_term,Group,C(semantic_role)[T.patient],C(syntactic_role)[T.subject]
Group,1.5408319421544758,0.029071206400478226,-0.11414230969493273
C(semantic_role)[T.patient],0.029071206400478226,0.002045120993951566,-0.0013762149885702193
C(syntactic_role)[T.subject],-0.11414230969493273,-0.0013762149885702193,0.03025737493057436
