,Group,C(semantic_role)[T.patient],C(syntactic_role)[T.subject],C(valence)[T.-val],C(dominance)[T.-dom]
Group,1.8638896499797823,0.08125578794031332,-0.14201964925385502,0.06108518775228128,0.04607506221473322
C(semantic_role)[T.patient],0.08125578794031332,0.008932533402420275,-0.0012970314743907987,0.0023036276025476883,0.0013854934919068412
C(syntactic_role)[T.subject],-0.14201964925385502,-0.0012970314743907987,0.046443844501704155,-0.0034856940572081793,-0.001678979668277183
C(valence)[T.-val],0.06108518775228128,0.0023036276025476883,-0.0034856940572081793,0.00415257381850389,0.000663358034670816
C(dominance)[T.-dom],0.04607506221473322,0.0013854934919068412,-0.001678979668277183,0.000663358034670816,0.004534662513126213
