,Group,C(semantic_role)[T.patient],C(syntactic_role)[T.subject]
Group,0.8169909130630242,0.0082826101664054,0.038697067240022864
C(semantic_role)[T.patient],0.0082826101664054,0.004438361634148968,0.003327073001020689
C(syntactic_role)[T.subject],0.038697067240022864,0.003327073001020689,0.030512378927781258
