,Group,C(semantic_role)[T.patient],C(syntactic_role)[T.subject],C(valence)[T.-val],C(dominance)[T.-dom]
Group,2.336534853218385,0.11216576223964743,-0.2108802187084449,0.11076656665484999,-0.060181522842476576
C(semantic_role)[T.patient],0.11216576223964743,0.008095807726209651,-0.011723426517762663,0.0063163024730687935,-0.0032007266711048645
C(syntactic_role)[T.subject],-0.2108802187084449,-0.011723426517762663,0.06596442176587394,-0.006576533712530499,0.004318857926960067
C(valence)[T.-val],0.11076656665484999,0.0063163024730687935,-0.006576533712530499,0.013296490305516852,-0.006685789507794352
C(dominance)[T.-dom],-0.060181522842476576,-0.0032007266711048645,0.004318857926960067,-0.006685789507794352,0.00671443457211434
