{
  "formula": "log_he_she_odds ~ C(tense) + C(semantic_role) + C(syntactic_role) + C(dominance) + log_frequency + lex_emb_norm",
  "re_formula": "1 + C(semantic_role) + C(syntactic_role) + C(valence) + C(dominance)",
  "group_col": "profession",
  "optimizer": "lbfgs",
  "converged": true,
  "aic": 21690.801396355324,
  "bic": 21897.06849053627,
  "log_likelihood": -10818.400698177662,
  "nobs": 15360,
  "residual_variance": 0.23156288890854315,
  "R2m": 0.020167066320980313,
  "R2c": 0.9593522349717399,
  "random_effect_variance_semantic_role": 0.046441352701540956,
  "random_effect_variance_syntactic_role": 0.056386715897279026,
  "random_effect_variance_valence": 0.06718268702107862,
  "random_effect_variance_dominance": 0.006684089115848843
}