,Group,C(semantic_role)[T.patient],C(syntactic_role)[T.subject],C(valence)[T.-val],C(dominance)[T.-dom]
Group,4.351444381888969,0.42617608317454025,-0.029347673700682978,0.5150637425252591,-0.02774447422672287
C(semantic_role)[T.patient],0.42617608317454025,0.046441352701540956,0.0024746207939993596,0.05218108695515544,-0.0011012077682168067
C(syntactic_role)[T.subject],-0.029347673700682978,0.0024746207939993596,0.056386715897279026,-0.0023566834913153045,0.008160125696412345
C(valence)[T.-val],0.5150637425252591,0.05218108695515544,-0.0023566834913153045,0.06718268702107862,-0.006504370439612695
C(dominance)[T.-dom],-0.02774447422672287,-0.0011012077682168067,0.008160125696412345,-0.006504370439612695,0.006684089115848843
