,Group,C(semantic_role)[T.patient],C(syntactic_role)[T.subject]
Group,1.359245734042244,0.04086135847956518,0.0039362833217030935
C(semantic_role)[T.patient],0.04086135847956518,0.004431364049454242,0.0008106940368097097
C(syntactic_role)[T.subject],0.0039362833217030935,0.0008106940368097097,0.006752260183022907
