,Group,C(semantic_role)[T.patient],C(syntactic_role)[T.subject],C(valence)[T.-val],C(dominance)[T.-dom]
Group,1.1967316031032935,0.038676794030726505,0.00375450633863793,0.10675272743464133,0.05281262687147287
C(semantic_role)[T.patient],0.038676794030726505,0.004458729942525627,0.0008132769198484189,0.0036415134778812327,0.0011426243049283073
C(syntactic_role)[T.subject],0.00375450633863793,0.0008132769198484189,0.006761000136456477,0.0012753755833470554,-0.0007475523466055885
C(valence)[T.-val],0.10675272743464133,0.0036415134778812327,0.0012753755833470554,0.011304420774218869,0.00303695839173242
C(dominance)[T.-dom],0.05281262687147287,0.0011426243049283073,-0.0007475523466055885,0.00303695839173242,0.00558817811083858
