,Group,C(semantic_role)[T.patient],C(syntactic_role)[T.subject],C(valence)[T.-val],C(dominance)[T.-dom]
Group,1.6443350450769811,0.13230281750533265,0.012275142567057667,0.1397741695556865,0.014110369799587838
C(semantic_role)[T.patient],0.13230281750533265,0.016037065066865766,0.009371616141391708,0.011826971061682961,0.004472070235290679
C(syntactic_role)[T.subject],0.012275142567057667,0.009371616141391708,0.04993017585923802,0.002268599175064301,0.010200017103380952
C(valence)[T.-val],0.1397741695556865,0.011826971061682961,0.002268599175064301,0.015861217663924832,-0.0015076693217214014
C(dominance)[T.-dom],0.014110369799587838,0.004472070235290679,0.010200017103380952,-0.0015076693217214014,0.007858205338673917
