,Group,C(semantic_role)[T.patient],C(syntactic_role)[T.subject],C(valence)[T.-val],C(dominance)[T.-dom]
Group,1.6378786492894961,0.1496887244489663,-0.004857908930055095,0.15737843403702725,-0.003537864772884964
C(semantic_role)[T.patient],0.1496887244489663,0.018894528972524992,0.006885850367630577,0.015777359585809204,0.0019971585883760768
C(syntactic_role)[T.subject],-0.004857908930055095,0.006885850367630577,0.04949802325962213,0.0016795134285186987,0.009018389512434463
C(valence)[T.-val],0.15737843403702725,0.015777359585809204,0.0016795134285186987,0.019129590627277943,-0.002220071263314748
C(dominance)[T.-dom],-0.003537864772884964,0.0019971585883760768,0.009018389512434463,-0.002220071263314748,0.006201449682153727
