,Group,C(semantic_role)[T.patient],C(syntactic_role)[T.subject],C(valence)[T.-val],C(dominance)[T.-dom]
Group,1.3547940122561783,0.032539075202969905,-0.10907920973614911,0.1354584928342754,0.08127038472087372
C(semantic_role)[T.patient],0.032539075202969905,0.0026959084127807405,-0.0016164276858179542,0.003685394791722912,-0.0007413598372888246
C(syntactic_role)[T.subject],-0.10907920973614911,-0.0016164276858179542,0.03040480439682377,-0.013930117487894841,-0.00033536538281633637
C(valence)[T.-val],0.1354584928342754,0.003685394791722912,-0.013930117487894841,0.015801789492217784,0.004949169960095362
C(dominance)[T.-dom],0.08127038472087372,-0.0007413598372888246,-0.00033536538281633637,0.004949169960095362,0.014132101236398464
