,Group,C(semantic_role)[T.patient],C(syntactic_role)[T.subject]
Group,1.3601276575756656,0.04088591109448475,0.0039824212381799765
C(semantic_role)[T.patient],0.04088591109448475,0.0044304562894704035,0.0008074698992543374
C(syntactic_role)[T.subject],0.0039824212381799765,0.0008074698992543374,0.006753557230646881
