,Group,C(semantic_role)[T.patient],C(syntactic_role)[T.subject]
Group,1.2543808407177037,0.05994125379208971,-0.04833503165848513
C(semantic_role)[T.patient],0.05994125379208971,0.005378666975247457,0.001453685156238798
C(syntactic_role)[T.subject],-0.04833503165848513,0.001453685156238798,0.019134397269630413
