,Group,C(semantic_role)[T.patient],C(syntactic_role)[T.subject],C(valence)[T.-val],C(dominance)[T.-dom]
Group,2.4485462763740267,-0.07069396260225072,-0.2777056772204248,0.27183778876540854,-0.007284029856929919
C(semantic_role)[T.patient],-0.07069396260225072,0.08209218758692104,0.006051353334930888,-0.006437733039105463,-0.00023303717629912386
C(syntactic_role)[T.subject],-0.2777056772204248,0.006051353334930888,0.06212075826412841,-0.025661636742001438,-0.0008640641994721791
C(valence)[T.-val],0.27183778876540854,-0.006437733039105463,-0.025661636742001438,0.08855560301038884,0.0008207952389634765
C(dominance)[T.-dom],-0.007284029856929919,-0.00023303717629912386,-0.0008640641994721791,0.0008207952389634765,0.07107337752580126
