,Group,C(semantic_role)[T.patient],C(syntactic_role)[T.subject],C(valence)[T.-val],C(dominance)[T.-dom]
Group,2.532551329323609,-0.07525464662410225,-0.2860272315107785,0.2387122948415731,0.03501896602000579
C(semantic_role)[T.patient],-0.07525464662410225,0.09444009246733398,0.005790606757092504,-0.005231428115365241,-0.0018044639204445382
C(syntactic_role)[T.subject],-0.2860272315107785,0.005790606757092504,0.06867520623084071,-0.02104590210917801,-0.0063705234208978456
C(valence)[T.-val],0.2387122948415731,-0.005231428115365241,-0.02104590210917801,0.09190123868328186,0.004953659826710808
C(dominance)[T.-dom],0.03501896602000579,-0.0018044639204445382,-0.0063705234208978456,0.004953659826710808,0.08179298016985798
