,Group,C(semantic_role)[T.patient],C(syntactic_role)[T.subject],C(valence)[T.-val],C(dominance)[T.-dom]
Group,1.122443397546478,-0.015069584668168268,0.07084986203659724,0.0021725602282872372,0.04655843920041995
C(semantic_role)[T.patient],-0.015069584668168268,0.0017366080201265083,0.0009289278682339232,-1.2480603847766964e-05,-0.0005947004617794927
C(syntactic_role)[T.subject],0.07084986203659724,0.0009289278682339232,0.053422067245506105,-0.001044309357806548,0.0045414838534660286
C(valence)[T.-val],0.0021725602282872372,-1.2480603847766964e-05,-0.001044309357806548,0.0010408585986800341,0.0005490526206454738
C(dominance)[T.-dom],0.04655843920041995,-0.0005947004617794927,0.0045414838534660286,0.0005490526206454738,0.003424949546928466
