,Group,C(semantic_role)[T.patient],C(syntactic_role)[T.subject]
Group,0.81654488855606,0.008308681827229448,0.03883930249252815
C(semantic_role)[T.patient],0.008308681827229448,0.00444138246368507,0.003334608653966063
C(syntactic_role)[T.subject],0.03883930249252815,0.003334608653966063,0.03052066792682098
