,Group,C(semantic_role)[T.patient],C(syntactic_role)[T.subject],C(valence)[T.-val],C(dominance)[T.-dom]
Group,1.1231120146923634,-0.01507159770246056,0.07093611342055539,0.002161384430747546,0.04659357359103453
C(semantic_role)[T.patient],-0.01507159770246056,0.0017362654293972832,0.0009365198003865314,-1.2514779400337481e-05,-0.0005946718442657924
C(syntactic_role)[T.subject],0.07093611342055539,0.0009365198003865314,0.05337295315733173,-0.0010494258486754937,0.0045473890571618904
C(valence)[T.-val],0.002161384430747546,-1.2514779400337481e-05,-0.0010494258486754937,0.0010418821776407685,0.0005479959757370836
C(dominance)[T.-dom],0.04659357359103453,-0.0005946718442657924,0.0045473890571618904,0.0005479959757370836,0.0034256862002256766
