,Group,C(semantic_role)[T.patient],C(syntactic_role)[T.subject]
Group,1.3593378088375863,0.04089846441515687,0.003976050005887789
C(semantic_role)[T.patient],0.04089846441515687,0.004411148974713811,0.0008102913311493638
C(syntactic_role)[T.subject],0.003976050005887789,0.0008102913311493638,0.006732527896682291
