,Group,C(semantic_role)[T.patient],C(syntactic_role)[T.subject]
Group,0.8172233541138286,0.008273889479872025,0.03887219068535654
C(semantic_role)[T.patient],0.008273889479872025,0.00443785968560837,0.0033293138208444653
C(syntactic_role)[T.subject],0.03887219068535654,0.0033293138208444653,0.030542621320785855
