,Group,C(semantic_role)[T.patient],C(syntactic_role)[T.subject],C(valence)[T.-val],C(dominance)[T.-dom]
Group,1.922196346767958,0.08995052348272137,-0.15768597146364108,0.07638047695847278,0.042117820081659076
C(semantic_role)[T.patient],0.08995052348272137,0.0112360687703974,-0.002622115952669065,0.0030855728268806247,0.0003821585203908044
C(syntactic_role)[T.subject],-0.15768597146364108,-0.002622115952669065,0.0491339791198961,-0.004064511470390887,-0.0025621343819278272
C(valence)[T.-val],0.07638047695847278,0.0030855728268806247,-0.004064511470390887,0.0056312506620912394,0.0014299239596727356
C(dominance)[T.-dom],0.042117820081659076,0.0003821585203908044,-0.0025621343819278272,0.0014299239596727356,0.003690122002337608
