,Group,C(semantic_role)[T.patient],C(syntactic_role)[T.subject],C(valence)[T.-val],C(dominance)[T.-dom]
Group,1.8785240923305266,0.09540422417476649,-0.1562982351202508,0.07064817370679054,0.04028789314625859
C(semantic_role)[T.patient],0.09540422417476649,0.01084116897301834,-0.0029573969847921564,0.0037034168317967133,0.0008737884883078284
C(syntactic_role)[T.subject],-0.1562982351202508,-0.0029573969847921564,0.04863491240807542,-0.0034673066411585116,-0.0027303878047538225
C(valence)[T.-val],0.07064817370679054,0.0037034168317967133,-0.0034673066411585116,0.004856488953912917,0.0011371669205430316
C(dominance)[T.-dom],0.04028789314625859,0.0008737884883078284,-0.0027303878047538225,0.0011371669205430316,0.0037036180518984223
