,Group,C(semantic_role)[T.patient],C(syntactic_role)[T.subject],C(valence)[T.-val],C(dominance)[T.-dom]
Group,1.8547138148862108,0.09515551511216332,-0.1552633843316489,0.06993510301878382,0.03667858523328099
C(semantic_role)[T.patient],0.09515551511216332,0.010905671716438593,-0.0029310544695824417,0.0036714353337870616,0.0008003831964946408
C(syntactic_role)[T.subject],-0.1552633843316489,-0.0029310544695824417,0.04858931985138462,-0.003438623390626002,-0.0025913533591471454
C(valence)[T.-val],0.06993510301878382,0.0036714353337870616,-0.003438623390626002,0.004842486471709733,0.0010457820430249166
C(dominance)[T.-dom],0.03667858523328099,0.0008003831964946408,-0.0025913533591471454,0.0010457820430249166,0.0031556098427928947
