,Group,C(semantic_role)[T.patient],C(syntactic_role)[T.subject],C(valence)[T.-val],C(dominance)[T.-dom]
Group,1.5877265142451347,0.14277097109256628,-0.00708183245405395,0.15203108598843798,-0.0042016184818639
C(semantic_role)[T.patient],0.14277097109256628,0.017927974817084677,0.00653191914761694,0.015039706016533752,0.001896573157657276
C(syntactic_role)[T.subject],-0.00708183245405395,0.00653191914761694,0.04937254355602345,0.0014302572612842354,0.008982338387733314
C(valence)[T.-val],0.15203108598843798,0.015039706016533752,0.0014302572612842354,0.018559606593063938,-0.0022924824406740318
C(dominance)[T.-dom],-0.0042016184818639,0.001896573157657276,0.008982338387733314,-0.0022924824406740318,0.006187132441135156
