,Group,C(semantic_role)[T.patient],C(syntactic_role)[T.subject],C(valence)[T.-val],C(dominance)[T.-dom]
Group,1.1227354087897974,-0.015064407724393382,0.07088753155150504,0.002241196845180147,0.046604129963829205
C(semantic_role)[T.patient],-0.015064407724393382,0.0017358216396443002,0.0009308083355507728,-1.1929628830114069e-05,-0.0005944175549645333
C(syntactic_role)[T.subject],0.07088753155150504,0.0009308083355507728,0.05339392334500186,-0.0010362021104829402,0.004551825429938046
C(valence)[T.-val],0.002241196845180147,-1.1929628830114069e-05,-0.0010362021104829402,0.0010781590661637281,0.0005621785315791255
C(dominance)[T.-dom],0.046604129963829205,-0.0005944175549645333,0.004551825429938046,0.0005621785315791255,0.0034315836601064337
