,Group,C(semantic_role)[T.patient],C(syntactic_role)[T.subject],C(valence)[T.-val],C(dominance)[T.-dom]
Group,1.1221787666460599,-0.015067249146612243,0.07073351942837909,0.002178484185785593,0.04654463295162743
C(semantic_role)[T.patient],-0.015067249146612243,0.0017365119156544963,0.0009326674755825181,-1.277064378062798e-05,-0.00059463662216391
C(syntactic_role)[T.subject],0.07073351942837909,0.0009326674755825181,0.053355195071858715,-0.0010551222478451176,0.004537869781748116
C(valence)[T.-val],0.002178484185785593,-1.277064378062798e-05,-0.0010551222478451176,0.001051001797059265,0.0005506301930479717
C(dominance)[T.-dom],0.04654463295162743,-0.00059463662216391,0.004537869781748116,0.0005506301930479717,0.0034241642176487718
