,Group,C(semantic_role)[T.patient],C(syntactic_role)[T.subject],C(valence)[T.-val],C(dominance)[T.-dom]
Group,1.0972878656608311,-0.01645450555831619,0.0718626455816827,0.02074558417032348,0.027007996724417997
C(semantic_role)[T.patient],-0.01645450555831619,0.001684683026871104,0.0005760796913080416,-0.0001872592291974436,-0.00038135787899409645
C(syntactic_role)[T.subject],0.0718626455816827,0.0005760796913080416,0.05399959236467496,0.000590460996030536,0.0029559125893927414
C(valence)[T.-val],0.02074558417032348,-0.0001872592291974436,0.000590460996030536,0.002160237286672226,0.0008110301762849738
C(dominance)[T.-dom],0.027007996724417997,-0.00038135787899409645,0.0029559125893927414,0.0008110301762849738,0.001852442216505355
