,Group,C(semantic_role)[T.patient],C(syntactic_role)[T.subject],C(valence)[T.-val],C(dominance)[T.-dom]
Group,0.609093154156679,0.009353350215997416,0.03305017820869863,-0.007363718427039859,0.030234727143211595
C(semantic_role)[T.patient],0.009353350215997416,0.014277212742839725,0.0030368174680231092,0.0025935177321363494,0.005845136610249561
C(syntactic_role)[T.subject],0.03305017820869863,0.0030368174680231092,0.025898609348643357,-0.004484024116041034,0.003696437855896515
C(valence)[T.-val],-0.007363718427039859,0.0025935177321363494,-0.004484024116041034,0.004349189422345268,0.002556585708358699
C(dominance)[T.-dom],0.030234727143211595,0.005845136610249561,0.003696437855896515,0.002556585708358699,0.005187806890776787
