,Group,C(semantic_role)[T.patient],C(syntactic_role)[T.subject]
Group,1.5415184432191023,0.0290883975194624,-0.114334430028196
C(semantic_role)[T.patient],0.0290883975194624,0.0020598427019233663,-0.0013784787339695787
C(syntactic_role)[T.subject],-0.114334430028196,-0.0013784787339695787,0.030301555690035037
