,Group,C(semantic_role)[T.patient],C(syntactic_role)[T.subject],C(valence)[T.-val],C(dominance)[T.-dom]
Group,1.8550607992893537,0.09496016440372321,-0.15545756169164499,0.07006683964379742,0.03670023547330914
C(semantic_role)[T.patient],0.09496016440372321,0.010833469355297016,-0.0029382669412423646,0.0036920318477535593,0.000802454763842698
C(syntactic_role)[T.subject],-0.15545756169164499,-0.0029382669412423646,0.048624381062208503,-0.0034485202801767556,-0.002593921857062973
C(valence)[T.-val],0.07006683964379742,0.0036920318477535593,-0.0034485202801767556,0.004840418973626324,0.001046692663033859
C(dominance)[T.-dom],0.03670023547330914,0.000802454763842698,-0.002593921857062973,0.001046692663033859,0.0031534757504130813
