,Group,C(semantic_role)[T.patient],C(syntactic_role)[T.subject]
Group,1.3585896167061524,0.04086141500838018,0.003968313510528484
C(semantic_role)[T.patient],0.04086141500838018,0.0044218570288352245,0.0008057362087709727
C(syntactic_role)[T.subject],0.003968313510528484,0.0008057362087709727,0.006743563863767503
