,Group,C(semantic_role)[T.patient],C(syntactic_role)[T.subject],C(valence)[T.-val],C(dominance)[T.-dom]
Group,1.1236090914531736,-0.015082025118504481,0.07091883528121778,0.0021800793621966183,0.046601933602358196
C(semantic_role)[T.patient],-0.015082025118504481,0.0017359159904762338,0.0009370138173787607,-1.2773518163773883e-05,-0.0005947900879351661
C(syntactic_role)[T.subject],0.07091883528121778,0.0009370138173787607,0.053421147297990364,-0.0010505730825552003,0.004548610412881717
C(valence)[T.-val],0.0021800793621966183,-1.2773518163773883e-05,-0.0010505730825552003,0.0010430242251226753,0.0005488770789403122
C(dominance)[T.-dom],0.046601933602358196,-0.0005947900879351661,0.004548610412881717,0.0005488770789403122,0.003425593945802539
