,Group,C(semantic_role)[T.patient],C(syntactic_role)[T.subject],C(valence)[T.-val],C(dominance)[T.-dom]
Group,1.885562919297308,0.08443819694684838,-0.14205220268733412,0.06167830200343195,0.046425769103148974
C(semantic_role)[T.patient],0.08443819694684838,0.00935926556873663,-0.0013292523309483442,0.002390330392328408,0.0014383643593193203
C(syntactic_role)[T.subject],-0.14205220268733412,-0.0013292523309483442,0.04647550194773589,-0.0034803068669796485,-0.0016727921150671602
C(valence)[T.-val],0.06167830200343195,0.002390330392328408,-0.0034803068669796485,0.004171249560880209,0.0006737485081171556
C(dominance)[T.-dom],0.046425769103148974,0.0014383643593193203,-0.0016727921150671602,0.0006737485081171556,0.004539589868798278
