,Group,C(semantic_role)[T.patient],C(syntactic_role)[T.subject],C(valence)[T.-val],C(dominance)[T.-dom]
Group,1.8771347860437704,0.09797815852725669,-0.15593467853693863,0.0709194544969261,0.03684125823872557
C(semantic_role)[T.patient],0.09797815852725669,0.011233569634551157,-0.003028846214740459,0.003808906531903211,0.0008263113746395959
C(syntactic_role)[T.subject],-0.15593467853693863,-0.003028846214740459,0.04860398644792823,-0.003471573276501149,-0.0025889848748737424
C(valence)[T.-val],0.0709194544969261,0.003808906531903211,-0.003471573276501149,0.00487498369525141,0.0010523726590027434
C(dominance)[T.-dom],0.03684125823872557,0.0008263113746395959,-0.0025889848748737424,0.0010523726590027434,0.0031567071390803947
