,Group,C(semantic_role)[T.patient],C(syntactic_role)[T.subject],C(valence)[T.-val],C(dominance)[T.-dom]
Group,1.5121953582822114,0.065675555276895,-0.01778404996349839,0.12236423021836275,-0.02594300120906966
C(semantic_role)[T.patient],0.065675555276895,0.004683661891028243,0.00367010292471653,0.006008265339237435,-0.0023580600652641473
C(syntactic_role)[T.subject],-0.01778404996349839,0.00367010292471653,0.039506563713489956,0.0021806512294084246,0.002594529866539556
C(valence)[T.-val],0.12236423021836275,0.006008265339237435,0.0021806512294084246,0.014325527316880466,-0.003992103539985288
C(dominance)[T.-dom],-0.02594300120906966,-0.0023580600652641473,0.002594529866539556,-0.003992103539985288,0.004728177712100624
