,Group,C(semantic_role)[T.patient],C(syntactic_role)[T.subject],C(valence)[T.-val],C(dominance)[T.-dom]
Group,1.5111157692121429,0.0743758408267635,-0.013257709765087139,0.11228720583230166,-0.015694302604502216
C(semantic_role)[T.patient],0.0743758408267635,0.005425711907218709,0.0036219545310907483,0.006083897403573854,-0.001986653639853479
C(syntactic_role)[T.subject],-0.013257709765087139,0.0036219545310907483,0.04022689914102793,0.0023563018430290067,0.0027231064152960375
C(valence)[T.-val],0.11228720583230166,0.006083897403573854,0.0023563018430290067,0.01244517227975354,-0.002847441548585941
C(dominance)[T.-dom],-0.015694302604502216,-0.001986653639853479,0.0027231064152960375,-0.002847441548585941,0.004288433686201731
