,Group,C(semantic_role)[T.patient],C(syntactic_role)[T.subject],C(valence)[T.-val],C(dominance)[T.-dom]
Group,1.5600510597701909,0.07872580503041862,-0.010708308084794995,0.1163339371746567,-0.01702498122910455
C(semantic_role)[T.patient],0.07872580503041862,0.005816651227104599,0.0038407582447938828,0.0064450930813485215,-0.0021059414604309074
C(syntactic_role)[T.subject],-0.010708308084794995,0.0038407582447938828,0.04034731458840784,0.0025647105245008915,0.0026565903499286892
C(valence)[T.-val],0.1163339371746567,0.0064450930813485215,0.0025647105245008915,0.012783649180990123,-0.002956352607947667
C(dominance)[T.-dom],-0.01702498122910455,-0.0021059414604309074,0.0026565903499286892,-0.002956352607947667,0.004325670463401653
