,Group,C(semantic_role)[T.patient],C(syntactic_role)[T.subject],C(valence)[T.-val],C(dominance)[T.-dom]
Group,1.552815140614637,0.06919225243207502,-0.01581530357302007,0.1261093821854584,-0.027438482887383916
C(semantic_role)[T.patient],0.06919225243207502,0.004995259854625894,0.003862997330790277,0.0063265784368893236,-0.002483480942977772
C(syntactic_role)[T.subject],-0.01581530357302007,0.003862997330790277,0.039695611010532816,0.002370099735827422,0.0025245778014338764
C(valence)[T.-val],0.1261093821854584,0.0063265784368893236,0.002370099735827422,0.014670231571791946,-0.004127977639776425
C(dominance)[T.-dom],-0.027438482887383916,-0.002483480942977772,0.0025245778014338764,-0.004127977639776425,0.004789952687449994
