,Group,C(semantic_role)[T.patient],C(syntactic_role)[T.subject],C(valence)[T.-val],C(dominance)[T.-dom]
Group,2.36285031206487,0.1145664789880228,-0.2131393641735518,0.1123251312941888,-0.06099527968181373
C(semantic_role)[T.patient],0.1145664789880228,0.008319167979916314,-0.011934942612724863,0.006454681018683108,-0.0032724328835008797
C(syntactic_role)[T.subject],-0.2131393641735518,-0.011934942612724863,0.06606917483631072,-0.006725846041032277,0.004401854394517894
C(valence)[T.-val],0.1123251312941888,0.006454681018683108,-0.006725846041032277,0.01337911420445292,-0.006729629236759425
C(dominance)[T.-dom],-0.06099527968181373,-0.0032724328835008797,0.004401854394517894,-0.006729629236759425,0.006733479787876803
