,Group,C(semantic_role)[T.patient],C(syntactic_role)[T.subject]
Group,0.8186115021158975,0.008332965207533523,0.03883249838882752
C(semantic_role)[T.patient],0.008332965207533523,0.004422025579364111,0.0033363976765515653
C(syntactic_role)[T.subject],0.03883249838882752,0.0033363976765515653,0.030468681927642932
