,Group,C(semantic_role)[T.patient],C(syntactic_role)[T.subject]
Group,1.007718606421926,0.11406552710323421,-0.15611625360106982
C(semantic_role)[T.patient],0.11406552710323421,0.015166985372762965,-0.016753255112839986
C(syntactic_role)[T.subject],-0.15611625360106982,-0.016753255112839986,0.07441910951780614
