,Group,C(semantic_role)[T.patient],C(syntactic_role)[T.subject],C(valence)[T.-val],C(dominance)[T.-dom]
Group,2.3198088412665547,0.21355451754960703,-0.44917136359181914,0.16533720504665653,0.06004127539127404
C(semantic_role)[T.patient],0.21355451754960703,0.12137067103752361,-0.040029600940072164,0.007943733617515472,0.0038555116043002373
C(syntactic_role)[T.subject],-0.44917136359181914,-0.040029600940072164,0.11553200534531279,-0.02831809043991883,-0.012133219908662524
C(valence)[T.-val],0.16533720504665653,0.007943733617515472,-0.02831809043991883,0.11874088142328874,0.004277238868560675
C(dominance)[T.-dom],0.06004127539127404,0.0038555116043002373,-0.012133219908662524,0.004277238868560675,0.11459172159933238
