,Group,C(semantic_role)[T.patient],C(syntactic_role)[T.subject],C(valence)[T.-val],C(dominance)[T.-dom]
Group,2.342237700824321,0.19716682465633728,-0.46341448293102055,0.17295742463846978,0.05411366976183139
C(semantic_role)[T.patient],0.19716682465633728,0.12165463736318377,-0.03786768787379611,0.007073287196286345,0.0031367859876075955
C(syntactic_role)[T.subject],-0.46341448293102055,-0.03786768787379611,0.12204110060442509,-0.03124551652919827,-0.010334982823326871
C(valence)[T.-val],0.17295742463846978,0.007073287196286345,-0.03124551652919827,0.12263798912365537,0.004697322032026727
C(dominance)[T.-dom],0.05411366976183139,0.0031367859876075955,-0.010334982823326871,0.004697322032026727,0.11577673543994767
