,Group,C(semantic_role)[T.patient],C(syntactic_role)[T.subject],C(valence)[T.-val],C(dominance)[T.-dom]
Group,0.9246985800684387,-0.01936385506827314,0.08184500855287342,0.0005893163600752614,0.053432379510579865
C(semantic_role)[T.patient],-0.01936385506827314,0.00331829572554103,-0.002098187974818091,-1.4725680510487756e-05,-0.0010693554631924721
C(syntactic_role)[T.subject],0.08184500855287342,-0.002098187974818091,0.03532272806811552,-0.0008205176745308198,0.006437940604408022
C(valence)[T.-val],0.0005893163600752614,-1.4725680510487756e-05,-0.0008205176745308198,0.0032703030722364586,-0.00016021506810953915
C(dominance)[T.-dom],0.053432379510579865,-0.0010693554631924721,0.006437940604408022,-0.00016021506810953915,0.005788521408736063
