,Group,C(semantic_role)[T.patient],C(syntactic_role)[T.subject],C(valence)[T.-val],C(dominance)[T.-dom]
Group,1.1491239290913813,-0.015458679706858913,0.07213280648799428,0.0025081627177580244,0.04888781144944831
C(semantic_role)[T.patient],-0.015458679706858913,0.0017425099151175524,0.0009311267599511867,-1.8168200474311054e-05,-0.000628837240464788
C(syntactic_role)[T.subject],0.07213280648799428,0.0009311267599511867,0.053664341239662065,-0.001042607853835827,0.004649969470592766
C(valence)[T.-val],0.0025081627177580244,-1.8168200474311054e-05,-0.001042607853835827,0.0010477381470858993,0.0005791643216648137
C(dominance)[T.-dom],0.04888781144944831,-0.000628837240464788,0.004649969470592766,0.0005791643216648137,0.0036313548121011965
