,Group,C(semantic_role)[T.patient],C(syntactic_role)[T.subject],C(valence)[T.-val],C(dominance)[T.-dom]
Group,1.8765779667939833,0.09717221561271994,-0.15520200628206798,0.07095224150236369,0.03662357588899219
C(semantic_role)[T.patient],0.09717221561271994,0.011241873740012825,-0.0028271617054268115,0.0037358672231673313,0.0008049950910192857
C(syntactic_role)[T.subject],-0.15520200628206798,-0.0028271617054268115,0.048591625131548334,-0.0034399263828623927,-0.0025830349437677338
C(valence)[T.-val],0.07095224150236369,0.0037358672231673313,-0.0034399263828623927,0.004875829238629025,0.0010475454103959498
C(dominance)[T.-dom],0.03662357588899219,0.0008049950910192857,-0.0025830349437677338,0.0010475454103959498,0.0031495535426574644
