,Group,C(semantic_role)[T.patient],C(syntactic_role)[T.subject],C(valence)[T.-val],C(dominance)[T.-dom]
Group,1.5124529617585003,0.06564487009707827,-0.018117977700268056,0.1223540995977994,-0.025935353680744226
C(semantic_role)[T.patient],0.06564487009707827,0.004681013164284268,0.0036568032838102536,0.0059992668085130174,-0.0023552032411184084
C(syntactic_role)[T.subject],-0.018117977700268056,0.0036568032838102536,0.03953386104469658,0.0021572564225228645,0.0026092687278696275
C(valence)[T.-val],0.1223540995977994,0.0059992668085130174,0.0021572564225228645,0.014322142474638224,-0.003990038231406935
C(dominance)[T.-dom],-0.025935353680744226,-0.0023552032411184084,0.0026092687278696275,-0.003990038231406935,0.004737884654679002
