,Group,C(semantic_role)[T.patient],C(syntactic_role)[T.subject],C(valence)[T.-val],C(dominance)[T.-dom]
Group,1.5093657899452781,0.07429958060004149,-0.013201136482658056,0.11216465933502498,-0.015698313216548923
C(semantic_role)[T.patient],0.07429958060004149,0.0054244394269219245,0.0036228438008257782,0.00607837408187687,-0.0019876021960596605
C(syntactic_role)[T.subject],-0.013201136482658056,0.0036228438008257782,0.04025250686330501,0.002359281445894079,0.0027246573205570563
C(valence)[T.-val],0.11216465933502498,0.00607837408187687,0.002359281445894079,0.012435472620936982,-0.0028454443983867866
C(dominance)[T.-dom],-0.015698313216548923,-0.0019876021960596605,0.0027246573205570563,-0.0028454443983867866,0.004289706100288068
