,Group,C(semantic_role)[T.patient],C(syntactic_role)[T.subject],C(valence)[T.-val],C(dominance)[T.-dom]
Group,1.858463178937629,0.09497211542826141,-0.15694852827727424,0.0700548315062341,0.03675031127321066
C(semantic_role)[T.patient],0.09497211542826141,0.010833284881771434,-0.0029469123972967618,0.0036926611511750736,0.0008022601787578021
C(syntactic_role)[T.subject],-0.15694852827727424,-0.0029469123972967618,0.04925092451988707,-0.003442861008028282,-0.0026188872344176614
C(valence)[T.-val],0.0700548315062341,0.0036926611511750736,-0.003442861008028282,0.0048431447901433914,0.00104669306973095
C(dominance)[T.-dom],0.03675031127321066,0.0008022601787578021,-0.0026188872344176614,0.00104669306973095,0.003155866583778271
