,Group,C(semantic_role)[T.patient],C(syntactic_role)[T.subject],C(valence)[T.-val],C(dominance)[T.-dom]
Group,1.1237051867963095,-0.01507506997972501,0.07124067246478145,0.002167103219462931,0.046616593870774874
C(semantic_role)[T.patient],-0.01507506997972501,0.0017371930603742789,0.0009674315216251191,-1.3487391677024615e-05,-0.0005934274275236492
C(syntactic_role)[T.subject],0.07124067246478145,0.0009674315216251191,0.053634446044456725,-0.0010559124719838999,0.004568126202277469
C(valence)[T.-val],0.002167103219462931,-1.3487391677024615e-05,-0.0010559124719838999,0.0010419487274423978,0.000548565529404453
C(dominance)[T.-dom],0.046616593870774874,-0.0005934274275236492,0.004568126202277469,0.000548565529404453,0.0034268072162206027
