,Group,C(semantic_role)[T.patient],C(syntactic_role)[T.subject],C(valence)[T.-val],C(dominance)[T.-dom]
Group,1.0971668584804257,-0.016452610210565464,0.07191584110287738,0.020697231313560854,0.026993327015105345
C(semantic_role)[T.patient],-0.016452610210565464,0.0016832999187106595,0.0005771938993883963,-0.00018705892866048058,-0.00038104725988415686
C(syntactic_role)[T.subject],0.07191584110287738,0.0005771938993883963,0.05401830850336731,0.0005906262976490906,0.002957082393246174
C(valence)[T.-val],0.020697231313560854,-0.00018705892866048058,0.0005906262976490906,0.0021503649106098485,0.0008086789753015113
C(dominance)[T.-dom],0.026993327015105345,-0.00038104725988415686,0.002957082393246174,0.0008086789753015113,0.0018506561875875074
