,Group,C(semantic_role)[T.patient],C(syntactic_role)[T.subject]
Group,1.2536649367829238,0.059897682571690564,-0.04832216627218982
C(semantic_role)[T.patient],0.059897682571690564,0.005369977233947297,0.0014583950590877958
C(syntactic_role)[T.subject],-0.04832216627218982,0.0014583950590877958,0.019141375866928337
