,Group,C(semantic_role)[T.patient],C(syntactic_role)[T.subject],C(valence)[T.-val],C(dominance)[T.-dom]
Group,0.6045927938046517,0.00921093018014079,0.0325220892970968,-0.007647924895323635,0.030630982843680026
C(semantic_role)[T.patient],0.00921093018014079,0.014862694619610522,0.0030748308721329025,0.002609049366653681,0.00604496846718656
C(syntactic_role)[T.subject],0.0325220892970968,0.0030748308721329025,0.026478428846079576,-0.004733513238209933,0.003618114488357201
C(valence)[T.-val],-0.007647924895323635,0.002609049366653681,-0.004733513238209933,0.004237090322505863,0.0025194231320092774
C(dominance)[T.-dom],0.030630982843680026,0.00604496846718656,0.003618114488357201,0.0025194231320092774,0.005336143313253015
