,Group,C(semantic_role)[T.patient],C(syntactic_role)[T.subject]
Group,1.5414354246814674,0.029094116995256766,-0.11422061477887836
C(semantic_role)[T.patient],0.029094116995256766,0.002054881832990084,-0.0013781975793433657
C(syntactic_role)[T.subject],-0.11422061477887836,-0.0013781975793433657,0.030265854646761296
