,Group,C(semantic_role)[T.patient],C(syntactic_role)[T.subject],C(valence)[T.-val],C(dominance)[T.-dom]
Group,1.6062401767861947,0.12706534985385035,0.009548889058200099,0.13639088222225385,0.012755128656214084
C(semantic_role)[T.patient],0.12706534985385035,0.015324596894838397,0.00899334490081185,0.011355335018458946,0.004287443604127673
C(syntactic_role)[T.subject],0.009548889058200099,0.00899334490081185,0.04968573281737537,0.0020071459987588843,0.010101856145310464
C(valence)[T.-val],0.13639088222225385,0.011355335018458946,0.0020071459987588843,0.015565143576506327,-0.0016356739927802318
C(dominance)[T.-dom],0.012755128656214084,0.004287443604127673,0.010101856145310464,-0.0016356739927802318,0.007815186099943531
