,Group,C(semantic_role)[T.patient],C(syntactic_role)[T.subject],C(valence)[T.-val],C(dominance)[T.-dom]
Group,1.5896136458002503,0.1429337307577976,-0.007079508611091034,0.15232661922422108,-0.004225513297295617
C(semantic_role)[T.patient],0.1429337307577976,0.01793730256465872,0.006517264422892861,0.015065468430514335,0.0018908563072802833
C(syntactic_role)[T.subject],-0.007079508611091034,0.006517264422892861,0.04936762398252117,0.0014265072292948804,0.008979790575413506
C(valence)[T.-val],0.15232661922422108,0.015065468430514335,0.0014265072292948804,0.018603679081983057,-0.0022984370768050276
C(dominance)[T.-dom],-0.004225513297295617,0.0018908563072802833,0.008979790575413506,-0.0022984370768050276,0.006185738626257235
