,Group,C(semantic_role)[T.patient],C(syntactic_role)[T.subject]
Group,1.3596667505635907,0.040866343549137235,0.003957405587780088
C(semantic_role)[T.patient],0.040866343549137235,0.004429164944981666,0.0008100269084827256
C(syntactic_role)[T.subject],0.003957405587780088,0.0008100269084827256,0.00675204854339834
