{
  "formula": "log_he_she_odds ~ C(tense) + C(syntactic_role) + C(valence) + C(dominance) + log_frequency + lex_emb_norm",
  "re_formula": "1 + C(semantic_role) + C(syntactic_role) + C(valence) + C(dominance)",
  "group_col": "profession",
  "optimizer": "lbfgs",
  "converged": true,
  "aic": 7084.183168458869,
  "bic": 7290.450262639813,
  "log_likelihood": -3515.0915842294344,
  "nobs": 15360,
  "residual_variance": 0.08918211964701124,
  "R2m": 0.15480943886128803,
  "R2c": 0.9509631956350637,
  "random_effect_variance_semantic_role": 0.013152920608098615,
  "random_effect_variance_syntactic_role": 0.05971605312293846,
  "random_effect_variance_valence": 0.0011275198705627198,
  "random_effect_variance_dominance": 0.0038680467415599003
}