,Group,C(semantic_role)[T.patient],C(syntactic_role)[T.subject],C(valence)[T.-val],C(dominance)[T.-dom]
Group,1.3657113741736877,-0.06515357310613887,0.044394248836167015,0.005038199328613875,0.0550715093066396
C(semantic_role)[T.patient],-0.06515357310613887,0.013152920608098615,0.008584220290865752,-0.00098818658083229,-0.0022697743752481273
C(syntactic_role)[T.subject],0.044394248836167015,0.008584220290865752,0.05971605312293846,-0.0019872869783719095,0.004001803255793777
C(valence)[T.-val],0.005038199328613875,-0.00098818658083229,-0.0019872869783719095,0.0011275198705627198,0.0005645887976933196
C(dominance)[T.-dom],0.0550715093066396,-0.0022697743752481273,0.004001803255793777,0.0005645887976933196,0.0038680467415599003
