,Group,C(semantic_role)[T.patient],C(syntactic_role)[T.subject],C(valence)[T.-val],C(dominance)[T.-dom]
Group,1.8550569874736846,0.09496038887240495,-0.15545032512536985,0.07006524332859586,0.036700873860670835
C(semantic_role)[T.patient],0.09496038887240495,0.010835453470393584,-0.00293705126428784,0.0036922047982728976,0.00080244183493688
C(syntactic_role)[T.subject],-0.15545032512536985,-0.00293705126428784,0.04862368000538843,-0.003448016821336616,-0.0025941576466659536
C(valence)[T.-val],0.07006524332859586,0.0036922047982728976,-0.003448016821336616,0.004842212519917918,0.0010468595196242874
C(dominance)[T.-dom],0.036700873860670835,0.00080244183493688,-0.0025941576466659536,0.0010468595196242874,0.003155491572110903
