,Group,C(semantic_role)[T.patient],C(syntactic_role)[T.subject],C(valence)[T.-val],C(dominance)[T.-dom]
Group,0.6091786670383185,0.009360521600660384,0.03305348570876735,-0.007372885446574288,0.030221198799132813
C(semantic_role)[T.patient],0.009360521600660384,0.014273459241062917,0.003037575958098034,0.0025965893523939424,0.005842892460686731
C(syntactic_role)[T.subject],0.03305348570876735,0.003037575958098034,0.02588996040315593,-0.004482818345732634,0.0036963439909431742
C(valence)[T.-val],-0.007372885446574288,0.0025965893523939424,-0.004482818345732634,0.004351768853182202,0.0025571243397021215
C(dominance)[T.-dom],0.030221198799132813,0.005842892460686731,0.0036963439909431742,0.0025571243397021215,0.005185341410092344
