,Group,C(semantic_role)[T.patient],C(syntactic_role)[T.subject],C(valence)[T.-val],C(dominance)[T.-dom]
Group,1.6626739938351527,0.11301261247381235,-0.03246712585436727,0.07642459482374342,0.062497802944179635
C(semantic_role)[T.patient],0.11301261247381235,0.01157182413034752,0.0029055385515423093,0.005014093386214263,0.005421081564668262
C(syntactic_role)[T.subject],-0.03246712585436727,0.0029055385515423093,0.019501197674243995,-0.004474539164772963,-0.00021442956312521261
C(valence)[T.-val],0.07642459482374342,0.005014093386214263,-0.004474539164772963,0.00601077892742627,0.0015543516498948554
C(dominance)[T.-dom],0.062497802944179635,0.005421081564668262,-0.00021442956312521261,0.0015543516498948554,0.004400162222652567
