term,coef,std_err,z,p_value,ci_low,ci_high
Intercept,0.6225570073138942,0.374915653305485,1.660525512405396,0.09680877986797307,-0.11226417040516168,1.35737818503295
C(tense)[T.past perfect],-0.17814655303955207,0.011807378935043212,-15.087730648741147,1.9503576646973134e-51,-0.20128859050405368,-0.15500451557505046
C(tense)[T.present continuous],-0.2031368255615248,0.011807378935043206,-17.204226838069328,2.46849502720391e-66,-0.22627886302602637,-0.1799947880970232
C(tense)[T.present perfect],-0.2671688079833998,0.011807378935043208,-22.62727481291106,2.3360038059832213e-113,-0.2903108454479014,-0.24402677051889823
C(tense)[T.simple future],-0.016876792907716064,0.01180737893504321,-1.4293428711453735,0.15290570966360906,-0.04001883037221765,0.006265244556785527
C(tense)[T.simple past],-0.042374038696290306,0.01180737893504321,-3.5887760466912835,0.0003322340845062832,-0.0655160761607919,-0.019232001231788715
C(semantic_role)[T.patient],0.10736542951814944,0.03743426927743078,2.8681053908772394,0.0041293795527603165,0.033995609946810876,0.18073524908948801
C(syntactic_role)[T.subject],-0.33358885303279845,0.0771224510425869,-4.325444128436623,1.5222484936972672e-05,-0.48474607947572235,-0.18243162658987458
C(dominance)[T.-dom],-0.050966985561918934,0.02448956740506133,-2.0811713297714456,0.03741822677798691,-0.09896565567280516,-0.0029683154510327034
