{
  "formula": "log_he_she_odds ~ C(tense) + C(semantic_role) + C(syntactic_role) + C(dominance)",
  "re_formula": "1 + C(semantic_role) + C(syntactic_role) + C(valence) + C(dominance)",
  "group_col": "profession",
  "optimizer": "lbfgs",
  "converged": true,
  "aic": 17704.739608542004,
  "bic": 17895.727658709544,
  "log_likelihood": -8827.369804271002,
  "nobs": 15360,
  "residual_variance": 0.17845017256409765,
  "R2m": 0.008922476846977886,
  "R2c": 0.9619560717810326,
  "random_effect_variance_semantic_role": 0.015194297454071816,
  "random_effect_variance_syntactic_role": 0.055999211250882315,
  "random_effect_variance_valence": 0.026505746135309927,
  "random_effect_variance_dominance": 0.004534281347408846
}