,Group,C(semantic_role)[T.patient],C(syntactic_role)[T.subject],C(valence)[T.-val],C(dominance)[T.-dom]
Group,4.1423260929232075,0.18545803219040496,-0.27971390507666644,0.29062173308490896,0.08487302501383749
C(semantic_role)[T.patient],0.18545803219040496,0.015194297454071816,-0.00778430854180991,0.01216710502134713,0.0022116147758538198
C(syntactic_role)[T.subject],-0.27971390507666644,-0.00778430854180991,0.055999211250882315,-0.01596965835486342,-0.00495958097498397
C(valence)[T.-val],0.29062173308490896,0.01216710502134713,-0.01596965835486342,0.026505746135309927,0.0056363740156135924
C(dominance)[T.-dom],0.08487302501383749,0.0022116147758538198,-0.00495958097498397,0.0056363740156135924,0.004534281347408846
