,Group,C(semantic_role)[T.patient],C(syntactic_role)[T.subject],C(valence)[T.-val],C(dominance)[T.-dom]
Group,1.6568480209672696,0.11267821035613275,-0.03265212896196035,0.0762088244412924,0.06229826548653257
C(semantic_role)[T.patient],0.11267821035613275,0.011528390366251341,0.0028544747847094355,0.005007964125154247,0.0054065871580815435
C(syntactic_role)[T.subject],-0.03265212896196035,0.0028544747847094355,0.01944747346502914,-0.004482736951346146,-0.00023151979730881247
C(valence)[T.-val],0.0762088244412924,0.005007964125154247,-0.004482736951346146,0.005984717734629195,0.0015487663612212743
C(dominance)[T.-dom],0.06229826548653257,0.0054065871580815435,-0.00023151979730881247,0.0015487663612212743,0.004377039993299913
