,Group,C(semantic_role)[T.patient],C(syntactic_role)[T.subject],C(valence)[T.-val],C(dominance)[T.-dom]
Group,1.8824598669055184,0.09533772808333876,-0.15701325023769433,0.07079560554782681,0.03951943585287307
C(semantic_role)[T.patient],0.09533772808333876,0.010832018436993376,-0.0029700448310292886,0.003692844168331157,0.0008446153981618013
C(syntactic_role)[T.subject],-0.15701325023769433,-0.0029700448310292886,0.04867536696919879,-0.0034643210825869263,-0.002793272102300346
C(valence)[T.-val],0.07079560554782681,0.003692844168331157,-0.0034643210825869263,0.004843616471142941,0.0010895071937813434
C(dominance)[T.-dom],0.03951943585287307,0.0008446153981618013,-0.002793272102300346,0.0010895071937813434,0.003613051370024258
