,Group,C(semantic_role)[T.patient],C(syntactic_role)[T.subject],C(valence)[T.-val],C(dominance)[T.-dom]
Group,1.3545409928770762,0.03253798030421438,-0.1091053731175468,0.13542402372703646,0.08126377428119509
C(semantic_role)[T.patient],0.03253798030421438,0.002705285529236914,-0.0016148908077461498,0.003684617032917734,-0.0007388638924674148
C(syntactic_role)[T.subject],-0.1091053731175468,-0.0016148908077461498,0.030411988146092736,-0.013928158121872971,-0.00034254687764648115
C(valence)[T.-val],0.13542402372703646,0.003684617032917734,-0.013928158121872971,0.015806858082149714,0.004949517130065757
C(dominance)[T.-dom],0.08126377428119509,-0.0007388638924674148,-0.00034254687764648115,0.004949517130065757,0.014140335463917596
