,Group,C(semantic_role)[T.patient],C(syntactic_role)[T.subject],C(valence)[T.-val],C(dominance)[T.-dom]
Group,1.1242548813380666,-0.0150584726801915,0.07140843774063947,0.0021531712902791815,0.04664528203555822
C(semantic_role)[T.patient],-0.0150584726801915,0.0017365905922452707,0.0009587325152268535,-1.3066525969665696e-05,-0.0005932906689081249
C(syntactic_role)[T.subject],0.07140843774063947,0.0009587325152268535,0.0536496363422608,-0.0010553135276742296,0.004575411754532331
C(valence)[T.-val],0.0021531712902791815,-1.3066525969665696e-05,-0.0010553135276742296,0.0010410410288944094,0.0005469021230302833
C(dominance)[T.-dom],0.04664528203555822,-0.0005932906689081249,0.004575411754532331,0.0005469021230302833,0.0034271362642167946
