,Group,C(semantic_role)[T.patient],C(syntactic_role)[T.subject]
Group,0.8171002712349331,0.008293479667148877,0.03901327582469826
C(semantic_role)[T.patient],0.008293479667148877,0.004437573376764537,0.0033283757881004653
C(syntactic_role)[T.subject],0.03901327582469826,0.0033283757881004653,0.030565042198955557
