,Group,C(semantic_role)[T.patient],C(syntactic_role)[T.subject],C(valence)[T.-val],C(dominance)[T.-dom]
Group,1.096922025334693,-0.016451159521640023,0.07185322305347856,0.020690285690445245,0.026990925669452336
C(semantic_role)[T.patient],-0.016451159521640023,0.0016846436750737207,0.000576337657705824,-0.00018684192385856838,-0.00038118664209756744
C(syntactic_role)[T.subject],0.07185322305347856,0.000576337657705824,0.05399992496404417,0.0005891822197466095,0.002955234810981303
C(valence)[T.-val],0.020690285690445245,-0.00018684192385856838,0.0005891822197466095,0.0021521154861761644,0.0008087123156673037
C(dominance)[T.-dom],0.026990925669452336,-0.00038118664209756744,0.002955234810981303,0.0008087123156673037,0.0018514610241321709
