,Group,C(semantic_role)[T.patient],C(syntactic_role)[T.subject],C(valence)[T.-val],C(dominance)[T.-dom]
Group,1.1243948777789465,-0.015071422818988064,0.0709897605060721,0.002168303606209268,0.04663606211570952
C(semantic_role)[T.patient],-0.015071422818988064,0.00173554816950606,0.0009479766675142074,-1.2762532426004929e-05,-0.000593860583658157
C(syntactic_role)[T.subject],0.0709897605060721,0.0009479766675142074,0.05343384611305192,-0.0010495300321375768,0.004548982607118433
C(valence)[T.-val],0.002168303606209268,-1.2762532426004929e-05,-0.0010495300321375768,0.0010419833269651952,0.0005484315280799447
C(dominance)[T.-dom],0.04663606211570952,-0.000593860583658157,0.004548982607118433,0.0005484315280799447,0.003426310387149728
