,Group,C(semantic_role)[T.patient],C(syntactic_role)[T.subject],C(valence)[T.-val],C(dominance)[T.-dom]
Group,1.864293874201253,0.09520176072020249,-0.15566757810624998,0.07050420913566699,0.036617629379672556
C(semantic_role)[T.patient],0.09520176072020249,0.010891445178954262,-0.0029111684983452544,0.00367351517841912,0.0007987503435581775
C(syntactic_role)[T.subject],-0.15566757810624998,-0.0029111684983452544,0.04860243154727572,-0.003456641184160078,-0.0025889065307308167
C(valence)[T.-val],0.07050420913566699,0.00367351517841912,-0.003456641184160078,0.004838404289668871,0.0010476732262307777
C(dominance)[T.-dom],0.036617629379672556,0.0007987503435581775,-0.0025889065307308167,0.0010476732262307777,0.0031482020519560854
