,Group,C(semantic_role)[T.patient],C(syntactic_role)[T.subject],C(valence)[T.-val],C(dominance)[T.-dom]
Group,1.3541262825340565,0.03249726268217322,-0.10906948012738985,0.1353756688809241,0.08118682003238537
C(semantic_role)[T.patient],0.03249726268217322,0.0027108105404975297,-0.0015972405740012701,0.0036831918950858363,-0.0007444974978578192
C(syntactic_role)[T.subject],-0.10906948012738985,-0.0015972405740012701,0.03040516652484324,-0.013919126577930875,-0.0003533057572830049
C(valence)[T.-val],0.1353756688809241,0.0036831918950858363,-0.013919126577930875,0.015805203185902908,0.004946377406815044
C(dominance)[T.-dom],0.08118682003238537,-0.0007444974978578192,-0.0003533057572830049,0.004946377406815044,0.0141350460499341
