,Group,C(semantic_role)[T.patient],C(syntactic_role)[T.subject],C(valence)[T.-val],C(dominance)[T.-dom]
Group,1.863110499954589,0.08122061904461247,-0.14202587902307595,0.06107051729506804,0.04604964887632319
C(semantic_role)[T.patient],0.08122061904461247,0.00892058837241409,-0.0013000374974857368,0.002302606137793889,0.0013837619194656948
C(syntactic_role)[T.subject],-0.14202587902307595,-0.0013000374974857368,0.04644637323706733,-0.0034851699239891124,-0.0016783483527424408
C(valence)[T.-val],0.06107051729506804,0.002302606137793889,-0.0034851699239891124,0.004145214739579555,0.0006626352695991989
C(dominance)[T.-dom],0.04604964887632319,0.0013837619194656948,-0.0016783483527424408,0.0006626352695991989,0.004525875699345857
