,Group,C(semantic_role)[T.patient],C(syntactic_role)[T.subject],C(valence)[T.-val],C(dominance)[T.-dom]
Group,1.8542530700887614,0.09495675472341569,-0.1552172534242857,0.07006245750846986,0.03671062879396471
C(semantic_role)[T.patient],0.09495675472341569,0.010827109053314727,-0.002941687246969466,0.0036941620197681792,0.0008039891263663407
C(syntactic_role)[T.subject],-0.1552172534242857,-0.002941687246969466,0.04859462548601209,-0.003436069554733871,-0.0025855481007241972
C(valence)[T.-val],0.07006245750846986,0.0036941620197681792,-0.003436069554733871,0.004834859939274921,0.001046071875924825
C(dominance)[T.-dom],0.03671062879396471,0.0008039891263663407,-0.0025855481007241972,0.001046071875924825,0.0031468172633824535
