,Group,C(semantic_role)[T.patient],C(syntactic_role)[T.subject],C(valence)[T.-val],C(dominance)[T.-dom]
Group,1.1272677589674571,-0.015136909988339869,0.07111425910511689,0.002216232302903839,0.04693771091349839
C(semantic_role)[T.patient],-0.015136909988339869,0.0017372960923059495,0.0009341389814154508,-1.3117244790869947e-05,-0.0005996967661650182
C(syntactic_role)[T.subject],0.07111425910511689,0.0009341389814154508,0.05334383518634768,-0.0010407533756235392,0.004568780526894237
C(valence)[T.-val],0.002216232302903839,-1.3117244790869947e-05,-0.0010407533756235392,0.0010427614897638576,0.0005523223318118927
C(dominance)[T.-dom],0.04693771091349839,-0.0005996967661650182,0.004568780526894237,0.0005523223318118927,0.0034557799944079258
