,Group,C(semantic_role)[T.patient],C(syntactic_role)[T.subject],C(valence)[T.-val],C(dominance)[T.-dom]
Group,1.1117858771975775,-0.01667205530801415,0.07342136932737427,0.02114601182091406,0.028352624306524705
C(semantic_role)[T.patient],-0.01667205530801415,0.0016884628137016763,0.0005598491442678803,-0.00019289862766436506,-0.00040018082207108214
C(syntactic_role)[T.subject],0.07342136932737427,0.0005598491442678803,0.05416313016200057,0.000634183106254823,0.00310958500059345
C(valence)[T.-val],0.02114601182091406,-0.00019289862766436506,0.000634183106254823,0.0021670427683090675,0.0008502980621034642
C(dominance)[T.-dom],0.028352624306524705,-0.00040018082207108214,0.00310958500059345,0.0008502980621034642,0.001978919699594703
