,Group,C(semantic_role)[T.patient],C(syntactic_role)[T.subject],C(valence)[T.-val],C(dominance)[T.-dom]
Group,1.123298030327594,-0.015162440385125856,0.07075116463589208,0.002171055749681944,0.046593937129988605
C(semantic_role)[T.patient],-0.015162440385125856,0.0017504726702995677,0.0009402358898177137,-1.2822427356045942e-05,-0.0005981749359088835
C(syntactic_role)[T.subject],0.07075116463589208,0.0009402358898177137,0.05336641390044508,-0.0010491518416250812,0.004539384070009475
C(valence)[T.-val],0.002171055749681944,-1.2822427356045942e-05,-0.0010491518416250812,0.0010432810834996827,0.0005486649772790215
C(dominance)[T.-dom],0.046593937129988605,-0.0005981749359088835,0.004539384070009475,0.0005486649772790215,0.0034260085594721833
