,Group,C(semantic_role)[T.patient],C(syntactic_role)[T.subject],C(valence)[T.-val],C(dominance)[T.-dom]
Group,1.097363395792912,-0.016521692669947092,0.07183702713001756,0.02069466401567468,0.027002147343504583
C(semantic_role)[T.patient],-0.016521692669947092,0.0016944868398750714,0.0005783900057345895,-0.0001875243305888842,-0.0003828037384270533
C(syntactic_role)[T.subject],0.07183702713001756,0.0005783900057345895,0.05400119924182976,0.000588768633003476,0.0029550718614028094
C(valence)[T.-val],0.02069466401567468,-0.0001875243305888842,0.000588768633003476,0.00215245754990021,0.0008088759861915163
C(dominance)[T.-dom],0.027002147343504583,-0.0003828037384270533,0.0029550718614028094,0.0008088759861915163,0.001852021374141086
