,Group,C(semantic_role)[T.patient],C(syntactic_role)[T.subject]
Group,1.3590396805926686,0.04085072427354704,0.003965542620567151
C(semantic_role)[T.patient],0.04085072427354704,0.004432771306393272,0.0008091429614320777
C(syntactic_role)[T.subject],0.003965542620567151,0.0008091429614320777,0.006755673536629004
