,Group,C(semantic_role)[T.patient],C(syntactic_role)[T.subject]
Group,1.3593428737752835,0.040881530051580295,0.0039840996075166495
C(semantic_role)[T.patient],0.040881530051580295,0.004422953943998615,0.0008099009604768878
C(syntactic_role)[T.subject],0.0039840996075166495,0.0008099009604768878,0.006742767540637287
