,Group,C(semantic_role)[T.patient],C(syntactic_role)[T.subject],C(valence)[T.-val],C(dominance)[T.-dom]
Group,1.8645417182111705,0.09523102163914934,-0.1556377380301657,0.07047867825614913,0.036604835304359255
C(semantic_role)[T.patient],0.09523102163914934,0.010901042863252322,-0.002916031335269269,0.0036698651429728437,0.0007972389285362987
C(syntactic_role)[T.subject],-0.1556377380301657,-0.002916031335269269,0.04861355637493006,-0.0034552213316008024,-0.0025880327971028482
C(valence)[T.-val],0.07047867825614913,0.0036698651429728437,-0.0034552213316008024,0.004844241075141127,0.0010468414107922793
C(dominance)[T.-dom],0.036604835304359255,0.0007972389285362987,-0.0025880327971028482,0.0010468414107922793,0.003153297094908495
