{
  "formula": "log_he_she_odds ~ C(tense) + C(syntactic_role) + C(valence) + C(dominance) + C(tense):C(syntactic_role) + C(tense):C(valence) + C(valence):C(dominance)",
  "re_formula": "1 + C(semantic_role) + C(syntactic_role) + C(valence) + C(dominance)",
  "group_col": "profession",
  "optimizer": "lbfgs",
  "converged": true,
  "aic": 7002.775229789884,
  "bic": 7248.037593396503,
  "log_likelihood": -3465.387614894942,
  "nobs": 6720,
  "residual_variance": 0.1593837391560084,
  "R2m": 0.029415244799832395,
  "R2c": 0.9080343604997178,
  "random_effect_variance_semantic_role": 0.0026992456131986536,
  "random_effect_variance_syntactic_role": 0.03041459876855403,
  "random_effect_variance_valence": 0.015807807977964265,
  "random_effect_variance_dominance": 0.014134495659281373
}