,Group,C(semantic_role)[T.patient],C(syntactic_role)[T.subject],C(valence)[T.-val],C(dominance)[T.-dom]
Group,1.355115803198854,0.03250241061361017,-0.1091984430271715,0.13548242050965387,0.0812875618895657
C(semantic_role)[T.patient],0.03250241061361017,0.0026992456131986536,-0.00160614467661418,0.0036801677703619568,-0.0007379617225842332
C(syntactic_role)[T.subject],-0.1091984430271715,-0.00160614467661418,0.03041459876855403,-0.013936709896425165,-0.0003546949434921749
C(valence)[T.-val],0.13548242050965387,0.0036801677703619568,-0.013936709896425165,0.015807807977964265,0.0049527598476340595
C(dominance)[T.-dom],0.0812875618895657,-0.0007379617225842332,-0.0003546949434921749,0.0049527598476340595,0.014134495659281373
