,Group,C(semantic_role)[T.patient],C(syntactic_role)[T.subject],C(valence)[T.-val],C(dominance)[T.-dom]
Group,1.8639153814726763,0.08125111300589513,-0.14194668327751,0.06111328124532744,0.04605282586876565
C(semantic_role)[T.patient],0.08125111300589513,0.008915591661691306,-0.001277146969989444,0.002304984538785099,0.0013848547222809796
C(syntactic_role)[T.subject],-0.14194668327751,-0.001277146969989444,0.0464209564550473,-0.0034821950810160654,-0.0016757542376985117
C(valence)[T.-val],0.06111328124532744,0.002304984538785099,-0.0034821950810160654,0.004139410908423749,0.0006639831121428655
C(dominance)[T.-dom],0.04605282586876565,0.0013848547222809796,-0.0016757542376985117,0.0006639831121428655,0.004517485716691155
