,Group,C(semantic_role)[T.patient],C(syntactic_role)[T.subject],C(valence)[T.-val],C(dominance)[T.-dom]
Group,1.8534841773318258,0.09487764641217657,-0.15530362226749314,0.07000371188960819,0.03664453272098714
C(semantic_role)[T.patient],0.09487764641217657,0.010811974532903577,-0.0029553523217759063,0.0036874892025000176,0.0007987534712700241
C(syntactic_role)[T.subject],-0.15530362226749314,-0.0029553523217759063,0.04854821102410859,-0.003443522527807134,-0.002583372291101707
C(valence)[T.-val],0.07000371188960819,0.0036874892025000176,-0.003443522527807134,0.004823752635806181,0.001045086121018585
C(dominance)[T.-dom],0.03664453272098714,0.0007987534712700241,-0.002583372291101707,0.001045086121018585,0.003137509541510233
