{
  "formula": "log_he_she_odds ~ C(tense) + C(semantic_role) + C(syntactic_role) + C(valence) + log_frequency",
  "re_formula": "1 + C(semantic_role) + C(syntactic_role) + C(valence) + C(dominance)",
  "group_col": "profession",
  "optimizer": "lbfgs",
  "converged": true,
  "aic": 21663.55449614697,
  "bic": 21862.182068321214,
  "log_likelihood": -10805.777248073486,
  "nobs": 15360,
  "residual_variance": 0.23156377452699703,
  "R2m": 0.05002506567969565,
  "R2c": 0.9044293295110539,
  "random_effect_variance_semantic_role": 0.01940050816559531,
  "random_effect_variance_syntactic_role": 0.06026882763999049,
  "random_effect_variance_valence": 0.019405140640322543,
  "random_effect_variance_dominance": 0.010198550584480865
}