,Group,C(semantic_role)[T.patient],C(syntactic_role)[T.subject],C(valence)[T.-val],C(dominance)[T.-dom]
Group,1.6917465229919162,0.15701204030482155,-0.01435248410246196,0.15714690218240582,0.008382281207666539
C(semantic_role)[T.patient],0.15701204030482155,0.01940050816559531,0.004813262233350563,0.015670500573792545,0.003435306022673305
C(syntactic_role)[T.subject],-0.01435248410246196,0.004813262233350563,0.06026882763999049,-0.0016544342369783065,0.01188931997287128
C(valence)[T.-val],0.15714690218240582,0.015670500573792545,-0.0016544342369783065,0.019405140640322543,-0.002925250453517518
C(dominance)[T.-dom],0.008382281207666539,0.003435306022673305,0.01188931997287128,-0.002925250453517518,0.010198550584480865
