,Group,C(semantic_role)[T.patient],C(syntactic_role)[T.subject],C(valence)[T.-val],C(dominance)[T.-dom]
Group,1.0971058415004071,-0.01646718467609395,0.07191743897213794,0.0207068705926338,0.02699055573151358
C(semantic_role)[T.patient],-0.01646718467609395,0.0016825285711888104,0.0005717929363887044,-0.0001867321679386503,-0.000381534431119803
C(syntactic_role)[T.subject],0.07191743897213794,0.0005717929363887044,0.05398691643517386,0.0005893880010384653,0.0029580508227602725
C(valence)[T.-val],0.0207068705926338,-0.0001867321679386503,0.0005893880010384653,0.0021514134719152964,0.0008093120003427943
C(dominance)[T.-dom],0.02699055573151358,-0.000381534431119803,0.0029580508227602725,0.0008093120003427943,0.0018504484749943715
