,Group,C(semantic_role)[T.patient],C(syntactic_role)[T.subject],C(valence)[T.-val],C(dominance)[T.-dom]
Group,0.8799081450700618,-0.017036597171219577,0.07647552160575627,0.0006341653124852819,0.04797820285911354
C(semantic_role)[T.patient],-0.017036597171219577,0.0014469981525511682,-0.0017160560748101096,-1.8946109589630405e-05,-0.0008809596171385293
C(syntactic_role)[T.subject],0.07647552160575627,-0.0017160560748101096,0.03782640886677205,-0.0008050636283514654,0.005777279464280897
C(valence)[T.-val],0.0006341653124852819,-1.8946109589630405e-05,-0.0008050636283514654,0.0014609684815732574,-0.00014549570916004394
C(dominance)[T.-dom],0.04797820285911354,-0.0008809596171385293,0.005777279464280897,-0.00014549570916004394,0.0035967224635636416
