,Group,C(semantic_role)[T.patient],C(syntactic_role)[T.subject],C(valence)[T.-val],C(dominance)[T.-dom]
Group,2.0026356177224414,0.05367263719919643,-0.05773295503653324,0.11160675424915259,0.03965114623397973
C(semantic_role)[T.patient],0.05367263719919643,0.003333680371927845,-0.0014589159732551074,0.0034102853266857317,0.0012292127724718013
C(syntactic_role)[T.subject],-0.05773295503653324,-0.0014589159732551074,0.03338664438679335,-0.004675131203058672,0.00010828130321837494
C(valence)[T.-val],0.11160675424915259,0.0034102853266857317,-0.004675131203058672,0.010087926139085115,0.0010258146542860074
C(dominance)[T.-dom],0.03965114623397973,0.0012292127724718013,0.00010828130321837494,0.0010258146542860074,0.006354528917101456
