,Group,C(semantic_role)[T.patient],C(syntactic_role)[T.subject],C(valence)[T.-val],C(dominance)[T.-dom]
Group,1.9610594027920594,0.059049255498425754,-0.06365156690381601,0.1327368831334142,0.01607407410901889
C(semantic_role)[T.patient],0.059049255498425754,0.003875714777596535,-0.0013642997137367518,0.004792880430060676,0.0005127005706063137
C(syntactic_role)[T.subject],-0.06365156690381601,-0.0013642997137367518,0.03387329715257633,-0.004814922579464701,-0.0005042310171424394
C(valence)[T.-val],0.1327368831334142,0.004792880430060676,-0.004814922579464701,0.012443575592004536,0.0014223359438788933
C(dominance)[T.-dom],0.01607407410901889,0.0005127005706063137,-0.0005042310171424394,0.0014223359438788933,0.0031473260811470767
