,Group,C(semantic_role)[T.patient],C(syntactic_role)[T.subject],C(valence)[T.-val],C(dominance)[T.-dom]
Group,1.864880090522419,0.09509216591609002,-0.15580832509660764,0.07059302167514497,0.03660661278507782
C(semantic_role)[T.patient],0.09509216591609002,0.01081207233852517,-0.002955420550675255,0.003690799239342638,0.0007996768138709628
C(syntactic_role)[T.subject],-0.15580832509660764,-0.002955420550675255,0.04859848591853866,-0.0034513098641234825,-0.0025864619040683527
C(valence)[T.-val],0.07059302167514497,0.003690799239342638,-0.0034513098641234825,0.0048292308996147415,0.0010459234180807974
C(dominance)[T.-dom],0.03660661278507782,0.0007996768138709628,-0.0025864619040683527,0.0010459234180807974,0.003136295292344674
