,Group,C(semantic_role)[T.patient],C(syntactic_role)[T.subject],C(valence)[T.-val],C(dominance)[T.-dom]
Group,2.3402492699275173,0.19703614242232542,-0.4640830006904367,0.17278582772334125,0.05407019602996985
C(semantic_role)[T.patient],0.19703614242232542,0.12164608054942096,-0.037916774667192475,0.0070616866363081045,0.003134109668708758
C(syntactic_role)[T.subject],-0.4640830006904367,-0.037916774667192475,0.11855851697787126,-0.03149378835458123,-0.010376746031300873
C(valence)[T.-val],0.17278582772334125,0.0070616866363081045,-0.03149378835458123,0.12342310364956967,0.004695801579360697
C(dominance)[T.-dom],0.05407019602996985,0.003134109668708758,-0.010376746031300873,0.004695801579360697,0.1157747106361985
