,Group,C(semantic_role)[T.patient],C(syntactic_role)[T.subject],C(valence)[T.-val],C(dominance)[T.-dom]
Group,2.31767152362463,0.2134045694459448,-0.4500027957207054,0.1651399927942874,0.059990441404183636
C(semantic_role)[T.patient],0.2134045694459448,0.1213669163598527,-0.04009704467296316,0.007928727686372336,0.003852122634892553
C(syntactic_role)[T.subject],-0.4500027957207054,-0.04009704467296316,0.11148213974151795,-0.028683052251936136,-0.012115897858734183
C(valence)[T.-val],0.1651399927942874,0.007928727686372336,-0.028683052251936136,0.11988402161298961,0.004272550438485329
C(dominance)[T.-dom],0.059990441404183636,0.003852122634892553,-0.012115897858734183,0.004272550438485329,0.11459644170751677
