target_model,best_model_name,best_model_aic,term,coef,std_err,z,p_value,ci_low,ci_high,random_effect_variance_semantic_role,random_effect_variance_syntactic_role,random_effect_variance_valence,random_effect_variance_dominance
EleutherAI_pythia-12b-deduped,selected_mixed_random_slopes__candidate__0__C_semantic_role_log_frequency,17156.589784440905,Intercept,-2.300610841581606,5.459653177577408,-0.4213840635573939,0.6734746543318431,-13.001334437712991,8.400112754549777,0.0184476110349045,0.05438287898728563,0.001533576018143165,0.007220885569603061
EleutherAI_pythia-12b-deduped,selected_mixed_random_slopes__candidate__0__C_semantic_role_log_frequency,17156.589784440905,C(tense)[T.past perfect],0.3049485623677506,0.0583608018288877,5.22522914030296,1.7393957043145853e-07,0.1905634926742512,0.4193336320612499,0.0184476110349045,0.05438287898728563,0.001533576018143165,0.007220885569603061
EleutherAI_pythia-12b-deduped,selected_mixed_random_slopes__candidate__0__C_semantic_role_log_frequency,17156.589784440905,C(tense)[T.present continuous],0.0098799146817692,0.0583608018288878,0.1692902491425137,0.8655683453440828,-0.1045051550117301,0.1242649843752687,0.0184476110349045,0.05438287898728563,0.001533576018143165,0.007220885569603061
EleutherAI_pythia-12b-deduped,selected_mixed_random_slopes__candidate__0__C_semantic_role_log_frequency,17156.589784440905,C(tense)[T.present perfect],0.0325742484009115,0.0583608018288871,0.5581528591128453,0.5767400080764574,-0.0818108212925866,0.1469593180944097,0.0184476110349045,0.05438287898728563,0.001533576018143165,0.007220885569603061
EleutherAI_pythia-12b-deduped,selected_mixed_random_slopes__candidate__0__C_semantic_role_log_frequency,17156.589784440905,C(tense)[T.simple future],0.3478718689336177,0.0583608018288872,5.960710922950839,2.5114290503835173e-09,0.2334867992401193,0.4622569386271161,0.0184476110349045,0.05438287898728563,0.001533576018143165,0.007220885569603061
EleutherAI_pythia-12b-deduped,selected_mixed_random_slopes__candidate__0__C_semantic_role_log_frequency,17156.589784440905,C(tense)[T.simple past],0.0265750659523749,0.0583608018288873,0.4553581362759966,0.6488516078627716,-0.0878100037411235,0.1409601356458733,0.0184476110349045,0.05438287898728563,0.001533576018143165,0.007220885569603061
EleutherAI_pythia-12b-deduped,selected_mixed_random_slopes__candidate__0__C_semantic_role_log_frequency,17156.589784440905,C(semantic_role)[T.patient],-0.0486167242586982,0.1204640998348793,-0.4035785294152985,0.6865226768475466,-0.2847220213650991,0.1874885728477026,0.0184476110349045,0.05438287898728563,0.001533576018143165,0.007220885569603061
EleutherAI_pythia-12b-deduped,selected_mixed_random_slopes__candidate__0__C_semantic_role_log_frequency,17156.589784440905,C(syntactic_role)[T.subject],-0.5767505565166214,0.2026164047361974,-2.846514611033294,0.0044200700786254,-0.9738714124765592,-0.1796297005566837,0.0184476110349045,0.05438287898728563,0.001533576018143165,0.007220885569603061
EleutherAI_pythia-12b-deduped,selected_mixed_random_slopes__candidate__0__C_semantic_role_log_frequency,17156.589784440905,C(valence)[T.-val],0.011559931193209,0.0491128005519233,0.235375117348227,0.8139175970921637,-0.0846993890684595,0.1078192514548775,0.0184476110349045,0.05438287898728563,0.001533576018143165,0.007220885569603061
EleutherAI_pythia-12b-deduped,selected_mixed_random_slopes__candidate__0__C_semantic_role_log_frequency,17156.589784440905,C(dominance)[T.-dom],-0.0554582933309766,0.0809796020010736,-0.6848427500327967,0.4934431555672307,-0.2141753967354686,0.1032588100735153,0.0184476110349045,0.05438287898728563,0.001533576018143165,0.007220885569603061
EleutherAI_pythia-12b-deduped,selected_mixed_random_slopes__candidate__0__C_semantic_role_log_frequency,17156.589784440905,C(tense)[T.past perfect]:C(semantic_role)[T.patient],-0.0425938334774855,0.0217243003259755,-1.9606538686337545,0.049919413852843,-0.0851726797057293,-1.498724924165612e-05,0.0184476110349045,0.05438287898728563,0.001533576018143165,0.007220885569603061
EleutherAI_pythia-12b-deduped,selected_mixed_random_slopes__candidate__0__C_semantic_role_log_frequency,17156.589784440905,C(tense)[T.present continuous]:C(semantic_role)[T.patient],-0.0023609627132424,0.0217243003259755,-0.1086784236001129,0.9134575559460992,-0.0449398089414863,0.0402178835150014,0.0184476110349045,0.05438287898728563,0.001533576018143165,0.007220885569603061
EleutherAI_pythia-12b-deduped,selected_mixed_random_slopes__candidate__0__C_semantic_role_log_frequency,17156.589784440905,C(tense)[T.present perfect]:C(semantic_role)[T.patient],-0.035777656669279,0.0217243003259755,-1.646895694334514,0.0995794870642433,-0.0783565028975228,0.0068011895589648,0.0184476110349045,0.05438287898728563,0.001533576018143165,0.007220885569603061
EleutherAI_pythia-12b-deduped,selected_mixed_random_slopes__candidate__0__C_semantic_role_log_frequency,17156.589784440905,C(tense)[T.simple future]:C(semantic_role)[T.patient],-0.0502769068434782,0.0217243003259755,-2.314316506818064,0.0206503669909254,-0.0928557530717221,-0.0076980606152344,0.0184476110349045,0.05438287898728563,0.001533576018143165,0.007220885569603061
EleutherAI_pythia-12b-deduped,selected_mixed_random_slopes__candidate__0__C_semantic_role_log_frequency,17156.589784440905,C(tense)[T.simple past]:C(semantic_role)[T.patient],0.0054575560127808,0.0217243003259755,0.2512189543916088,0.8016448308874953,-0.0371212902154629,0.0480364022410247,0.0184476110349045,0.05438287898728563,0.001533576018143165,0.007220885569603061
EleutherAI_pythia-12b-deduped,selected_mixed_random_slopes__candidate__0__C_semantic_role_log_frequency,17156.589784440905,C(tense)[T.past perfect]:C(syntactic_role)[T.subject],-0.1369196728231422,0.0217243003259755,-6.302604492142321,2.9268508688353314e-10,-0.179498519051386,-0.0943408265948984,0.0184476110349045,0.05438287898728563,0.001533576018143165,0.007220885569603061
EleutherAI_pythia-12b-deduped,selected_mixed_random_slopes__candidate__0__C_semantic_role_log_frequency,17156.589784440905,C(tense)[T.present continuous]:C(syntactic_role)[T.subject],-0.0678552509468699,0.0217243003259755,-3.1234723295431563,0.0017873066998446,-0.1104340971751137,-0.0252764047186261,0.0184476110349045,0.05438287898728563,0.001533576018143165,0.007220885569603061
EleutherAI_pythia-12b-deduped,selected_mixed_random_slopes__candidate__0__C_semantic_role_log_frequency,17156.589784440905,C(tense)[T.present perfect]:C(syntactic_role)[T.subject],-0.1517599675075077,0.0217243003259755,-6.985724061550092,2.833905856777748e-12,-0.1943388137357515,-0.1091811212792639,0.0184476110349045,0.05438287898728563,0.001533576018143165,0.007220885569603061
EleutherAI_pythia-12b-deduped,selected_mixed_random_slopes__candidate__0__C_semantic_role_log_frequency,17156.589784440905,C(tense)[T.simple future]:C(syntactic_role)[T.subject],-0.0435222451112876,0.0217243003259755,-2.003389957707798,0.0451354485162797,-0.0861010913395314,-0.0009433988830438,0.0184476110349045,0.05438287898728563,0.001533576018143165,0.007220885569603061
EleutherAI_pythia-12b-deduped,selected_mixed_random_slopes__candidate__0__C_semantic_role_log_frequency,17156.589784440905,C(tense)[T.simple past]:C(syntactic_role)[T.subject],-0.116424663612142,0.0217243003259755,-5.359190485547386,8.359567830972354e-08,-0.1590035098403858,-0.0738458173838982,0.0184476110349045,0.05438287898728563,0.001533576018143165,0.007220885569603061
EleutherAI_pythia-12b-deduped,selected_mixed_random_slopes__candidate__0__C_semantic_role_log_frequency,17156.589784440905,C(tense)[T.past perfect]:C(valence)[T.-val],-0.0027252450862723,0.0217243003259754,-0.1254468519298534,0.9001697985626655,-0.045304091314516,0.0398536011419714,0.0184476110349045,0.05438287898728563,0.001533576018143165,0.007220885569603061
EleutherAI_pythia-12b-deduped,selected_mixed_random_slopes__candidate__0__C_semantic_role_log_frequency,17156.589784440905,C(tense)[T.present continuous]:C(valence)[T.-val],-0.0013019023499096,0.0217243003259754,-0.05992839034512,0.952212668299572,-0.0438807485781534,0.041276943878334,0.0184476110349045,0.05438287898728563,0.001533576018143165,0.007220885569603061
EleutherAI_pythia-12b-deduped,selected_mixed_random_slopes__candidate__0__C_semantic_role_log_frequency,17156.589784440905,C(tense)[T.present perfect]:C(valence)[T.-val],0.0761129690139019,0.0217243003259754,3.5035866689291955,0.0004590372519088,0.0335341227856581,0.1186918152421456,0.0184476110349045,0.05438287898728563,0.001533576018143165,0.007220885569603061
EleutherAI_pythia-12b-deduped,selected_mixed_random_slopes__candidate__0__C_semantic_role_log_frequency,17156.589784440905,C(tense)[T.simple future]:C(valence)[T.-val],0.0114450831366817,0.0217243003259754,0.5268332220116216,0.5983094101371982,-0.0311337630915619,0.0540239293649254,0.0184476110349045,0.05438287898728563,0.001533576018143165,0.007220885569603061
EleutherAI_pythia-12b-deduped,selected_mixed_random_slopes__candidate__0__C_semantic_role_log_frequency,17156.589784440905,C(tense)[T.simple past]:C(valence)[T.-val],0.0510549040818966,0.0217243003259754,2.3501288104018205,0.0187669153148106,0.0084760578536529,0.0936337503101403,0.0184476110349045,0.05438287898728563,0.001533576018143165,0.007220885569603061
EleutherAI_pythia-12b-deduped,selected_mixed_random_slopes__candidate__0__C_semantic_role_log_frequency,17156.589784440905,C(tense)[T.past perfect]:C(dominance)[T.-dom],-0.0046914435447165,0.0217243003259754,-0.2159537234488996,0.8290238197120923,-0.0472702897729601,0.037887402683527,0.0184476110349045,0.05438287898728563,0.001533576018143165,0.007220885569603061
EleutherAI_pythia-12b-deduped,selected_mixed_random_slopes__candidate__0__C_semantic_role_log_frequency,17156.589784440905,C(tense)[T.present continuous]:C(dominance)[T.-dom],-0.0360399948174524,0.0217243003259754,-1.6589714870752323,0.0971215379883687,-0.0786188410456961,0.0065388514107911,0.0184476110349045,0.05438287898728563,0.001533576018143165,0.007220885569603061
EleutherAI_pythia-12b-deduped,selected_mixed_random_slopes__candidate__0__C_semantic_role_log_frequency,17156.589784440905,C(tense)[T.present perfect]:C(dominance)[T.-dom],-0.0300972503147711,0.0217243003259754,-1.3854186262921575,0.1659244987738963,-0.0726760965430147,0.0124815959134724,0.0184476110349045,0.05438287898728563,0.001533576018143165,0.007220885569603061
EleutherAI_pythia-12b-deduped,selected_mixed_random_slopes__candidate__0__C_semantic_role_log_frequency,17156.589784440905,C(tense)[T.simple future]:C(dominance)[T.-dom],-0.056024236646687,0.0217243003259754,-2.57887415502628,0.0099122890050134,-0.0986030828749306,-0.0134453904184434,0.0184476110349045,0.05438287898728563,0.001533576018143165,0.007220885569603061
EleutherAI_pythia-12b-deduped,selected_mixed_random_slopes__candidate__0__C_semantic_role_log_frequency,17156.589784440905,C(tense)[T.simple past]:C(dominance)[T.-dom],0.030517183637944,0.0217243003259754,1.4047487458758394,0.1600960049768393,-0.0120616625902995,0.0730960298661876,0.0184476110349045,0.05438287898728563,0.001533576018143165,0.007220885569603061
EleutherAI_pythia-12b-deduped,selected_mixed_random_slopes__candidate__0__C_semantic_role_log_frequency,17156.589784440905,C(semantic_role)[T.patient]:C(syntactic_role)[T.subject],-0.0354715987976761,0.0125425306411582,-2.8281054128962144,0.0046824385421484,-0.0600545071293363,-0.010888690466016,0.0184476110349045,0.05438287898728563,0.001533576018143165,0.007220885569603061
EleutherAI_pythia-12b-deduped,selected_mixed_random_slopes__candidate__0__C_semantic_role_log_frequency,17156.589784440905,C(semantic_role)[T.patient]:C(valence)[T.-val],0.0884105740960059,0.0125425306411582,7.048862516300132,1.803862674359256e-12,0.0638276657643458,0.1129934824276661,0.0184476110349045,0.05438287898728563,0.001533576018143165,0.007220885569603061
EleutherAI_pythia-12b-deduped,selected_mixed_random_slopes__candidate__0__C_semantic_role_log_frequency,17156.589784440905,C(semantic_role)[T.patient]:C(dominance)[T.-dom],0.0238561714614048,0.0125425306411582,1.9020221790904817,0.0571682551045687,-0.0007267368702552,0.048439079793065,0.0184476110349045,0.05438287898728563,0.001533576018143165,0.007220885569603061
EleutherAI_pythia-12b-deduped,selected_mixed_random_slopes__candidate__0__C_semantic_role_log_frequency,17156.589784440905,C(syntactic_role)[T.subject]:C(valence)[T.-val],0.0116983058307,0.0125425306411582,0.932691030653111,0.3509795172327458,-0.01288460250096,0.0362812141623602,0.0184476110349045,0.05438287898728563,0.001533576018143165,0.007220885569603061
EleutherAI_pythia-12b-deduped,selected_mixed_random_slopes__candidate__0__C_semantic_role_log_frequency,17156.589784440905,C(syntactic_role)[T.subject]:C(dominance)[T.-dom],0.1376829220031541,0.0125425306411582,10.977284085824662,4.9147803132512085e-28,0.113100013671494,0.1622658303348143,0.0184476110349045,0.05438287898728563,0.001533576018143165,0.007220885569603061
EleutherAI_pythia-12b-deduped,selected_mixed_random_slopes__candidate__0__C_semantic_role_log_frequency,17156.589784440905,C(valence)[T.-val]:C(dominance)[T.-dom],-0.0840490209351432,0.0125425306411581,-6.701121435520932,2.068260690217281e-11,-0.1086319292668033,-0.0594661126034831,0.0184476110349045,0.05438287898728563,0.001533576018143165,0.007220885569603061
EleutherAI_pythia-12b-deduped,selected_mixed_random_slopes__candidate__0__C_semantic_role_log_frequency,17156.589784440905,log_frequency,0.416069740871837,0.7546525329623326,0.5513394876428575,0.5814009740817465,-1.0630220445762608,1.8951615263199348,0.0184476110349045,0.05438287898728563,0.001533576018143165,0.007220885569603061
EleutherAI_pythia-12b-deduped,selected_mixed_random_slopes__candidate__0__C_semantic_role_log_frequency,17156.589784440905,C(tense)[T.past perfect]:log_frequency,0.0028729000454312,0.0096484471100068,0.2977577648170621,0.7658880519153186,-0.0160377087969216,0.0217835088877842,0.0184476110349045,0.05438287898728563,0.001533576018143165,0.007220885569603061
EleutherAI_pythia-12b-deduped,selected_mixed_random_slopes__candidate__0__C_semantic_role_log_frequency,17156.589784440905,C(tense)[T.present continuous]:log_frequency,0.0004439194065172,0.0096484471100068,0.0460094149302926,0.96330274582863,-0.0184666894358357,0.0193545282488703,0.0184476110349045,0.05438287898728563,0.001533576018143165,0.007220885569603061
EleutherAI_pythia-12b-deduped,selected_mixed_random_slopes__candidate__0__C_semantic_role_log_frequency,17156.589784440905,C(tense)[T.present perfect]:log_frequency,-0.0057445160326778,0.0096484471100067,-0.5953824451936955,0.5515878571860305,-0.0246551248750307,0.0131660928096749,0.0184476110349045,0.05438287898728563,0.001533576018143165,0.007220885569603061
EleutherAI_pythia-12b-deduped,selected_mixed_random_slopes__candidate__0__C_semantic_role_log_frequency,17156.589784440905,C(tense)[T.simple future]:log_frequency,-0.0273977026320568,0.0096484471100067,-2.839597120622825,0.004517054248374,-0.0463083114744097,-0.008487093789704,0.0184476110349045,0.05438287898728563,0.001533576018143165,0.007220885569603061
EleutherAI_pythia-12b-deduped,selected_mixed_random_slopes__candidate__0__C_semantic_role_log_frequency,17156.589784440905,C(tense)[T.simple past]:log_frequency,-0.0018096784638455,0.0096484471100067,-0.1875616296811772,0.8512203074192303,-0.0207202873061983,0.0171009303785073,0.0184476110349045,0.05438287898728563,0.001533576018143165,0.007220885569603061
EleutherAI_pythia-12b-deduped,selected_mixed_random_slopes__candidate__0__C_semantic_role_log_frequency,17156.589784440905,C(syntactic_role)[T.subject]:log_frequency,0.0285775550644283,0.0356097961733381,0.8025194787782877,0.422252525399107,-0.0412163629321266,0.0983714730609834,0.0184476110349045,0.05438287898728563,0.001533576018143165,0.007220885569603061
EleutherAI_pythia-12b-deduped,selected_mixed_random_slopes__candidate__0__C_semantic_role_log_frequency,17156.589784440905,C(valence)[T.-val]:log_frequency,-0.0107661688948355,0.0079291418159482,-1.3577974949547638,0.1745279500426195,-0.0263070012824045,0.0047746634927334,0.0184476110349045,0.05438287898728563,0.001533576018143165,0.007220885569603061
EleutherAI_pythia-12b-deduped,selected_mixed_random_slopes__candidate__0__C_semantic_role_log_frequency,17156.589784440905,C(dominance)[T.-dom]:log_frequency,0.0095361615001042,0.0130859115043667,0.728734983185695,0.4661637891630523,-0.016111753753333,0.0351840767535414,0.0184476110349045,0.05438287898728563,0.001533576018143165,0.007220885569603061
EleutherAI_pythia-12b-deduped,selected_mixed_random_slopes__candidate__0__C_semantic_role_log_frequency,17156.589784440905,lex_emb_norm,4.413496998843154,5.429440115446714,0.8128825265586391,0.4162854136401832,-6.228010083649398,15.055004081335706,0.0184476110349045,0.05438287898728563,0.001533576018143165,0.007220885569603061
EleutherAI_pythia-12b-deduped,selected_mixed_random_slopes__candidate__0__C_semantic_role_log_frequency,17156.589784440905,C(tense)[T.past perfect]:lex_emb_norm,-0.1315280847586403,0.0881136362181135,-1.4927097598498846,0.1355131774891188,-0.3042276382930069,0.0411714687757262,0.0184476110349045,0.05438287898728563,0.001533576018143165,0.007220885569603061
EleutherAI_pythia-12b-deduped,selected_mixed_random_slopes__candidate__0__C_semantic_role_log_frequency,17156.589784440905,C(tense)[T.present continuous]:lex_emb_norm,0.1495070170842662,0.0881136362181139,1.6967523246252247,0.0897434956455264,-0.0231925364501011,0.3222065706186336,0.0184476110349045,0.05438287898728563,0.001533576018143165,0.007220885569603061
EleutherAI_pythia-12b-deduped,selected_mixed_random_slopes__candidate__0__C_semantic_role_log_frequency,17156.589784440905,C(tense)[T.present perfect]:lex_emb_norm,0.2242059562972102,0.0881136362181127,2.5445091806473683,0.010943143506864,0.0515064027628452,0.3969055098315752,0.0184476110349045,0.05438287898728563,0.001533576018143165,0.007220885569603061
EleutherAI_pythia-12b-deduped,selected_mixed_random_slopes__candidate__0__C_semantic_role_log_frequency,17156.589784440905,C(tense)[T.simple future]:lex_emb_norm,0.3517576781146679,0.0881136362181128,3.992091272274152,6.549315383081247e-05,0.1790581245803026,0.5244572316490331,0.0184476110349045,0.05438287898728563,0.001533576018143165,0.007220885569603061
EleutherAI_pythia-12b-deduped,selected_mixed_random_slopes__candidate__0__C_semantic_role_log_frequency,17156.589784440905,C(tense)[T.simple past]:lex_emb_norm,0.063146233311612,0.088113636218113,0.7166454140571642,0.473592915023675,-0.1095533202227537,0.2358457868459777,0.0184476110349045,0.05438287898728563,0.001533576018143165,0.007220885569603061
EleutherAI_pythia-12b-deduped,selected_mixed_random_slopes__candidate__0__C_semantic_role_log_frequency,17156.589784440905,C(semantic_role)[T.patient]:lex_emb_norm,0.0486301031702573,0.1088007419990683,0.4469648117902892,0.6549004668524028,-0.1646154326391509,0.2618756389796657,0.0184476110349045,0.05438287898728563,0.001533576018143165,0.007220885569603061
EleutherAI_pythia-12b-deduped,selected_mixed_random_slopes__candidate__0__C_semantic_role_log_frequency,17156.589784440905,C(syntactic_role)[T.subject]:lex_emb_norm,0.2931654258866581,0.3261927659398285,0.8987490113154046,0.3687863647084757,-0.3461606473729094,0.9324914991462256,0.0184476110349045,0.05438287898728563,0.001533576018143165,0.007220885569603061
EleutherAI_pythia-12b-deduped,selected_mixed_random_slopes__candidate__0__C_semantic_role_log_frequency,17156.589784440905,C(valence)[T.-val]:lex_emb_norm,0.0472048008988164,0.0730764324779958,0.6459647700102267,0.518302171358219,-0.0960223748767284,0.1904319766743613,0.0184476110349045,0.05438287898728563,0.001533576018143165,0.007220885569603061
EleutherAI_pythia-12b-deduped,selected_mixed_random_slopes__candidate__0__C_semantic_role_log_frequency,17156.589784440905,C(dominance)[T.-dom]:lex_emb_norm,-0.0579994597222588,0.1224217108409831,-0.4737677600143643,0.6356655273791847,-0.2979416038963625,0.1819426844518448,0.0184476110349045,0.05438287898728563,0.001533576018143165,0.007220885569603061
EleutherAI_pythia-12b-deduped,selected_mixed_random_slopes__candidate__0__C_semantic_role_log_frequency,17156.589784440905,log_frequency:lex_emb_norm,-0.5153412230542181,0.6824282421687446,-0.7551581121796381,0.450154118509352,-1.852875999737936,0.8221935536294996,0.0184476110349045,0.05438287898728563,0.001533576018143165,0.007220885569603061
EleutherAI_pythia-2.8b-deduped,selected_mixed_random_slopes__candidate__0__log_frequency_lex_emb_norm,10432.70786520798,Intercept,1.0610154422624305,0.9637197344315946,1.1009585093618748,0.2709147153414323,-0.8278405284140007,2.949871412938861,0.007436937493344649,0.07893548876697541,0.0055279214249010925,0.006545235134970871
EleutherAI_pythia-2.8b-deduped,selected_mixed_random_slopes__candidate__0__log_frequency_lex_emb_norm,10432.70786520798,C(tense)[T.past perfect],0.1438349560062073,0.0464237146235367,3.098307775941806,0.0019462918518186,0.0528461473155098,0.2348237646969049,0.007436937493344649,0.07893548876697541,0.0055279214249010925,0.006545235134970871
EleutherAI_pythia-2.8b-deduped,selected_mixed_random_slopes__candidate__0__log_frequency_lex_emb_norm,10432.70786520798,C(tense)[T.present continuous],-0.3008614554521425,0.0464237146235368,-6.480770827839047,9.125519144275933e-11,-0.3918502641428402,-0.2098726467614449,0.007436937493344649,0.07893548876697541,0.0055279214249010925,0.006545235134970871
EleutherAI_pythia-2.8b-deduped,selected_mixed_random_slopes__candidate__0__log_frequency_lex_emb_norm,10432.70786520798,C(tense)[T.present perfect],-0.2235116939300415,0.0464237146235363,-4.814601669482164,1.4749379700612254e-06,-0.3145005026207381,-0.1325228852393449,0.007436937493344649,0.07893548876697541,0.0055279214249010925,0.006545235134970871
EleutherAI_pythia-2.8b-deduped,selected_mixed_random_slopes__candidate__0__log_frequency_lex_emb_norm,10432.70786520798,C(tense)[T.simple future],0.0452138351548307,0.0464237146235364,0.9739383313352474,0.330087159935181,-0.045774973535866,0.1362026438455276,0.007436937493344649,0.07893548876697541,0.0055279214249010925,0.006545235134970871
EleutherAI_pythia-2.8b-deduped,selected_mixed_random_slopes__candidate__0__log_frequency_lex_emb_norm,10432.70786520798,C(tense)[T.simple past],-0.0739914735987323,0.0464237146235359,-1.593829235741942,0.1109742874752528,-0.1649802822894283,0.0169973350919635,0.007436937493344649,0.07893548876697541,0.0055279214249010925,0.006545235134970871
EleutherAI_pythia-2.8b-deduped,selected_mixed_random_slopes__candidate__0__log_frequency_lex_emb_norm,10432.70786520798,C(semantic_role)[T.patient],-0.2830564849675894,0.0774614011639535,-3.654161694912754,0.0002580236292399,-0.4348780414409474,-0.1312349284942313,0.007436937493344649,0.07893548876697541,0.0055279214249010925,0.006545235134970871
EleutherAI_pythia-2.8b-deduped,selected_mixed_random_slopes__candidate__0__log_frequency_lex_emb_norm,10432.70786520798,C(syntactic_role)[T.subject],-0.0297586721912777,0.236181804206862,-0.1259990044161629,0.8997327126558131,-0.492666502240418,0.4331491578578625,0.007436937493344649,0.07893548876697541,0.0055279214249010925,0.006545235134970871
EleutherAI_pythia-2.8b-deduped,selected_mixed_random_slopes__candidate__0__log_frequency_lex_emb_norm,10432.70786520798,C(valence)[T.-val],0.2372424905654792,0.0683454262191128,3.471227025564062,0.0005180857834998,0.1032879166679784,0.37119706446298,0.007436937493344649,0.07893548876697541,0.0055279214249010925,0.006545235134970871
EleutherAI_pythia-2.8b-deduped,selected_mixed_random_slopes__candidate__0__log_frequency_lex_emb_norm,10432.70786520798,C(dominance)[T.-dom],0.1821969971813956,0.0733444752714479,2.484127079880037,0.0129869453266612,0.038444467184369,0.3259495271784223,0.007436937493344649,0.07893548876697541,0.0055279214249010925,0.006545235134970871
EleutherAI_pythia-2.8b-deduped,selected_mixed_random_slopes__candidate__0__log_frequency_lex_emb_norm,10432.70786520798,C(tense)[T.past perfect]:C(semantic_role)[T.patient],-0.1122572764051715,0.0176499320368557,-6.360210122665691,2.014779432937165e-10,-0.1468505075269885,-0.0776640452833545,0.007436937493344649,0.07893548876697541,0.0055279214249010925,0.006545235134970871
EleutherAI_pythia-2.8b-deduped,selected_mixed_random_slopes__candidate__0__log_frequency_lex_emb_norm,10432.70786520798,C(tense)[T.present continuous]:C(semantic_role)[T.patient],0.0603096758512592,0.0176499320368557,3.416991959250797,0.0006331714967282,0.0257164447294422,0.0949029069730762,0.007436937493344649,0.07893548876697541,0.0055279214249010925,0.006545235134970871
EleutherAI_pythia-2.8b-deduped,selected_mixed_random_slopes__candidate__0__log_frequency_lex_emb_norm,10432.70786520798,C(tense)[T.present perfect]:C(semantic_role)[T.patient],-0.0124720226500124,0.0176499320368557,-0.7066328994337758,0.479794638378378,-0.0470652537718294,0.0221212084718045,0.007436937493344649,0.07893548876697541,0.0055279214249010925,0.006545235134970871
EleutherAI_pythia-2.8b-deduped,selected_mixed_random_slopes__candidate__0__log_frequency_lex_emb_norm,10432.70786520798,C(tense)[T.simple future]:C(semantic_role)[T.patient],0.069603133333831,0.0176499320368557,3.9435354871899246,8.028910411987932e-05,0.035009902212014,0.104196364455648,0.007436937493344649,0.07893548876697541,0.0055279214249010925,0.006545235134970871
EleutherAI_pythia-2.8b-deduped,selected_mixed_random_slopes__candidate__0__log_frequency_lex_emb_norm,10432.70786520798,C(tense)[T.simple past]:C(semantic_role)[T.patient],-0.0692955187490877,0.0176499320368557,-3.9261068317083656,8.633182362434674e-05,-0.1038887498709047,-0.0347022876272707,0.007436937493344649,0.07893548876697541,0.0055279214249010925,0.006545235134970871
EleutherAI_pythia-2.8b-deduped,selected_mixed_random_slopes__candidate__0__log_frequency_lex_emb_norm,10432.70786520798,C(tense)[T.past perfect]:C(syntactic_role)[T.subject],0.1144740123381145,0.0176499320368557,6.485804710130046,8.825942779354812e-11,0.0798807812162974,0.1490672434599315,0.007436937493344649,0.07893548876697541,0.0055279214249010925,0.006545235134970871
EleutherAI_pythia-2.8b-deduped,selected_mixed_random_slopes__candidate__0__log_frequency_lex_emb_norm,10432.70786520798,C(tense)[T.present continuous]:C(syntactic_role)[T.subject],-0.084511059607136,0.0176499320368557,-4.788180454783837,1.683002811343682e-06,-0.119104290728953,-0.0499178284853189,0.007436937493344649,0.07893548876697541,0.0055279214249010925,0.006545235134970871
EleutherAI_pythia-2.8b-deduped,selected_mixed_random_slopes__candidate__0__log_frequency_lex_emb_norm,10432.70786520798,C(tense)[T.present perfect]:C(syntactic_role)[T.subject],0.0117689908400609,0.0176499320368557,0.6668009154644603,0.5048993079108098,-0.022824240281756,0.0463622219618779,0.007436937493344649,0.07893548876697541,0.0055279214249010925,0.006545235134970871
EleutherAI_pythia-2.8b-deduped,selected_mixed_random_slopes__candidate__0__log_frequency_lex_emb_norm,10432.70786520798,C(tense)[T.simple future]:C(syntactic_role)[T.subject],-0.0950880945947142,0.0176499320368557,-5.387448200715764,7.146506262037987e-08,-0.1296813257165312,-0.0604948634728972,0.007436937493344649,0.07893548876697541,0.0055279214249010925,0.006545235134970871
EleutherAI_pythia-2.8b-deduped,selected_mixed_random_slopes__candidate__0__log_frequency_lex_emb_norm,10432.70786520798,C(tense)[T.simple past]:C(syntactic_role)[T.subject],0.0186607844378862,0.0176499320368557,1.0572723112428777,0.2903873262194681,-0.0159324466839307,0.0532540155597032,0.007436937493344649,0.07893548876697541,0.0055279214249010925,0.006545235134970871
EleutherAI_pythia-2.8b-deduped,selected_mixed_random_slopes__candidate__0__log_frequency_lex_emb_norm,10432.70786520798,C(tense)[T.past perfect]:C(valence)[T.-val],0.0284628958909784,0.0176499320368558,1.6126348719951635,0.1068238576427559,-0.0061303352308387,0.0630561270127956,0.007436937493344649,0.07893548876697541,0.0055279214249010925,0.006545235134970871
EleutherAI_pythia-2.8b-deduped,selected_mixed_random_slopes__candidate__0__log_frequency_lex_emb_norm,10432.70786520798,C(tense)[T.present continuous]:C(valence)[T.-val],-0.0062436805507921,0.0176499320368558,-0.3537509684317408,0.7235255218839263,-0.0408369116726093,0.028349550571025,0.007436937493344649,0.07893548876697541,0.0055279214249010925,0.006545235134970871
EleutherAI_pythia-2.8b-deduped,selected_mixed_random_slopes__candidate__0__log_frequency_lex_emb_norm,10432.70786520798,C(tense)[T.present perfect]:C(valence)[T.-val],-0.0047238519950016,0.0176499320368558,-0.2676413702408307,0.7889753834248306,-0.0393170831168188,0.0298693791268155,0.007436937493344649,0.07893548876697541,0.0055279214249010925,0.006545235134970871
EleutherAI_pythia-2.8b-deduped,selected_mixed_random_slopes__candidate__0__log_frequency_lex_emb_norm,10432.70786520798,C(tense)[T.simple future]:C(valence)[T.-val],0.1316327930680836,0.0176499320368558,7.457977333465839,8.786077966775563e-14,0.0970395619462664,0.1662260241899008,0.007436937493344649,0.07893548876697541,0.0055279214249010925,0.006545235134970871
EleutherAI_pythia-2.8b-deduped,selected_mixed_random_slopes__candidate__0__log_frequency_lex_emb_norm,10432.70786520798,C(tense)[T.simple past]:C(valence)[T.-val],0.1021352462904277,0.0176499320368558,5.786721788908487,7.177330317439183e-09,0.0675420151686106,0.1367284774122449,0.007436937493344649,0.07893548876697541,0.0055279214249010925,0.006545235134970871
EleutherAI_pythia-2.8b-deduped,selected_mixed_random_slopes__candidate__0__log_frequency_lex_emb_norm,10432.70786520798,C(tense)[T.past perfect]:C(dominance)[T.-dom],0.0225703124897471,0.0176499320368558,1.2787761699374711,0.2009758878435331,-0.0120229186320699,0.0571635436115643,0.007436937493344649,0.07893548876697541,0.0055279214249010925,0.006545235134970871
EleutherAI_pythia-2.8b-deduped,selected_mixed_random_slopes__candidate__0__log_frequency_lex_emb_norm,10432.70786520798,C(tense)[T.present continuous]:C(dominance)[T.-dom],0.0496572990411092,0.0176499320368558,2.8134555383792392,0.0049012163546184,0.0150640679192921,0.0842505301629263,0.007436937493344649,0.07893548876697541,0.0055279214249010925,0.006545235134970871
EleutherAI_pythia-2.8b-deduped,selected_mixed_random_slopes__candidate__0__log_frequency_lex_emb_norm,10432.70786520798,C(tense)[T.present perfect]:C(dominance)[T.-dom],0.0185932685688515,0.0176499320368558,1.053447034811572,0.2921361569861189,-0.0159999625529655,0.0531864996906686,0.007436937493344649,0.07893548876697541,0.0055279214249010925,0.006545235134970871
EleutherAI_pythia-2.8b-deduped,selected_mixed_random_slopes__candidate__0__log_frequency_lex_emb_norm,10432.70786520798,C(tense)[T.simple future]:C(dominance)[T.-dom],-0.0644912347719024,0.0176499320368558,-3.65390839110511,0.0002582784518103,-0.0990844658937195,-0.0298980036500853,0.007436937493344649,0.07893548876697541,0.0055279214249010925,0.006545235134970871
EleutherAI_pythia-2.8b-deduped,selected_mixed_random_slopes__candidate__0__log_frequency_lex_emb_norm,10432.70786520798,C(tense)[T.simple past]:C(dominance)[T.-dom],0.03303222306656,0.0176499320368558,1.871521261248122,0.0612728657242011,-0.001561008055257,0.0676254541883771,0.007436937493344649,0.07893548876697541,0.0055279214249010925,0.006545235134970871
EleutherAI_pythia-2.8b-deduped,selected_mixed_random_slopes__candidate__0__log_frequency_lex_emb_norm,10432.70786520798,C(semantic_role)[T.patient]:C(syntactic_role)[T.subject],0.0522877128249997,0.0101901930126572,5.131179827511904,2.8793166150713054e-07,0.0323153015246797,0.0722601241253197,0.007436937493344649,0.07893548876697541,0.0055279214249010925,0.006545235134970871
EleutherAI_pythia-2.8b-deduped,selected_mixed_random_slopes__candidate__0__log_frequency_lex_emb_norm,10432.70786520798,C(semantic_role)[T.patient]:C(valence)[T.-val],-0.0198554835808045,0.0101901930126572,-1.948489450213745,0.0513564259388978,-0.0398278948811244,0.0001169277195154,0.007436937493344649,0.07893548876697541,0.0055279214249010925,0.006545235134970871
EleutherAI_pythia-2.8b-deduped,selected_mixed_random_slopes__candidate__0__log_frequency_lex_emb_norm,10432.70786520798,C(semantic_role)[T.patient]:C(dominance)[T.-dom],0.0347533173811383,0.0101901930126572,3.4104670380601307,0.0006485172251268,0.0147809060808183,0.0547257286814582,0.007436937493344649,0.07893548876697541,0.0055279214249010925,0.006545235134970871
EleutherAI_pythia-2.8b-deduped,selected_mixed_random_slopes__candidate__0__log_frequency_lex_emb_norm,10432.70786520798,C(syntactic_role)[T.subject]:C(valence)[T.-val],0.0094779339131684,0.0101901930126572,0.9301034731526516,0.3523175126955997,-0.0104944773871515,0.0294503452134883,0.007436937493344649,0.07893548876697541,0.0055279214249010925,0.006545235134970871
EleutherAI_pythia-2.8b-deduped,selected_mixed_random_slopes__candidate__0__log_frequency_lex_emb_norm,10432.70786520798,C(syntactic_role)[T.subject]:C(dominance)[T.-dom],0.0074661131622328,0.0101901930126572,0.7326763244777805,0.4637558673331416,-0.012506298138087,0.0274385244625528,0.007436937493344649,0.07893548876697541,0.0055279214249010925,0.006545235134970871
EleutherAI_pythia-2.8b-deduped,selected_mixed_random_slopes__candidate__0__log_frequency_lex_emb_norm,10432.70786520798,C(valence)[T.-val]:C(dominance)[T.-dom],-0.2473055025814255,0.0101901930126572,-24.26897138005593,4.16991429227923e-130,-0.2672779138817455,-0.2273330912811055,0.007436937493344649,0.07893548876697541,0.0055279214249010925,0.006545235134970871
EleutherAI_pythia-2.8b-deduped,selected_mixed_random_slopes__candidate__0__log_frequency_lex_emb_norm,10432.70786520798,log_frequency,-0.142848858403627,0.1742695496456063,-0.8197006229379928,0.4123867948143443,-0.4844108993110304,0.1987131825037764,0.007436937493344649,0.07893548876697541,0.0055279214249010925,0.006545235134970871
EleutherAI_pythia-2.8b-deduped,selected_mixed_random_slopes__candidate__0__log_frequency_lex_emb_norm,10432.70786520798,C(tense)[T.past perfect]:log_frequency,-0.0134618926545967,0.0077651243026014,-1.733635178265829,0.0829828345977642,-0.0286812566231721,0.0017574713139787,0.007436937493344649,0.07893548876697541,0.0055279214249010925,0.006545235134970871
EleutherAI_pythia-2.8b-deduped,selected_mixed_random_slopes__candidate__0__log_frequency_lex_emb_norm,10432.70786520798,C(tense)[T.present continuous]:log_frequency,0.0048717248146795,0.0077651243026014,0.6273852967231205,0.5304067033834241,-0.0103476391538959,0.020091088783255,0.007436937493344649,0.07893548876697541,0.0055279214249010925,0.006545235134970871
EleutherAI_pythia-2.8b-deduped,selected_mixed_random_slopes__candidate__0__log_frequency_lex_emb_norm,10432.70786520798,C(tense)[T.present perfect]:log_frequency,0.0125968210178828,0.0077651243026014,1.622230440491825,0.1047540161607872,-0.0026225429506926,0.0278161849864583,0.007436937493344649,0.07893548876697541,0.0055279214249010925,0.006545235134970871
EleutherAI_pythia-2.8b-deduped,selected_mixed_random_slopes__candidate__0__log_frequency_lex_emb_norm,10432.70786520798,C(tense)[T.simple future]:log_frequency,0.0372714744472786,0.0077651243026014,4.799855481359423,1.5878016642825782e-06,0.0220521104787031,0.0524908384158541,0.007436937493344649,0.07893548876697541,0.0055279214249010925,0.006545235134970871
EleutherAI_pythia-2.8b-deduped,selected_mixed_random_slopes__candidate__0__log_frequency_lex_emb_norm,10432.70786520798,C(tense)[T.simple past]:log_frequency,0.0081106059375344,0.0077651243026013,1.044491449392169,0.2962580731932486,-0.0071087580310408,0.0233299699061097,0.007436937493344649,0.07893548876697541,0.0055279214249010925,0.006545235134970871
EleutherAI_pythia-2.8b-deduped,selected_mixed_random_slopes__candidate__0__log_frequency_lex_emb_norm,10432.70786520798,C(semantic_role)[T.patient]:log_frequency,-0.0193455981422394,0.0137640599355436,-1.4055153953727155,0.1598680745764531,-0.0463226598969557,0.0076314636124768,0.007436937493344649,0.07893548876697541,0.0055279214249010925,0.006545235134970871
EleutherAI_pythia-2.8b-deduped,selected_mixed_random_slopes__candidate__0__log_frequency_lex_emb_norm,10432.70786520798,C(syntactic_role)[T.subject]:log_frequency,0.0763609516080352,0.0426330775119152,1.791119854922356,0.0732740636297616,-0.0071983448654232,0.1599202480814937,0.007436937493344649,0.07893548876697541,0.0055279214249010925,0.006545235134970871
EleutherAI_pythia-2.8b-deduped,selected_mixed_random_slopes__candidate__0__log_frequency_lex_emb_norm,10432.70786520798,C(valence)[T.-val]:log_frequency,-0.0174783755149398,0.012082142526566,-1.4466288140955728,0.14800091159084,-0.041158939723089,0.0062021886932092,0.007436937493344649,0.07893548876697541,0.0055279214249010925,0.006545235134970871
EleutherAI_pythia-2.8b-deduped,selected_mixed_random_slopes__candidate__0__log_frequency_lex_emb_norm,10432.70786520798,C(dominance)[T.-dom]:log_frequency,-0.0146955810067792,0.0130055348611988,-1.1299482230925062,0.2584980424109254,-0.0401859609344091,0.0107947989208506,0.007436937493344649,0.07893548876697541,0.0055279214249010925,0.006545235134970871
EleutherAI_pythia-2.8b-deduped,selected_mixed_random_slopes__candidate__0__log_frequency_lex_emb_norm,10432.70786520798,lex_emb_norm,1.2554792548339244,2.041379528388743,0.615015109818835,0.5385447418906926,-2.745551099585373,5.2565096092532215,0.007436937493344649,0.07893548876697541,0.0055279214249010925,0.006545235134970871
EleutherAI_pythia-2.8b-deduped,selected_mixed_random_slopes__candidate__0__log_frequency_lex_emb_norm,10432.70786520798,C(tense)[T.past perfect]:lex_emb_norm,0.1002123855914008,0.0909600433294098,1.101718753898168,0.2705839611744403,-0.0780660233664453,0.2784907945492469,0.007436937493344649,0.07893548876697541,0.0055279214249010925,0.006545235134970871
EleutherAI_pythia-2.8b-deduped,selected_mixed_random_slopes__candidate__0__log_frequency_lex_emb_norm,10432.70786520798,C(tense)[T.present continuous]:lex_emb_norm,0.0938460473392546,0.0909600433294102,1.031728261159604,0.3021994342835145,-0.0844323616185921,0.2721244562971015,0.007436937493344649,0.07893548876697541,0.0055279214249010925,0.006545235134970871
EleutherAI_pythia-2.8b-deduped,selected_mixed_random_slopes__candidate__0__log_frequency_lex_emb_norm,10432.70786520798,C(tense)[T.present perfect]:lex_emb_norm,0.0545979193726326,0.0909600433294098,0.6002406922224898,0.5483458379433914,-0.1236804895852135,0.2328763283304787,0.007436937493344649,0.07893548876697541,0.0055279214249010925,0.006545235134970871
EleutherAI_pythia-2.8b-deduped,selected_mixed_random_slopes__candidate__0__log_frequency_lex_emb_norm,10432.70786520798,C(tense)[T.simple future]:lex_emb_norm,-0.3653069661545223,0.0909600433294098,-4.0161256831372745,5.916271250951612e-05,-0.5435853751123685,-0.1870285571966761,0.007436937493344649,0.07893548876697541,0.0055279214249010925,0.006545235134970871
EleutherAI_pythia-2.8b-deduped,selected_mixed_random_slopes__candidate__0__log_frequency_lex_emb_norm,10432.70786520798,C(tense)[T.simple past]:lex_emb_norm,-0.0665065321469915,0.0909600433294086,-0.7311620543774425,0.464680174615446,-0.2447849411048352,0.111771876810852,0.007436937493344649,0.07893548876697541,0.0055279214249010925,0.006545235134970871
EleutherAI_pythia-2.8b-deduped,selected_mixed_random_slopes__candidate__0__log_frequency_lex_emb_norm,10432.70786520798,C(semantic_role)[T.patient]:lex_emb_norm,0.4006855220643041,0.1612310942279643,2.485162827821385,0.0129492190178088,0.0846783841895102,0.7166926599390979,0.007436937493344649,0.07893548876697541,0.0055279214249010925,0.006545235134970871
EleutherAI_pythia-2.8b-deduped,selected_mixed_random_slopes__candidate__0__log_frequency_lex_emb_norm,10432.70786520798,C(syntactic_role)[T.subject]:lex_emb_norm,-0.6659341746619691,0.4994004508654921,-1.3334673076643475,0.1823784970966805,-1.6447410722213984,0.3128727228974602,0.007436937493344649,0.07893548876697541,0.0055279214249010925,0.006545235134970871
EleutherAI_pythia-2.8b-deduped,selected_mixed_random_slopes__candidate__0__log_frequency_lex_emb_norm,10432.70786520798,C(valence)[T.-val]:lex_emb_norm,0.1123368500685544,0.1415292485865528,0.7937359322575246,0.4273491772338946,-0.1650553799201055,0.3897290800572144,0.007436937493344649,0.07893548876697541,0.0055279214249010925,0.006545235134970871
EleutherAI_pythia-2.8b-deduped,selected_mixed_random_slopes__candidate__0__log_frequency_lex_emb_norm,10432.70786520798,C(dominance)[T.-dom]:lex_emb_norm,0.1672511593994478,0.1523457923397342,1.0978390464928252,0.272274777937428,-0.1313411067826494,0.465843425581545,0.007436937493344649,0.07893548876697541,0.0055279214249010925,0.006545235134970871
EleutherAI_pythia-6.9b-deduped,selected_mixed_random_slopes__candidate__0__C_dominance_lex_emb_norm,18146.189442865318,Intercept,-1.4397825629769132,5.718155198034247,-0.2517914455123346,0.8012022698346686,-12.647160809134537,9.767595683180712,0.010372470750379777,0.08454714540580248,0.0029339398030112304,0.0039724862316527455
EleutherAI_pythia-6.9b-deduped,selected_mixed_random_slopes__candidate__0__C_dominance_lex_emb_norm,18146.189442865318,C(tense)[T.past perfect],0.0246889699163618,0.0599553204122931,0.4117894750054516,0.680493736443827,-0.0928212987732918,0.1421992386060154,0.010372470750379777,0.08454714540580248,0.0029339398030112304,0.0039724862316527455
EleutherAI_pythia-6.9b-deduped,selected_mixed_random_slopes__candidate__0__C_dominance_lex_emb_norm,18146.189442865318,C(tense)[T.present continuous],0.133229068077977,0.0599553204122933,2.2221392056919025,0.026273899441961,0.0157187993883229,0.2507393367676312,0.010372470750379777,0.08454714540580248,0.0029339398030112304,0.0039724862316527455
EleutherAI_pythia-6.9b-deduped,selected_mixed_random_slopes__candidate__0__C_dominance_lex_emb_norm,18146.189442865318,C(tense)[T.present perfect],0.0758649700590314,0.0599553204122942,1.265358429199133,0.2057428700523894,-0.0416452986306245,0.1933752387486873,0.010372470750379777,0.08454714540580248,0.0029339398030112304,0.0039724862316527455
EleutherAI_pythia-6.9b-deduped,selected_mixed_random_slopes__candidate__0__C_dominance_lex_emb_norm,18146.189442865318,C(tense)[T.simple future],0.4807345851398975,0.0599553204122942,8.018213927205027,1.0729382436993227e-15,0.3632243164502416,0.5982448538295533,0.010372470750379777,0.08454714540580248,0.0029339398030112304,0.0039724862316527455
EleutherAI_pythia-6.9b-deduped,selected_mixed_random_slopes__candidate__0__C_dominance_lex_emb_norm,18146.189442865318,C(tense)[T.simple past],-0.1574343530648058,0.059955320412295,-2.625861257719521,0.0086430038864908,-0.2749446217544632,-0.0399240843751484,0.010372470750379777,0.08454714540580248,0.0029339398030112304,0.0039724862316527455
EleutherAI_pythia-6.9b-deduped,selected_mixed_random_slopes__candidate__0__C_dominance_lex_emb_norm,18146.189442865318,C(semantic_role)[T.patient],-0.1687612443886665,0.0940690572346093,-1.7940144118567494,0.0728108685567524,-0.3531332086281379,0.0156107198508047,0.010372470750379777,0.08454714540580248,0.0029339398030112304,0.0039724862316527455
EleutherAI_pythia-6.9b-deduped,selected_mixed_random_slopes__candidate__0__C_dominance_lex_emb_norm,18146.189442865318,C(syntactic_role)[T.subject],-0.0023029161547746,0.2481657454113371,-0.0092797503175048,0.9925959367590048,-0.4886988393575316,0.4840930070479823,0.010372470750379777,0.08454714540580248,0.0029339398030112304,0.0039724862316527455
EleutherAI_pythia-6.9b-deduped,selected_mixed_random_slopes__candidate__0__C_dominance_lex_emb_norm,18146.189442865318,C(valence)[T.-val],0.0631558301829437,0.05839004025776,1.081619911617551,0.279421453155687,-0.0512865457781098,0.1775982061439972,0.010372470750379777,0.08454714540580248,0.0029339398030112304,0.0039724862316527455
EleutherAI_pythia-6.9b-deduped,selected_mixed_random_slopes__candidate__0__C_dominance_lex_emb_norm,18146.189442865318,C(dominance)[T.-dom],-0.0036145963876359,0.050931421668428,-0.0709698702535258,0.9434217350607612,-0.1034383485391779,0.096209155763906,0.010372470750379777,0.08454714540580248,0.0029339398030112304,0.0039724862316527455
EleutherAI_pythia-6.9b-deduped,selected_mixed_random_slopes__candidate__0__C_dominance_lex_emb_norm,18146.189442865318,C(tense)[T.past perfect]:C(semantic_role)[T.patient],-0.0380336563885767,0.0223963869238902,-1.6982050059157578,0.0894690760798049,-0.0819297681432255,0.005862455366072,0.010372470750379777,0.08454714540580248,0.0029339398030112304,0.0039724862316527455
EleutherAI_pythia-6.9b-deduped,selected_mixed_random_slopes__candidate__0__C_dominance_lex_emb_norm,18146.189442865318,C(tense)[T.present continuous]:C(semantic_role)[T.patient],0.0086257519717413,0.0223963869238902,0.3851403354056302,0.70013344531788,-0.0352703597829074,0.0525218637263901,0.010372470750379777,0.08454714540580248,0.0029339398030112304,0.0039724862316527455
EleutherAI_pythia-6.9b-deduped,selected_mixed_random_slopes__candidate__0__C_dominance_lex_emb_norm,18146.189442865318,C(tense)[T.present perfect]:C(semantic_role)[T.patient],0.0707385050344248,0.0223963869238903,3.1584784311333656,0.0015859504467205,0.026842393279776,0.1146346167890736,0.010372470750379777,0.08454714540580248,0.0029339398030112304,0.0039724862316527455
EleutherAI_pythia-6.9b-deduped,selected_mixed_random_slopes__candidate__0__C_dominance_lex_emb_norm,18146.189442865318,C(tense)[T.simple future]:C(semantic_role)[T.patient],-0.0376956037909986,0.0223963869238903,-1.6831109374516378,0.0923536175430745,-0.0815917155456474,0.0062005079636501,0.010372470750379777,0.08454714540580248,0.0029339398030112304,0.0039724862316527455
EleutherAI_pythia-6.9b-deduped,selected_mixed_random_slopes__candidate__0__C_dominance_lex_emb_norm,18146.189442865318,C(tense)[T.simple past]:C(semantic_role)[T.patient],-0.0101367873497547,0.0223963869238903,-0.452608154351084,0.6508309259559057,-0.0540328991044035,0.033759324404894,0.010372470750379777,0.08454714540580248,0.0029339398030112304,0.0039724862316527455
EleutherAI_pythia-6.9b-deduped,selected_mixed_random_slopes__candidate__0__C_dominance_lex_emb_norm,18146.189442865318,C(tense)[T.past perfect]:C(syntactic_role)[T.subject],-0.1294437650328826,0.0223963869238903,-5.77967176012682,7.484650735095834e-09,-0.1733398767875316,-0.0855476532782337,0.010372470750379777,0.08454714540580248,0.0029339398030112304,0.0039724862316527455
EleutherAI_pythia-6.9b-deduped,selected_mixed_random_slopes__candidate__0__C_dominance_lex_emb_norm,18146.189442865318,C(tense)[T.present continuous]:C(syntactic_role)[T.subject],-0.3294781609226122,0.0223963869238903,-14.71121936061731,5.461436190338361e-49,-0.3733742726772611,-0.2855820491679633,0.010372470750379777,0.08454714540580248,0.0029339398030112304,0.0039724862316527455
EleutherAI_pythia-6.9b-deduped,selected_mixed_random_slopes__candidate__0__C_dominance_lex_emb_norm,18146.189442865318,C(tense)[T.present perfect]:C(syntactic_role)[T.subject],-0.303939903305544,0.0223963869238903,-13.570934648451235,5.955770822159882e-42,-0.347836015060193,-0.2600437915508951,0.010372470750379777,0.08454714540580248,0.0029339398030112304,0.0039724862316527455
EleutherAI_pythia-6.9b-deduped,selected_mixed_random_slopes__candidate__0__C_dominance_lex_emb_norm,18146.189442865318,C(tense)[T.simple future]:C(syntactic_role)[T.subject],-0.661199634977594,0.0223963869238903,-29.52260278519693,1.4764249232297755e-191,-0.705095746732243,-0.6173035232229451,0.010372470750379777,0.08454714540580248,0.0029339398030112304,0.0039724862316527455
EleutherAI_pythia-6.9b-deduped,selected_mixed_random_slopes__candidate__0__C_dominance_lex_emb_norm,18146.189442865318,C(tense)[T.simple past]:C(syntactic_role)[T.subject],-0.1325996820991297,0.0223963869238903,-5.9205836436807004,3.208010834838338e-09,-0.1764957938537787,-0.0887035703444807,0.010372470750379777,0.08454714540580248,0.0029339398030112304,0.0039724862316527455
EleutherAI_pythia-6.9b-deduped,selected_mixed_random_slopes__candidate__0__C_dominance_lex_emb_norm,18146.189442865318,C(tense)[T.past perfect]:C(valence)[T.-val],0.0907322522316501,0.0223963869238902,4.051200425317982,5.095553585623908e-05,0.0468361404770015,0.1346283639862987,0.010372470750379777,0.08454714540580248,0.0029339398030112304,0.0039724862316527455
EleutherAI_pythia-6.9b-deduped,selected_mixed_random_slopes__candidate__0__C_dominance_lex_emb_norm,18146.189442865318,C(tense)[T.present continuous]:C(valence)[T.-val],0.0264517310650627,0.0223963869238902,1.1810713556143582,0.237574377981159,-0.0174443806895859,0.0703478428197113,0.010372470750379777,0.08454714540580248,0.0029339398030112304,0.0039724862316527455
EleutherAI_pythia-6.9b-deduped,selected_mixed_random_slopes__candidate__0__C_dominance_lex_emb_norm,18146.189442865318,C(tense)[T.present perfect]:C(valence)[T.-val],0.1380413084045184,0.0223963869238902,6.163552579870361,7.113074446903258e-10,0.0941451966498698,0.1819374201591671,0.010372470750379777,0.08454714540580248,0.0029339398030112304,0.0039724862316527455
EleutherAI_pythia-6.9b-deduped,selected_mixed_random_slopes__candidate__0__C_dominance_lex_emb_norm,18146.189442865318,C(tense)[T.simple future]:C(valence)[T.-val],0.15212514248046,0.0223963869238902,6.792396603855245,1.1028585550903636e-11,0.1082290307258113,0.1960212542351087,0.010372470750379777,0.08454714540580248,0.0029339398030112304,0.0039724862316527455
EleutherAI_pythia-6.9b-deduped,selected_mixed_random_slopes__candidate__0__C_dominance_lex_emb_norm,18146.189442865318,C(tense)[T.simple past]:C(valence)[T.-val],0.1267661652827276,0.0223963869238902,5.660116773009754,1.5127002832199026e-08,0.0828700535280788,0.1706622770373763,0.010372470750379777,0.08454714540580248,0.0029339398030112304,0.0039724862316527455
EleutherAI_pythia-6.9b-deduped,selected_mixed_random_slopes__candidate__0__C_dominance_lex_emb_norm,18146.189442865318,C(tense)[T.past perfect]:C(dominance)[T.-dom],-0.001865951589746,0.0223963869238901,-0.0833148487783821,0.9336011937256752,-0.0457620633443945,0.0420301601649024,0.010372470750379777,0.08454714540580248,0.0029339398030112304,0.0039724862316527455
EleutherAI_pythia-6.9b-deduped,selected_mixed_random_slopes__candidate__0__C_dominance_lex_emb_norm,18146.189442865318,C(tense)[T.present continuous]:C(dominance)[T.-dom],-0.0951200131573476,0.0223963869238901,-4.247114210010522,2.165415892677355e-05,-0.139016124911996,-0.0512239014026991,0.010372470750379777,0.08454714540580248,0.0029339398030112304,0.0039724862316527455
EleutherAI_pythia-6.9b-deduped,selected_mixed_random_slopes__candidate__0__C_dominance_lex_emb_norm,18146.189442865318,C(tense)[T.present perfect]:C(dominance)[T.-dom],-0.0440508219672863,0.0223963869238901,-1.9668718046792408,0.0491979918164858,-0.0879469337219348,-0.0001547102126378,0.010372470750379777,0.08454714540580248,0.0029339398030112304,0.0039724862316527455
EleutherAI_pythia-6.9b-deduped,selected_mixed_random_slopes__candidate__0__C_dominance_lex_emb_norm,18146.189442865318,C(tense)[T.simple future]:C(dominance)[T.-dom],-0.0944374093354483,0.0223963869238901,-4.216635909014067,2.4797385979748983e-05,-0.1383335210900967,-0.0505412975807997,0.010372470750379777,0.08454714540580248,0.0029339398030112304,0.0039724862316527455
EleutherAI_pythia-6.9b-deduped,selected_mixed_random_slopes__candidate__0__C_dominance_lex_emb_norm,18146.189442865318,C(tense)[T.simple past]:C(dominance)[T.-dom],0.0011746492649397,0.0223963869238901,0.052448159112965,0.9581716014717409,-0.0427214624897087,0.0450707610195882,0.010372470750379777,0.08454714540580248,0.0029339398030112304,0.0039724862316527455
EleutherAI_pythia-6.9b-deduped,selected_mixed_random_slopes__candidate__0__C_dominance_lex_emb_norm,18146.189442865318,C(semantic_role)[T.patient]:C(syntactic_role)[T.subject],0.1424703548635679,0.012930560019383,11.018111717512893,3.1254669813026396e-28,0.1171269229256436,0.1678137868014922,0.010372470750379777,0.08454714540580248,0.0029339398030112304,0.0039724862316527455
EleutherAI_pythia-6.9b-deduped,selected_mixed_random_slopes__candidate__0__C_dominance_lex_emb_norm,18146.189442865318,C(semantic_role)[T.patient]:C(valence)[T.-val],0.0050068795682837,0.012930560019383,0.3872128941653228,0.6985986051263409,-0.0203365523696405,0.030350311506208,0.010372470750379777,0.08454714540580248,0.0029339398030112304,0.0039724862316527455
EleutherAI_pythia-6.9b-deduped,selected_mixed_random_slopes__candidate__0__C_dominance_lex_emb_norm,18146.189442865318,C(semantic_role)[T.patient]:C(dominance)[T.-dom],0.0259258464574379,0.012930560019383,2.005005693378692,0.0449624383825485,0.0005824145195135,0.0512692783953622,0.010372470750379777,0.08454714540580248,0.0029339398030112304,0.0039724862316527455
EleutherAI_pythia-6.9b-deduped,selected_mixed_random_slopes__candidate__0__C_dominance_lex_emb_norm,18146.189442865318,C(syntactic_role)[T.subject]:C(valence)[T.-val],0.0492904581587637,0.012930560019383,3.8119352978430032,0.000137882973681,0.0239470262208394,0.074633890096688,0.010372470750379777,0.08454714540580248,0.0029339398030112304,0.0039724862316527455
EleutherAI_pythia-6.9b-deduped,selected_mixed_random_slopes__candidate__0__C_dominance_lex_emb_norm,18146.189442865318,C(syntactic_role)[T.subject]:C(dominance)[T.-dom],0.1249623787045091,0.012930560019383,9.664111880474572,4.283187946579784e-22,0.0996189467665848,0.1503058106424334,0.010372470750379777,0.08454714540580248,0.0029339398030112304,0.0039724862316527455
EleutherAI_pythia-6.9b-deduped,selected_mixed_random_slopes__candidate__0__C_dominance_lex_emb_norm,18146.189442865318,C(valence)[T.-val]:C(dominance)[T.-dom],-0.0897314868499761,0.012930560019383,-6.939489605668108,3.935190728936011e-12,-0.1150749187879004,-0.0643880549120518,0.010372470750379777,0.08454714540580248,0.0029339398030112304,0.0039724862316527455
EleutherAI_pythia-6.9b-deduped,selected_mixed_random_slopes__candidate__0__C_dominance_lex_emb_norm,18146.189442865318,log_frequency,0.2048506067557576,0.811095143804646,0.252560514411237,0.8006078458623996,-1.3848666631366844,1.7945678766481996,0.010372470750379777,0.08454714540580248,0.0029339398030112304,0.0039724862316527455
EleutherAI_pythia-6.9b-deduped,selected_mixed_random_slopes__candidate__0__C_dominance_lex_emb_norm,18146.189442865318,C(tense)[T.past perfect]:log_frequency,-0.0091407296786027,0.0100142186868687,-0.9127751214968636,0.3613608253695561,-0.0287682376381735,0.0104867782809679,0.010372470750379777,0.08454714540580248,0.0029339398030112304,0.0039724862316527455
EleutherAI_pythia-6.9b-deduped,selected_mixed_random_slopes__candidate__0__C_dominance_lex_emb_norm,18146.189442865318,C(tense)[T.present continuous]:log_frequency,0.0506125490409495,0.0100142186868687,5.05406868209455,4.32495960953759e-07,0.0309850410813787,0.0702400570005203,0.010372470750379777,0.08454714540580248,0.0029339398030112304,0.0039724862316527455
EleutherAI_pythia-6.9b-deduped,selected_mixed_random_slopes__candidate__0__C_dominance_lex_emb_norm,18146.189442865318,C(tense)[T.present perfect]:log_frequency,0.0308726431612601,0.0100142186868688,3.0828808643595877,0.0020500720920742,0.0112451352016892,0.050500151120831,0.010372470750379777,0.08454714540580248,0.0029339398030112304,0.0039724862316527455
EleutherAI_pythia-6.9b-deduped,selected_mixed_random_slopes__candidate__0__C_dominance_lex_emb_norm,18146.189442865318,C(tense)[T.simple future]:log_frequency,0.0670933412786207,0.0100142186868688,6.699807880828191,2.0869372915845984e-11,0.0474658333190498,0.0867208492381916,0.010372470750379777,0.08454714540580248,0.0029339398030112304,0.0039724862316527455
EleutherAI_pythia-6.9b-deduped,selected_mixed_random_slopes__candidate__0__C_dominance_lex_emb_norm,18146.189442865318,C(tense)[T.simple past]:log_frequency,0.0130733997070896,0.0100142186868687,1.3054837442517868,0.1917281788793595,-0.0065541082524811,0.0327009076666605,0.010372470750379777,0.08454714540580248,0.0029339398030112304,0.0039724862316527455
EleutherAI_pythia-6.9b-deduped,selected_mixed_random_slopes__candidate__0__C_dominance_lex_emb_norm,18146.189442865318,C(semantic_role)[T.patient]:log_frequency,0.0123473360374663,0.0165892745937053,0.7442963203557658,0.4566972268838138,-0.0201670446958415,0.0448617167707742,0.010372470750379777,0.08454714540580248,0.0029339398030112304,0.0039724862316527455
EleutherAI_pythia-6.9b-deduped,selected_mixed_random_slopes__candidate__0__C_dominance_lex_emb_norm,18146.189442865318,C(syntactic_role)[T.subject]:log_frequency,0.0351910597442835,0.0443017470340113,0.7943492548333743,0.4269921372255162,-0.0516387688945827,0.1220208883831498,0.010372470750379777,0.08454714540580248,0.0029339398030112304,0.0039724862316527455
EleutherAI_pythia-6.9b-deduped,selected_mixed_random_slopes__candidate__0__C_dominance_lex_emb_norm,18146.189442865318,C(valence)[T.-val]:log_frequency,-0.0075479577917962,0.0098961382246723,-0.7627174985266673,0.4456318924779135,-0.0269440322981841,0.0118481167145917,0.010372470750379777,0.08454714540580248,0.0029339398030112304,0.0039724862316527455
EleutherAI_pythia-6.9b-deduped,selected_mixed_random_slopes__candidate__0__C_dominance_lex_emb_norm,18146.189442865318,C(dominance)[T.-dom]:log_frequency,-0.0018937822014789,0.0062204681166884,-0.304443679471363,0.760789894648023,-0.014085675677168,0.0102981112742101,0.010372470750379777,0.08454714540580248,0.0029339398030112304,0.0039724862316527455
EleutherAI_pythia-6.9b-deduped,selected_mixed_random_slopes__candidate__0__C_dominance_lex_emb_norm,18146.189442865318,lex_emb_norm,4.763101500880031,6.456087792301929,0.7377690102912523,0.4606548280074204,-7.890598053060459,17.41680105482052,0.010372470750379777,0.08454714540580248,0.0029339398030112304,0.0039724862316527455
EleutherAI_pythia-6.9b-deduped,selected_mixed_random_slopes__candidate__0__C_dominance_lex_emb_norm,18146.189442865318,C(tense)[T.past perfect]:lex_emb_norm,0.0978349343691013,0.1010253152604683,0.96841998579127,0.3328346620893067,-0.1001710450682213,0.295840913806424,0.010372470750379777,0.08454714540580248,0.0029339398030112304,0.0039724862316527455
EleutherAI_pythia-6.9b-deduped,selected_mixed_random_slopes__candidate__0__C_dominance_lex_emb_norm,18146.189442865318,C(tense)[T.present continuous]:lex_emb_norm,-0.356641453143025,0.1010253152604689,-3.530218660773417,0.0004152163515619,-0.5546474325803489,-0.1586354737057011,0.010372470750379777,0.08454714540580248,0.0029339398030112304,0.0039724862316527455
EleutherAI_pythia-6.9b-deduped,selected_mixed_random_slopes__candidate__0__C_dominance_lex_emb_norm,18146.189442865318,C(tense)[T.present perfect]:lex_emb_norm,-0.1348690934295537,0.10102531526047,-1.3350029453689445,0.1818753824579758,-0.3328750728668798,0.0631368860077723,0.010372470750379777,0.08454714540580248,0.0029339398030112304,0.0039724862316527455
EleutherAI_pythia-6.9b-deduped,selected_mixed_random_slopes__candidate__0__C_dominance_lex_emb_norm,18146.189442865318,C(tense)[T.simple future]:lex_emb_norm,-0.4662442132474237,0.1010253152604698,-4.615122576408927,3.928633775455887e-06,-0.6642501926847494,-0.2682382338100981,0.010372470750379777,0.08454714540580248,0.0029339398030112304,0.0039724862316527455
EleutherAI_pythia-6.9b-deduped,selected_mixed_random_slopes__candidate__0__C_dominance_lex_emb_norm,18146.189442865318,C(tense)[T.simple past]:lex_emb_norm,0.0177739252060899,0.1010253152604699,0.1759353599665995,0.8603447253762562,-0.1802320542312358,0.2157799046434158,0.010372470750379777,0.08454714540580248,0.0029339398030112304,0.0039724862316527455
EleutherAI_pythia-6.9b-deduped,selected_mixed_random_slopes__candidate__0__C_dominance_lex_emb_norm,18146.189442865318,C(semantic_role)[T.patient]:lex_emb_norm,0.0243627068629263,0.1670622931181732,0.1458300757651705,0.8840555326763903,-0.3030733708233669,0.3517987845492196,0.010372470750379777,0.08454714540580248,0.0029339398030112304,0.0039724862316527455
EleutherAI_pythia-6.9b-deduped,selected_mixed_random_slopes__candidate__0__C_dominance_lex_emb_norm,18146.189442865318,C(syntactic_role)[T.subject]:lex_emb_norm,-0.2821431996841875,0.4439447365267513,-0.6355367604796145,0.5250783994267004,-1.1522588944027436,0.5879724950343685,0.010372470750379777,0.08454714540580248,0.0029339398030112304,0.0039724862316527455
EleutherAI_pythia-6.9b-deduped,selected_mixed_random_slopes__candidate__0__C_dominance_lex_emb_norm,18146.189442865318,C(valence)[T.-val]:lex_emb_norm,0.0241119714982692,0.0988213996985208,0.2439954460453788,0.8072343468813639,-0.1695744128126689,0.2177983558092074,0.010372470750379777,0.08454714540580248,0.0029339398030112304,0.0039724862316527455
EleutherAI_pythia-6.9b-deduped,selected_mixed_random_slopes__candidate__0__C_dominance_lex_emb_norm,18146.189442865318,log_frequency:lex_emb_norm,-0.4345315083657281,0.7997290583656369,-0.5433484050882892,0.5868899424413132,-2.001971660152507,1.132908643421051,0.010372470750379777,0.08454714540580248,0.0029339398030112304,0.0039724862316527455
Qwen_Qwen3-4B-Base,selected_mixed_random_slopes__candidate__0__C_syntactic_role_log_frequency,18914.911637928744,Intercept,3.790021082502444,4.691716438326397,0.8078111992323217,0.4191992770815747,-5.405574162291833,12.98561632729672,0.01092975950625187,0.06107577500029204,0.005569844467527706,0.004817102264954869
Qwen_Qwen3-4B-Base,selected_mixed_random_slopes__candidate__0__C_syntactic_role_log_frequency,18914.911637928744,C(tense)[T.past perfect],0.0100596356279458,0.0739978074642969,0.1359450498962355,0.8918647213676761,-0.1349734019370053,0.1550926731928971,0.01092975950625187,0.06107577500029204,0.005569844467527706,0.004817102264954869
Qwen_Qwen3-4B-Base,selected_mixed_random_slopes__candidate__0__C_syntactic_role_log_frequency,18914.911637928744,C(tense)[T.present continuous],-0.2834049793013071,0.0739978074642968,-3.8299104934703223,0.0001281898774524,-0.4284380168662581,-0.138371941736356,0.01092975950625187,0.06107577500029204,0.005569844467527706,0.004817102264954869
Qwen_Qwen3-4B-Base,selected_mixed_random_slopes__candidate__0__C_syntactic_role_log_frequency,18914.911637928744,C(tense)[T.present perfect],-0.4335880365320074,0.0739978074642969,-5.859471400435865,4.643428439332173e-09,-0.5786210740969586,-0.2885549989670563,0.01092975950625187,0.06107577500029204,0.005569844467527706,0.004817102264954869
Qwen_Qwen3-4B-Base,selected_mixed_random_slopes__candidate__0__C_syntactic_role_log_frequency,18914.911637928744,C(tense)[T.simple future],-0.2926918411463573,0.0739978074642973,-3.955412344988409,7.64027580490245e-05,-0.4377248787113094,-0.1476588035814053,0.01092975950625187,0.06107577500029204,0.005569844467527706,0.004817102264954869
Qwen_Qwen3-4B-Base,selected_mixed_random_slopes__candidate__0__C_syntactic_role_log_frequency,18914.911637928744,C(tense)[T.simple past],-0.1278479814948395,0.0739978074642975,-1.7277266161774274,0.0840372493397461,-0.2728810190597918,0.0171850560701127,0.01092975950625187,0.06107577500029204,0.005569844467527706,0.004817102264954869
Qwen_Qwen3-4B-Base,selected_mixed_random_slopes__candidate__0__C_syntactic_role_log_frequency,18914.911637928744,C(semantic_role)[T.patient],0.2600418372532245,0.1185325497059834,2.193843276789799,0.0282466784198688,0.0277223088337931,0.4923613656726558,0.01092975950625187,0.06107577500029204,0.005569844467527706,0.004817102264954869
Qwen_Qwen3-4B-Base,selected_mixed_random_slopes__candidate__0__C_syntactic_role_log_frequency,18914.911637928744,C(syntactic_role)[T.subject],-0.5653582278602518,0.2577991819099736,-2.1930179284187226,0.0283060874012405,-1.07063533964769,-0.0600811160728136,0.01092975950625187,0.06107577500029204,0.005569844467527706,0.004817102264954869
Qwen_Qwen3-4B-Base,selected_mixed_random_slopes__candidate__0__C_syntactic_role_log_frequency,18914.911637928744,C(valence)[T.-val],0.2726452063500445,0.0901047987194456,3.0258677698061875,0.0024792069817592,0.0960430460257002,0.4492473666743888,0.01092975950625187,0.06107577500029204,0.005569844467527706,0.004817102264954869
Qwen_Qwen3-4B-Base,selected_mixed_random_slopes__candidate__0__C_syntactic_role_log_frequency,18914.911637928744,C(dominance)[T.-dom],0.0905195234661922,0.0855942342093256,1.0575423017959535,0.2902641592990985,-0.0772420928683722,0.2582811398007567,0.01092975950625187,0.06107577500029204,0.005569844467527706,0.004817102264954869
Qwen_Qwen3-4B-Base,selected_mixed_random_slopes__candidate__0__C_syntactic_role_log_frequency,18914.911637928744,C(tense)[T.past perfect]:C(semantic_role)[T.patient],-0.0086792382283272,0.0229409541415478,-0.3783294354182271,0.7051858813165994,-0.053642682116746,0.0362842056600915,0.01092975950625187,0.06107577500029204,0.005569844467527706,0.004817102264954869
Qwen_Qwen3-4B-Base,selected_mixed_random_slopes__candidate__0__C_syntactic_role_log_frequency,18914.911637928744,C(tense)[T.present continuous]:C(semantic_role)[T.patient],-0.014062611475804,0.0229409541415478,-0.6129915690967539,0.5398819143777844,-0.0590260553642229,0.0309008324126147,0.01092975950625187,0.06107577500029204,0.005569844467527706,0.004817102264954869
Qwen_Qwen3-4B-Base,selected_mixed_random_slopes__candidate__0__C_syntactic_role_log_frequency,18914.911637928744,C(tense)[T.present perfect]:C(semantic_role)[T.patient],0.0032789939589034,0.0229409541415478,0.1429318910918764,0.8863439717015748,-0.0416844499295153,0.0482424378473222,0.01092975950625187,0.06107577500029204,0.005569844467527706,0.004817102264954869
Qwen_Qwen3-4B-Base,selected_mixed_random_slopes__candidate__0__C_syntactic_role_log_frequency,18914.911637928744,C(tense)[T.simple future]:C(semantic_role)[T.patient],0.0268621754369458,0.0229409541415478,1.170926687321009,0.2416282469112354,-0.0181012684514729,0.0718256193253646,0.01092975950625187,0.06107577500029204,0.005569844467527706,0.004817102264954869
Qwen_Qwen3-4B-Base,selected_mixed_random_slopes__candidate__0__C_syntactic_role_log_frequency,18914.911637928744,C(tense)[T.simple past]:C(semantic_role)[T.patient],0.0858956646701042,0.0229409541415478,3.744206284538989,0.0001809649320732,0.0409322207816854,0.130859108558523,0.01092975950625187,0.06107577500029204,0.005569844467527706,0.004817102264954869
Qwen_Qwen3-4B-Base,selected_mixed_random_slopes__candidate__0__C_syntactic_role_log_frequency,18914.911637928744,C(tense)[T.past perfect]:C(syntactic_role)[T.subject],-0.1882470087120871,0.0229409541415479,-8.205718365094338,2.292161673804175e-16,-0.2332104526005061,-0.1432835648236681,0.01092975950625187,0.06107577500029204,0.005569844467527706,0.004817102264954869
Qwen_Qwen3-4B-Base,selected_mixed_random_slopes__candidate__0__C_syntactic_role_log_frequency,18914.911637928744,C(tense)[T.present continuous]:C(syntactic_role)[T.subject],-0.0769744393894264,0.0229409541415479,-3.355328593330797,0.0007927076417665,-0.1219378832778454,-0.0320109955010074,0.01092975950625187,0.06107577500029204,0.005569844467527706,0.004817102264954869
Qwen_Qwen3-4B-Base,selected_mixed_random_slopes__candidate__0__C_syntactic_role_log_frequency,18914.911637928744,C(tense)[T.present perfect]:C(syntactic_role)[T.subject],-0.0492750091955035,0.0229409541415479,-2.147905832140712,0.031721236986601,-0.0942384530839225,-0.0043115653070844,0.01092975950625187,0.06107577500029204,0.005569844467527706,0.004817102264954869
Qwen_Qwen3-4B-Base,selected_mixed_random_slopes__candidate__0__C_syntactic_role_log_frequency,18914.911637928744,C(tense)[T.simple future]:C(syntactic_role)[T.subject],-0.1690874922952992,0.0229409541415479,-7.370551863362463,1.6992314289815666e-13,-0.2140509361837182,-0.1241240484068802,0.01092975950625187,0.06107577500029204,0.005569844467527706,0.004817102264954869
Qwen_Qwen3-4B-Base,selected_mixed_random_slopes__candidate__0__C_syntactic_role_log_frequency,18914.911637928744,C(tense)[T.simple past]:C(syntactic_role)[T.subject],-0.0253564724265115,0.0229409541415479,-1.1052928430988331,0.2690327180671161,-0.0703199163149305,0.0196069714619075,0.01092975950625187,0.06107577500029204,0.005569844467527706,0.004817102264954869
Qwen_Qwen3-4B-Base,selected_mixed_random_slopes__candidate__0__C_syntactic_role_log_frequency,18914.911637928744,C(tense)[T.past perfect]:C(valence)[T.-val],0.1094027683616447,0.0229409541415478,4.768884837423042,1.852485157014237e-06,0.064439324473226,0.1543662122500634,0.01092975950625187,0.06107577500029204,0.005569844467527706,0.004817102264954869
Qwen_Qwen3-4B-Base,selected_mixed_random_slopes__candidate__0__C_syntactic_role_log_frequency,18914.911637928744,C(tense)[T.present continuous]:C(valence)[T.-val],0.0227319561394384,0.0229409541415478,0.9908897423873536,0.3217394216491062,-0.0222314877489803,0.0676954000278571,0.01092975950625187,0.06107577500029204,0.005569844467527706,0.004817102264954869
Qwen_Qwen3-4B-Base,selected_mixed_random_slopes__candidate__0__C_syntactic_role_log_frequency,18914.911637928744,C(tense)[T.present perfect]:C(valence)[T.-val],0.1312212727572681,0.0229409541415478,5.719957066633788,1.0655097337421153e-08,0.0862578288688494,0.1761847166456868,0.01092975950625187,0.06107577500029204,0.005569844467527706,0.004817102264954869
Qwen_Qwen3-4B-Base,selected_mixed_random_slopes__candidate__0__C_syntactic_role_log_frequency,18914.911637928744,C(tense)[T.simple future]:C(valence)[T.-val],0.0191227591037531,0.0229409541415478,0.833564244353743,0.4045265813362668,-0.0258406847846655,0.0640862029921719,0.01092975950625187,0.06107577500029204,0.005569844467527706,0.004817102264954869
Qwen_Qwen3-4B-Base,selected_mixed_random_slopes__candidate__0__C_syntactic_role_log_frequency,18914.911637928744,C(tense)[T.simple past]:C(valence)[T.-val],0.1176901986756099,0.0229409541415478,5.130135300800939,2.895339945370176e-07,0.0727267547871912,0.1626536425640286,0.01092975950625187,0.06107577500029204,0.005569844467527706,0.004817102264954869
Qwen_Qwen3-4B-Base,selected_mixed_random_slopes__candidate__0__C_syntactic_role_log_frequency,18914.911637928744,C(tense)[T.past perfect]:C(dominance)[T.-dom],-0.0251181290748596,0.0229409541415478,-1.0949034168273206,0.2735589519863012,-0.0700815729632784,0.0198453148135591,0.01092975950625187,0.06107577500029204,0.005569844467527706,0.004817102264954869
Qwen_Qwen3-4B-Base,selected_mixed_random_slopes__candidate__0__C_syntactic_role_log_frequency,18914.911637928744,C(tense)[T.present continuous]:C(dominance)[T.-dom],-0.0472040425726672,0.0229409541415478,-2.0576320532011807,0.0396254673280268,-0.092167486461086,-0.0022405986842484,0.01092975950625187,0.06107577500029204,0.005569844467527706,0.004817102264954869
Qwen_Qwen3-4B-Base,selected_mixed_random_slopes__candidate__0__C_syntactic_role_log_frequency,18914.911637928744,C(tense)[T.present perfect]:C(dominance)[T.-dom],-0.0620877429164136,0.0229409541415478,-2.7064150223799075,0.0068013986835589,-0.1070511868048325,-0.0171242990279948,0.01092975950625187,0.06107577500029204,0.005569844467527706,0.004817102264954869
Qwen_Qwen3-4B-Base,selected_mixed_random_slopes__candidate__0__C_syntactic_role_log_frequency,18914.911637928744,C(tense)[T.simple future]:C(dominance)[T.-dom],-0.0583777272432639,0.0229409541415478,-2.544694823199936,0.0109373279761657,-0.1033411711316827,-0.0134142833548451,0.01092975950625187,0.06107577500029204,0.005569844467527706,0.004817102264954869
Qwen_Qwen3-4B-Base,selected_mixed_random_slopes__candidate__0__C_syntactic_role_log_frequency,18914.911637928744,C(tense)[T.simple past]:C(dominance)[T.-dom],-0.0178933688753994,0.0229409541415478,-0.7799749201796765,0.4354056375503917,-0.0628568127638182,0.0270700750130193,0.01092975950625187,0.06107577500029204,0.005569844467527706,0.004817102264954869
Qwen_Qwen3-4B-Base,selected_mixed_random_slopes__candidate__0__C_syntactic_role_log_frequency,18914.911637928744,C(semantic_role)[T.patient]:C(syntactic_role)[T.subject],-0.0433579495404224,0.0132449660490895,-3.2735417652054166,0.0010620869359081,-0.0693176059730937,-0.0173982931077511,0.01092975950625187,0.06107577500029204,0.005569844467527706,0.004817102264954869
Qwen_Qwen3-4B-Base,selected_mixed_random_slopes__candidate__0__C_syntactic_role_log_frequency,18914.911637928744,C(semantic_role)[T.patient]:C(valence)[T.-val],0.047962852201197,0.0132449660490895,3.621213676458908,0.0002932242043375,0.0220031957685257,0.0739225086338683,0.01092975950625187,0.06107577500029204,0.005569844467527706,0.004817102264954869
Qwen_Qwen3-4B-Base,selected_mixed_random_slopes__candidate__0__C_syntactic_role_log_frequency,18914.911637928744,C(semantic_role)[T.patient]:C(dominance)[T.-dom],-0.1313577181988756,0.0132449660490895,-9.917557939524132,3.491951335174092e-23,-0.1573173746315469,-0.1053980617662043,0.01092975950625187,0.06107577500029204,0.005569844467527706,0.004817102264954869
Qwen_Qwen3-4B-Base,selected_mixed_random_slopes__candidate__0__C_syntactic_role_log_frequency,18914.911637928744,C(syntactic_role)[T.subject]:C(valence)[T.-val],0.0050657872925942,0.0132449660490895,0.3824688771431357,0.7021136097641788,-0.020893869140077,0.0310254437252655,0.01092975950625187,0.06107577500029204,0.005569844467527706,0.004817102264954869
Qwen_Qwen3-4B-Base,selected_mixed_random_slopes__candidate__0__C_syntactic_role_log_frequency,18914.911637928744,C(syntactic_role)[T.subject]:C(dominance)[T.-dom],0.0687662397662968,0.0132449660490895,5.191877390355689,2.081840900946981e-07,0.0428065833336255,0.0947258961989681,0.01092975950625187,0.06107577500029204,0.005569844467527706,0.004817102264954869
Qwen_Qwen3-4B-Base,selected_mixed_random_slopes__candidate__0__C_syntactic_role_log_frequency,18914.911637928744,C(valence)[T.-val]:C(dominance)[T.-dom],-0.2076608872032678,0.0132449660490895,-15.678476368577952,2.122854749023701e-55,-0.2336205436359391,-0.1817012307705965,0.01092975950625187,0.06107577500029204,0.005569844467527706,0.004817102264954869
Qwen_Qwen3-4B-Base,selected_mixed_random_slopes__candidate__0__C_syntactic_role_log_frequency,18914.911637928744,log_frequency,-0.3064071130235674,0.6687339569622406,-0.4581898523823106,0.6468160496895732,-1.6171015839085177,1.004287357861383,0.01092975950625187,0.06107577500029204,0.005569844467527706,0.004817102264954869
Qwen_Qwen3-4B-Base,selected_mixed_random_slopes__candidate__0__C_syntactic_role_log_frequency,18914.911637928744,C(tense)[T.past perfect]:log_frequency,0.0075202120341861,0.0087022643366542,0.86416727224784,0.3874960080065994,-0.0095359126496035,0.0245763367179759,0.01092975950625187,0.06107577500029204,0.005569844467527706,0.004817102264954869
Qwen_Qwen3-4B-Base,selected_mixed_random_slopes__candidate__0__C_syntactic_role_log_frequency,18914.911637928744,C(tense)[T.present continuous]:log_frequency,0.0171175269995177,0.0087022643366542,1.9670198855507104,0.0491809182879615,6.14023157279979e-05,0.0341736516833075,0.01092975950625187,0.06107577500029204,0.005569844467527706,0.004817102264954869
Qwen_Qwen3-4B-Base,selected_mixed_random_slopes__candidate__0__C_syntactic_role_log_frequency,18914.911637928744,C(tense)[T.present perfect]:log_frequency,0.0094528942410467,0.0087022643366542,1.0862568494076683,0.2773653720665985,-0.0076032304427429,0.0265090189248365,0.01092975950625187,0.06107577500029204,0.005569844467527706,0.004817102264954869
Qwen_Qwen3-4B-Base,selected_mixed_random_slopes__candidate__0__C_syntactic_role_log_frequency,18914.911637928744,C(tense)[T.simple future]:log_frequency,0.0333516680602525,0.0087022643366542,3.832527577882692,0.0001268333758171,0.0162955433764628,0.0504077927440423,0.01092975950625187,0.06107577500029204,0.005569844467527706,0.004817102264954869
Qwen_Qwen3-4B-Base,selected_mixed_random_slopes__candidate__0__C_syntactic_role_log_frequency,18914.911637928744,C(tense)[T.simple past]:log_frequency,0.0005055975000292,0.0087022643366542,0.0580995336925831,0.9536693458268128,-0.0165505271837605,0.0175617221838189,0.01092975950625187,0.06107577500029204,0.005569844467527706,0.004817102264954869
Qwen_Qwen3-4B-Base,selected_mixed_random_slopes__candidate__0__C_syntactic_role_log_frequency,18914.911637928744,C(semantic_role)[T.patient]:log_frequency,0.0107850960001936,0.0139835794555432,0.7712686179158718,0.440547729477008,-0.0166222161076253,0.0381924081080125,0.01092975950625187,0.06107577500029204,0.005569844467527706,0.004817102264954869
Qwen_Qwen3-4B-Base,selected_mixed_random_slopes__candidate__0__C_syntactic_role_log_frequency,18914.911637928744,C(valence)[T.-val]:log_frequency,-0.0045116597267079,0.0102221828066718,-0.4413597185684478,0.6589525991100654,-0.0245467698711693,0.0155234504177534,0.01092975950625187,0.06107577500029204,0.005569844467527706,0.004817102264954869
Qwen_Qwen3-4B-Base,selected_mixed_random_slopes__candidate__0__C_syntactic_role_log_frequency,18914.911637928744,C(dominance)[T.-dom]:log_frequency,-0.0073316224906771,0.0102696834402411,-0.7139092975299182,0.4752832677760681,-0.0274598321661771,0.0127965871848228,0.01092975950625187,0.06107577500029204,0.005569844467527706,0.004817102264954869
Qwen_Qwen3-4B-Base,selected_mixed_random_slopes__candidate__0__C_syntactic_role_log_frequency,18914.911637928744,lex_emb_norm,-1.6852874549304415,5.335441103471845,-0.3158665651531233,0.7521037907757528,-12.1425598593699,8.771984949509019,0.01092975950625187,0.06107577500029204,0.005569844467527706,0.004817102264954869
Qwen_Qwen3-4B-Base,selected_mixed_random_slopes__candidate__0__C_syntactic_role_log_frequency,18914.911637928744,C(tense)[T.past perfect]:lex_emb_norm,-0.1679934371705385,0.1100177045614632,-1.526967298946746,0.1267691431234588,-0.3836241757727745,0.0476373014316973,0.01092975950625187,0.06107577500029204,0.005569844467527706,0.004817102264954869
Qwen_Qwen3-4B-Base,selected_mixed_random_slopes__candidate__0__C_syntactic_role_log_frequency,18914.911637928744,C(tense)[T.present continuous]:lex_emb_norm,0.0538524478456732,0.1100177045614631,0.489488924172088,0.624495594006648,-0.1617782907565625,0.269483186447909,0.01092975950625187,0.06107577500029204,0.005569844467527706,0.004817102264954869
Qwen_Qwen3-4B-Base,selected_mixed_random_slopes__candidate__0__C_syntactic_role_log_frequency,18914.911637928744,C(tense)[T.present perfect]:lex_emb_norm,0.1543766501262237,0.1100177045614629,1.4031982465147612,0.1605577303491412,-0.0612540884760115,0.370007388728459,0.01092975950625187,0.06107577500029204,0.005569844467527706,0.004817102264954869
Qwen_Qwen3-4B-Base,selected_mixed_random_slopes__candidate__0__C_syntactic_role_log_frequency,18914.911637928744,C(tense)[T.simple future]:lex_emb_norm,0.1645597243472595,0.1100177045614633,1.4957567511811276,0.1347170554040795,-0.0510710142549766,0.3801904629494956,0.01092975950625187,0.06107577500029204,0.005569844467527706,0.004817102264954869
Qwen_Qwen3-4B-Base,selected_mixed_random_slopes__candidate__0__C_syntactic_role_log_frequency,18914.911637928744,C(tense)[T.simple past]:lex_emb_norm,0.0523367410320293,0.1100177045614631,0.4757119887262377,0.6342795786606742,-0.1632939975702064,0.2679674796342651,0.01092975950625187,0.06107577500029204,0.005569844467527706,0.004817102264954869
Qwen_Qwen3-4B-Base,selected_mixed_random_slopes__candidate__0__C_syntactic_role_log_frequency,18914.911637928744,C(semantic_role)[T.patient]:lex_emb_norm,-0.1589858753231431,0.1795857184584747,-0.8852924201759685,0.375998937042721,-0.5109674156395037,0.1929956649932172,0.01092975950625187,0.06107577500029204,0.005569844467527706,0.004817102264954869
Qwen_Qwen3-4B-Base,selected_mixed_random_slopes__candidate__0__C_syntactic_role_log_frequency,18914.911637928744,C(syntactic_role)[T.subject]:lex_emb_norm,0.2917772582651019,0.2678447547674728,1.0893521454934068,0.2759986257338631,-0.2331888145271077,0.8167433310573116,0.01092975950625187,0.06107577500029204,0.005569844467527706,0.004817102264954869
Qwen_Qwen3-4B-Base,selected_mixed_random_slopes__candidate__0__C_syntactic_role_log_frequency,18914.911637928744,C(valence)[T.-val]:lex_emb_norm,-0.1093702905278627,0.1331161848129081,-0.821615273015676,0.4112958940518616,-0.3702732185205405,0.151532637464815,0.01092975950625187,0.06107577500029204,0.005569844467527706,0.004817102264954869
Qwen_Qwen3-4B-Base,selected_mixed_random_slopes__candidate__0__C_syntactic_role_log_frequency,18914.911637928744,C(dominance)[T.-dom]:lex_emb_norm,0.111879073759855,0.1301785372922732,0.8594279524639861,0.3901044535433307,-0.1432661708931047,0.3670243184128148,0.01092975950625187,0.06107577500029204,0.005569844467527706,0.004817102264954869
Qwen_Qwen3-4B-Base,selected_mixed_random_slopes__candidate__0__C_syntactic_role_log_frequency,18914.911637928744,log_frequency:lex_emb_norm,0.2478092332378123,0.6892745239001719,0.359521822793646,0.7192047553881021,-1.1031440090675173,1.598762475543142,0.01092975950625187,0.06107577500029204,0.005569844467527706,0.004817102264954869
Qwen_Qwen3-8B-Base,selected_mixed_random_slopes__candidate__0__C_dominance_log_frequency,22066.672203397553,Intercept,0.7455377623029525,3.401687748686013,0.21916701866329,0.8265199462012698,-5.921647711772772,7.412723236378677,0.014743980393215433,0.05098984209742379,0.019627228962510474,0.00806808717249138
Qwen_Qwen3-8B-Base,selected_mixed_random_slopes__candidate__0__C_dominance_log_frequency,22066.672203397553,C(tense)[T.past perfect],0.1424265027179992,0.0736893576549415,1.9327960949928051,0.0532613215974834,-0.0020019843295771,0.2868549897655757,0.014743980393215433,0.05098984209742379,0.019627228962510474,0.00806808717249138
Qwen_Qwen3-8B-Base,selected_mixed_random_slopes__candidate__0__C_dominance_log_frequency,22066.672203397553,C(tense)[T.present continuous],-0.4343761999301641,0.073689357654942,-5.894693803197129,3.753767955802382e-09,-0.5788046869777415,-0.2899477128825867,0.014743980393215433,0.05098984209742379,0.019627228962510474,0.00806808717249138
Qwen_Qwen3-8B-Base,selected_mixed_random_slopes__candidate__0__C_dominance_log_frequency,22066.672203397553,C(tense)[T.present perfect],-0.163767823594702,0.0736893576549423,-2.222408076367837,0.0262557400280903,-0.3081963106422799,-0.019339336547124,0.014743980393215433,0.05098984209742379,0.019627228962510474,0.00806808717249138
Qwen_Qwen3-8B-Base,selected_mixed_random_slopes__candidate__0__C_dominance_log_frequency,22066.672203397553,C(tense)[T.simple future],-0.1876310195648405,0.0736893576549423,-2.5462431148259026,0.0108889322995394,-0.3320595066124185,-0.0432025325172624,0.014743980393215433,0.05098984209742379,0.019627228962510474,0.00806808717249138
Qwen_Qwen3-8B-Base,selected_mixed_random_slopes__candidate__0__C_dominance_log_frequency,22066.672203397553,C(tense)[T.simple past],0.0745769986862667,0.0736893576549422,1.0120457154136286,0.3115161958169579,-0.0698514883613109,0.2190054857338444,0.014743980393215433,0.05098984209742379,0.019627228962510474,0.00806808717249138
Qwen_Qwen3-8B-Base,selected_mixed_random_slopes__candidate__0__C_dominance_log_frequency,22066.672203397553,C(semantic_role)[T.patient],0.2229589612039697,0.1224451086849417,1.8208890791845007,0.0686237195939638,-0.0170290419016086,0.4629469643095482,0.014743980393215433,0.05098984209742379,0.019627228962510474,0.00806808717249138
Qwen_Qwen3-8B-Base,selected_mixed_random_slopes__candidate__0__C_dominance_log_frequency,22066.672203397553,C(syntactic_role)[T.subject],-0.2738042978459228,0.215528882718875,-1.2703833212138869,0.2039481214235436,-0.6962331456030753,0.1486245499112296,0.014743980393215433,0.05098984209742379,0.019627228962510474,0.00806808717249138
Qwen_Qwen3-8B-Base,selected_mixed_random_slopes__candidate__0__C_dominance_log_frequency,22066.672203397553,C(valence)[T.-val],0.2123384796244691,0.1389927580888071,1.5276945543364129,0.1265883928262476,-0.0600823203414812,0.4847592795904195,0.014743980393215433,0.05098984209742379,0.019627228962510474,0.00806808717249138
Qwen_Qwen3-8B-Base,selected_mixed_random_slopes__candidate__0__C_dominance_log_frequency,22066.672203397553,C(dominance)[T.-dom],-0.0935082290536521,0.0920717952273408,-1.0156012362175029,0.309819315948063,-0.2739656316911871,0.0869491735838827,0.014743980393215433,0.05098984209742379,0.019627228962510474,0.00806808717249138
Qwen_Qwen3-8B-Base,selected_mixed_random_slopes__candidate__0__C_dominance_log_frequency,22066.672203397553,C(tense)[T.past perfect]:C(semantic_role)[T.patient],0.0254548236698587,0.0252791475926578,1.0069494462405026,0.3139590686138256,-0.024091395171623,0.0750010425113405,0.014743980393215433,0.05098984209742379,0.019627228962510474,0.00806808717249138
Qwen_Qwen3-8B-Base,selected_mixed_random_slopes__candidate__0__C_dominance_log_frequency,22066.672203397553,C(tense)[T.present continuous]:C(semantic_role)[T.patient],-0.0363080040633914,0.0252791475926578,-1.4362827674591714,0.1509218955597517,-0.0858542229048732,0.0132382147780903,0.014743980393215433,0.05098984209742379,0.019627228962510474,0.00806808717249138
Qwen_Qwen3-8B-Base,selected_mixed_random_slopes__candidate__0__C_dominance_log_frequency,22066.672203397553,C(tense)[T.present perfect]:C(semantic_role)[T.patient],-0.0582158895447418,0.0252791475926578,-2.3029213833796454,0.0212832667998852,-0.1077621083862235,-0.00866967070326,0.014743980393215433,0.05098984209742379,0.019627228962510474,0.00806808717249138
Qwen_Qwen3-8B-Base,selected_mixed_random_slopes__candidate__0__C_dominance_log_frequency,22066.672203397553,C(tense)[T.simple future]:C(semantic_role)[T.patient],0.0576236340944869,0.0252791475926578,2.2794927670434317,0.0226377894437067,0.0080774152530051,0.1071698529359686,0.014743980393215433,0.05098984209742379,0.019627228962510474,0.00806808717249138
Qwen_Qwen3-8B-Base,selected_mixed_random_slopes__candidate__0__C_dominance_log_frequency,22066.672203397553,C(tense)[T.simple past]:C(semantic_role)[T.patient],-0.0098502643798456,0.0252791475926578,-0.3896596728090092,0.6967882203931461,-0.0593964832213274,0.039695954461636,0.014743980393215433,0.05098984209742379,0.019627228962510474,0.00806808717249138
Qwen_Qwen3-8B-Base,selected_mixed_random_slopes__candidate__0__C_dominance_log_frequency,22066.672203397553,C(tense)[T.past perfect]:C(syntactic_role)[T.subject],-0.1600867979291857,0.0252791475926577,-6.332760918555744,2.408125681008964e-10,-0.2096330167706674,-0.110540579087704,0.014743980393215433,0.05098984209742379,0.019627228962510474,0.00806808717249138
Qwen_Qwen3-8B-Base,selected_mixed_random_slopes__candidate__0__C_dominance_log_frequency,22066.672203397553,C(tense)[T.present continuous]:C(syntactic_role)[T.subject],0.0138234277214724,0.0252791475926577,0.5468312438465036,0.5844946758647815,-0.0357227911200092,0.0633696465629541,0.014743980393215433,0.05098984209742379,0.019627228962510474,0.00806808717249138
Qwen_Qwen3-8B-Base,selected_mixed_random_slopes__candidate__0__C_dominance_log_frequency,22066.672203397553,C(tense)[T.present perfect]:C(syntactic_role)[T.subject],-0.0751876589463809,0.0252791475926578,-2.974295658933485,0.0029366197299281,-0.1247338777878626,-0.0256414401048992,0.014743980393215433,0.05098984209742379,0.019627228962510474,0.00806808717249138
Qwen_Qwen3-8B-Base,selected_mixed_random_slopes__candidate__0__C_dominance_log_frequency,22066.672203397553,C(tense)[T.simple future]:C(syntactic_role)[T.subject],-0.0574147862168253,0.0252791475926578,-2.27123110090552,0.0231329916218072,-0.106961005058307,-0.0078685673753436,0.014743980393215433,0.05098984209742379,0.019627228962510474,0.00806808717249138
Qwen_Qwen3-8B-Base,selected_mixed_random_slopes__candidate__0__C_dominance_log_frequency,22066.672203397553,C(tense)[T.simple past]:C(syntactic_role)[T.subject],0.0669405136830908,0.0252791475926578,2.648052646463973,0.0080956916713071,0.0173942948416091,0.1164867325245725,0.014743980393215433,0.05098984209742379,0.019627228962510474,0.00806808717249138
Qwen_Qwen3-8B-Base,selected_mixed_random_slopes__candidate__0__C_dominance_log_frequency,22066.672203397553,C(tense)[T.past perfect]:C(valence)[T.-val],0.134243657460319,0.0252791475926578,5.310450321485879,1.0935469074542237e-07,0.0846974386188371,0.1837898763018009,0.014743980393215433,0.05098984209742379,0.019627228962510474,0.00806808717249138
Qwen_Qwen3-8B-Base,selected_mixed_random_slopes__candidate__0__C_dominance_log_frequency,22066.672203397553,C(tense)[T.present continuous]:C(valence)[T.-val],-0.0785288715759061,0.0252791475926578,-3.1064683367216923,0.0018933658406933,-0.1280750904173879,-0.0289826527344242,0.014743980393215433,0.05098984209742379,0.019627228962510474,0.00806808717249138
Qwen_Qwen3-8B-Base,selected_mixed_random_slopes__candidate__0__C_dominance_log_frequency,22066.672203397553,C(tense)[T.present perfect]:C(valence)[T.-val],0.0594752229395762,0.0252791475926579,2.35273846642085,0.0186357362164145,0.0099290040980943,0.1090214417810581,0.014743980393215433,0.05098984209742379,0.019627228962510474,0.00806808717249138
Qwen_Qwen3-8B-Base,selected_mixed_random_slopes__candidate__0__C_dominance_log_frequency,22066.672203397553,C(tense)[T.simple future]:C(valence)[T.-val],0.0167274404907765,0.0252791475926579,0.6617090402065166,0.5081577099027363,-0.0328187783507053,0.0662736593322584,0.014743980393215433,0.05098984209742379,0.019627228962510474,0.00806808717249138
Qwen_Qwen3-8B-Base,selected_mixed_random_slopes__candidate__0__C_dominance_log_frequency,22066.672203397553,C(tense)[T.simple past]:C(valence)[T.-val],0.0338845921548502,0.0252791475926579,1.3404167221481662,0.1801099021688659,-0.0156616266866316,0.0834308109963321,0.014743980393215433,0.05098984209742379,0.019627228962510474,0.00806808717249138
Qwen_Qwen3-8B-Base,selected_mixed_random_slopes__candidate__0__C_dominance_log_frequency,22066.672203397553,C(tense)[T.past perfect]:C(dominance)[T.-dom],0.0602389414977926,0.0252791475926578,2.3829498711138752,0.017174532857755,0.0106927226563108,0.1097851603392743,0.014743980393215433,0.05098984209742379,0.019627228962510474,0.00806808717249138
Qwen_Qwen3-8B-Base,selected_mixed_random_slopes__candidate__0__C_dominance_log_frequency,22066.672203397553,C(tense)[T.present continuous]:C(dominance)[T.-dom],0.0341242615979243,0.0252791475926578,1.34989763689008,0.1770488198158982,-0.0154219572435573,0.0836704804394061,0.014743980393215433,0.05098984209742379,0.019627228962510474,0.00806808717249138
Qwen_Qwen3-8B-Base,selected_mixed_random_slopes__candidate__0__C_dominance_log_frequency,22066.672203397553,C(tense)[T.present perfect]:C(dominance)[T.-dom],0.0048315282960706,0.0252791475926578,0.1911270258762179,0.8484260743313593,-0.0447146905454111,0.0543777471375524,0.014743980393215433,0.05098984209742379,0.019627228962510474,0.00806808717249138
Qwen_Qwen3-8B-Base,selected_mixed_random_slopes__candidate__0__C_dominance_log_frequency,22066.672203397553,C(tense)[T.simple future]:C(dominance)[T.-dom],-0.0957327238364517,0.0252791475926578,-3.787023414676239,0.000152462737999,-0.1452789426779335,-0.0461865049949699,0.014743980393215433,0.05098984209742379,0.019627228962510474,0.00806808717249138
Qwen_Qwen3-8B-Base,selected_mixed_random_slopes__candidate__0__C_dominance_log_frequency,22066.672203397553,C(tense)[T.simple past]:C(dominance)[T.-dom],-0.0069634924082921,0.0252791475926578,-0.2754638930275746,0.7829598623231611,-0.0565097112497739,0.0425827264331896,0.014743980393215433,0.05098984209742379,0.019627228962510474,0.00806808717249138
Qwen_Qwen3-8B-Base,selected_mixed_random_slopes__candidate__0__C_dominance_log_frequency,22066.672203397553,C(semantic_role)[T.patient]:C(syntactic_role)[T.subject],-0.1038895200922009,0.0145949226675052,-7.118195995892777,1.0934880412267002e-12,-0.1324950428776585,-0.0752839973067433,0.014743980393215433,0.05098984209742379,0.019627228962510474,0.00806808717249138
Qwen_Qwen3-8B-Base,selected_mixed_random_slopes__candidate__0__C_dominance_log_frequency,22066.672203397553,C(semantic_role)[T.patient]:C(valence)[T.-val],0.0977078666683405,0.0145949226675052,6.694647782264797,2.1619170874584903e-11,0.0691023438828828,0.1263133894537981,0.014743980393215433,0.05098984209742379,0.019627228962510474,0.00806808717249138
Qwen_Qwen3-8B-Base,selected_mixed_random_slopes__candidate__0__C_dominance_log_frequency,22066.672203397553,C(semantic_role)[T.patient]:C(dominance)[T.-dom],0.0112357654938631,0.0145949226675053,0.7698407007581388,0.4413943931197334,-0.0173697572915945,0.0398412882793207,0.014743980393215433,0.05098984209742379,0.019627228962510474,0.00806808717249138
Qwen_Qwen3-8B-Base,selected_mixed_random_slopes__candidate__0__C_dominance_log_frequency,22066.672203397553,C(syntactic_role)[T.subject]:C(valence)[T.-val],-0.1058725002442036,0.0145949226675052,-7.254063803977694,4.0444944563866396e-13,-0.1344780230296612,-0.077266977458746,0.014743980393215433,0.05098984209742379,0.019627228962510474,0.00806808717249138
Qwen_Qwen3-8B-Base,selected_mixed_random_slopes__candidate__0__C_dominance_log_frequency,22066.672203397553,C(syntactic_role)[T.subject]:C(dominance)[T.-dom],0.0868955084117018,0.0145949226675052,5.953817666000339,2.619586443533349e-09,0.0582899856262441,0.1155010311971594,0.014743980393215433,0.05098984209742379,0.019627228962510474,0.00806808717249138
Qwen_Qwen3-8B-Base,selected_mixed_random_slopes__candidate__0__C_dominance_log_frequency,22066.672203397553,C(valence)[T.-val]:C(dominance)[T.-dom],0.01453308305274,0.0145949226675052,0.9957629364557796,0.319365342550798,-0.0140724397327175,0.0431386058381977,0.014743980393215433,0.05098984209742379,0.019627228962510474,0.00806808717249138
Qwen_Qwen3-8B-Base,selected_mixed_random_slopes__candidate__0__C_dominance_log_frequency,22066.672203397553,log_frequency,0.2849376643528186,0.4503332159941728,0.632726288519001,0.5269123996253684,-0.5976992200378572,1.1675745487434943,0.014743980393215433,0.05098984209742379,0.019627228962510474,0.00806808717249138
Qwen_Qwen3-8B-Base,selected_mixed_random_slopes__candidate__0__C_dominance_log_frequency,22066.672203397553,C(tense)[T.past perfect]:log_frequency,0.0417555364919541,0.0120533805704849,3.464217880434355,0.000531775606808,0.0181313446818486,0.0653797283020595,0.014743980393215433,0.05098984209742379,0.019627228962510474,0.00806808717249138
Qwen_Qwen3-8B-Base,selected_mixed_random_slopes__candidate__0__C_dominance_log_frequency,22066.672203397553,C(tense)[T.present continuous]:log_frequency,-0.019045496215547,0.012053380570485,-1.5800958166195709,0.1140849252106598,-0.0426696880256525,0.0045786955945585,0.014743980393215433,0.05098984209742379,0.019627228962510474,0.00806808717249138
Qwen_Qwen3-8B-Base,selected_mixed_random_slopes__candidate__0__C_dominance_log_frequency,22066.672203397553,C(tense)[T.present perfect]:log_frequency,-0.0011123504103378,0.0120533805704849,-0.092285347154945,0.9264713299631924,-0.0247365422204431,0.0225118413997674,0.014743980393215433,0.05098984209742379,0.019627228962510474,0.00806808717249138
Qwen_Qwen3-8B-Base,selected_mixed_random_slopes__candidate__0__C_dominance_log_frequency,22066.672203397553,C(tense)[T.simple future]:log_frequency,-0.0030653772424764,0.0120533805704849,-0.2543168055261314,0.7992508175910551,-0.0266895690525819,0.0205588145676289,0.014743980393215433,0.05098984209742379,0.019627228962510474,0.00806808717249138
Qwen_Qwen3-8B-Base,selected_mixed_random_slopes__candidate__0__C_dominance_log_frequency,22066.672203397553,C(tense)[T.simple past]:log_frequency,0.0101828356698695,0.0120533805704849,0.8448115954128417,0.3982160394801759,-0.0134413561402357,0.0338070274799748,0.014743980393215433,0.05098984209742379,0.019627228962510474,0.00806808717249138
Qwen_Qwen3-8B-Base,selected_mixed_random_slopes__candidate__0__C_dominance_log_frequency,22066.672203397553,C(semantic_role)[T.patient]:log_frequency,0.0040872360264978,0.0207071399146479,0.1973829337776696,0.8435278837827997,-0.0364980124290438,0.0446724844820396,0.014743980393215433,0.05098984209742379,0.019627228962510474,0.00806808717249138
Qwen_Qwen3-8B-Base,selected_mixed_random_slopes__candidate__0__C_dominance_log_frequency,22066.672203397553,C(syntactic_role)[T.subject]:log_frequency,0.0631199029816242,0.0345622827479141,1.8262654536449452,0.0678102862721919,-0.0046209264277774,0.130860732391026,0.014743980393215433,0.05098984209742379,0.019627228962510474,0.00806808717249138
Qwen_Qwen3-8B-Base,selected_mixed_random_slopes__candidate__0__C_dominance_log_frequency,22066.672203397553,C(valence)[T.-val]:log_frequency,-0.0145615521832817,0.0238108236879718,-0.6115518040914163,0.5408343337670956,-0.0612299090539397,0.0321068046873761,0.014743980393215433,0.05098984209742379,0.019627228962510474,0.00806808717249138
Qwen_Qwen3-8B-Base,selected_mixed_random_slopes__candidate__0__C_dominance_log_frequency,22066.672203397553,lex_emb_norm,0.9749503186913232,3.095605689926503,0.3149465456352973,0.7528022402579749,-5.092325343901889,7.042225981284535,0.014743980393215433,0.05098984209742379,0.019627228962510474,0.00806808717249138
Qwen_Qwen3-8B-Base,selected_mixed_random_slopes__candidate__0__C_dominance_log_frequency,22066.672203397553,C(tense)[T.past perfect]:lex_emb_norm,-0.2495283231761204,0.0933989889880622,-2.6716383751007617,0.0075481944082165,-0.4325869777851754,-0.0664696685670654,0.014743980393215433,0.05098984209742379,0.019627228962510474,0.00806808717249138
Qwen_Qwen3-8B-Base,selected_mixed_random_slopes__candidate__0__C_dominance_log_frequency,22066.672203397553,C(tense)[T.present continuous]:lex_emb_norm,0.2518282239489811,0.0933989889880631,2.696262846926171,0.0070122309691003,0.0687695693399243,0.4348868785580379,0.014743980393215433,0.05098984209742379,0.019627228962510474,0.00806808717249138
Qwen_Qwen3-8B-Base,selected_mixed_random_slopes__candidate__0__C_dominance_log_frequency,22066.672203397553,C(tense)[T.present perfect]:lex_emb_norm,0.1306222021934497,0.0933989889880621,1.3985397873005387,0.1619510334630864,-0.0524364524156051,0.3136808568025046,0.014743980393215433,0.05098984209742379,0.019627228962510474,0.00806808717249138
Qwen_Qwen3-8B-Base,selected_mixed_random_slopes__candidate__0__C_dominance_log_frequency,22066.672203397553,C(tense)[T.simple future]:lex_emb_norm,0.2819548170398726,0.0933989889880626,3.0188208683491125,0.0025376052465352,0.0988961624308166,0.4650134716489285,0.014743980393215433,0.05098984209742379,0.019627228962510474,0.00806808717249138
Qwen_Qwen3-8B-Base,selected_mixed_random_slopes__candidate__0__C_dominance_log_frequency,22066.672203397553,C(tense)[T.simple past]:lex_emb_norm,-0.0743556393888764,0.093398988988062,-0.7961075402901884,0.4259695318505486,-0.2574142939979312,0.1087030152201783,0.014743980393215433,0.05098984209742379,0.019627228962510474,0.00806808717249138
Qwen_Qwen3-8B-Base,selected_mixed_random_slopes__candidate__0__C_dominance_log_frequency,22066.672203397553,C(semantic_role)[T.patient]:lex_emb_norm,-0.126007966600179,0.1611560439215228,-0.7819003466077911,0.4342731413109687,-0.4418680085773189,0.1898520753769607,0.014743980393215433,0.05098984209742379,0.019627228962510474,0.00806808717249138
Qwen_Qwen3-8B-Base,selected_mixed_random_slopes__candidate__0__C_dominance_log_frequency,22066.672203397553,C(syntactic_role)[T.subject]:lex_emb_norm,-0.3194005282916868,0.2742829236004374,-1.164492940716115,0.2442243025049822,-0.8569851801228954,0.2181841235395216,0.014743980393215433,0.05098984209742379,0.019627228962510474,0.00806808717249138
Qwen_Qwen3-8B-Base,selected_mixed_random_slopes__candidate__0__C_dominance_log_frequency,22066.672203397553,C(valence)[T.-val]:lex_emb_norm,0.0366353600259308,0.1847857072882947,0.1982586238056491,0.8428427224962448,-0.3255379711168874,0.398808691168749,0.014743980393215433,0.05098984209742379,0.019627228962510474,0.00806808717249138
Qwen_Qwen3-8B-Base,selected_mixed_random_slopes__candidate__0__C_dominance_log_frequency,22066.672203397553,C(dominance)[T.-dom]:lex_emb_norm,-0.0243287458603339,0.0652324009627004,-0.3729549349907423,0.7091819846271809,-0.1521819023723027,0.1035244106516348,0.014743980393215433,0.05098984209742379,0.019627228962510474,0.00806808717249138
Qwen_Qwen3-8B-Base,selected_mixed_random_slopes__candidate__0__C_dominance_log_frequency,22066.672203397553,log_frequency:lex_emb_norm,-0.1922445271792409,0.3055892370320645,-0.6290945618581107,0.5292871504916635,-0.7911884258251611,0.4066993714666791,0.014743980393215433,0.05098984209742379,0.019627228962510474,0.00806808717249138
allenai_Olmo-3-1025-7B,selected_mixed_random_slopes__candidate__0__C_syntactic_role_log_frequency,16931.217176472128,Intercept,-0.0186688214066882,4.717054168613598,-0.0039577288577492,0.9968421974923286,-9.263925105013868,9.226587462200492,0.20938891454061873,0.0757401656709513,0.23354891161244468,0.17988377422770058
allenai_Olmo-3-1025-7B,selected_mixed_random_slopes__candidate__0__C_syntactic_role_log_frequency,16931.217176472128,C(tense)[T.past perfect],-0.0499018351986041,0.0485805898942886,-1.027196979435419,0.3043277201453146,-0.1451180417391203,0.0453143713419121,0.20938891454061873,0.0757401656709513,0.23354891161244468,0.17988377422770058
allenai_Olmo-3-1025-7B,selected_mixed_random_slopes__candidate__0__C_syntactic_role_log_frequency,16931.217176472128,C(tense)[T.present continuous],-0.2106874915750733,0.0485805898942885,-4.336865650119314,1.445289037308984e-05,-0.3059036981155893,-0.1154712850345573,0.20938891454061873,0.0757401656709513,0.23354891161244468,0.17988377422770058
allenai_Olmo-3-1025-7B,selected_mixed_random_slopes__candidate__0__C_syntactic_role_log_frequency,16931.217176472128,C(tense)[T.present perfect],-0.2766819341465438,0.0485805898942884,-5.695318536654342,1.2314179617503376e-08,-0.3718981406870597,-0.1814657276060278,0.20938891454061873,0.0757401656709513,0.23354891161244468,0.17988377422770058
allenai_Olmo-3-1025-7B,selected_mixed_random_slopes__candidate__0__C_syntactic_role_log_frequency,16931.217176472128,C(tense)[T.simple future],-0.0008125407999079,0.0485805898942886,-0.0167256264626677,0.986655503058147,-0.0960287473404241,0.0944036657406083,0.20938891454061873,0.0757401656709513,0.23354891161244468,0.17988377422770058
allenai_Olmo-3-1025-7B,selected_mixed_random_slopes__candidate__0__C_syntactic_role_log_frequency,16931.217176472128,C(tense)[T.simple past],-0.1023197732266302,0.0485805898942888,-2.1061863071090263,0.0351881721064056,-0.1975359797671468,-0.0071035666861136,0.20938891454061873,0.0757401656709513,0.23354891161244468,0.17988377422770058
allenai_Olmo-3-1025-7B,selected_mixed_random_slopes__candidate__0__C_syntactic_role_log_frequency,16931.217176472128,C(semantic_role)[T.patient],0.1977044169757905,0.3136876773475293,0.6302587932287732,0.5285252784366853,-0.4171121330193877,0.8125209669709689,0.20938891454061873,0.0757401656709513,0.23354891161244468,0.17988377422770058
allenai_Olmo-3-1025-7B,selected_mixed_random_slopes__candidate__0__C_syntactic_role_log_frequency,16931.217176472128,C(syntactic_role)[T.subject],0.1432926049035324,0.1594825839295913,0.8984843446403747,0.3689273878334728,-0.1692875157598529,0.4558727255669177,0.20938891454061873,0.0757401656709513,0.23354891161244468,0.17988377422770058
allenai_Olmo-3-1025-7B,selected_mixed_random_slopes__candidate__0__C_syntactic_role_log_frequency,16931.217176472128,C(valence)[T.-val],0.2683415586172297,0.3292540549162966,0.8149984931406473,0.4150731726211382,-0.3769845307824848,0.913667648016944,0.20938891454061873,0.0757401656709513,0.23354891161244468,0.17988377422770058
allenai_Olmo-3-1025-7B,selected_mixed_random_slopes__candidate__0__C_syntactic_role_log_frequency,16931.217176472128,C(dominance)[T.-dom],0.097044782667422,0.3023317646833032,0.3209877161570429,0.7482196998414841,-0.4955145874942909,0.6896041528291349,0.20938891454061873,0.0757401656709513,0.23354891161244468,0.17988377422770058
allenai_Olmo-3-1025-7B,selected_mixed_random_slopes__candidate__0__C_syntactic_role_log_frequency,16931.217176472128,C(tense)[T.past perfect]:C(semantic_role)[T.patient],-0.0844094687634955,0.0213188157166316,-3.95938826459504,7.514199004063603e-05,-0.1261935797611399,-0.042625357765851,0.20938891454061873,0.0757401656709513,0.23354891161244468,0.17988377422770058
allenai_Olmo-3-1025-7B,selected_mixed_random_slopes__candidate__0__C_syntactic_role_log_frequency,16931.217176472128,C(tense)[T.present continuous]:C(semantic_role)[T.patient],-0.0412601591090876,0.0213188157166316,-1.9353870148096013,0.0529428215653714,-0.0830442701067321,0.0005239518885567,0.20938891454061873,0.0757401656709513,0.23354891161244468,0.17988377422770058
allenai_Olmo-3-1025-7B,selected_mixed_random_slopes__candidate__0__C_syntactic_role_log_frequency,16931.217176472128,C(tense)[T.present perfect]:C(semantic_role)[T.patient],-0.0529717331304923,0.0213188157166316,-2.4847408896717984,0.0129645760663031,-0.0947558441281368,-0.0111876221328479,0.20938891454061873,0.0757401656709513,0.23354891161244468,0.17988377422770058
allenai_Olmo-3-1025-7B,selected_mixed_random_slopes__candidate__0__C_syntactic_role_log_frequency,16931.217176472128,C(tense)[T.simple future]:C(semantic_role)[T.patient],0.0995003508890533,0.0213188157166316,4.667255076998919,3.0525028326732117e-06,0.0577162398914088,0.1412844618866977,0.20938891454061873,0.0757401656709513,0.23354891161244468,0.17988377422770058
allenai_Olmo-3-1025-7B,selected_mixed_random_slopes__candidate__0__C_syntactic_role_log_frequency,16931.217176472128,C(tense)[T.simple past]:C(semantic_role)[T.patient],-0.0892746191428588,0.0213188157166316,-4.187597488035522,2.819229355597185e-05,-0.1310587301405032,-0.0474905081452143,0.20938891454061873,0.0757401656709513,0.23354891161244468,0.17988377422770058
allenai_Olmo-3-1025-7B,selected_mixed_random_slopes__candidate__0__C_syntactic_role_log_frequency,16931.217176472128,C(tense)[T.past perfect]:C(syntactic_role)[T.subject],0.0569223624130681,0.0213188157166315,2.670052744471214,0.0075839332738023,0.0151382514154238,0.0987064734107124,0.20938891454061873,0.0757401656709513,0.23354891161244468,0.17988377422770058
allenai_Olmo-3-1025-7B,selected_mixed_random_slopes__candidate__0__C_syntactic_role_log_frequency,16931.217176472128,C(tense)[T.present continuous]:C(syntactic_role)[T.subject],0.0526643342362048,0.0213188157166315,2.4703217540887863,0.0134991574050362,0.0108802232385605,0.0944484452338491,0.20938891454061873,0.0757401656709513,0.23354891161244468,0.17988377422770058
allenai_Olmo-3-1025-7B,selected_mixed_random_slopes__candidate__0__C_syntactic_role_log_frequency,16931.217176472128,C(tense)[T.present perfect]:C(syntactic_role)[T.subject],-0.0407445441495349,0.0213188157166315,-1.9112011047475173,0.0559787419750671,-0.0825286551471792,0.0010395668481093,0.20938891454061873,0.0757401656709513,0.23354891161244468,0.17988377422770058
allenai_Olmo-3-1025-7B,selected_mixed_random_slopes__candidate__0__C_syntactic_role_log_frequency,16931.217176472128,C(tense)[T.simple future]:C(syntactic_role)[T.subject],-0.1165028952850065,0.0213188157166315,-5.464792080083446,4.6344969714574354e-08,-0.1582870062826508,-0.0747187842873622,0.20938891454061873,0.0757401656709513,0.23354891161244468,0.17988377422770058
allenai_Olmo-3-1025-7B,selected_mixed_random_slopes__candidate__0__C_syntactic_role_log_frequency,16931.217176472128,C(tense)[T.simple past]:C(syntactic_role)[T.subject],0.1243284923316802,0.0213188157166315,5.831866740828726,5.4810685909596115e-09,0.0825443813340359,0.1661126033293245,0.20938891454061873,0.0757401656709513,0.23354891161244468,0.17988377422770058
allenai_Olmo-3-1025-7B,selected_mixed_random_slopes__candidate__0__C_syntactic_role_log_frequency,16931.217176472128,C(tense)[T.past perfect]:C(valence)[T.-val],0.0109963473031452,0.0213188157166316,0.5158047918471653,0.6059907554469501,-0.0307877636944991,0.0527804583007896,0.20938891454061873,0.0757401656709513,0.23354891161244468,0.17988377422770058
allenai_Olmo-3-1025-7B,selected_mixed_random_slopes__candidate__0__C_syntactic_role_log_frequency,16931.217176472128,C(tense)[T.present continuous]:C(valence)[T.-val],0.0330443416801301,0.0213188157166316,1.5500083175047583,0.1211395196661179,-0.0087397693175142,0.0748284526777746,0.20938891454061873,0.0757401656709513,0.23354891161244468,0.17988377422770058
allenai_Olmo-3-1025-7B,selected_mixed_random_slopes__candidate__0__C_syntactic_role_log_frequency,16931.217176472128,C(tense)[T.present perfect]:C(valence)[T.-val],0.0573018148180655,0.0213188157166316,2.68785168837321,0.0071913329553241,0.0155177038204211,0.0990859258157099,0.20938891454061873,0.0757401656709513,0.23354891161244468,0.17988377422770058
allenai_Olmo-3-1025-7B,selected_mixed_random_slopes__candidate__0__C_syntactic_role_log_frequency,16931.217176472128,C(tense)[T.simple future]:C(valence)[T.-val],0.1296134595718565,0.0213188157166316,6.07976828050257,1.2035635045523294e-09,0.0878293485742121,0.1713975705695009,0.20938891454061873,0.0757401656709513,0.23354891161244468,0.17988377422770058
allenai_Olmo-3-1025-7B,selected_mixed_random_slopes__candidate__0__C_syntactic_role_log_frequency,16931.217176472128,C(tense)[T.simple past]:C(valence)[T.-val],0.0511253053351971,0.0213188157166316,2.398130647347001,0.0164789864480322,0.0093411943375527,0.0929094163328415,0.20938891454061873,0.0757401656709513,0.23354891161244468,0.17988377422770058
allenai_Olmo-3-1025-7B,selected_mixed_random_slopes__candidate__0__C_syntactic_role_log_frequency,16931.217176472128,C(tense)[T.past perfect]:C(dominance)[T.-dom],-0.0067925885451116,0.0213188157166316,-0.3186194127947029,0.7500151308253303,-0.0485766995427562,0.0349915224525329,0.20938891454061873,0.0757401656709513,0.23354891161244468,0.17988377422770058
allenai_Olmo-3-1025-7B,selected_mixed_random_slopes__candidate__0__C_syntactic_role_log_frequency,16931.217176472128,C(tense)[T.present continuous]:C(dominance)[T.-dom],-0.0673659837384026,0.0213188157166316,-3.1599308626626788,0.0015780658049788,-0.1091500947360472,-0.025581872740758,0.20938891454061873,0.0757401656709513,0.23354891161244468,0.17988377422770058
allenai_Olmo-3-1025-7B,selected_mixed_random_slopes__candidate__0__C_syntactic_role_log_frequency,16931.217176472128,C(tense)[T.present perfect]:C(dominance)[T.-dom],-0.0126956199852652,0.0213188157166316,-0.5955124409354893,0.5515009855559527,-0.0544797309829097,0.0290884910123793,0.20938891454061873,0.0757401656709513,0.23354891161244468,0.17988377422770058
allenai_Olmo-3-1025-7B,selected_mixed_random_slopes__candidate__0__C_syntactic_role_log_frequency,16931.217176472128,C(tense)[T.simple future]:C(dominance)[T.-dom],-0.1549034551238422,0.0213188157166316,-7.266044098453162,3.701677876092322e-13,-0.1966875661214867,-0.1131193441261976,0.20938891454061873,0.0757401656709513,0.23354891161244468,0.17988377422770058
allenai_Olmo-3-1025-7B,selected_mixed_random_slopes__candidate__0__C_syntactic_role_log_frequency,16931.217176472128,C(tense)[T.simple past]:C(dominance)[T.-dom],-0.0297946687683781,0.0213188157166316,-1.3975761676636722,0.162240379195567,-0.0715787797660227,0.0119894422292663,0.20938891454061873,0.0757401656709513,0.23354891161244468,0.17988377422770058
allenai_Olmo-3-1025-7B,selected_mixed_random_slopes__candidate__0__C_syntactic_role_log_frequency,16931.217176472128,C(semantic_role)[T.patient]:C(syntactic_role)[T.subject],-0.1958630008478772,0.0123084239928012,-15.91292280493668,5.154965619450601e-57,-0.2199870685802163,-0.171738933115538,0.20938891454061873,0.0757401656709513,0.23354891161244468,0.17988377422770058
allenai_Olmo-3-1025-7B,selected_mixed_random_slopes__candidate__0__C_syntactic_role_log_frequency,16931.217176472128,C(semantic_role)[T.patient]:C(valence)[T.-val],0.0172683163901686,0.0123084239928012,1.4029673011157424,0.1606265899271138,-0.0068557513421705,0.0413923841225078,0.20938891454061873,0.0757401656709513,0.23354891161244468,0.17988377422770058
allenai_Olmo-3-1025-7B,selected_mixed_random_slopes__candidate__0__C_syntactic_role_log_frequency,16931.217176472128,C(semantic_role)[T.patient]:C(dominance)[T.-dom],0.0151216877717836,0.0123084239928012,1.2285640940406113,0.2192352846891661,-0.0090023799605555,0.0392457555041228,0.20938891454061873,0.0757401656709513,0.23354891161244468,0.17988377422770058
allenai_Olmo-3-1025-7B,selected_mixed_random_slopes__candidate__0__C_syntactic_role_log_frequency,16931.217176472128,C(syntactic_role)[T.subject]:C(valence)[T.-val],-0.1096391397889728,0.0123084239928012,-8.907650553238717,5.212539218613083e-19,-0.133763207521312,-0.0855150720566337,0.20938891454061873,0.0757401656709513,0.23354891161244468,0.17988377422770058
allenai_Olmo-3-1025-7B,selected_mixed_random_slopes__candidate__0__C_syntactic_role_log_frequency,16931.217176472128,C(syntactic_role)[T.subject]:C(dominance)[T.-dom],-0.0462489945166743,0.0123084239928012,-3.7575074228612535,0.0001716142778172,-0.0703730622490135,-0.0221249267843351,0.20938891454061873,0.0757401656709513,0.23354891161244468,0.17988377422770058
allenai_Olmo-3-1025-7B,selected_mixed_random_slopes__candidate__0__C_syntactic_role_log_frequency,16931.217176472128,C(valence)[T.-val]:C(dominance)[T.-dom],-0.0187734549126838,0.0123084239928012,-1.5252525362843985,0.1271961213544233,-0.042897522645023,0.0053506128196553,0.20938891454061873,0.0757401656709513,0.23354891161244468,0.17988377422770058
allenai_Olmo-3-1025-7B,selected_mixed_random_slopes__candidate__0__C_syntactic_role_log_frequency,16931.217176472128,log_frequency,0.242182626105881,0.6801170376962059,0.3560896326406382,0.721773441007522,-1.0908222730507529,1.575187525262515,0.20938891454061873,0.0757401656709513,0.23354891161244468,0.17988377422770058
allenai_Olmo-3-1025-7B,selected_mixed_random_slopes__candidate__0__C_syntactic_role_log_frequency,16931.217176472128,C(tense)[T.past perfect]:log_frequency,0.0107631840634555,0.0060504841054157,1.7788963454711837,0.0752567573813169,-0.0010955468721913,0.0226219149991023,0.20938891454061873,0.0757401656709513,0.23354891161244468,0.17988377422770058
allenai_Olmo-3-1025-7B,selected_mixed_random_slopes__candidate__0__C_syntactic_role_log_frequency,16931.217176472128,C(tense)[T.present continuous]:log_frequency,0.0094757375725927,0.0060504841054157,1.5661122990325849,0.1173223292761369,-0.0023829933630541,0.0213344685082395,0.20938891454061873,0.0757401656709513,0.23354891161244468,0.17988377422770058
allenai_Olmo-3-1025-7B,selected_mixed_random_slopes__candidate__0__C_syntactic_role_log_frequency,16931.217176472128,C(tense)[T.present perfect]:log_frequency,0.030327300731127,0.0060504841054157,5.0123759029432895,5.376204741526686e-07,0.0184685697954802,0.0421860316667739,0.20938891454061873,0.0757401656709513,0.23354891161244468,0.17988377422770058
allenai_Olmo-3-1025-7B,selected_mixed_random_slopes__candidate__0__C_syntactic_role_log_frequency,16931.217176472128,C(tense)[T.simple future]:log_frequency,0.0167161487309925,0.0060504841054157,2.7627787198102225,0.0057311606226765,0.0048574177953456,0.0285748796666394,0.20938891454061873,0.0757401656709513,0.23354891161244468,0.17988377422770058
allenai_Olmo-3-1025-7B,selected_mixed_random_slopes__candidate__0__C_syntactic_role_log_frequency,16931.217176472128,C(tense)[T.simple past]:log_frequency,0.0110029812585129,0.0060504841054157,1.8185290741718056,0.0689833071309161,-0.0008557496771339,0.0228617121941598,0.20938891454061873,0.0757401656709513,0.23354891161244468,0.17988377422770058
allenai_Olmo-3-1025-7B,selected_mixed_random_slopes__candidate__0__C_syntactic_role_log_frequency,16931.217176472128,C(semantic_role)[T.patient]:log_frequency,-0.0134663083196282,0.0408166644399106,-0.32992182248143,0.7414590339194242,-0.0934655005909098,0.0665328839516533,0.20938891454061873,0.0757401656709513,0.23354891161244468,0.17988377422770058
allenai_Olmo-3-1025-7B,selected_mixed_random_slopes__candidate__0__C_syntactic_role_log_frequency,16931.217176472128,C(valence)[T.-val]:log_frequency,-0.0133067261970679,0.042268400833913,-0.3148149902655326,0.7529021294531638,-0.0961512695156402,0.0695378171215043,0.20938891454061873,0.0757401656709513,0.23354891161244468,0.17988377422770058
allenai_Olmo-3-1025-7B,selected_mixed_random_slopes__candidate__0__C_syntactic_role_log_frequency,16931.217176472128,C(dominance)[T.-dom]:log_frequency,-0.0065794282738549,0.0426063276667764,-0.1544237354909472,0.8772756399086145,-0.0900862960142491,0.0769274394665393,0.20938891454061873,0.0757401656709513,0.23354891161244468,0.17988377422770058
allenai_Olmo-3-1025-7B,selected_mixed_random_slopes__candidate__0__C_syntactic_role_log_frequency,16931.217176472128,lex_emb_norm,0.5183555042706677,1.1057476323379996,0.4687828299253543,0.63922487408756,-1.6488700311022488,2.685581039643584,0.20938891454061873,0.0757401656709513,0.23354891161244468,0.17988377422770058
allenai_Olmo-3-1025-7B,selected_mixed_random_slopes__candidate__0__C_syntactic_role_log_frequency,16931.217176472128,C(tense)[T.past perfect]:lex_emb_norm,0.0039697612684839,0.0078753871623046,0.5040718870921164,0.6142108615319686,-0.0114657139339422,0.0194052364709101,0.20938891454061873,0.0757401656709513,0.23354891161244468,0.17988377422770058
allenai_Olmo-3-1025-7B,selected_mixed_random_slopes__candidate__0__C_syntactic_role_log_frequency,16931.217176472128,C(tense)[T.present continuous]:lex_emb_norm,0.0155137963394967,0.0078753871623046,1.969909036822116,0.0488487965640492,7.832113707059891e-05,0.0309492715419229,0.20938891454061873,0.0757401656709513,0.23354891161244468,0.17988377422770058
allenai_Olmo-3-1025-7B,selected_mixed_random_slopes__candidate__0__C_syntactic_role_log_frequency,16931.217176472128,C(tense)[T.present perfect]:lex_emb_norm,0.0130779798156387,0.0078753871623046,1.6606142080526711,0.0967909535958116,-0.0023574953867875,0.0285134550180649,0.20938891454061873,0.0757401656709513,0.23354891161244468,0.17988377422770058
allenai_Olmo-3-1025-7B,selected_mixed_random_slopes__candidate__0__C_syntactic_role_log_frequency,16931.217176472128,C(tense)[T.simple future]:lex_emb_norm,0.0306227422267006,0.0078753871623046,3.8884110197497015,0.0001009026488236,0.0151872670242744,0.0460582174291268,0.20938891454061873,0.0757401656709513,0.23354891161244468,0.17988377422770058
allenai_Olmo-3-1025-7B,selected_mixed_random_slopes__candidate__0__C_syntactic_role_log_frequency,16931.217176472128,C(tense)[T.simple past]:lex_emb_norm,0.0034141851073128,0.0078753871623046,0.4335260015729451,0.6646326804963569,-0.0120212900951133,0.018849660309739,0.20938891454061873,0.0757401656709513,0.23354891161244468,0.17988377422770058
allenai_Olmo-3-1025-7B,selected_mixed_random_slopes__candidate__0__C_syntactic_role_log_frequency,16931.217176472128,C(semantic_role)[T.patient]:lex_emb_norm,0.0128732745794142,0.0569765109650731,0.2259400296958453,0.8212480635177994,-0.0987986348768805,0.1245451840357091,0.20938891454061873,0.0757401656709513,0.23354891161244468,0.17988377422770058
allenai_Olmo-3-1025-7B,selected_mixed_random_slopes__candidate__0__C_syntactic_role_log_frequency,16931.217176472128,C(syntactic_role)[T.subject]:lex_emb_norm,-0.0405029075662101,0.0305975207477779,-1.3237316807490545,0.1855921729127627,-0.100472946248072,0.0194671311156516,0.20938891454061873,0.0757401656709513,0.23354891161244468,0.17988377422770058
allenai_Olmo-3-1025-7B,selected_mixed_random_slopes__candidate__0__C_syntactic_role_log_frequency,16931.217176472128,C(valence)[T.-val]:lex_emb_norm,-0.0005372321191334,0.0599133818662635,-0.0089668134630188,0.9928456138516248,-0.1179653027690051,0.1168908385307383,0.20938891454061873,0.0757401656709513,0.23354891161244468,0.17988377422770058
allenai_Olmo-3-1025-7B,selected_mixed_random_slopes__candidate__0__C_syntactic_role_log_frequency,16931.217176472128,C(dominance)[T.-dom]:lex_emb_norm,-0.0043899069220531,0.0543062125620635,-0.0808361827302198,0.935572232557586,-0.1108281276804743,0.102048313836368,0.20938891454061873,0.0757401656709513,0.23354891161244468,0.17988377422770058
allenai_Olmo-3-1025-7B,selected_mixed_random_slopes__candidate__0__C_syntactic_role_log_frequency,16931.217176472128,log_frequency:lex_emb_norm,-0.0722061464777735,0.1492678340156435,-0.4837354742496378,0.6285736138573157,-0.3647657251987377,0.2203534322431906,0.20938891454061873,0.0757401656709513,0.23354891161244468,0.17988377422770058
allenai_Olmo-3-1125-32B,selected_mixed_random_slopes__candidate__0__C_tense_lex_emb_norm,25182.33894164482,Intercept,-0.7907366288944636,3.722638308531487,-0.212412961818575,0.831784874429246,-8.086973641085285,6.505500383296357,0.009546385288614111,0.05280991153098176,0.015209751832402847,0.0072467212547887615
allenai_Olmo-3-1125-32B,selected_mixed_random_slopes__candidate__0__C_tense_lex_emb_norm,25182.33894164482,C(tense)[T.past perfect],-0.0482613475351023,0.0594209523534073,-0.8121941103883182,0.416680258502818,-0.1647242740748513,0.0682015790046466,0.009546385288614111,0.05280991153098176,0.015209751832402847,0.0072467212547887615
allenai_Olmo-3-1125-32B,selected_mixed_random_slopes__candidate__0__C_tense_lex_emb_norm,25182.33894164482,C(tense)[T.present continuous],0.0453596259484744,0.0594209523534074,0.7633608037565108,0.4452482490396013,-0.0711033005912746,0.1618225524882235,0.009546385288614111,0.05280991153098176,0.015209751832402847,0.0072467212547887615
allenai_Olmo-3-1125-32B,selected_mixed_random_slopes__candidate__0__C_tense_lex_emb_norm,25182.33894164482,C(tense)[T.present perfect],-0.1520199528401819,0.0594209523534072,-2.5583560481501584,0.010516835210739,-0.2684828793799308,-0.035557026300433,0.009546385288614111,0.05280991153098176,0.015209751832402847,0.0072467212547887615
allenai_Olmo-3-1125-32B,selected_mixed_random_slopes__candidate__0__C_tense_lex_emb_norm,25182.33894164482,C(tense)[T.simple future],0.4197677026495951,0.0594209523534073,7.06430452600318,1.614223965990012e-12,0.3033047761098461,0.5362306291893442,0.009546385288614111,0.05280991153098176,0.015209751832402847,0.0072467212547887615
allenai_Olmo-3-1125-32B,selected_mixed_random_slopes__candidate__0__C_tense_lex_emb_norm,25182.33894164482,C(tense)[T.simple past],-0.0458470330822631,0.0594209523534071,-0.7715634177248981,0.4403730480632289,-0.1623099596220117,0.0706158934574854,0.009546385288614111,0.05280991153098176,0.015209751832402847,0.0072467212547887615
allenai_Olmo-3-1125-32B,selected_mixed_random_slopes__candidate__0__C_tense_lex_emb_norm,25182.33894164482,C(semantic_role)[T.patient],0.1201336773932839,0.0830720592068576,1.4461381906296458,0.1481384458442944,-0.042684566773736,0.2829519215603039,0.009546385288614111,0.05280991153098176,0.015209751832402847,0.0072467212547887615
allenai_Olmo-3-1125-32B,selected_mixed_random_slopes__candidate__0__C_tense_lex_emb_norm,25182.33894164482,C(syntactic_role)[T.subject],-0.5074289180561627,0.1744434029500727,-2.908845559504439,0.0036276601864181,-0.8493317051789135,-0.1655261309334119,0.009546385288614111,0.05280991153098176,0.015209751832402847,0.0072467212547887615
allenai_Olmo-3-1125-32B,selected_mixed_random_slopes__candidate__0__C_tense_lex_emb_norm,25182.33894164482,C(valence)[T.-val],0.1065225938351137,0.0999053350694864,1.0662352892468137,0.2863172934713759,-0.0892882647644861,0.3023334524347135,0.009546385288614111,0.05280991153098176,0.015209751832402847,0.0072467212547887615
allenai_Olmo-3-1125-32B,selected_mixed_random_slopes__candidate__0__C_tense_lex_emb_norm,25182.33894164482,C(dominance)[T.-dom],-0.0356360041471041,0.0751682072732619,-0.4740834648025484,0.6354403893981211,-0.1829629831851394,0.111690974890931,0.009546385288614111,0.05280991153098176,0.015209751832402847,0.0072467212547887615
allenai_Olmo-3-1125-32B,selected_mixed_random_slopes__candidate__0__C_tense_lex_emb_norm,25182.33894164482,C(tense)[T.past perfect]:C(semantic_role)[T.patient],0.0320174677462996,0.0278234756842601,1.150735735162375,0.2498409703530357,-0.0225155425195762,0.0865504780121755,0.009546385288614111,0.05280991153098176,0.015209751832402847,0.0072467212547887615
allenai_Olmo-3-1125-32B,selected_mixed_random_slopes__candidate__0__C_tense_lex_emb_norm,25182.33894164482,C(tense)[T.present continuous]:C(semantic_role)[T.patient],-0.0252041449791094,0.0278234756842601,-0.9058589683447612,0.3650105045587622,-0.0797371552449854,0.0293288652867664,0.009546385288614111,0.05280991153098176,0.015209751832402847,0.0072467212547887615
allenai_Olmo-3-1125-32B,selected_mixed_random_slopes__candidate__0__C_tense_lex_emb_norm,25182.33894164482,C(tense)[T.present perfect]:C(semantic_role)[T.patient],0.0282341319255621,0.0278234756842601,1.014759343726932,0.3102205582384886,-0.0262988783403137,0.082767142191438,0.009546385288614111,0.05280991153098176,0.015209751832402847,0.0072467212547887615
allenai_Olmo-3-1125-32B,selected_mixed_random_slopes__candidate__0__C_tense_lex_emb_norm,25182.33894164482,C(tense)[T.simple future]:C(semantic_role)[T.patient],-0.0430198324766889,0.0278234756842601,-1.5461703262696769,0.1220634379432703,-0.0975528427425649,0.0115131777891869,0.009546385288614111,0.05280991153098176,0.015209751832402847,0.0072467212547887615
allenai_Olmo-3-1125-32B,selected_mixed_random_slopes__candidate__0__C_tense_lex_emb_norm,25182.33894164482,C(tense)[T.simple past]:C(semantic_role)[T.patient],0.0131986173200956,0.0278234756842601,0.4743698260373027,0.6352362062733741,-0.0413343929457802,0.0677316275859715,0.009546385288614111,0.05280991153098176,0.015209751832402847,0.0072467212547887615
allenai_Olmo-3-1125-32B,selected_mixed_random_slopes__candidate__0__C_tense_lex_emb_norm,25182.33894164482,C(tense)[T.past perfect]:C(syntactic_role)[T.subject],0.0977257290594273,0.0278234756842603,3.5123479959303063,0.0004441659983059,0.0431927187935511,0.1522587393253034,0.009546385288614111,0.05280991153098176,0.015209751832402847,0.0072467212547887615
allenai_Olmo-3-1125-32B,selected_mixed_random_slopes__candidate__0__C_tense_lex_emb_norm,25182.33894164482,C(tense)[T.present continuous]:C(syntactic_role)[T.subject],0.0742234180504833,0.0278234756842603,2.6676544258081814,0.0076382777839416,0.0196904077846072,0.1287564283163595,0.009546385288614111,0.05280991153098176,0.015209751832402847,0.0072467212547887615
allenai_Olmo-3-1125-32B,selected_mixed_random_slopes__candidate__0__C_tense_lex_emb_norm,25182.33894164482,C(tense)[T.present perfect]:C(syntactic_role)[T.subject],0.1162296243954702,0.0278234756842603,4.1773941442269615,2.948678166590855e-05,0.0616966141295941,0.1707626346613464,0.009546385288614111,0.05280991153098176,0.015209751832402847,0.0072467212547887615
allenai_Olmo-3-1125-32B,selected_mixed_random_slopes__candidate__0__C_tense_lex_emb_norm,25182.33894164482,C(tense)[T.simple future]:C(syntactic_role)[T.subject],0.1957773434024195,0.0278234756842603,7.036408593379671,1.9725794961545922e-12,0.1412443331365434,0.2503103536682957,0.009546385288614111,0.05280991153098176,0.015209751832402847,0.0072467212547887615
allenai_Olmo-3-1125-32B,selected_mixed_random_slopes__candidate__0__C_tense_lex_emb_norm,25182.33894164482,C(tense)[T.simple past]:C(syntactic_role)[T.subject],0.0829558282595696,0.0278234756842603,2.981504870237963,0.002868354843416,0.0284228179936935,0.1374888385254458,0.009546385288614111,0.05280991153098176,0.015209751832402847,0.0072467212547887615
allenai_Olmo-3-1125-32B,selected_mixed_random_slopes__candidate__0__C_tense_lex_emb_norm,25182.33894164482,C(tense)[T.past perfect]:C(valence)[T.-val],0.1172628156923565,0.0278234756842603,4.214527941190744,2.50301164940699e-05,0.0627298054264802,0.1717958259582327,0.009546385288614111,0.05280991153098176,0.015209751832402847,0.0072467212547887615
allenai_Olmo-3-1125-32B,selected_mixed_random_slopes__candidate__0__C_tense_lex_emb_norm,25182.33894164482,C(tense)[T.present continuous]:C(valence)[T.-val],0.0069302096639627,0.0278234756842603,0.2490777839047298,0.803300613874668,-0.0476028006019135,0.0614632199298389,0.009546385288614111,0.05280991153098176,0.015209751832402847,0.0072467212547887615
allenai_Olmo-3-1125-32B,selected_mixed_random_slopes__candidate__0__C_tense_lex_emb_norm,25182.33894164482,C(tense)[T.present perfect]:C(valence)[T.-val],0.181119799246276,0.0278234756842603,6.50960366352558,7.534934263545329e-11,0.1265867889803998,0.2356528095121523,0.009546385288614111,0.05280991153098176,0.015209751832402847,0.0072467212547887615
allenai_Olmo-3-1125-32B,selected_mixed_random_slopes__candidate__0__C_tense_lex_emb_norm,25182.33894164482,C(tense)[T.simple future]:C(valence)[T.-val],0.1605319491883478,0.0278234756842603,5.769658363680287,7.943240096424135e-09,0.1059989389224716,0.2150649594542241,0.009546385288614111,0.05280991153098176,0.015209751832402847,0.0072467212547887615
allenai_Olmo-3-1125-32B,selected_mixed_random_slopes__candidate__0__C_tense_lex_emb_norm,25182.33894164482,C(tense)[T.simple past]:C(valence)[T.-val],0.030903193745213,0.0278234756842603,1.110687755041865,0.2667027747295991,-0.0236298165206631,0.0854362040110892,0.009546385288614111,0.05280991153098176,0.015209751832402847,0.0072467212547887615
allenai_Olmo-3-1125-32B,selected_mixed_random_slopes__candidate__0__C_tense_lex_emb_norm,25182.33894164482,C(tense)[T.past perfect]:C(dominance)[T.-dom],-0.0154786728028633,0.0278234756842604,-0.5563170100858218,0.57799416079998,-0.0700116830687398,0.0390543374630131,0.009546385288614111,0.05280991153098176,0.015209751832402847,0.0072467212547887615
allenai_Olmo-3-1125-32B,selected_mixed_random_slopes__candidate__0__C_tense_lex_emb_norm,25182.33894164482,C(tense)[T.present continuous]:C(dominance)[T.-dom],-0.1530756353848391,0.0278234756842604,-5.501671937824531,3.762064845525683e-08,-0.2076086456507155,-0.0985426251189626,0.009546385288614111,0.05280991153098176,0.015209751832402847,0.0072467212547887615
allenai_Olmo-3-1125-32B,selected_mixed_random_slopes__candidate__0__C_tense_lex_emb_norm,25182.33894164482,C(tense)[T.present perfect]:C(dominance)[T.-dom],-0.0560102114120664,0.0278234756842604,-2.013055883012883,0.0441087506971095,-0.1105432216779429,-0.0014772011461899,0.009546385288614111,0.05280991153098176,0.015209751832402847,0.0072467212547887615
allenai_Olmo-3-1125-32B,selected_mixed_random_slopes__candidate__0__C_tense_lex_emb_norm,25182.33894164482,C(tense)[T.simple future]:C(dominance)[T.-dom],-0.3057784624926503,0.0278234756842604,-10.989944820791274,4.2718718070051825e-28,-0.3603114727585268,-0.2512454522267738,0.009546385288614111,0.05280991153098176,0.015209751832402847,0.0072467212547887615
allenai_Olmo-3-1125-32B,selected_mixed_random_slopes__candidate__0__C_tense_lex_emb_norm,25182.33894164482,C(tense)[T.simple past]:C(dominance)[T.-dom],-0.0130960363050852,0.0278234756842604,-0.4706829748266717,0.6378671441013188,-0.0676290465709617,0.0414369739607911,0.009546385288614111,0.05280991153098176,0.015209751832402847,0.0072467212547887615
allenai_Olmo-3-1125-32B,selected_mixed_random_slopes__candidate__0__C_tense_lex_emb_norm,25182.33894164482,C(semantic_role)[T.patient]:C(syntactic_role)[T.subject],-0.2097005935048984,0.0160638911760987,-13.054159244860276,6.017062672898857e-39,-0.2411852416616226,-0.1782159453481741,0.009546385288614111,0.05280991153098176,0.015209751832402847,0.0072467212547887615
allenai_Olmo-3-1125-32B,selected_mixed_random_slopes__candidate__0__C_tense_lex_emb_norm,25182.33894164482,C(semantic_role)[T.patient]:C(valence)[T.-val],-0.056067439171532,0.0160638911760987,-3.4902775770141004,0.0004825190850495,-0.0875520873282563,-0.0245827910148077,0.009546385288614111,0.05280991153098176,0.015209751832402847,0.0072467212547887615
allenai_Olmo-3-1125-32B,selected_mixed_random_slopes__candidate__0__C_tense_lex_emb_norm,25182.33894164482,C(semantic_role)[T.patient]:C(dominance)[T.-dom],-0.0225527666286087,0.0160638911760987,-1.4039416964032194,0.1603362119390837,-0.054037414785333,0.0089318815281155,0.009546385288614111,0.05280991153098176,0.015209751832402847,0.0072467212547887615
allenai_Olmo-3-1125-32B,selected_mixed_random_slopes__candidate__0__C_tense_lex_emb_norm,25182.33894164482,C(syntactic_role)[T.subject]:C(valence)[T.-val],-0.1147405543444064,0.0160638911760987,-7.142762179261255,9.147381458961802e-13,-0.1462252025011307,-0.0832559061876822,0.009546385288614111,0.05280991153098176,0.015209751832402847,0.0072467212547887615
allenai_Olmo-3-1125-32B,selected_mixed_random_slopes__candidate__0__C_tense_lex_emb_norm,25182.33894164482,C(syntactic_role)[T.subject]:C(dominance)[T.-dom],0.1156444412854366,0.0160638911760987,7.199030422809562,6.064222087432428e-13,0.0841597931287124,0.1471290894421609,0.009546385288614111,0.05280991153098176,0.015209751832402847,0.0072467212547887615
allenai_Olmo-3-1125-32B,selected_mixed_random_slopes__candidate__0__C_tense_lex_emb_norm,25182.33894164482,C(valence)[T.-val]:C(dominance)[T.-dom],0.0258205516302707,0.0160638911760987,1.607365945599089,0.1079741158586295,-0.0056640965264534,0.0573051997869949,0.009546385288614111,0.05280991153098176,0.015209751832402847,0.0072467212547887615
allenai_Olmo-3-1125-32B,selected_mixed_random_slopes__candidate__0__C_tense_lex_emb_norm,25182.33894164482,log_frequency,0.4224504972883401,0.5335616801737896,0.791755691958128,0.428503142219675,-0.6233111793829663,1.4682121739596463,0.009546385288614111,0.05280991153098176,0.015209751832402847,0.0072467212547887615
allenai_Olmo-3-1125-32B,selected_mixed_random_slopes__candidate__0__C_tense_lex_emb_norm,25182.33894164482,C(tense)[T.past perfect]:log_frequency,-0.0064905374641135,0.0068707047150121,-0.9446683758555432,0.3448282069713615,-0.0199568712539468,0.0069757963257197,0.009546385288614111,0.05280991153098176,0.015209751832402847,0.0072467212547887615
allenai_Olmo-3-1125-32B,selected_mixed_random_slopes__candidate__0__C_tense_lex_emb_norm,25182.33894164482,C(tense)[T.present continuous]:log_frequency,0.0038615934325851,0.0068707047150121,0.5620374608950576,0.5740904962703416,-0.0096047403572481,0.0173279272224184,0.009546385288614111,0.05280991153098176,0.015209751832402847,0.0072467212547887615
allenai_Olmo-3-1125-32B,selected_mixed_random_slopes__candidate__0__C_tense_lex_emb_norm,25182.33894164482,C(tense)[T.present perfect]:log_frequency,0.0152740918509798,0.0068707047150121,2.22307499514669,0.0262107434240722,0.0018077580611466,0.0287404256408131,0.009546385288614111,0.05280991153098176,0.015209751832402847,0.0072467212547887615
allenai_Olmo-3-1125-32B,selected_mixed_random_slopes__candidate__0__C_tense_lex_emb_norm,25182.33894164482,C(tense)[T.simple future]:log_frequency,0.0212774829870019,0.0068707047150121,3.096841425961994,0.0019559447364694,0.0078111491971686,0.0347438167768352,0.009546385288614111,0.05280991153098176,0.015209751832402847,0.0072467212547887615
allenai_Olmo-3-1125-32B,selected_mixed_random_slopes__candidate__0__C_tense_lex_emb_norm,25182.33894164482,C(tense)[T.simple past]:log_frequency,0.0070508733230069,0.006870704715012,1.0262227261202417,0.3047866114787085,-0.0064154604668263,0.0205172071128401,0.009546385288614111,0.05280991153098176,0.015209751832402847,0.0072467212547887615
allenai_Olmo-3-1125-32B,selected_mixed_random_slopes__candidate__0__C_tense_lex_emb_norm,25182.33894164482,C(semantic_role)[T.patient]:log_frequency,-0.0002784311544455,0.0113264839227443,-0.0245823113637605,0.9803881285236372,-0.0224779317144963,0.0219210694056052,0.009546385288614111,0.05280991153098176,0.015209751832402847,0.0072467212547887615
allenai_Olmo-3-1125-32B,selected_mixed_random_slopes__candidate__0__C_tense_lex_emb_norm,25182.33894164482,C(syntactic_role)[T.subject]:log_frequency,-0.0076160626355605,0.0245165448240884,-0.3106499178496598,0.7560667743852377,-0.0556676075161359,0.0404354822450147,0.009546385288614111,0.05280991153098176,0.015209751832402847,0.0072467212547887615
allenai_Olmo-3-1125-32B,selected_mixed_random_slopes__candidate__0__C_tense_lex_emb_norm,25182.33894164482,C(valence)[T.-val]:log_frequency,-0.0030631348571209,0.0137904650381134,-0.2221197652621007,0.824220651702558,-0.0300919496618822,0.0239656799476402,0.009546385288614111,0.05280991153098176,0.015209751832402847,0.0072467212547887615
allenai_Olmo-3-1125-32B,selected_mixed_random_slopes__candidate__0__C_tense_lex_emb_norm,25182.33894164482,C(dominance)[T.-dom]:log_frequency,-0.0004230943715265,0.0101567293822765,-0.0416565565156134,0.966772486755069,-0.0203299181615083,0.0194837294184551,0.009546385288614111,0.05280991153098176,0.015209751832402847,0.0072467212547887615
allenai_Olmo-3-1125-32B,selected_mixed_random_slopes__candidate__0__C_tense_lex_emb_norm,25182.33894164482,lex_emb_norm,0.3825059326732755,0.5245735884728105,0.7291749738809074,0.4658946376295259,-0.6456394079743689,1.4106512733209198,0.009546385288614111,0.05280991153098176,0.015209751832402847,0.0072467212547887615
allenai_Olmo-3-1125-32B,selected_mixed_random_slopes__candidate__0__C_tense_lex_emb_norm,25182.33894164482,C(semantic_role)[T.patient]:lex_emb_norm,0.0023591309798298,0.0109954655666538,0.2145548967916795,0.8301143620648406,-0.0191915855240619,0.0239098474837217,0.009546385288614111,0.05280991153098176,0.015209751832402847,0.0072467212547887615
allenai_Olmo-3-1125-32B,selected_mixed_random_slopes__candidate__0__C_tense_lex_emb_norm,25182.33894164482,C(syntactic_role)[T.subject]:lex_emb_norm,0.0013925436578986,0.0238000447681299,0.0585101276684729,0.9533422956036656,-0.0452546869180769,0.0480397742338742,0.009546385288614111,0.05280991153098176,0.015209751832402847,0.0072467212547887615
allenai_Olmo-3-1125-32B,selected_mixed_random_slopes__candidate__0__C_tense_lex_emb_norm,25182.33894164482,C(valence)[T.-val]:lex_emb_norm,0.0025054930564641,0.013387436428543,0.1871525642595936,0.851541015850948,-0.0237334001887997,0.028744386301728,0.009546385288614111,0.05280991153098176,0.015209751832402847,0.0072467212547887615
allenai_Olmo-3-1125-32B,selected_mixed_random_slopes__candidate__0__C_tense_lex_emb_norm,25182.33894164482,C(dominance)[T.-dom]:lex_emb_norm,-0.0055894643035083,0.0098598972950922,-0.5668886942960865,0.5707898058056367,-0.0249145078931529,0.0137355792861362,0.009546385288614111,0.05280991153098176,0.015209751832402847,0.0072467212547887615
allenai_Olmo-3-1125-32B,selected_mixed_random_slopes__candidate__0__C_tense_lex_emb_norm,25182.33894164482,log_frequency:lex_emb_norm,-0.0587596160910087,0.0682973417570333,-0.8603499723319404,0.3895961540150701,-0.1926199461746175,0.0751007139926001,0.009546385288614111,0.05280991153098176,0.015209751832402847,0.0072467212547887615
google_gemma-3-12b-pt,selected_mixed_random_slopes__candidate__0__C_semantic_role_log_frequency,10766.454203031142,Intercept,14.19399237223739,7.47414830603769,1.899078234876788,0.0575541903419211,-0.4550691227075347,28.84305386718232,0.0024918087937412614,0.031375120061538454,0.012132914867869111,0.0050801919948619
google_gemma-3-12b-pt,selected_mixed_random_slopes__candidate__0__C_semantic_role_log_frequency,10766.454203031142,C(tense)[T.past perfect],0.2760125014132474,0.0720830169292841,3.8290919716085816,0.0001286169374738,0.1347323843348594,0.4172926184916354,0.0024918087937412614,0.031375120061538454,0.012132914867869111,0.0050801919948619
google_gemma-3-12b-pt,selected_mixed_random_slopes__candidate__0__C_semantic_role_log_frequency,10766.454203031142,C(tense)[T.present continuous],-0.1309587582380367,0.0720830169292848,-1.816776875009413,0.0692512850850032,-0.2722388753164261,0.0103213588403525,0.0024918087937412614,0.031375120061538454,0.012132914867869111,0.0050801919948619
google_gemma-3-12b-pt,selected_mixed_random_slopes__candidate__0__C_semantic_role_log_frequency,10766.454203031142,C(tense)[T.present perfect],-0.1550530956773277,0.0720830169292864,-2.151035046569084,0.0314734335567627,-0.2963332127557202,-0.0137729785989353,0.0024918087937412614,0.031375120061538454,0.012132914867869111,0.0050801919948619
google_gemma-3-12b-pt,selected_mixed_random_slopes__candidate__0__C_semantic_role_log_frequency,10766.454203031142,C(tense)[T.simple future],0.3124147968603905,0.0720830169292851,4.334097130907764,1.4635954780075034e-05,0.1711346797820006,0.4536949139387803,0.0024918087937412614,0.031375120061538454,0.012132914867869111,0.0050801919948619
google_gemma-3-12b-pt,selected_mixed_random_slopes__candidate__0__C_semantic_role_log_frequency,10766.454203031142,C(tense)[T.simple past],0.0342408243469289,0.072083016929285,0.475019301432956,0.6347732159644897,-0.1070392927314607,0.1755209414253186,0.0024918087937412614,0.031375120061538454,0.012132914867869111,0.0050801919948619
google_gemma-3-12b-pt,selected_mixed_random_slopes__candidate__0__C_semantic_role_log_frequency,10766.454203031142,C(semantic_role)[T.patient],-0.1091668732836511,0.0755908272839736,-1.4441814861152609,0.1486879313018911,-0.2573221723218272,0.0389884257545249,0.0024918087937412614,0.031375120061538454,0.012132914867869111,0.0050801919948619
google_gemma-3-12b-pt,selected_mixed_random_slopes__candidate__0__C_semantic_role_log_frequency,10766.454203031142,C(syntactic_role)[T.subject],-0.4895528803314705,0.240714603981933,-2.033748149190874,0.0419769948044486,-0.9613448346888812,-0.0177609259740598,0.0024918087937412614,0.031375120061538454,0.012132914867869111,0.0050801919948619
google_gemma-3-12b-pt,selected_mixed_random_slopes__candidate__0__C_semantic_role_log_frequency,10766.454203031142,C(valence)[T.-val],0.2858285191180597,0.1528679507534473,1.8697739958525217,0.0615152089243292,-0.0137871587491396,0.5854441969852591,0.0024918087937412614,0.031375120061538454,0.012132914867869111,0.0050801919948619
google_gemma-3-12b-pt,selected_mixed_random_slopes__candidate__0__C_semantic_role_log_frequency,10766.454203031142,C(dominance)[T.-dom],-0.3166255797812241,0.1047220528363029,-3.023485227855109,0.0024988122801698,-0.5218770317274785,-0.1113741278349697,0.0024918087937412614,0.031375120061538454,0.012132914867869111,0.0050801919948619
google_gemma-3-12b-pt,selected_mixed_random_slopes__candidate__0__C_semantic_role_log_frequency,10766.454203031142,C(tense)[T.past perfect]:C(semantic_role)[T.patient],-0.0429918028418532,0.017848303586463,-2.4087332800894443,0.0160079921258091,-0.0779738350564578,-0.0080097706272486,0.0024918087937412614,0.031375120061538454,0.012132914867869111,0.0050801919948619
google_gemma-3-12b-pt,selected_mixed_random_slopes__candidate__0__C_semantic_role_log_frequency,10766.454203031142,C(tense)[T.present continuous]:C(semantic_role)[T.patient],-0.0806252192203398,0.017848303586463,-4.517248310449503,6.264842469339308e-06,-0.1156072514349444,-0.0456431870057352,0.0024918087937412614,0.031375120061538454,0.012132914867869111,0.0050801919948619
google_gemma-3-12b-pt,selected_mixed_random_slopes__candidate__0__C_semantic_role_log_frequency,10766.454203031142,C(tense)[T.present perfect]:C(semantic_role)[T.patient],-0.0739343031824852,0.017848303586463,-4.142371448598651,3.4373304079612216e-05,-0.1089163353970898,-0.0389522709678807,0.0024918087937412614,0.031375120061538454,0.012132914867869111,0.0050801919948619
google_gemma-3-12b-pt,selected_mixed_random_slopes__candidate__0__C_semantic_role_log_frequency,10766.454203031142,C(tense)[T.simple future]:C(semantic_role)[T.patient],-0.1020016796158475,0.017848303586463,-5.714922940531467,1.097537483338636e-08,-0.136983711830452,-0.0670196474012429,0.0024918087937412614,0.031375120061538454,0.012132914867869111,0.0050801919948619
google_gemma-3-12b-pt,selected_mixed_random_slopes__candidate__0__C_semantic_role_log_frequency,10766.454203031142,C(tense)[T.simple past]:C(semantic_role)[T.patient],-0.0444414901767125,0.017848303586463,-2.4899559760076637,0.0127758919386547,-0.0794235223913171,-0.009459457962108,0.0024918087937412614,0.031375120061538454,0.012132914867869111,0.0050801919948619
google_gemma-3-12b-pt,selected_mixed_random_slopes__candidate__0__C_semantic_role_log_frequency,10766.454203031142,C(tense)[T.past perfect]:C(syntactic_role)[T.subject],0.0196274001883187,0.0178483035864629,1.0996787506015526,0.2714721163857758,-0.0153546320262856,0.0546094324029231,0.0024918087937412614,0.031375120061538454,0.012132914867869111,0.0050801919948619
google_gemma-3-12b-pt,selected_mixed_random_slopes__candidate__0__C_semantic_role_log_frequency,10766.454203031142,C(tense)[T.present continuous]:C(syntactic_role)[T.subject],-0.0670765969403249,0.0178483035864629,-3.758149709600375,0.0001711744597212,-0.1020586291549293,-0.0320945647257205,0.0024918087937412614,0.031375120061538454,0.012132914867869111,0.0050801919948619
google_gemma-3-12b-pt,selected_mixed_random_slopes__candidate__0__C_semantic_role_log_frequency,10766.454203031142,C(tense)[T.present perfect]:C(syntactic_role)[T.subject],0.0507360406365458,0.0178483035864629,2.8426253728128343,0.0044743629254881,0.0157540084219414,0.0857180728511502,0.0024918087937412614,0.031375120061538454,0.012132914867869111,0.0050801919948619
google_gemma-3-12b-pt,selected_mixed_random_slopes__candidate__0__C_semantic_role_log_frequency,10766.454203031142,C(tense)[T.simple future]:C(syntactic_role)[T.subject],-0.0638623253114511,0.0178483035864629,-3.578061354799432,0.0003461522053342,-0.0988443575260555,-0.0288802930968466,0.0024918087937412614,0.031375120061538454,0.012132914867869111,0.0050801919948619
google_gemma-3-12b-pt,selected_mixed_random_slopes__candidate__0__C_semantic_role_log_frequency,10766.454203031142,C(tense)[T.simple past]:C(syntactic_role)[T.subject],0.0441023173169319,0.0178483035864629,2.4709528893480623,0.0134753569537782,0.0091202851023275,0.0790843495315363,0.0024918087937412614,0.031375120061538454,0.012132914867869111,0.0050801919948619
google_gemma-3-12b-pt,selected_mixed_random_slopes__candidate__0__C_semantic_role_log_frequency,10766.454203031142,C(tense)[T.past perfect]:C(valence)[T.-val],0.0422997275933183,0.0178483035864629,2.3699578723773254,0.0177901121701645,0.0073176953787138,0.0772817598079227,0.0024918087937412614,0.031375120061538454,0.012132914867869111,0.0050801919948619
google_gemma-3-12b-pt,selected_mixed_random_slopes__candidate__0__C_semantic_role_log_frequency,10766.454203031142,C(tense)[T.present continuous]:C(valence)[T.-val],-0.0652032577674945,0.0178483035864629,-3.653190761330844,0.0002590016662243,-0.100185289982099,-0.0302212255528901,0.0024918087937412614,0.031375120061538454,0.012132914867869111,0.0050801919948619
google_gemma-3-12b-pt,selected_mixed_random_slopes__candidate__0__C_semantic_role_log_frequency,10766.454203031142,C(tense)[T.present perfect]:C(valence)[T.-val],-0.0190628736497334,0.0178483035864629,-1.0680496080418376,0.2854981350316471,-0.0540449058643379,0.0159191585648709,0.0024918087937412614,0.031375120061538454,0.012132914867869111,0.0050801919948619
google_gemma-3-12b-pt,selected_mixed_random_slopes__candidate__0__C_semantic_role_log_frequency,10766.454203031142,C(tense)[T.simple future]:C(valence)[T.-val],0.0365088851462443,0.0178483035864629,2.045510093964028,0.0408045950894964,0.0015268529316398,0.0714909173608487,0.0024918087937412614,0.031375120061538454,0.012132914867869111,0.0050801919948619
google_gemma-3-12b-pt,selected_mixed_random_slopes__candidate__0__C_semantic_role_log_frequency,10766.454203031142,C(tense)[T.simple past]:C(valence)[T.-val],0.0328588572989025,0.0178483035864629,1.8410073058049248,0.0656204880911144,-0.0021231749157019,0.0678408895135069,0.0024918087937412614,0.031375120061538454,0.012132914867869111,0.0050801919948619
google_gemma-3-12b-pt,selected_mixed_random_slopes__candidate__0__C_semantic_role_log_frequency,10766.454203031142,C(tense)[T.past perfect]:C(dominance)[T.-dom],0.0222616364389325,0.017848303586463,1.2472690377037687,0.2122988663425005,-0.0127203957756721,0.0572436686535372,0.0024918087937412614,0.031375120061538454,0.012132914867869111,0.0050801919948619
google_gemma-3-12b-pt,selected_mixed_random_slopes__candidate__0__C_semantic_role_log_frequency,10766.454203031142,C(tense)[T.present continuous]:C(dominance)[T.-dom],-0.0327759911644331,0.017848303586463,-1.836364504091686,0.0663037656353939,-0.0677580233790378,0.0022060410501715,0.0024918087937412614,0.031375120061538454,0.012132914867869111,0.0050801919948619
google_gemma-3-12b-pt,selected_mixed_random_slopes__candidate__0__C_semantic_role_log_frequency,10766.454203031142,C(tense)[T.present perfect]:C(dominance)[T.-dom],0.000397274956818,0.017848303586463,0.022258415478735,0.9822418202970776,-0.0345847572577866,0.0353793071714228,0.0024918087937412614,0.031375120061538454,0.012132914867869111,0.0050801919948619
google_gemma-3-12b-pt,selected_mixed_random_slopes__candidate__0__C_semantic_role_log_frequency,10766.454203031142,C(tense)[T.simple future]:C(dominance)[T.-dom],-0.0491274293062721,0.017848303586463,-2.7524985256039978,0.0059142412740368,-0.0841094615208769,-0.0141453970916674,0.0024918087937412614,0.031375120061538454,0.012132914867869111,0.0050801919948619
google_gemma-3-12b-pt,selected_mixed_random_slopes__candidate__0__C_semantic_role_log_frequency,10766.454203031142,C(tense)[T.simple past]:C(dominance)[T.-dom],0.050838569463452,0.017848303586463,2.848369830621339,0.0043943825807238,0.0158565372488473,0.0858206016780568,0.0024918087937412614,0.031375120061538454,0.012132914867869111,0.0050801919948619
google_gemma-3-12b-pt,selected_mixed_random_slopes__candidate__0__C_semantic_role_log_frequency,10766.454203031142,C(semantic_role)[T.patient]:C(syntactic_role)[T.subject],-0.1315387083910286,0.0103047228802225,-12.764895273747255,2.574967372355752e-37,-0.1517355941069307,-0.1113418226751264,0.0024918087937412614,0.031375120061538454,0.012132914867869111,0.0050801919948619
google_gemma-3-12b-pt,selected_mixed_random_slopes__candidate__0__C_semantic_role_log_frequency,10766.454203031142,C(semantic_role)[T.patient]:C(valence)[T.-val],0.0378172928152384,0.0103047228802225,3.6698990603444064,0.0002426462646754,0.0176204070993362,0.0580141785311405,0.0024918087937412614,0.031375120061538454,0.012132914867869111,0.0050801919948619
google_gemma-3-12b-pt,selected_mixed_random_slopes__candidate__0__C_semantic_role_log_frequency,10766.454203031142,C(semantic_role)[T.patient]:C(dominance)[T.-dom],-0.0300136153551395,0.0103047228802225,-2.9126077143465365,0.0035842456013916,-0.0502105010710417,-0.0098167296392374,0.0024918087937412614,0.031375120061538454,0.012132914867869111,0.0050801919948619
google_gemma-3-12b-pt,selected_mixed_random_slopes__candidate__0__C_semantic_role_log_frequency,10766.454203031142,C(syntactic_role)[T.subject]:C(valence)[T.-val],-0.0162752608566633,0.0103047228802225,-1.579398208553457,0.1142447480265594,-0.0364721465725655,0.0039216248592387,0.0024918087937412614,0.031375120061538454,0.012132914867869111,0.0050801919948619
google_gemma-3-12b-pt,selected_mixed_random_slopes__candidate__0__C_semantic_role_log_frequency,10766.454203031142,C(syntactic_role)[T.subject]:C(dominance)[T.-dom],0.0839066265360318,0.0103047228802225,8.142540804961405,3.870679896159374e-16,0.0637097408201297,0.1041035122519339,0.0024918087937412614,0.031375120061538454,0.012132914867869111,0.0050801919948619
google_gemma-3-12b-pt,selected_mixed_random_slopes__candidate__0__C_semantic_role_log_frequency,10766.454203031142,C(valence)[T.-val]:C(dominance)[T.-dom],-0.0481388731622807,0.0103047228802225,-4.6715349574971725,2.9895720611504266e-06,-0.0683357588781828,-0.0279419874463786,0.0024918087937412614,0.031375120061538454,0.012132914867869111,0.0050801919948619
google_gemma-3-12b-pt,selected_mixed_random_slopes__candidate__0__C_semantic_role_log_frequency,10766.454203031142,log_frequency,-2.1080721786320886,1.4597134026613774,-1.444168543488476,0.148691571048901,-4.969057875598802,0.7529135183346249,0.0024918087937412614,0.031375120061538454,0.012132914867869111,0.0050801919948619
google_gemma-3-12b-pt,selected_mixed_random_slopes__candidate__0__C_semantic_role_log_frequency,10766.454203031142,C(tense)[T.past perfect]:log_frequency,0.0331497097688465,0.0064114161223147,5.170419317110004,2.3356930197248985e-07,0.0205835650792102,0.0457158544584829,0.0024918087937412614,0.031375120061538454,0.012132914867869111,0.0050801919948619
google_gemma-3-12b-pt,selected_mixed_random_slopes__candidate__0__C_semantic_role_log_frequency,10766.454203031142,C(tense)[T.present continuous]:log_frequency,0.0127556799948308,0.0064114161223147,1.9895261439099383,0.0466431590639672,0.0001895353051945,0.0253218246844672,0.0024918087937412614,0.031375120061538454,0.012132914867869111,0.0050801919948619
google_gemma-3-12b-pt,selected_mixed_random_slopes__candidate__0__C_semantic_role_log_frequency,10766.454203031142,C(tense)[T.present perfect]:log_frequency,0.0247816296062089,0.0064114161223148,3.865234939276041,0.0001109823177309,0.0122154849165724,0.0373477742958454,0.0024918087937412614,0.031375120061538454,0.012132914867869111,0.0050801919948619
google_gemma-3-12b-pt,selected_mixed_random_slopes__candidate__0__C_semantic_role_log_frequency,10766.454203031142,C(tense)[T.simple future]:log_frequency,0.0653543196866732,0.0064114161223147,10.193429725955404,2.1214501738741597e-24,0.0527881749970368,0.0779204643763096,0.0024918087937412614,0.031375120061538454,0.012132914867869111,0.0050801919948619
google_gemma-3-12b-pt,selected_mixed_random_slopes__candidate__0__C_semantic_role_log_frequency,10766.454203031142,C(tense)[T.simple past]:log_frequency,0.0208820762946127,0.0064114161223147,3.257014658888425,0.0011259061831377,0.0083159316049763,0.0334482209842491,0.0024918087937412614,0.031375120061538454,0.012132914867869111,0.0050801919948619
google_gemma-3-12b-pt,selected_mixed_random_slopes__candidate__0__C_semantic_role_log_frequency,10766.454203031142,C(syntactic_role)[T.subject]:log_frequency,-0.0242731653646024,0.0213441709479863,-1.1372269002039888,0.2554434443180693,-0.0661069717025217,0.0175606409733168,0.0024918087937412614,0.031375120061538454,0.012132914867869111,0.0050801919948619
google_gemma-3-12b-pt,selected_mixed_random_slopes__candidate__0__C_semantic_role_log_frequency,10766.454203031142,C(valence)[T.-val]:log_frequency,0.0052676146440106,0.0130625750144866,0.4032600492757936,0.686756928318153,-0.0203345619297359,0.0308697912177571,0.0024918087937412614,0.031375120061538454,0.012132914867869111,0.0050801919948619
google_gemma-3-12b-pt,selected_mixed_random_slopes__candidate__0__C_semantic_role_log_frequency,10766.454203031142,C(dominance)[T.-dom]:log_frequency,-0.0064893634826767,0.0094316831241427,-0.6880387516482195,0.4914283785991714,-0.0249751227195908,0.0119963957542372,0.0024918087937412614,0.031375120061538454,0.012132914867869111,0.0050801919948619
google_gemma-3-12b-pt,selected_mixed_random_slopes__candidate__0__C_semantic_role_log_frequency,10766.454203031142,lex_emb_norm,-14.095294856717404,8.382830974611789,-1.6814480572740118,0.092675917652792,-30.525341655443317,2.334751942008504,0.0024918087937412614,0.031375120061538454,0.012132914867869111,0.0050801919948619
google_gemma-3-12b-pt,selected_mixed_random_slopes__candidate__0__C_semantic_role_log_frequency,10766.454203031142,C(tense)[T.past perfect]:lex_emb_norm,-0.4604299337892483,0.1063557687288012,-4.329148661068945,1.4968686752304938e-05,-0.6688834100457701,-0.2519764575327265,0.0024918087937412614,0.031375120061538454,0.012132914867869111,0.0050801919948619
google_gemma-3-12b-pt,selected_mixed_random_slopes__candidate__0__C_semantic_role_log_frequency,10766.454203031142,C(tense)[T.present continuous]:lex_emb_norm,0.1887818226404232,0.1063557687288022,1.775003132381094,0.0758973699809402,-0.0196716536161005,0.3972352988969471,0.0024918087937412614,0.031375120061538454,0.012132914867869111,0.0050801919948619
google_gemma-3-12b-pt,selected_mixed_random_slopes__candidate__0__C_semantic_role_log_frequency,10766.454203031142,C(tense)[T.present perfect]:lex_emb_norm,0.1050934730735132,0.1063557687288049,0.988131385157768,0.3230883066941888,-0.1033600031830157,0.3135469493300423,0.0024918087937412614,0.031375120061538454,0.012132914867869111,0.0050801919948619
google_gemma-3-12b-pt,selected_mixed_random_slopes__candidate__0__C_semantic_role_log_frequency,10766.454203031142,C(tense)[T.simple future]:lex_emb_norm,-0.4473128322779358,0.106355768728803,-4.205816361673248,2.601414064524787e-05,-0.655766308534461,-0.2388593560214105,0.0024918087937412614,0.031375120061538454,0.012132914867869111,0.0050801919948619
google_gemma-3-12b-pt,selected_mixed_random_slopes__candidate__0__C_semantic_role_log_frequency,10766.454203031142,C(tense)[T.simple past]:lex_emb_norm,-0.1461890180104849,0.1063557687288026,-1.3745283378398911,0.1692777189640842,-0.3546424942670095,0.0622644582460395,0.0024918087937412614,0.031375120061538454,0.012132914867869111,0.0050801919948619
google_gemma-3-12b-pt,selected_mixed_random_slopes__candidate__0__C_semantic_role_log_frequency,10766.454203031142,C(semantic_role)[T.patient]:lex_emb_norm,0.2439450565809869,0.0818595018207588,2.9800457021487103,0.0028820538106267,0.0835033812199086,0.4043867319420653,0.0024918087937412614,0.031375120061538454,0.012132914867869111,0.0050801919948619
google_gemma-3-12b-pt,selected_mixed_random_slopes__candidate__0__C_semantic_role_log_frequency,10766.454203031142,C(syntactic_role)[T.subject]:lex_emb_norm,0.6163665610412343,0.3603346658060035,1.710539172417768,0.0871662161720207,-0.089876406319809,1.322609528402278,0.0024918087937412614,0.031375120061538454,0.012132914867869111,0.0050801919948619
google_gemma-3-12b-pt,selected_mixed_random_slopes__candidate__0__C_semantic_role_log_frequency,10766.454203031142,C(valence)[T.-val]:lex_emb_norm,-0.2857409525654699,0.2247190797671131,-1.271547359759557,0.2035339901637083,-0.7261822555479952,0.1547003504170553,0.0024918087937412614,0.031375120061538454,0.012132914867869111,0.0050801919948619
google_gemma-3-12b-pt,selected_mixed_random_slopes__candidate__0__C_semantic_role_log_frequency,10766.454203031142,C(dominance)[T.-dom]:lex_emb_norm,0.3915188825497189,0.1572313941761329,2.4900808429589683,0.0127714041431969,0.0833510127254775,0.6996867523739603,0.0024918087937412614,0.031375120061538454,0.012132914867869111,0.0050801919948619
google_gemma-3-12b-pt,selected_mixed_random_slopes__candidate__0__C_semantic_role_log_frequency,10766.454203031142,log_frequency:lex_emb_norm,2.303846507532886,1.5512266415296492,1.485177243514259,0.1374968785240425,-0.7365018417242513,5.344194856790024,0.0024918087937412614,0.031375120061538454,0.012132914867869111,0.0050801919948619
google_gemma-3-4b-pt,selected_mixed_random_slopes__candidate__0__C_valence_lex_emb_norm,9150.984215149248,Intercept,6.077416546749266,4.540574105319035,1.3384687499384502,0.1807436806974321,-2.8219451688112205,14.976778262309752,0.007491069766281025,0.0415563029171635,0.004801195204335267,0.0023503303111750517
google_gemma-3-4b-pt,selected_mixed_random_slopes__candidate__0__C_valence_lex_emb_norm,9150.984215149248,C(tense)[T.past perfect],-0.0813449880280967,0.0678584652447115,-1.1987448837038972,0.230627159749317,-0.2143451359538944,0.0516551598977009,0.007491069766281025,0.0415563029171635,0.004801195204335267,0.0023503303111750517
google_gemma-3-4b-pt,selected_mixed_random_slopes__candidate__0__C_valence_lex_emb_norm,9150.984215149248,C(tense)[T.present continuous],-0.3739913166780511,0.0678584652447118,-5.511343578569897,3.5610481849075035e-08,-0.5069914646038494,-0.2409911687522529,0.007491069766281025,0.0415563029171635,0.004801195204335267,0.0023503303111750517
google_gemma-3-4b-pt,selected_mixed_random_slopes__candidate__0__C_valence_lex_emb_norm,9150.984215149248,C(tense)[T.present perfect],-0.3887861274264903,0.0678584652447123,-5.72936811972454,1.00805424192828e-08,-0.5217862753522894,-0.2557859795006912,0.007491069766281025,0.0415563029171635,0.004801195204335267,0.0023503303111750517
google_gemma-3-4b-pt,selected_mixed_random_slopes__candidate__0__C_valence_lex_emb_norm,9150.984215149248,C(tense)[T.simple future],0.1424614237967981,0.0678584652447125,2.0993905960450325,0.0357824829937261,0.0094612758709985,0.2754615717225976,0.007491069766281025,0.0415563029171635,0.004801195204335267,0.0023503303111750517
google_gemma-3-4b-pt,selected_mixed_random_slopes__candidate__0__C_valence_lex_emb_norm,9150.984215149248,C(tense)[T.simple past],-0.2454368332083212,0.06785846524471,-3.616893372451485,0.0002981600543521,-0.3784369811341159,-0.1124366852825265,0.007491069766281025,0.0415563029171635,0.004801195204335267,0.0023503303111750517
google_gemma-3-4b-pt,selected_mixed_random_slopes__candidate__0__C_valence_lex_emb_norm,9150.984215149248,C(semantic_role)[T.patient],-0.2250674368705511,0.0905436587209301,-2.4857338443131014,0.0129284616741887,-0.4025297469920601,-0.0476051267490421,0.007491069766281025,0.0415563029171635,0.004801195204335267,0.0023503303111750517
google_gemma-3-4b-pt,selected_mixed_random_slopes__candidate__0__C_valence_lex_emb_norm,9150.984215149248,C(syntactic_role)[T.subject],-0.5302095030724127,0.2404490797928335,-2.2050801921522485,0.0274484677749102,-1.001481039582164,-0.0589379665626613,0.007491069766281025,0.0415563029171635,0.004801195204335267,0.0023503303111750517
google_gemma-3-4b-pt,selected_mixed_random_slopes__candidate__0__C_valence_lex_emb_norm,9150.984215149248,C(valence)[T.-val],0.2011067194888393,0.05047749584492,3.984086692943153,6.77401418142548e-05,0.1021726456030257,0.3000407933746528,0.007491069766281025,0.0415563029171635,0.004801195204335267,0.0023503303111750517
google_gemma-3-4b-pt,selected_mixed_random_slopes__candidate__0__C_valence_lex_emb_norm,9150.984215149248,C(dominance)[T.-dom],-0.0358631496453044,0.0752484708587091,-0.4765963910767454,0.6336495537731601,-0.1833474424200862,0.1116211431294773,0.007491069766281025,0.0415563029171635,0.004801195204335267,0.0023503303111750517
google_gemma-3-4b-pt,selected_mixed_random_slopes__candidate__0__C_valence_lex_emb_norm,9150.984215149248,C(tense)[T.past perfect]:C(semantic_role)[T.patient],0.0599510586191765,0.0170138726878496,3.523657412929281,0.0004256341870965,0.0266044809134414,0.0932976363249115,0.007491069766281025,0.0415563029171635,0.004801195204335267,0.0023503303111750517
google_gemma-3-4b-pt,selected_mixed_random_slopes__candidate__0__C_valence_lex_emb_norm,9150.984215149248,C(tense)[T.present continuous]:C(semantic_role)[T.patient],-0.0414331734785696,0.0170138726878496,-2.435258229489329,0.0148811655434314,-0.0747797511843046,-0.0080865957728345,0.007491069766281025,0.0415563029171635,0.004801195204335267,0.0023503303111750517
google_gemma-3-4b-pt,selected_mixed_random_slopes__candidate__0__C_valence_lex_emb_norm,9150.984215149248,C(tense)[T.present perfect]:C(semantic_role)[T.patient],-1.2939561143519752e-05,0.0170138726878496,-0.0007605300322224,0.9993931848877604,-0.0333595172668785,0.0333336381445915,0.007491069766281025,0.0415563029171635,0.004801195204335267,0.0023503303111750517
google_gemma-3-4b-pt,selected_mixed_random_slopes__candidate__0__C_valence_lex_emb_norm,9150.984215149248,C(tense)[T.simple future]:C(semantic_role)[T.patient],-0.010691728869198,0.0170138726878496,-0.6284124176404302,0.5297338044974222,-0.0440383065749331,0.0226548488365369,0.007491069766281025,0.0415563029171635,0.004801195204335267,0.0023503303111750517
google_gemma-3-4b-pt,selected_mixed_random_slopes__candidate__0__C_valence_lex_emb_norm,9150.984215149248,C(tense)[T.simple past]:C(semantic_role)[T.patient],0.0057847170021353,0.0170138726878496,0.340000016943022,0.7338565151685891,-0.0275618607035997,0.0391312947078703,0.007491069766281025,0.0415563029171635,0.004801195204335267,0.0023503303111750517
google_gemma-3-4b-pt,selected_mixed_random_slopes__candidate__0__C_valence_lex_emb_norm,9150.984215149248,C(tense)[T.past perfect]:C(syntactic_role)[T.subject],0.0155513192669494,0.0170138726878496,0.9140375946303684,0.3606970917262448,-0.0177952584387855,0.0488978969726843,0.007491069766281025,0.0415563029171635,0.004801195204335267,0.0023503303111750517
google_gemma-3-4b-pt,selected_mixed_random_slopes__candidate__0__C_valence_lex_emb_norm,9150.984215149248,C(tense)[T.present continuous]:C(syntactic_role)[T.subject],0.1176933152507787,0.0170138726878496,6.917491238477925,4.597118075164184e-12,0.0843467375450437,0.1510398929565137,0.007491069766281025,0.0415563029171635,0.004801195204335267,0.0023503303111750517
google_gemma-3-4b-pt,selected_mixed_random_slopes__candidate__0__C_valence_lex_emb_norm,9150.984215149248,C(tense)[T.present perfect]:C(syntactic_role)[T.subject],0.1571866785379793,0.0170138726878496,9.238736025704094,2.4942614995030063e-20,0.1238401008322444,0.1905332562437143,0.007491069766281025,0.0415563029171635,0.004801195204335267,0.0023503303111750517
google_gemma-3-4b-pt,selected_mixed_random_slopes__candidate__0__C_valence_lex_emb_norm,9150.984215149248,C(tense)[T.simple future]:C(syntactic_role)[T.subject],0.162964770716256,0.0170138726878496,9.578346664874038,9.86107954145348e-22,0.129618193010521,0.196311348421991,0.007491069766281025,0.0415563029171635,0.004801195204335267,0.0023503303111750517
google_gemma-3-4b-pt,selected_mixed_random_slopes__candidate__0__C_valence_lex_emb_norm,9150.984215149248,C(tense)[T.simple past]:C(syntactic_role)[T.subject],0.1013783932250024,0.0170138726878496,5.958572459367309,2.544508232233428e-09,0.0680318155192675,0.1347249709307374,0.007491069766281025,0.0415563029171635,0.004801195204335267,0.0023503303111750517
google_gemma-3-4b-pt,selected_mixed_random_slopes__candidate__0__C_valence_lex_emb_norm,9150.984215149248,C(tense)[T.past perfect]:C(valence)[T.-val],-0.0014013350854435,0.0170138726878496,-0.0823642630430801,0.934357053421955,-0.0347479127911784,0.0319452426202913,0.007491069766281025,0.0415563029171635,0.004801195204335267,0.0023503303111750517
google_gemma-3-4b-pt,selected_mixed_random_slopes__candidate__0__C_valence_lex_emb_norm,9150.984215149248,C(tense)[T.present continuous]:C(valence)[T.-val],-0.0213077991905618,0.0170138726878496,-1.2523779612961812,0.2104321729928694,-0.0546543768962967,0.012038778515173,0.007491069766281025,0.0415563029171635,0.004801195204335267,0.0023503303111750517
google_gemma-3-4b-pt,selected_mixed_random_slopes__candidate__0__C_valence_lex_emb_norm,9150.984215149248,C(tense)[T.present perfect]:C(valence)[T.-val],-0.0188602167972695,0.0170138726878496,-1.1085199203787688,0.2676373409175754,-0.0522067945030044,0.0144863609084653,0.007491069766281025,0.0415563029171635,0.004801195204335267,0.0023503303111750517
google_gemma-3-4b-pt,selected_mixed_random_slopes__candidate__0__C_valence_lex_emb_norm,9150.984215149248,C(tense)[T.simple future]:C(valence)[T.-val],0.0752472056907877,0.0170138726878496,4.4226971173074086,9.747634731745793e-06,0.0419006279850527,0.1085937833965226,0.007491069766281025,0.0415563029171635,0.004801195204335267,0.0023503303111750517
google_gemma-3-4b-pt,selected_mixed_random_slopes__candidate__0__C_valence_lex_emb_norm,9150.984215149248,C(tense)[T.simple past]:C(valence)[T.-val],0.069773202872166,0.0170138726878495,4.100959502417949,4.1144056789109295e-05,0.0364266251664311,0.1031197805779008,0.007491069766281025,0.0415563029171635,0.004801195204335267,0.0023503303111750517
google_gemma-3-4b-pt,selected_mixed_random_slopes__candidate__0__C_valence_lex_emb_norm,9150.984215149248,C(tense)[T.past perfect]:C(dominance)[T.-dom],0.0117412481953868,0.0170138726878496,0.6900985102452195,0.4901322399748115,-0.021605329510348,0.0450878259011218,0.007491069766281025,0.0415563029171635,0.004801195204335267,0.0023503303111750517
google_gemma-3-4b-pt,selected_mixed_random_slopes__candidate__0__C_valence_lex_emb_norm,9150.984215149248,C(tense)[T.present continuous]:C(dominance)[T.-dom],-0.0267894776893285,0.0170138726878496,-1.574566718631916,0.1153564900112696,-0.0601360553950635,0.0065571000164063,0.007491069766281025,0.0415563029171635,0.004801195204335267,0.0023503303111750517
google_gemma-3-4b-pt,selected_mixed_random_slopes__candidate__0__C_valence_lex_emb_norm,9150.984215149248,C(tense)[T.present perfect]:C(dominance)[T.-dom],0.0152032047424512,0.0170138726878496,0.893576966360431,0.3715482748744934,-0.0181433729632836,0.0485497824481862,0.007491069766281025,0.0415563029171635,0.004801195204335267,0.0023503303111750517
google_gemma-3-4b-pt,selected_mixed_random_slopes__candidate__0__C_valence_lex_emb_norm,9150.984215149248,C(tense)[T.simple future]:C(dominance)[T.-dom],-0.0628091942630264,0.0170138726878496,-3.691645953591819,0.0002228074777715,-0.0961557719687614,-0.0294626165572914,0.007491069766281025,0.0415563029171635,0.004801195204335267,0.0023503303111750517
google_gemma-3-4b-pt,selected_mixed_random_slopes__candidate__0__C_valence_lex_emb_norm,9150.984215149248,C(tense)[T.simple past]:C(dominance)[T.-dom],0.0589576403037713,0.0170138726878496,3.4652686889961104,0.0005297019754599,0.0256110625980364,0.0923042180095063,0.007491069766281025,0.0415563029171635,0.004801195204335267,0.0023503303111750517
google_gemma-3-4b-pt,selected_mixed_random_slopes__candidate__0__C_valence_lex_emb_norm,9150.984215149248,C(semantic_role)[T.patient]:C(syntactic_role)[T.subject],-0.0651028604839169,0.009822963976288,-6.62761877586753,3.4114511611900724e-11,-0.0843555160988758,-0.045850204868958,0.007491069766281025,0.0415563029171635,0.004801195204335267,0.0023503303111750517
google_gemma-3-4b-pt,selected_mixed_random_slopes__candidate__0__C_valence_lex_emb_norm,9150.984215149248,C(semantic_role)[T.patient]:C(valence)[T.-val],0.0712518857121617,0.009822963976288,7.253603483038213,4.058270521991293e-13,0.0519992300972028,0.0905045413271206,0.007491069766281025,0.0415563029171635,0.004801195204335267,0.0023503303111750517
google_gemma-3-4b-pt,selected_mixed_random_slopes__candidate__0__C_valence_lex_emb_norm,9150.984215149248,C(semantic_role)[T.patient]:C(dominance)[T.-dom],0.0228663360716413,0.009822963976288,2.327844846712168,0.0199203437538682,0.0036136804566824,0.0421189916866002,0.007491069766281025,0.0415563029171635,0.004801195204335267,0.0023503303111750517
google_gemma-3-4b-pt,selected_mixed_random_slopes__candidate__0__C_valence_lex_emb_norm,9150.984215149248,C(syntactic_role)[T.subject]:C(valence)[T.-val],-0.0681910554766151,0.009822963976288,-6.942004026607832,3.86576194457315e-12,-0.087443711091574,-0.0489383998616562,0.007491069766281025,0.0415563029171635,0.004801195204335267,0.0023503303111750517
google_gemma-3-4b-pt,selected_mixed_random_slopes__candidate__0__C_valence_lex_emb_norm,9150.984215149248,C(syntactic_role)[T.subject]:C(dominance)[T.-dom],0.0049982064315276,0.009822963976288,0.5088287449280069,0.6108722690124709,-0.0142544491834312,0.0242508620464865,0.007491069766281025,0.0415563029171635,0.004801195204335267,0.0023503303111750517
google_gemma-3-4b-pt,selected_mixed_random_slopes__candidate__0__C_valence_lex_emb_norm,9150.984215149248,C(valence)[T.-val]:C(dominance)[T.-dom],-0.1624384694910924,0.009822963976288,-16.536604418300627,1.999817837160102e-61,-0.1816911251060513,-0.1431858138761335,0.007491069766281025,0.0415563029171635,0.004801195204335267,0.0023503303111750517
google_gemma-3-4b-pt,selected_mixed_random_slopes__candidate__0__C_valence_lex_emb_norm,9150.984215149248,log_frequency,-0.704069249392502,0.8731681726705933,-0.8063386543729594,0.4200476081978997,-2.415447420273516,1.007308921488512,0.007491069766281025,0.0415563029171635,0.004801195204335267,0.0023503303111750517
google_gemma-3-4b-pt,selected_mixed_random_slopes__candidate__0__C_valence_lex_emb_norm,9150.984215149248,C(tense)[T.past perfect]:log_frequency,0.0033886429020536,0.0061138311155717,0.5542585063272152,0.5794019431518531,-0.0085942458920273,0.0153715316961346,0.007491069766281025,0.0415563029171635,0.004801195204335267,0.0023503303111750517
google_gemma-3-4b-pt,selected_mixed_random_slopes__candidate__0__C_valence_lex_emb_norm,9150.984215149248,C(tense)[T.present continuous]:log_frequency,-0.0068720073105013,0.0061138311155717,-1.124009999719901,0.2610087837870866,-0.0188548961045823,0.0051108814835796,0.007491069766281025,0.0415563029171635,0.004801195204335267,0.0023503303111750517
google_gemma-3-4b-pt,selected_mixed_random_slopes__candidate__0__C_valence_lex_emb_norm,9150.984215149248,C(tense)[T.present perfect]:log_frequency,-0.0044109211248001,0.0061138311155717,-0.7214659746759571,0.4706228677605875,-0.0163938099188811,0.0075719676692807,0.007491069766281025,0.0415563029171635,0.004801195204335267,0.0023503303111750517
google_gemma-3-4b-pt,selected_mixed_random_slopes__candidate__0__C_valence_lex_emb_norm,9150.984215149248,C(tense)[T.simple future]:log_frequency,0.0373401588809201,0.0061138311155717,6.107489424399677,1.0121051634824654e-09,0.0253572700868392,0.0493230476750011,0.007491069766281025,0.0415563029171635,0.004801195204335267,0.0023503303111750517
google_gemma-3-4b-pt,selected_mixed_random_slopes__candidate__0__C_valence_lex_emb_norm,9150.984215149248,C(tense)[T.simple past]:log_frequency,0.0002169609563326,0.0061138311155716,0.0354869070197401,0.9716914864851958,-0.0117659278377481,0.0121998497504134,0.007491069766281025,0.0415563029171635,0.004801195204335267,0.0023503303111750517
google_gemma-3-4b-pt,selected_mixed_random_slopes__candidate__0__C_valence_lex_emb_norm,9150.984215149248,C(semantic_role)[T.patient]:log_frequency,-0.0060637632932325,0.0093162426749063,-0.6508807793903357,0.5151234497175603,-0.024323263407284,0.0121957368208189,0.007491069766281025,0.0415563029171635,0.004801195204335267,0.0023503303111750517
google_gemma-3-4b-pt,selected_mixed_random_slopes__candidate__0__C_valence_lex_emb_norm,9150.984215149248,C(syntactic_role)[T.subject]:log_frequency,-0.0464778234338629,0.0233124959218847,-1.9936871448514264,0.046186255106679,-0.092169475830494,-0.0007861710372319,0.007491069766281025,0.0415563029171635,0.004801195204335267,0.0023503303111750517
google_gemma-3-4b-pt,selected_mixed_random_slopes__candidate__0__C_valence_lex_emb_norm,9150.984215149248,C(valence)[T.-val]:log_frequency,-0.0037416694958516,0.0063504039530865,-0.5892018088129788,0.555725903917845,-0.0161882325311821,0.0087048935394787,0.007491069766281025,0.0415563029171635,0.004801195204335267,0.0023503303111750517
google_gemma-3-4b-pt,selected_mixed_random_slopes__candidate__0__C_valence_lex_emb_norm,9150.984215149248,C(dominance)[T.-dom]:log_frequency,-0.0116111738473409,0.0069005315439871,-1.6826491949679665,0.0924430222513473,-0.0251359671477382,0.0019136194530563,0.007491069766281025,0.0415563029171635,0.004801195204335267,0.0023503303111750517
google_gemma-3-4b-pt,selected_mixed_random_slopes__candidate__0__C_valence_lex_emb_norm,9150.984215149248,lex_emb_norm,-4.624555788096418,5.1094375271112895,-0.9051007598307972,0.3654120096376564,-14.638869322491942,5.389757746299105,0.007491069766281025,0.0415563029171635,0.004801195204335267,0.0023503303111750517
google_gemma-3-4b-pt,selected_mixed_random_slopes__candidate__0__C_valence_lex_emb_norm,9150.984215149248,C(tense)[T.past perfect]:lex_emb_norm,0.0177633837368424,0.0995633209067649,0.1784129293304383,0.8583986960664873,-0.1773771394216207,0.2129039068953055,0.007491069766281025,0.0415563029171635,0.004801195204335267,0.0023503303111750517
google_gemma-3-4b-pt,selected_mixed_random_slopes__candidate__0__C_valence_lex_emb_norm,9150.984215149248,C(tense)[T.present continuous]:lex_emb_norm,0.2125014310431682,0.0995633209067653,2.134334502985917,0.0328154088471713,0.0173609078847044,0.4076419542016321,0.007491069766281025,0.0415563029171635,0.004801195204335267,0.0023503303111750517
google_gemma-3-4b-pt,selected_mixed_random_slopes__candidate__0__C_valence_lex_emb_norm,9150.984215149248,C(tense)[T.present perfect]:lex_emb_norm,0.2640310856224381,0.0995633209067657,2.6518911102783047,0.0080042350858655,0.0688905624639735,0.4591716087809028,0.007491069766281025,0.0415563029171635,0.004801195204335267,0.0023503303111750517
google_gemma-3-4b-pt,selected_mixed_random_slopes__candidate__0__C_valence_lex_emb_norm,9150.984215149248,C(tense)[T.simple future]:lex_emb_norm,-0.39813059748081,0.0995633209067662,-3.998767757592479,6.367312032148198e-05,-0.5932711206392756,-0.2029900743223443,0.007491069766281025,0.0415563029171635,0.004801195204335267,0.0023503303111750517
google_gemma-3-4b-pt,selected_mixed_random_slopes__candidate__0__C_valence_lex_emb_norm,9150.984215149248,C(tense)[T.simple past]:lex_emb_norm,0.0809836682823205,0.0995633209067625,0.8133885807019117,0.4159953043845688,-0.1141568548761378,0.2761241914407789,0.007491069766281025,0.0415563029171635,0.004801195204335267,0.0023503303111750517
google_gemma-3-4b-pt,selected_mixed_random_slopes__candidate__0__C_valence_lex_emb_norm,9150.984215149248,C(semantic_role)[T.patient]:lex_emb_norm,0.241458095075243,0.1168400815270337,2.066569039661068,0.0387747806626184,0.0124557433315331,0.4704604468189529,0.007491069766281025,0.0415563029171635,0.004801195204335267,0.0023503303111750517
google_gemma-3-4b-pt,selected_mixed_random_slopes__candidate__0__C_valence_lex_emb_norm,9150.984215149248,C(syntactic_role)[T.subject]:lex_emb_norm,0.4990231293193965,0.3468855836690236,1.4385813444341145,0.1502691751151736,-0.1808601214280453,1.1789063800668385,0.007491069766281025,0.0415563029171635,0.004801195204335267,0.0023503303111750517
google_gemma-3-4b-pt,selected_mixed_random_slopes__candidate__0__C_valence_lex_emb_norm,9150.984215149248,C(dominance)[T.-dom]:lex_emb_norm,0.2491464290144455,0.111795199872594,2.22859683866912,0.0258407415903604,0.0300318636197043,0.4682609944091867,0.007491069766281025,0.0415563029171635,0.004801195204335267,0.0023503303111750517
google_gemma-3-4b-pt,selected_mixed_random_slopes__candidate__0__C_valence_lex_emb_norm,9150.984215149248,log_frequency:lex_emb_norm,0.7385324944966949,0.912199498755739,0.8096172991807934,0.4181601624572442,-1.0493456697800434,2.5264106587734334,0.007491069766281025,0.0415563029171635,0.004801195204335267,0.0023503303111750517
gpt2,selected_mixed_random_slopes__candidate__0__C_semantic_role_log_frequency,5635.915099282545,Intercept,0.6589180289190215,6.390727484954194,0.1031053241544603,0.9178793794827548,-11.86667767660144,13.184513734439482,0.0033324042111330383,0.05736692429312714,0.0021626509363264026,0.0026987871916117107
gpt2,selected_mixed_random_slopes__candidate__0__C_semantic_role_log_frequency,5635.915099282545,C(tense)[T.past perfect],-0.0140606129056961,0.0509855716928896,-0.2757763115885002,0.7827198790433709,-0.1139904971549446,0.0858692713435523,0.0033324042111330383,0.05736692429312714,0.0021626509363264026,0.0026987871916117107
gpt2,selected_mixed_random_slopes__candidate__0__C_semantic_role_log_frequency,5635.915099282545,C(tense)[T.present continuous],-0.0031270646983065,0.0509855716928897,-0.061332345494571,0.9510945313023076,-0.1030569489475552,0.0968028195509421,0.0033324042111330383,0.05736692429312714,0.0021626509363264026,0.0026987871916117107
gpt2,selected_mixed_random_slopes__candidate__0__C_semantic_role_log_frequency,5635.915099282545,C(tense)[T.present perfect],-0.2781799287044794,0.0509855716928902,-5.456051966624719,4.8683750488823065e-08,-0.3781098129537291,-0.1782500444552296,0.0033324042111330383,0.05736692429312714,0.0021626509363264026,0.0026987871916117107
gpt2,selected_mixed_random_slopes__candidate__0__C_semantic_role_log_frequency,5635.915099282545,C(tense)[T.simple future],-0.0985869699008858,0.0509855716928899,-1.933624879107397,0.0531592660715931,-0.1985168541501349,0.0013429143483633,0.0033324042111330383,0.05736692429312714,0.0021626509363264026,0.0026987871916117107
gpt2,selected_mixed_random_slopes__candidate__0__C_semantic_role_log_frequency,5635.915099282545,C(tense)[T.simple past],0.0342668961869905,0.0509855716928904,0.672090064879449,0.5015263610091683,-0.0656629880622596,0.1341967804362407,0.0033324042111330383,0.05736692429312714,0.0021626509363264026,0.0026987871916117107
gpt2,selected_mixed_random_slopes__candidate__0__C_semantic_role_log_frequency,5635.915099282545,C(semantic_role)[T.patient],-0.2731874369755349,0.070138539757563,-3.894968984524336,9.821129581471928e-05,-0.4106564488285891,-0.1357184251224807,0.0033324042111330383,0.05736692429312714,0.0021626509363264026,0.0026987871916117107
gpt2,selected_mixed_random_slopes__candidate__0__C_semantic_role_log_frequency,5635.915099282545,C(syntactic_role)[T.subject],-0.2424511259697243,0.2639315558056756,-0.9186136353783833,0.3582976973798075,-0.7597474697324719,0.2748452177930233,0.0033324042111330383,0.05736692429312714,0.0021626509363264026,0.0026987871916117107
gpt2,selected_mixed_random_slopes__candidate__0__C_semantic_role_log_frequency,5635.915099282545,C(valence)[T.-val],0.1286755390491697,0.0594475326808429,2.164522785831878,0.0304242497827812,0.0121605160249497,0.2451905620733898,0.0033324042111330383,0.05736692429312714,0.0021626509363264026,0.0026987871916117107
gpt2,selected_mixed_random_slopes__candidate__0__C_semantic_role_log_frequency,5635.915099282545,C(dominance)[T.-dom],0.0272079010927559,0.0646248768920119,0.4210128111844647,0.67374572692668,-0.0994545301209223,0.1538703323064342,0.0033324042111330383,0.05736692429312714,0.0021626509363264026,0.0026987871916117107
gpt2,selected_mixed_random_slopes__candidate__0__C_semantic_role_log_frequency,5635.915099282545,C(tense)[T.past perfect]:C(semantic_role)[T.patient],0.0163323818007687,0.0152472742043245,1.071167316984207,0.2840942042649768,-0.0135517265021138,0.0462164901036514,0.0033324042111330383,0.05736692429312714,0.0021626509363264026,0.0026987871916117107
gpt2,selected_mixed_random_slopes__candidate__0__C_semantic_role_log_frequency,5635.915099282545,C(tense)[T.present continuous]:C(semantic_role)[T.patient],-0.0068631686082782,0.0152472742043245,-0.4501242986980381,0.6526208170185316,-0.0367472769111608,0.0230209396946043,0.0033324042111330383,0.05736692429312714,0.0021626509363264026,0.0026987871916117107
gpt2,selected_mixed_random_slopes__candidate__0__C_semantic_role_log_frequency,5635.915099282545,C(tense)[T.present perfect]:C(semantic_role)[T.patient],0.019649447061835,0.0152472742043244,1.288718678402331,0.197495906469947,-0.0102346612410476,0.0495335553647176,0.0033324042111330383,0.05736692429312714,0.0021626509363264026,0.0026987871916117107
gpt2,selected_mixed_random_slopes__candidate__0__C_semantic_role_log_frequency,5635.915099282545,C(tense)[T.simple future]:C(semantic_role)[T.patient],-0.0143647303010407,0.0152472742043244,-0.9421179227541224,0.3461322693916508,-0.0442488386039233,0.0155193780018419,0.0033324042111330383,0.05736692429312714,0.0021626509363264026,0.0026987871916117107
gpt2,selected_mixed_random_slopes__candidate__0__C_semantic_role_log_frequency,5635.915099282545,C(tense)[T.simple past]:C(semantic_role)[T.patient],0.061263415436908,0.0152472742043244,4.017991321985426,5.869635830804518e-05,0.0313793071340254,0.0911475237397907,0.0033324042111330383,0.05736692429312714,0.0021626509363264026,0.0026987871916117107
gpt2,selected_mixed_random_slopes__candidate__0__C_semantic_role_log_frequency,5635.915099282545,C(tense)[T.past perfect]:C(syntactic_role)[T.subject],0.1367676017006617,0.0152472742043244,8.969970623462075,2.965935286499037e-19,0.1068834933977791,0.1666517100035443,0.0033324042111330383,0.05736692429312714,0.0021626509363264026,0.0026987871916117107
gpt2,selected_mixed_random_slopes__candidate__0__C_semantic_role_log_frequency,5635.915099282545,C(tense)[T.present continuous]:C(syntactic_role)[T.subject],0.0162572230660045,0.0152472742043244,1.0662379942897344,0.2863160709735808,-0.013626885236878,0.0461413313688871,0.0033324042111330383,0.05736692429312714,0.0021626509363264026,0.0026987871916117107
gpt2,selected_mixed_random_slopes__candidate__0__C_semantic_role_log_frequency,5635.915099282545,C(tense)[T.present perfect]:C(syntactic_role)[T.subject],0.1734326965850055,0.0152472742043244,11.374668957931906,5.5914608281238846e-30,0.1435485882821229,0.2033168048878881,0.0033324042111330383,0.05736692429312714,0.0021626509363264026,0.0026987871916117107
gpt2,selected_mixed_random_slopes__candidate__0__C_semantic_role_log_frequency,5635.915099282545,C(tense)[T.simple future]:C(syntactic_role)[T.subject],-0.0401996568757866,0.0152472742043244,-2.636514326238398,0.0083762663112679,-0.0700837651786692,-0.010315548572904,0.0033324042111330383,0.05736692429312714,0.0021626509363264026,0.0026987871916117107
gpt2,selected_mixed_random_slopes__candidate__0__C_semantic_role_log_frequency,5635.915099282545,C(tense)[T.simple past]:C(syntactic_role)[T.subject],-0.065857477414907,0.0152472742043244,-4.319295143011746,1.5652833084174767e-05,-0.0957415857177896,-0.0359733691120244,0.0033324042111330383,0.05736692429312714,0.0021626509363264026,0.0026987871916117107
gpt2,selected_mixed_random_slopes__candidate__0__C_semantic_role_log_frequency,5635.915099282545,C(tense)[T.past perfect]:C(valence)[T.-val],-0.0268331552758306,0.0152472742043245,-1.759865725259928,0.0784305759130139,-0.0567172635787134,0.0030509530270521,0.0033324042111330383,0.05736692429312714,0.0021626509363264026,0.0026987871916117107
gpt2,selected_mixed_random_slopes__candidate__0__C_semantic_role_log_frequency,5635.915099282545,C(tense)[T.present continuous]:C(valence)[T.-val],-0.036941241328896,0.0152472742043245,-2.422809535255712,0.0154009990094471,-0.0668253496317788,-0.0070571330260132,0.0033324042111330383,0.05736692429312714,0.0021626509363264026,0.0026987871916117107
gpt2,selected_mixed_random_slopes__candidate__0__C_semantic_role_log_frequency,5635.915099282545,C(tense)[T.present perfect]:C(valence)[T.-val],-0.0681332394304381,0.0152472742043245,-4.468552117408207,7.875082659280701e-06,-0.0980173477333209,-0.0382491311275553,0.0033324042111330383,0.05736692429312714,0.0021626509363264026,0.0026987871916117107
gpt2,selected_mixed_random_slopes__candidate__0__C_semantic_role_log_frequency,5635.915099282545,C(tense)[T.simple future]:C(valence)[T.-val],0.0392140484733413,0.0152472742043245,2.57187271297443,0.0101150073198497,0.0093299401704585,0.069098156776224,0.0033324042111330383,0.05736692429312714,0.0021626509363264026,0.0026987871916117107
gpt2,selected_mixed_random_slopes__candidate__0__C_semantic_role_log_frequency,5635.915099282545,C(tense)[T.simple past]:C(valence)[T.-val],0.0106979249919967,0.0152472742043245,0.7016286877665318,0.4829107561570672,-0.019186183310886,0.0405820332948795,0.0033324042111330383,0.05736692429312714,0.0021626509363264026,0.0026987871916117107
gpt2,selected_mixed_random_slopes__candidate__0__C_semantic_role_log_frequency,5635.915099282545,C(tense)[T.past perfect]:C(dominance)[T.-dom],0.0147585010282919,0.0152472742043245,0.9679435701435802,0.3330725527958051,-0.0151256072745906,0.0446426093311746,0.0033324042111330383,0.05736692429312714,0.0021626509363264026,0.0026987871916117107
gpt2,selected_mixed_random_slopes__candidate__0__C_semantic_role_log_frequency,5635.915099282545,C(tense)[T.present continuous]:C(dominance)[T.-dom],-0.0257873820862575,0.0152472742043245,-1.6912781747535977,0.0907836864246581,-0.0556714903891402,0.004096726216625,0.0033324042111330383,0.05736692429312714,0.0021626509363264026,0.0026987871916117107
gpt2,selected_mixed_random_slopes__candidate__0__C_semantic_role_log_frequency,5635.915099282545,C(tense)[T.present perfect]:C(dominance)[T.-dom],-0.0481478872086697,0.0152472742043245,-3.157802933393412,0.0015896297828825,-0.0780319955115523,-0.018263778905787,0.0033324042111330383,0.05736692429312714,0.0021626509363264026,0.0026987871916117107
gpt2,selected_mixed_random_slopes__candidate__0__C_semantic_role_log_frequency,5635.915099282545,C(tense)[T.simple future]:C(dominance)[T.-dom],0.0779521101803208,0.0152472742043245,5.11252759907811,3.178765263670234e-07,0.0480680018774382,0.1078362184832035,0.0033324042111330383,0.05736692429312714,0.0021626509363264026,0.0026987871916117107
gpt2,selected_mixed_random_slopes__candidate__0__C_semantic_role_log_frequency,5635.915099282545,C(tense)[T.simple past]:C(dominance)[T.-dom],0.0146327194222213,0.0152472742043245,0.959694121462778,0.337209182741894,-0.0152513888806613,0.044516827725104,0.0033324042111330383,0.05736692429312714,0.0021626509363264026,0.0026987871916117107
gpt2,selected_mixed_random_slopes__candidate__0__C_semantic_role_log_frequency,5635.915099282545,C(semantic_role)[T.patient]:C(syntactic_role)[T.subject],0.1242416535868137,0.0088030178662748,14.113529641101218,3.1348636896190995e-45,0.1069880556136523,0.141495251559975,0.0033324042111330383,0.05736692429312714,0.0021626509363264026,0.0026987871916117107
gpt2,selected_mixed_random_slopes__candidate__0__C_semantic_role_log_frequency,5635.915099282545,C(semantic_role)[T.patient]:C(valence)[T.-val],0.0113406850269985,0.0088030178662748,1.2882724083118915,0.1976511542812583,-0.0059129129461628,0.0285942830001598,0.0033324042111330383,0.05736692429312714,0.0021626509363264026,0.0026987871916117107
gpt2,selected_mixed_random_slopes__candidate__0__C_semantic_role_log_frequency,5635.915099282545,C(semantic_role)[T.patient]:C(dominance)[T.-dom],0.041953720431729,0.0088030178662748,4.765833838922159,1.8807420949283456e-06,0.0247001224585676,0.0592073184048903,0.0033324042111330383,0.05736692429312714,0.0021626509363264026,0.0026987871916117107
gpt2,selected_mixed_random_slopes__candidate__0__C_semantic_role_log_frequency,5635.915099282545,C(syntactic_role)[T.subject]:C(valence)[T.-val],-0.034777263913134,0.0088030178662748,-3.9506069897198417,7.795324068532588e-05,-0.0520308618862954,-0.0175236659399727,0.0033324042111330383,0.05736692429312714,0.0021626509363264026,0.0026987871916117107
gpt2,selected_mixed_random_slopes__candidate__0__C_semantic_role_log_frequency,5635.915099282545,C(syntactic_role)[T.subject]:C(dominance)[T.-dom],0.0053897346971295,0.0088030178662748,0.612259883940263,0.5403658267302529,-0.0118638632760318,0.0226433326702908,0.0033324042111330383,0.05736692429312714,0.0021626509363264026,0.0026987871916117107
gpt2,selected_mixed_random_slopes__candidate__0__C_semantic_role_log_frequency,5635.915099282545,C(valence)[T.-val]:C(dominance)[T.-dom],-0.0368612747387639,0.0088030178662748,-4.187345214870321,2.8223637413001877e-05,-0.0541148727119252,-0.0196076767656025,0.0033324042111330383,0.05736692429312714,0.0021626509363264026,0.0026987871916117107
gpt2,selected_mixed_random_slopes__candidate__0__C_semantic_role_log_frequency,5635.915099282545,log_frequency,-0.2735357859756855,0.926485886639528,-0.2952401001679924,0.7678104710198908,-2.089414755973819,1.5423431840224484,0.0033324042111330383,0.05736692429312714,0.0021626509363264026,0.0026987871916117107
gpt2,selected_mixed_random_slopes__candidate__0__C_semantic_role_log_frequency,5635.915099282545,C(tense)[T.past perfect]:log_frequency,-0.006435344268557,0.004821644618294,-1.3346782639559205,0.181981670561487,-0.0158855940666647,0.0030149055295505,0.0033324042111330383,0.05736692429312714,0.0021626509363264026,0.0026987871916117107
gpt2,selected_mixed_random_slopes__candidate__0__C_semantic_role_log_frequency,5635.915099282545,C(tense)[T.present continuous]:log_frequency,-0.0102679331662235,0.004821644618294,-2.12954997290042,0.0332087849933836,-0.0197181829643312,-0.0008176833681158,0.0033324042111330383,0.05736692429312714,0.0021626509363264026,0.0026987871916117107
gpt2,selected_mixed_random_slopes__candidate__0__C_semantic_role_log_frequency,5635.915099282545,C(tense)[T.present perfect]:log_frequency,-0.0075764275242983,0.004821644618294,-1.57133677906337,0.1161044424509765,-0.017026677322406,0.0018738222738093,0.0033324042111330383,0.05736692429312714,0.0021626509363264026,0.0026987871916117107
gpt2,selected_mixed_random_slopes__candidate__0__C_semantic_role_log_frequency,5635.915099282545,C(tense)[T.simple future]:log_frequency,0.0005622209059675,0.004821644618294,0.1166035555242628,0.907174220047352,-0.0088880288921401,0.0100124707040751,0.0033324042111330383,0.05736692429312714,0.0021626509363264026,0.0026987871916117107
gpt2,selected_mixed_random_slopes__candidate__0__C_semantic_role_log_frequency,5635.915099282545,C(tense)[T.simple past]:log_frequency,-0.0018138820649408,0.004821644618294,-0.376195719207241,0.7067713976521437,-0.0112641318630486,0.0076363677331668,0.0033324042111330383,0.05736692429312714,0.0021626509363264026,0.0026987871916117107
gpt2,selected_mixed_random_slopes__candidate__0__C_semantic_role_log_frequency,5635.915099282545,C(syntactic_role)[T.subject]:log_frequency,0.0159346275084965,0.0260538069982604,0.6116045731650817,0.5407994116624393,-0.0351298958682516,0.0669991508852446,0.0033324042111330383,0.05736692429312714,0.0021626509363264026,0.0026987871916117107
gpt2,selected_mixed_random_slopes__candidate__0__C_semantic_role_log_frequency,5635.915099282545,C(valence)[T.-val]:log_frequency,0.0043146214744453,0.0056264612339845,0.7668446106736739,0.4431739091056255,-0.006713039904575,0.0153422828534658,0.0033324042111330383,0.05736692429312714,0.0021626509363264026,0.0026987871916117107
gpt2,selected_mixed_random_slopes__candidate__0__C_semantic_role_log_frequency,5635.915099282545,C(dominance)[T.-dom]:log_frequency,0.0036234668176065,0.0061970555674497,0.5847078145690592,0.5587441986485738,-0.0085225389047884,0.0157694725400016,0.0033324042111330383,0.05736692429312714,0.0021626509363264026,0.0026987871916117107
gpt2,selected_mixed_random_slopes__candidate__0__C_semantic_role_log_frequency,5635.915099282545,lex_emb_norm,0.3576878501559567,2.099003115064711,0.1704084417925837,0.8646889336519377,-3.756282658808259,4.471658359120172,0.0033324042111330383,0.05736692429312714,0.0021626509363264026,0.0026987871916117107
gpt2,selected_mixed_random_slopes__candidate__0__C_semantic_role_log_frequency,5635.915099282545,C(tense)[T.past perfect]:lex_emb_norm,0.0158939624077315,0.0190607324915585,0.8338589513687664,0.4043604709033915,-0.0214643867946755,0.0532523116101387,0.0033324042111330383,0.05736692429312714,0.0021626509363264026,0.0026987871916117107
gpt2,selected_mixed_random_slopes__candidate__0__C_semantic_role_log_frequency,5635.915099282545,C(tense)[T.present continuous]:lex_emb_norm,0.0758866150242546,0.0190607324915586,3.9813063353080542,6.8537550873329e-05,0.0385282658218472,0.1132449642266621,0.0033324042111330383,0.05736692429312714,0.0021626509363264026,0.0026987871916117107
gpt2,selected_mixed_random_slopes__candidate__0__C_semantic_role_log_frequency,5635.915099282545,C(tense)[T.present perfect]:lex_emb_norm,0.0584101137111967,0.0190607324915588,3.064421251232819,0.0021809158229816,0.021051764508789,0.0957684629136044,0.0033324042111330383,0.05736692429312714,0.0021626509363264026,0.0026987871916117107
gpt2,selected_mixed_random_slopes__candidate__0__C_semantic_role_log_frequency,5635.915099282545,C(tense)[T.simple future]:lex_emb_norm,0.095609324576539,0.0190607324915587,5.0160362210046605,5.274838855453138e-07,0.0582509753741314,0.1329676737789465,0.0033324042111330383,0.05736692429312714,0.0021626509363264026,0.0026987871916117107
gpt2,selected_mixed_random_slopes__candidate__0__C_semantic_role_log_frequency,5635.915099282545,C(tense)[T.simple past]:lex_emb_norm,-0.0011224684914734,0.0190607324915589,-0.0588890532916575,0.9530404771284052,-0.0384808176938814,0.0362358807109345,0.0033324042111330383,0.05736692429312714,0.0021626509363264026,0.0026987871916117107
gpt2,selected_mixed_random_slopes__candidate__0__C_semantic_role_log_frequency,5635.915099282545,C(semantic_role)[T.patient]:lex_emb_norm,0.0212502637112984,0.0211529480880009,1.0046005702322305,0.315089222590298,-0.0202087527080286,0.0627092801306256,0.0033324042111330383,0.05736692429312714,0.0021626509363264026,0.0026987871916117107
gpt2,selected_mixed_random_slopes__candidate__0__C_semantic_role_log_frequency,5635.915099282545,C(syntactic_role)[T.subject]:lex_emb_norm,0.0051645803832797,0.1031734115299001,0.0500572803273354,0.9600767423929972,-0.1970515903774541,0.2073807511440136,0.0033324042111330383,0.05736692429312714,0.0021626509363264026,0.0026987871916117107
gpt2,selected_mixed_random_slopes__candidate__0__C_semantic_role_log_frequency,5635.915099282545,C(valence)[T.-val]:lex_emb_norm,-0.0058108118337644,0.0225688666111126,-0.2574702546606095,0.7968157748044025,-0.0500449775634338,0.0384233538959048,0.0033324042111330383,0.05736692429312714,0.0021626509363264026,0.0026987871916117107
gpt2,selected_mixed_random_slopes__candidate__0__C_semantic_role_log_frequency,5635.915099282545,C(dominance)[T.-dom]:lex_emb_norm,-0.0371411656722214,0.0247103497363674,-1.503061108745012,0.132823286544206,-0.0855725612008905,0.0112902298564475,0.0033324042111330383,0.05736692429312714,0.0021626509363264026,0.0026987871916117107
gpt2,selected_mixed_random_slopes__candidate__0__C_semantic_role_log_frequency,5635.915099282545,log_frequency:lex_emb_norm,0.0600518897209464,0.2899167188317029,0.207134966079023,0.8359044552292446,-0.5081744377052166,0.6282782171471095,0.0033324042111330383,0.05736692429312714,0.0021626509363264026,0.0026987871916117107
mistralai_Mistral-7B-v0.3,selected_mixed_random_slopes__candidate__0__C_dominance_log_frequency,14463.999100553716,Intercept,0.1577507146018453,2.1394637133435066,0.073733764970155,0.9412222313427278,-4.035521109781754,4.351022538985444,0.005750988579541905,0.03647033292620452,0.01545262600038629,0.005821211910599951
mistralai_Mistral-7B-v0.3,selected_mixed_random_slopes__candidate__0__C_dominance_log_frequency,14463.999100553716,C(tense)[T.past perfect],0.0513249502892601,0.043845019839435,1.1705993172592304,0.2417598718971789,-0.0346097094974767,0.137259610075997,0.005750988579541905,0.03647033292620452,0.01545262600038629,0.005821211910599951
mistralai_Mistral-7B-v0.3,selected_mixed_random_slopes__candidate__0__C_dominance_log_frequency,14463.999100553716,C(tense)[T.present continuous],0.2255245263592347,0.0438450198394349,5.143674861709016,2.694156503109693e-07,0.139589866572498,0.3114591861459714,0.005750988579541905,0.03647033292620452,0.01545262600038629,0.005821211910599951
mistralai_Mistral-7B-v0.3,selected_mixed_random_slopes__candidate__0__C_dominance_log_frequency,14463.999100553716,C(tense)[T.present perfect],0.0009458960976248,0.0438450198394348,0.0215736268586212,0.9827880713525914,-0.0849887636891116,0.0868805558843612,0.005750988579541905,0.03647033292620452,0.01545262600038629,0.005821211910599951
mistralai_Mistral-7B-v0.3,selected_mixed_random_slopes__candidate__0__C_dominance_log_frequency,14463.999100553716,C(tense)[T.simple future],0.1367789798654539,0.0438450198394348,3.119601276641072,0.0018109599354372,0.0508443200787175,0.2227136396521903,0.005750988579541905,0.03647033292620452,0.01545262600038629,0.005821211910599951
mistralai_Mistral-7B-v0.3,selected_mixed_random_slopes__candidate__0__C_dominance_log_frequency,14463.999100553716,C(tense)[T.simple past],-0.0928000313168419,0.0438450198394346,-2.1165466832193487,0.0342983392058246,-0.1787346911035779,-0.0068653715301058,0.005750988579541905,0.03647033292620452,0.01545262600038629,0.005821211910599951
mistralai_Mistral-7B-v0.3,selected_mixed_random_slopes__candidate__0__C_dominance_log_frequency,14463.999100553716,C(semantic_role)[T.patient],0.167195980599664,0.0577712432471286,2.8941039036402243,0.0038024231406043,0.053966424493189,0.280425536706139,0.005750988579541905,0.03647033292620452,0.01545262600038629,0.005821211910599951
mistralai_Mistral-7B-v0.3,selected_mixed_random_slopes__candidate__0__C_dominance_log_frequency,14463.999100553716,C(syntactic_role)[T.subject],0.0416745146130027,0.1302205861897663,0.320030156770081,0.7489454699908059,-0.2135531443646332,0.2969021735906388,0.005750988579541905,0.03647033292620452,0.01545262600038629,0.005821211910599951
mistralai_Mistral-7B-v0.3,selected_mixed_random_slopes__candidate__0__C_dominance_log_frequency,14463.999100553716,C(valence)[T.-val],0.0395875001866116,0.0873751146701567,0.4530752301276561,0.6504945708892542,-0.1316645777119529,0.2108395780851762,0.005750988579541905,0.03647033292620452,0.01545262600038629,0.005821211910599951
mistralai_Mistral-7B-v0.3,selected_mixed_random_slopes__candidate__0__C_dominance_log_frequency,14463.999100553716,C(dominance)[T.-dom],0.0184974112296451,0.0529481587151841,0.349349470850259,0.7268269627652442,-0.0852790728998264,0.1222738953591166,0.005750988579541905,0.03647033292620452,0.01545262600038629,0.005821211910599951
mistralai_Mistral-7B-v0.3,selected_mixed_random_slopes__candidate__0__C_dominance_log_frequency,14463.999100553716,C(tense)[T.past perfect]:C(semantic_role)[T.patient],0.0340160561761019,0.0200141621032388,1.6995993137577894,0.089206319532892,-0.0052109807269926,0.0732430930791965,0.005750988579541905,0.03647033292620452,0.01545262600038629,0.005821211910599951
mistralai_Mistral-7B-v0.3,selected_mixed_random_slopes__candidate__0__C_dominance_log_frequency,14463.999100553716,C(tense)[T.present continuous]:C(semantic_role)[T.patient],-0.0219047994642211,0.0200141621032388,-1.0944649769113424,0.2737510997510726,-0.0611318363673157,0.0173222374388734,0.005750988579541905,0.03647033292620452,0.01545262600038629,0.005821211910599951
mistralai_Mistral-7B-v0.3,selected_mixed_random_slopes__candidate__0__C_dominance_log_frequency,14463.999100553716,C(tense)[T.present perfect]:C(semantic_role)[T.patient],0.0228136414357269,0.0200141621032388,1.13987492047119,0.2543384149212958,-0.0164133954673676,0.0620406783388215,0.005750988579541905,0.03647033292620452,0.01545262600038629,0.005821211910599951
mistralai_Mistral-7B-v0.3,selected_mixed_random_slopes__candidate__0__C_dominance_log_frequency,14463.999100553716,C(tense)[T.simple future]:C(semantic_role)[T.patient],0.0573791055955497,0.0200141621032388,2.8669251952478265,0.0041448096902967,0.0181520686924551,0.0966061424986443,0.005750988579541905,0.03647033292620452,0.01545262600038629,0.005821211910599951
mistralai_Mistral-7B-v0.3,selected_mixed_random_slopes__candidate__0__C_dominance_log_frequency,14463.999100553716,C(tense)[T.simple past]:C(semantic_role)[T.patient],0.0089473959104748,0.0200141621032388,0.4470532348205021,0.6548366234931187,-0.0302796409926197,0.0481744328135694,0.005750988579541905,0.03647033292620452,0.01545262600038629,0.005821211910599951
mistralai_Mistral-7B-v0.3,selected_mixed_random_slopes__candidate__0__C_dominance_log_frequency,14463.999100553716,C(tense)[T.past perfect]:C(syntactic_role)[T.subject],0.0253573932956745,0.0200141621032388,1.2669725150058082,0.2051651177565747,-0.0138696436074201,0.0645844301987691,0.005750988579541905,0.03647033292620452,0.01545262600038629,0.005821211910599951
mistralai_Mistral-7B-v0.3,selected_mixed_random_slopes__candidate__0__C_dominance_log_frequency,14463.999100553716,C(tense)[T.present continuous]:C(syntactic_role)[T.subject],-5.818917227699551e-05,0.0200141621032388,-0.0029073998689947,0.9976802338006032,-0.0392852260753716,0.0391688477308176,0.005750988579541905,0.03647033292620452,0.01545262600038629,0.005821211910599951
mistralai_Mistral-7B-v0.3,selected_mixed_random_slopes__candidate__0__C_dominance_log_frequency,14463.999100553716,C(tense)[T.present perfect]:C(syntactic_role)[T.subject],0.079486774711405,0.0200141621032388,3.971526477170969,7.14135617301306e-05,0.0402597378083104,0.1187138116144996,0.005750988579541905,0.03647033292620452,0.01545262600038629,0.005821211910599951
mistralai_Mistral-7B-v0.3,selected_mixed_random_slopes__candidate__0__C_dominance_log_frequency,14463.999100553716,C(tense)[T.simple future]:C(syntactic_role)[T.subject],0.174907084952472,0.0200141621032388,8.739165999068575,2.3483759224075203e-18,0.1356800480493774,0.2141341218555666,0.005750988579541905,0.03647033292620452,0.01545262600038629,0.005821211910599951
mistralai_Mistral-7B-v0.3,selected_mixed_random_slopes__candidate__0__C_dominance_log_frequency,14463.999100553716,C(tense)[T.simple past]:C(syntactic_role)[T.subject],0.0261925945590904,0.0200141621032388,1.30870302858453,0.1906349654375515,-0.0130344423440041,0.065419631462185,0.005750988579541905,0.03647033292620452,0.01545262600038629,0.005821211910599951
mistralai_Mistral-7B-v0.3,selected_mixed_random_slopes__candidate__0__C_dominance_log_frequency,14463.999100553716,C(tense)[T.past perfect]:C(valence)[T.-val],-0.0571932553368026,0.0200141621032389,-2.857639257730754,0.0042680530773959,-0.0964202922398974,-0.0179662184337079,0.005750988579541905,0.03647033292620452,0.01545262600038629,0.005821211910599951
mistralai_Mistral-7B-v0.3,selected_mixed_random_slopes__candidate__0__C_dominance_log_frequency,14463.999100553716,C(tense)[T.present continuous]:C(valence)[T.-val],-0.0453252502643466,0.0200141621032389,-2.2646588965626293,0.0235336196625676,-0.0845522871674414,-0.0060982133612519,0.005750988579541905,0.03647033292620452,0.01545262600038629,0.005821211910599951
mistralai_Mistral-7B-v0.3,selected_mixed_random_slopes__candidate__0__C_dominance_log_frequency,14463.999100553716,C(tense)[T.present perfect]:C(valence)[T.-val],-0.0335121631317577,0.0200141621032389,-1.6744224893798798,0.0940475959729436,-0.0727392000348525,0.0057148737713369,0.005750988579541905,0.03647033292620452,0.01545262600038629,0.005821211910599951
mistralai_Mistral-7B-v0.3,selected_mixed_random_slopes__candidate__0__C_dominance_log_frequency,14463.999100553716,C(tense)[T.simple future]:C(valence)[T.-val],0.0756700096215355,0.0200141621032389,3.7808232606095302,0.0001563106146888,0.0364429727184408,0.1148970465246302,0.005750988579541905,0.03647033292620452,0.01545262600038629,0.005821211910599951
mistralai_Mistral-7B-v0.3,selected_mixed_random_slopes__candidate__0__C_dominance_log_frequency,14463.999100553716,C(tense)[T.simple past]:C(valence)[T.-val],-0.0166224377882074,0.0200141621032389,-0.8305337841506459,0.4062370548465041,-0.0558494746913021,0.0226045991148872,0.005750988579541905,0.03647033292620452,0.01545262600038629,0.005821211910599951
mistralai_Mistral-7B-v0.3,selected_mixed_random_slopes__candidate__0__C_dominance_log_frequency,14463.999100553716,C(tense)[T.past perfect]:C(dominance)[T.-dom],-0.0118329797891524,0.0200141621032389,-0.5912303362046558,0.5543660991498595,-0.0510600166922471,0.0273940571139422,0.005750988579541905,0.03647033292620452,0.01545262600038629,0.005821211910599951
mistralai_Mistral-7B-v0.3,selected_mixed_random_slopes__candidate__0__C_dominance_log_frequency,14463.999100553716,C(tense)[T.present continuous]:C(dominance)[T.-dom],-0.0651069787921566,0.0200141621032389,-3.253045441338774,0.0011417523700179,-0.1043340156952513,-0.0258799418890619,0.005750988579541905,0.03647033292620452,0.01545262600038629,0.005821211910599951
mistralai_Mistral-7B-v0.3,selected_mixed_random_slopes__candidate__0__C_dominance_log_frequency,14463.999100553716,C(tense)[T.present perfect]:C(dominance)[T.-dom],-0.0243913371119344,0.0200141621032389,-1.21870388508481,0.2229566028590655,-0.0636183740150291,0.0148356997911602,0.005750988579541905,0.03647033292620452,0.01545262600038629,0.005821211910599951
mistralai_Mistral-7B-v0.3,selected_mixed_random_slopes__candidate__0__C_dominance_log_frequency,14463.999100553716,C(tense)[T.simple future]:C(dominance)[T.-dom],-0.1415066991335209,0.0200141621032389,-7.070328420624753,1.5456744257742117e-12,-0.1807337360366156,-0.1022796622304262,0.005750988579541905,0.03647033292620452,0.01545262600038629,0.005821211910599951
mistralai_Mistral-7B-v0.3,selected_mixed_random_slopes__candidate__0__C_dominance_log_frequency,14463.999100553716,C(tense)[T.simple past]:C(dominance)[T.-dom],0.0203525441751807,0.0200141621032389,1.0169071315699547,0.3091976104251025,-0.0188744927279139,0.0595795810782754,0.005750988579541905,0.03647033292620452,0.01545262600038629,0.005821211910599951
mistralai_Mistral-7B-v0.3,selected_mixed_random_slopes__candidate__0__C_dominance_log_frequency,14463.999100553716,C(semantic_role)[T.patient]:C(syntactic_role)[T.subject],-0.1691632136001039,0.0115551818779097,-14.63959766167736,1.5699448399244015e-48,-0.1918109539156169,-0.1465154732845909,0.005750988579541905,0.03647033292620452,0.01545262600038629,0.005821211910599951
mistralai_Mistral-7B-v0.3,selected_mixed_random_slopes__candidate__0__C_dominance_log_frequency,14463.999100553716,C(semantic_role)[T.patient]:C(valence)[T.-val],0.036786384844121,0.0115551818779097,3.183540097663569,0.001454859614514,0.014138644528608,0.059434125159634,0.005750988579541905,0.03647033292620452,0.01545262600038629,0.005821211910599951
mistralai_Mistral-7B-v0.3,selected_mixed_random_slopes__candidate__0__C_dominance_log_frequency,14463.999100553716,C(semantic_role)[T.patient]:C(dominance)[T.-dom],-0.047757164909924,0.0115551818779097,-4.132965228459311,3.581129206050935e-05,-0.070404905225437,-0.025109424594411,0.005750988579541905,0.03647033292620452,0.01545262600038629,0.005821211910599951
mistralai_Mistral-7B-v0.3,selected_mixed_random_slopes__candidate__0__C_dominance_log_frequency,14463.999100553716,C(syntactic_role)[T.subject]:C(valence)[T.-val],-0.0221061178308581,0.0115551818779097,-1.9130912922382328,0.0557363663226913,-0.0447538581463711,0.0005416224846548,0.005750988579541905,0.03647033292620452,0.01545262600038629,0.005821211910599951
mistralai_Mistral-7B-v0.3,selected_mixed_random_slopes__candidate__0__C_dominance_log_frequency,14463.999100553716,C(syntactic_role)[T.subject]:C(dominance)[T.-dom],0.0151611839885477,0.0115551818779097,1.3120679664533643,0.189497203171754,-0.0074865563269651,0.0378089243040607,0.005750988579541905,0.03647033292620452,0.01545262600038629,0.005821211910599951
mistralai_Mistral-7B-v0.3,selected_mixed_random_slopes__candidate__0__C_dominance_log_frequency,14463.999100553716,C(valence)[T.-val]:C(dominance)[T.-dom],-0.0434458096335177,0.0115551818779097,-3.759855110249184,0.0001700117932766,-0.0660935499490307,-0.0207980693180047,0.005750988579541905,0.03647033292620452,0.01545262600038629,0.005821211910599951
mistralai_Mistral-7B-v0.3,selected_mixed_random_slopes__candidate__0__C_dominance_log_frequency,14463.999100553716,log_frequency,0.1678961467969553,0.2919415670317045,0.5751018894089927,0.5652223901954225,-0.4042988101753715,0.7400911037692823,0.005750988579541905,0.03647033292620452,0.01545262600038629,0.005821211910599951
mistralai_Mistral-7B-v0.3,selected_mixed_random_slopes__candidate__0__C_dominance_log_frequency,14463.999100553716,C(tense)[T.past perfect]:log_frequency,0.0059996661081812,0.007477017456745,0.802414350760807,0.4223133145232756,-0.0086550188188162,0.0206543510351787,0.005750988579541905,0.03647033292620452,0.01545262600038629,0.005821211910599951
mistralai_Mistral-7B-v0.3,selected_mixed_random_slopes__candidate__0__C_dominance_log_frequency,14463.999100553716,C(tense)[T.present continuous]:log_frequency,0.0218694319905488,0.007477017456745,2.924887111346852,0.0034458120063314,0.0072147470635514,0.0365241169175463,0.005750988579541905,0.03647033292620452,0.01545262600038629,0.005821211910599951
mistralai_Mistral-7B-v0.3,selected_mixed_random_slopes__candidate__0__C_dominance_log_frequency,14463.999100553716,C(tense)[T.present perfect]:log_frequency,0.0333667244028787,0.007477017456745,4.462571419139689,8.098192410826444e-06,0.0187120394758812,0.0480214093298762,0.005750988579541905,0.03647033292620452,0.01545262600038629,0.005821211910599951
mistralai_Mistral-7B-v0.3,selected_mixed_random_slopes__candidate__0__C_dominance_log_frequency,14463.999100553716,C(tense)[T.simple future]:log_frequency,0.0544645180209565,0.0074770174567449,7.284257170193475,3.234474971146869e-13,0.039809833093959,0.0691192029479539,0.005750988579541905,0.03647033292620452,0.01545262600038629,0.005821211910599951
mistralai_Mistral-7B-v0.3,selected_mixed_random_slopes__candidate__0__C_dominance_log_frequency,14463.999100553716,C(tense)[T.simple past]:log_frequency,0.0213248914353942,0.007477017456745,2.8520585325311902,0.0043437101426609,0.0066702065083967,0.0359795763623917,0.005750988579541905,0.03647033292620452,0.01545262600038629,0.005821211910599951
mistralai_Mistral-7B-v0.3,selected_mixed_random_slopes__candidate__0__C_dominance_log_frequency,14463.999100553716,C(semantic_role)[T.patient]:log_frequency,-0.0151251130895018,0.0105648004890075,-1.431651558894956,0.152243566158877,-0.0358317415518077,0.005581515372804,0.005750988579541905,0.03647033292620452,0.01545262600038629,0.005821211910599951
mistralai_Mistral-7B-v0.3,selected_mixed_random_slopes__candidate__0__C_dominance_log_frequency,14463.999100553716,C(syntactic_role)[T.subject]:log_frequency,-0.0158887462188256,0.0243718089449333,-0.6519313463651949,0.5144454621404149,-0.0636566139889861,0.0318791215513347,0.005750988579541905,0.03647033292620452,0.01545262600038629,0.005821211910599951
mistralai_Mistral-7B-v0.3,selected_mixed_random_slopes__candidate__0__C_dominance_log_frequency,14463.999100553716,C(valence)[T.-val]:log_frequency,-0.0155998587609552,0.016219206789112,-0.9618139138239116,0.3361430875363589,-0.0473889199254225,0.0161892024035119,0.005750988579541905,0.03647033292620452,0.01545262600038629,0.005821211910599951
mistralai_Mistral-7B-v0.3,selected_mixed_random_slopes__candidate__0__C_dominance_log_frequency,14463.999100553716,lex_emb_norm,20.90416136971914,21.513397153133184,0.9716810981047076,0.3312092230913799,-21.261322235528432,63.06964497496672,0.005750988579541905,0.03647033292620452,0.01545262600038629,0.005821211910599951
mistralai_Mistral-7B-v0.3,selected_mixed_random_slopes__candidate__0__C_dominance_log_frequency,14463.999100553716,C(tense)[T.past perfect]:lex_emb_norm,-0.3226614184970122,0.4373415273218295,-0.7377790544449558,0.4606487233979902,-1.179835060991538,0.5345122239975137,0.005750988579541905,0.03647033292620452,0.01545262600038629,0.005821211910599951
mistralai_Mistral-7B-v0.3,selected_mixed_random_slopes__candidate__0__C_dominance_log_frequency,14463.999100553716,C(tense)[T.present continuous]:lex_emb_norm,-2.056468094096556,0.4373415273218295,-4.702201747658984,2.5737100667373137e-06,-2.913641736591082,-1.19929445160203,0.005750988579541905,0.03647033292620452,0.01545262600038629,0.005821211910599951
mistralai_Mistral-7B-v0.3,selected_mixed_random_slopes__candidate__0__C_dominance_log_frequency,14463.999100553716,C(tense)[T.present perfect]:lex_emb_norm,-1.6682055704741627,0.43734152732183,-3.814422976683316,0.0001365015012153,-2.52537921296869,-0.8110319279796357,0.005750988579541905,0.03647033292620452,0.01545262600038629,0.005821211910599951
mistralai_Mistral-7B-v0.3,selected_mixed_random_slopes__candidate__0__C_dominance_log_frequency,14463.999100553716,C(tense)[T.simple future]:lex_emb_norm,-1.549728393882969,0.4373415273218296,-3.5435198742116234,0.0003948235509303,-2.406902036377495,-0.6925547513884428,0.005750988579541905,0.03647033292620452,0.01545262600038629,0.005821211910599951
mistralai_Mistral-7B-v0.3,selected_mixed_random_slopes__candidate__0__C_dominance_log_frequency,14463.999100553716,C(tense)[T.simple past]:lex_emb_norm,-0.9080923431546568,0.4373415273218298,-2.076391758897416,0.0378577328357605,-1.7652659856491832,-0.0509187006601301,0.005750988579541905,0.03647033292620452,0.01545262600038629,0.005821211910599951
mistralai_Mistral-7B-v0.3,selected_mixed_random_slopes__candidate__0__C_dominance_log_frequency,14463.999100553716,C(semantic_role)[T.patient]:lex_emb_norm,0.3334438417621906,0.6197008124818738,0.5380723004489265,0.5905271347910588,-0.8811474318924916,1.548035115416873,0.005750988579541905,0.03647033292620452,0.01545262600038629,0.005821211910599951
mistralai_Mistral-7B-v0.3,selected_mixed_random_slopes__candidate__0__C_dominance_log_frequency,14463.999100553716,C(syntactic_role)[T.subject]:lex_emb_norm,0.3183523789028468,1.4377994225531672,0.2214164047566063,0.8247682202509805,-2.499682706293848,3.136387464099541,0.005750988579541905,0.03647033292620452,0.01545262600038629,0.005821211910599951
mistralai_Mistral-7B-v0.3,selected_mixed_random_slopes__candidate__0__C_dominance_log_frequency,14463.999100553716,C(valence)[T.-val]:lex_emb_norm,1.1370625679929944,0.9559825555094772,1.1894176953752185,0.2342753409390329,-0.7366288106541441,3.0107539466401327,0.005750988579541905,0.03647033292620452,0.01545262600038629,0.005821211910599951
mistralai_Mistral-7B-v0.3,selected_mixed_random_slopes__candidate__0__C_dominance_log_frequency,14463.999100553716,C(dominance)[T.-dom]:lex_emb_norm,-0.250524448306887,0.4131970944502382,-0.6063073813241878,0.5443106580107266,-1.0603758719459488,0.5593269753321749,0.005750988579541905,0.03647033292620452,0.01545262600038629,0.005821211910599951
mistralai_Mistral-7B-v0.3,selected_mixed_random_slopes__candidate__0__C_dominance_log_frequency,14463.999100553716,log_frequency:lex_emb_norm,-2.174015612530037,2.1836747296232937,-0.9955766685568034,0.3194558756412347,-6.453939436541933,2.105908211481859,0.005750988579541905,0.03647033292620452,0.01545262600038629,0.005821211910599951
tiiuae_Falcon3-10B-Base,selected_mixed_random_slopes__candidate__0__C_tense_C_dominance,22825.65567856125,Intercept,6.128176189226331,5.107618154472641,1.1998109498181666,0.230212770589862,-3.8825714403229847,16.13892381877565,0.004986773119713134,0.0741514532279619,0.010645952381236676,0.00311205960323575
tiiuae_Falcon3-10B-Base,selected_mixed_random_slopes__candidate__0__C_tense_C_dominance,22825.65567856125,C(tense)[T.past perfect],0.0115540883010084,0.0980049616008881,0.117892891464627,0.9061525257582406,-0.1805321067429633,0.2036402833449802,0.004986773119713134,0.0741514532279619,0.010645952381236676,0.00311205960323575
tiiuae_Falcon3-10B-Base,selected_mixed_random_slopes__candidate__0__C_tense_C_dominance,22825.65567856125,C(tense)[T.present continuous],-0.3342107201880587,0.0980049616008878,-3.4101408207177046,0.0006492934493158,-0.5262969152320298,-0.1421245251440876,0.004986773119713134,0.0741514532279619,0.010645952381236676,0.00311205960323575
tiiuae_Falcon3-10B-Base,selected_mixed_random_slopes__candidate__0__C_tense_C_dominance,22825.65567856125,C(tense)[T.present perfect],0.0077149978392036,0.0980049616008854,0.0787204822407062,0.9372549535629388,-0.1843711972047628,0.19980119288317,0.004986773119713134,0.0741514532279619,0.010645952381236676,0.00311205960323575
tiiuae_Falcon3-10B-Base,selected_mixed_random_slopes__candidate__0__C_tense_C_dominance,22825.65567856125,C(tense)[T.simple future],0.1587245375635339,0.0980049616008861,1.6195561425749163,0.1053276571606784,-0.0333616574804338,0.3508107326075016,0.004986773119713134,0.0741514532279619,0.010645952381236676,0.00311205960323575
tiiuae_Falcon3-10B-Base,selected_mixed_random_slopes__candidate__0__C_tense_C_dominance,22825.65567856125,C(tense)[T.simple past],0.3218625192350132,0.0980049616008851,3.2841451491585136,0.0010229222454388,0.1297763241910474,0.5139487142789789,0.004986773119713134,0.0741514532279619,0.010645952381236676,0.00311205960323575
tiiuae_Falcon3-10B-Base,selected_mixed_random_slopes__candidate__0__C_tense_C_dominance,22825.65567856125,C(semantic_role)[T.patient],0.2869882164045607,0.1069480496709452,2.683435717505443,0.0072869982548911,0.0773738908327072,0.4966025419764142,0.004986773119713134,0.0741514532279619,0.010645952381236676,0.00311205960323575
tiiuae_Falcon3-10B-Base,selected_mixed_random_slopes__candidate__0__C_tense_C_dominance,22825.65567856125,C(syntactic_role)[T.subject],-1.0433682600504532,0.3489884574063929,-2.989692747446553,0.0027925819531872,-1.727373067587174,-0.3593634525137323,0.004986773119713134,0.0741514532279619,0.010645952381236676,0.00311205960323575
tiiuae_Falcon3-10B-Base,selected_mixed_random_slopes__candidate__0__C_tense_C_dominance,22825.65567856125,C(valence)[T.-val],0.6676975893616993,0.1430640969573818,4.667121965342594,3.0544803217420333e-06,0.3872971118444846,0.948098066878914,0.004986773119713134,0.0741514532279619,0.010645952381236676,0.00311205960323575
tiiuae_Falcon3-10B-Base,selected_mixed_random_slopes__candidate__0__C_tense_C_dominance,22825.65567856125,C(dominance)[T.-dom],-0.0412684072760066,0.0903718710409681,-0.4566510220563927,0.6479218998779217,-0.2183940197318024,0.1358572051797892,0.004986773119713134,0.0741514532279619,0.010645952381236676,0.00311205960323575
tiiuae_Falcon3-10B-Base,selected_mixed_random_slopes__candidate__0__C_tense_C_dominance,22825.65567856125,C(tense)[T.past perfect]:C(semantic_role)[T.patient],0.0391565096782446,0.0259057667443605,1.5114978091420004,0.1306616663731755,-0.0116178601325974,0.0899308794890867,0.004986773119713134,0.0741514532279619,0.010645952381236676,0.00311205960323575
tiiuae_Falcon3-10B-Base,selected_mixed_random_slopes__candidate__0__C_tense_C_dominance,22825.65567856125,C(tense)[T.present continuous]:C(semantic_role)[T.patient],-0.011065610115261,0.0259057667443605,-0.427148527370646,0.669271149296635,-0.0618399799261031,0.039708759695581,0.004986773119713134,0.0741514532279619,0.010645952381236676,0.00311205960323575
tiiuae_Falcon3-10B-Base,selected_mixed_random_slopes__candidate__0__C_tense_C_dominance,22825.65567856125,C(tense)[T.present perfect]:C(semantic_role)[T.patient],-0.00580299894316,0.0259057667443605,-0.2240041377823082,0.8227540835597927,-0.0565773687540021,0.044971370867682,0.004986773119713134,0.0741514532279619,0.010645952381236676,0.00311205960323575
tiiuae_Falcon3-10B-Base,selected_mixed_random_slopes__candidate__0__C_tense_C_dominance,22825.65567856125,C(tense)[T.simple future]:C(semantic_role)[T.patient],-0.0030073309204666,0.0259057667443605,-0.1160873156213889,0.9075833415120677,-0.0537817007313087,0.0477670388903754,0.004986773119713134,0.0741514532279619,0.010645952381236676,0.00311205960323575
tiiuae_Falcon3-10B-Base,selected_mixed_random_slopes__candidate__0__C_tense_C_dominance,22825.65567856125,C(tense)[T.simple past]:C(semantic_role)[T.patient],0.0334015378135736,0.0259057667443605,1.2893475859325776,0.19727727452802,-0.0173728319972683,0.0841759076244157,0.004986773119713134,0.0741514532279619,0.010645952381236676,0.00311205960323575
tiiuae_Falcon3-10B-Base,selected_mixed_random_slopes__candidate__0__C_tense_C_dominance,22825.65567856125,C(tense)[T.past perfect]:C(syntactic_role)[T.subject],0.1591132898104075,0.0259057667443604,6.142002720110405,8.148746201847705e-10,0.1083389199995656,0.2098876596212495,0.004986773119713134,0.0741514532279619,0.010645952381236676,0.00311205960323575
tiiuae_Falcon3-10B-Base,selected_mixed_random_slopes__candidate__0__C_tense_C_dominance,22825.65567856125,C(tense)[T.present continuous]:C(syntactic_role)[T.subject],0.0444394750457667,0.0259057667443604,1.715427900061712,0.0862668038010251,-0.0063348947650751,0.0952138448566086,0.004986773119713134,0.0741514532279619,0.010645952381236676,0.00311205960323575
tiiuae_Falcon3-10B-Base,selected_mixed_random_slopes__candidate__0__C_tense_C_dominance,22825.65567856125,C(tense)[T.present perfect]:C(syntactic_role)[T.subject],0.1195263061419506,0.0259057667443604,4.613887993412543,3.952054568986677e-06,0.0687519363311087,0.1703006759527925,0.004986773119713134,0.0741514532279619,0.010645952381236676,0.00311205960323575
tiiuae_Falcon3-10B-Base,selected_mixed_random_slopes__candidate__0__C_tense_C_dominance,22825.65567856125,C(tense)[T.simple future]:C(syntactic_role)[T.subject],0.2684779337653979,0.0259057667443604,10.363635881336892,3.6289934310900193e-25,0.217703563954556,0.3192523035762399,0.004986773119713134,0.0741514532279619,0.010645952381236676,0.00311205960323575
tiiuae_Falcon3-10B-Base,selected_mixed_random_slopes__candidate__0__C_tense_C_dominance,22825.65567856125,C(tense)[T.simple past]:C(syntactic_role)[T.subject],0.0806211271823602,0.0259057667443604,3.1120919128908247,0.001857666518913,0.0298467573715183,0.1313954969932022,0.004986773119713134,0.0741514532279619,0.010645952381236676,0.00311205960323575
tiiuae_Falcon3-10B-Base,selected_mixed_random_slopes__candidate__0__C_tense_C_dominance,22825.65567856125,C(tense)[T.past perfect]:C(valence)[T.-val],0.0989784381549686,0.0259057667443604,3.820710621372202,0.000133067710895,0.0482040683441267,0.1497528079658105,0.004986773119713134,0.0741514532279619,0.010645952381236676,0.00311205960323575
tiiuae_Falcon3-10B-Base,selected_mixed_random_slopes__candidate__0__C_tense_C_dominance,22825.65567856125,C(tense)[T.present continuous]:C(valence)[T.-val],-0.025503937438726,0.0259057667443604,-0.9844888086270672,0.3248752313949596,-0.0762783072495679,0.0252704323721157,0.004986773119713134,0.0741514532279619,0.010645952381236676,0.00311205960323575
tiiuae_Falcon3-10B-Base,selected_mixed_random_slopes__candidate__0__C_tense_C_dominance,22825.65567856125,C(tense)[T.present perfect]:C(valence)[T.-val],0.1402150927540801,0.0259057667443604,5.412505027846913,6.21491092113269e-08,0.0894407229432382,0.190989462564922,0.004986773119713134,0.0741514532279619,0.010645952381236676,0.00311205960323575
tiiuae_Falcon3-10B-Base,selected_mixed_random_slopes__candidate__0__C_tense_C_dominance,22825.65567856125,C(tense)[T.simple future]:C(valence)[T.-val],0.1751090152854684,0.0259057667443604,6.759460818645289,1.3850620889672782e-11,0.1243346454746265,0.2258833850963102,0.004986773119713134,0.0741514532279619,0.010645952381236676,0.00311205960323575
tiiuae_Falcon3-10B-Base,selected_mixed_random_slopes__candidate__0__C_tense_C_dominance,22825.65567856125,C(tense)[T.simple past]:C(valence)[T.-val],0.1330336401997032,0.0259057667443604,5.13529059041127,2.817084018474343e-07,0.0822592703888613,0.183808010010545,0.004986773119713134,0.0741514532279619,0.010645952381236676,0.00311205960323575
tiiuae_Falcon3-10B-Base,selected_mixed_random_slopes__candidate__0__C_tense_C_dominance,22825.65567856125,C(semantic_role)[T.patient]:C(syntactic_role)[T.subject],-0.23229529737267,0.0149567014034202,-15.53118505926382,2.1339944112099108e-54,-0.2616098934508932,-0.2029807012944467,0.004986773119713134,0.0741514532279619,0.010645952381236676,0.00311205960323575
tiiuae_Falcon3-10B-Base,selected_mixed_random_slopes__candidate__0__C_tense_C_dominance,22825.65567856125,C(semantic_role)[T.patient]:C(valence)[T.-val],-0.0572601106771508,0.0149567014034201,-3.8283916441667416,0.0001289833941444,-0.086574706755374,-0.0279455145989275,0.004986773119713134,0.0741514532279619,0.010645952381236676,0.00311205960323575
tiiuae_Falcon3-10B-Base,selected_mixed_random_slopes__candidate__0__C_tense_C_dominance,22825.65567856125,C(semantic_role)[T.patient]:C(dominance)[T.-dom],0.0420678312497467,0.0149567014034202,2.8126409771159118,0.0049136479124912,0.0127532351715234,0.07138242732797,0.004986773119713134,0.0741514532279619,0.010645952381236676,0.00311205960323575
tiiuae_Falcon3-10B-Base,selected_mixed_random_slopes__candidate__0__C_tense_C_dominance,22825.65567856125,C(syntactic_role)[T.subject]:C(valence)[T.-val],0.0512947384835145,0.0149567014034201,3.4295488757825194,0.0006045855334882,0.0219801424052912,0.0806093345617378,0.004986773119713134,0.0741514532279619,0.010645952381236676,0.00311205960323575
tiiuae_Falcon3-10B-Base,selected_mixed_random_slopes__candidate__0__C_tense_C_dominance,22825.65567856125,C(syntactic_role)[T.subject]:C(dominance)[T.-dom],0.0466478485714067,0.0149567014034201,3.1188593870530608,0.0018155258112289,0.0173332524931834,0.0759624446496299,0.004986773119713134,0.0741514532279619,0.010645952381236676,0.00311205960323575
tiiuae_Falcon3-10B-Base,selected_mixed_random_slopes__candidate__0__C_tense_C_dominance,22825.65567856125,C(valence)[T.-val]:C(dominance)[T.-dom],-0.0650282239106133,0.0149567014034202,-4.347765069090907,1.3753180537663056e-05,-0.0943428199888365,-0.03571362783239,0.004986773119713134,0.0741514532279619,0.010645952381236676,0.00311205960323575
tiiuae_Falcon3-10B-Base,selected_mixed_random_slopes__candidate__0__C_tense_C_dominance,22825.65567856125,log_frequency,-0.3337562177558096,0.9754075213531233,-0.3421710520468511,0.7322221689418119,-2.2455198298574146,1.5780073943457955,0.004986773119713134,0.0741514532279619,0.010645952381236676,0.00311205960323575
tiiuae_Falcon3-10B-Base,selected_mixed_random_slopes__candidate__0__C_tense_C_dominance,22825.65567856125,C(tense)[T.past perfect]:log_frequency,0.0285055096742343,0.0091138924420601,3.1276987144025323,0.001761806787623,0.0106426087288247,0.0463684106196439,0.004986773119713134,0.0741514532279619,0.010645952381236676,0.00311205960323575
tiiuae_Falcon3-10B-Base,selected_mixed_random_slopes__candidate__0__C_tense_C_dominance,22825.65567856125,C(tense)[T.present continuous]:log_frequency,-0.0331327796613118,0.00911389244206,-3.6354148210490105,0.0002775336865778,-0.0509956806067214,-0.0152698787159022,0.004986773119713134,0.0741514532279619,0.010645952381236676,0.00311205960323575
tiiuae_Falcon3-10B-Base,selected_mixed_random_slopes__candidate__0__C_tense_C_dominance,22825.65567856125,C(tense)[T.present perfect]:log_frequency,0.0162676494878601,0.00911389244206,1.7849288425641177,0.0742728595961013,-0.0015952514575493,0.0341305504332696,0.004986773119713134,0.0741514532279619,0.010645952381236676,0.00311205960323575
tiiuae_Falcon3-10B-Base,selected_mixed_random_slopes__candidate__0__C_tense_C_dominance,22825.65567856125,C(tense)[T.simple future]:log_frequency,0.0351737223619268,0.00911389244206,3.859352366240615,0.000113687913459,0.0173108214165173,0.0530366233073362,0.004986773119713134,0.0741514532279619,0.010645952381236676,0.00311205960323575
tiiuae_Falcon3-10B-Base,selected_mixed_random_slopes__candidate__0__C_tense_C_dominance,22825.65567856125,C(tense)[T.simple past]:log_frequency,0.0230290800183048,0.00911389244206,2.526810598732442,0.0115103558687191,0.0051661790728953,0.0408919809637144,0.004986773119713134,0.0741514532279619,0.010645952381236676,0.00311205960323575
tiiuae_Falcon3-10B-Base,selected_mixed_random_slopes__candidate__0__C_tense_C_dominance,22825.65567856125,C(semantic_role)[T.patient]:log_frequency,-0.0029684789970321,0.010015032660081,-0.2964023281585734,0.7669228475576049,-0.0225975823147834,0.016660624320719,0.004986773119713134,0.0741514532279619,0.010645952381236676,0.00311205960323575
tiiuae_Falcon3-10B-Base,selected_mixed_random_slopes__candidate__0__C_tense_C_dominance,22825.65567856125,C(syntactic_role)[T.subject]:log_frequency,-0.0325869316082549,0.0332779032475376,-0.9792363228493411,0.3274632252521272,-0.0978104234544372,0.0326365602379273,0.004986773119713134,0.0741514532279619,0.010645952381236676,0.00311205960323575
tiiuae_Falcon3-10B-Base,selected_mixed_random_slopes__candidate__0__C_tense_C_dominance,22825.65567856125,C(valence)[T.-val]:log_frequency,0.0354317498958176,0.0135168447953326,2.6213033020880774,0.0087594293448484,0.0089392209123478,0.0619242788792873,0.004986773119713134,0.0741514532279619,0.010645952381236676,0.00311205960323575
tiiuae_Falcon3-10B-Base,selected_mixed_random_slopes__candidate__0__C_tense_C_dominance,22825.65567856125,C(dominance)[T.-dom]:log_frequency,-0.0150585013595764,0.0085441720448829,-1.762429557887352,0.0779967482986594,-0.0318047708452609,0.0016877681261079,0.004986773119713134,0.0741514532279619,0.010645952381236676,0.00311205960323575
tiiuae_Falcon3-10B-Base,selected_mixed_random_slopes__candidate__0__C_tense_C_dominance,22825.65567856125,lex_emb_norm,-2.3996496153307163,2.234508421792013,-1.0739049322563148,0.2828652925074533,-6.779205645194497,1.9799064145330645,0.004986773119713134,0.0741514532279619,0.010645952381236676,0.00311205960323575
tiiuae_Falcon3-10B-Base,selected_mixed_random_slopes__candidate__0__C_tense_C_dominance,22825.65567856125,C(tense)[T.past perfect]:lex_emb_norm,-0.1517507026326288,0.0549183268045602,-2.7632069558977883,0.0057236462417834,-0.2593886452607675,-0.04411276000449,0.004986773119713134,0.0741514532279619,0.010645952381236676,0.00311205960323575
tiiuae_Falcon3-10B-Base,selected_mixed_random_slopes__candidate__0__C_tense_C_dominance,22825.65567856125,C(tense)[T.present continuous]:lex_emb_norm,0.2502629474220026,0.05491832680456,4.557002406730687,5.188882979192618e-06,0.1426250047938642,0.357900890050141,0.004986773119713134,0.0741514532279619,0.010645952381236676,0.00311205960323575
tiiuae_Falcon3-10B-Base,selected_mixed_random_slopes__candidate__0__C_tense_C_dominance,22825.65567856125,C(tense)[T.present perfect]:lex_emb_norm,-0.0549331299441872,0.0549183268045588,-1.00026954826357,0.3171800798663455,-0.1625710725723232,0.0527048126839488,0.004986773119713134,0.0741514532279619,0.010645952381236676,0.00311205960323575
tiiuae_Falcon3-10B-Base,selected_mixed_random_slopes__candidate__0__C_tense_C_dominance,22825.65567856125,C(tense)[T.simple future]:lex_emb_norm,-0.0686761857411869,0.054918326804559,-1.2505148961582313,0.2111115172337535,-0.1763141283693233,0.0389617568869494,0.004986773119713134,0.0741514532279619,0.010645952381236676,0.00311205960323575
tiiuae_Falcon3-10B-Base,selected_mixed_random_slopes__candidate__0__C_tense_C_dominance,22825.65567856125,C(tense)[T.simple past]:lex_emb_norm,-0.1943084883743693,0.0549183268045587,-3.538135622118768,0.0004029630261239,-0.3019464310025051,-0.0866705457462334,0.004986773119713134,0.0741514532279619,0.010645952381236676,0.00311205960323575
tiiuae_Falcon3-10B-Base,selected_mixed_random_slopes__candidate__0__C_tense_C_dominance,22825.65567856125,C(semantic_role)[T.patient]:lex_emb_norm,-0.0526418535728673,0.0603484010900115,-0.8722990604896117,0.383045250050849,-0.1709225462338676,0.065638839088133,0.004986773119713134,0.0741514532279619,0.010645952381236676,0.00311205960323575
tiiuae_Falcon3-10B-Base,selected_mixed_random_slopes__candidate__0__C_tense_C_dominance,22825.65567856125,C(syntactic_role)[T.subject]:lex_emb_norm,0.4035503081207239,0.2005253822707625,2.012464973515541,0.0441709453663067,0.0105277808839026,0.7965728353575452,0.004986773119713134,0.0741514532279619,0.010645952381236676,0.00311205960323575
tiiuae_Falcon3-10B-Base,selected_mixed_random_slopes__candidate__0__C_tense_C_dominance,22825.65567856125,C(valence)[T.-val]:lex_emb_norm,-0.3386297357916757,0.0814495567679427,-4.157539331447352,3.216939028415663e-05,-0.498267933613594,-0.1789915379697574,0.004986773119713134,0.0741514532279619,0.010645952381236676,0.00311205960323575
tiiuae_Falcon3-10B-Base,selected_mixed_random_slopes__candidate__0__C_tense_C_dominance,22825.65567856125,C(dominance)[T.-dom]:lex_emb_norm,0.0697175536485076,0.051485316029162,1.354125001563912,0.1756965010133302,-0.0311918115013128,0.170626918798328,0.004986773119713134,0.0741514532279619,0.010645952381236676,0.00311205960323575
tiiuae_Falcon3-10B-Base,selected_mixed_random_slopes__candidate__0__C_tense_C_dominance,22825.65567856125,log_frequency:lex_emb_norm,0.189895252225387,0.3907130514467735,0.4860222905844145,0.6269513618387238,-0.5758882569000342,0.9556787613508084,0.004986773119713134,0.0741514532279619,0.010645952381236676,0.00311205960323575
tiiuae_Falcon3-3B-Base,selected_mixed_random_slopes__candidate__0__C_dominance_log_frequency,4763.226697154256,Intercept,1.376004755129571,3.550749527505748,0.3875251533430905,0.6983674671564306,-5.583336436904308,8.33534594716345,0.002087934300282242,0.03272369835608084,0.004140541644024362,0.0027342272624771317
tiiuae_Falcon3-3B-Base,selected_mixed_random_slopes__candidate__0__C_dominance_log_frequency,4763.226697154256,C(tense)[T.past perfect],-0.0009453297878761,0.0638157198381474,-0.0148134313970563,0.9881810240522716,-0.1260218423181435,0.1241311827423911,0.002087934300282242,0.03272369835608084,0.004140541644024362,0.0027342272624771317
tiiuae_Falcon3-3B-Base,selected_mixed_random_slopes__candidate__0__C_dominance_log_frequency,4763.226697154256,C(tense)[T.present continuous],-0.6748162980150242,0.0638157198381479,-10.574452497386556,3.914571722838638e-26,-0.7998928105452924,-0.549739785484756,0.002087934300282242,0.03272369835608084,0.004140541644024362,0.0027342272624771317
tiiuae_Falcon3-3B-Base,selected_mixed_random_slopes__candidate__0__C_dominance_log_frequency,4763.226697154256,C(tense)[T.present perfect],-0.5724043938853819,0.0638157198381484,-8.96964565058787,2.97469867979274e-19,-0.697480906415651,-0.4473278813551128,0.002087934300282242,0.03272369835608084,0.004140541644024362,0.0027342272624771317
tiiuae_Falcon3-3B-Base,selected_mixed_random_slopes__candidate__0__C_dominance_log_frequency,4763.226697154256,C(tense)[T.simple future],-0.087681706363606,0.0638157198381488,-1.3739828773535228,0.1694469982258936,-0.2127582188938761,0.0373948061666639,0.002087934300282242,0.03272369835608084,0.004140541644024362,0.0027342272624771317
tiiuae_Falcon3-3B-Base,selected_mixed_random_slopes__candidate__0__C_dominance_log_frequency,4763.226697154256,C(tense)[T.simple past],0.002563704923579,0.0638157198381506,0.0401735642891933,0.9679547532518222,-0.1225128076066943,0.1276402174538525,0.002087934300282242,0.03272369835608084,0.004140541644024362,0.0027342272624771317
tiiuae_Falcon3-3B-Base,selected_mixed_random_slopes__candidate__0__C_dominance_log_frequency,4763.226697154256,C(semantic_role)[T.patient],-0.1068210279550236,0.0755671541410936,-1.4135907216457415,0.1574821071063061,-0.2549299284857541,0.0412878725757068,0.002087934300282242,0.03272369835608084,0.004140541644024362,0.0027342272624771317
tiiuae_Falcon3-3B-Base,selected_mixed_random_slopes__candidate__0__C_dominance_log_frequency,4763.226697154256,C(syntactic_role)[T.subject],-0.7829311373658056,0.2602312891801152,-3.008597236068378,0.0026245680021705,-1.2929750918092593,-0.2728871829223518,0.002087934300282242,0.03272369835608084,0.004140541644024362,0.0027342272624771317
tiiuae_Falcon3-3B-Base,selected_mixed_random_slopes__candidate__0__C_dominance_log_frequency,4763.226697154256,C(valence)[T.-val],0.3444784333445387,0.0964589226471089,3.571244877001156,0.0003552885206505,0.1554224189686701,0.5335344477204074,0.002087934300282242,0.03272369835608084,0.004140541644024362,0.0027342272624771317
tiiuae_Falcon3-3B-Base,selected_mixed_random_slopes__candidate__0__C_dominance_log_frequency,4763.226697154256,C(dominance)[T.-dom],-0.1071237979944541,0.0740667716466332,-1.4463138545518563,0.1480891915562258,-0.2522920028730077,0.0380444068840993,0.002087934300282242,0.03272369835608084,0.004140541644024362,0.0027342272624771317
tiiuae_Falcon3-3B-Base,selected_mixed_random_slopes__candidate__0__C_dominance_log_frequency,4763.226697154256,C(tense)[T.past perfect]:C(semantic_role)[T.patient],0.0931823443978948,0.0148618483134572,6.269902802972324,3.6127354891064835e-10,0.0640536569598214,0.1223110318359683,0.002087934300282242,0.03272369835608084,0.004140541644024362,0.0027342272624771317
tiiuae_Falcon3-3B-Base,selected_mixed_random_slopes__candidate__0__C_dominance_log_frequency,4763.226697154256,C(tense)[T.present continuous]:C(semantic_role)[T.patient],-0.0326923085664822,0.0148618483134572,-2.199747156407172,0.0278248390641003,-0.0618209960045557,-0.0035636211284087,0.002087934300282242,0.03272369835608084,0.004140541644024362,0.0027342272624771317
tiiuae_Falcon3-3B-Base,selected_mixed_random_slopes__candidate__0__C_dominance_log_frequency,4763.226697154256,C(tense)[T.present perfect]:C(semantic_role)[T.patient],0.0471761368008311,0.0148618483134572,3.1743115530329917,0.0015019238270882,0.0180474493627576,0.0763048242389045,0.002087934300282242,0.03272369835608084,0.004140541644024362,0.0027342272624771317
tiiuae_Falcon3-3B-Base,selected_mixed_random_slopes__candidate__0__C_dominance_log_frequency,4763.226697154256,C(tense)[T.simple future]:C(semantic_role)[T.patient],-0.0580535832174103,0.0148618483134572,-3.9062155657209554,9.375288234022086e-05,-0.0871822706554837,-0.0289248957793368,0.002087934300282242,0.03272369835608084,0.004140541644024362,0.0027342272624771317
tiiuae_Falcon3-3B-Base,selected_mixed_random_slopes__candidate__0__C_dominance_log_frequency,4763.226697154256,C(tense)[T.simple past]:C(semantic_role)[T.patient],-0.0213357590832308,0.0148618483134572,-1.4356060318494563,0.1511144773932788,-0.0504644465213043,0.0077929283548426,0.002087934300282242,0.03272369835608084,0.004140541644024362,0.0027342272624771317
tiiuae_Falcon3-3B-Base,selected_mixed_random_slopes__candidate__0__C_dominance_log_frequency,4763.226697154256,C(tense)[T.past perfect]:C(syntactic_role)[T.subject],-0.0086221646525922,0.0148618483134572,-0.5801542628304841,0.5618105937862188,-0.0377508520906657,0.0205065227854812,0.002087934300282242,0.03272369835608084,0.004140541644024362,0.0027342272624771317
tiiuae_Falcon3-3B-Base,selected_mixed_random_slopes__candidate__0__C_dominance_log_frequency,4763.226697154256,C(tense)[T.present continuous]:C(syntactic_role)[T.subject],0.0084094807444441,0.0148618483134572,0.5658435321822985,0.571500150696951,-0.0207192066936293,0.0375381681825177,0.002087934300282242,0.03272369835608084,0.004140541644024362,0.0027342272624771317
tiiuae_Falcon3-3B-Base,selected_mixed_random_slopes__candidate__0__C_dominance_log_frequency,4763.226697154256,C(tense)[T.present perfect]:C(syntactic_role)[T.subject],-0.1347939697300193,0.0148618483134572,-9.069798512743857,1.1923730322323594e-19,-0.1639226571680929,-0.1056652822919457,0.002087934300282242,0.03272369835608084,0.004140541644024362,0.0027342272624771317
tiiuae_Falcon3-3B-Base,selected_mixed_random_slopes__candidate__0__C_dominance_log_frequency,4763.226697154256,C(tense)[T.simple future]:C(syntactic_role)[T.subject],0.0469432125006216,0.0148618483134572,3.158638919636603,0.0015850774430223,0.0178145250625481,0.0760718999386952,0.002087934300282242,0.03272369835608084,0.004140541644024362,0.0027342272624771317
tiiuae_Falcon3-3B-Base,selected_mixed_random_slopes__candidate__0__C_dominance_log_frequency,4763.226697154256,C(tense)[T.simple past]:C(syntactic_role)[T.subject],-0.0155116765898618,0.0148618483134572,-1.0437245935161483,0.2966128279578931,-0.0446403640279353,0.0136170108482117,0.002087934300282242,0.03272369835608084,0.004140541644024362,0.0027342272624771317
tiiuae_Falcon3-3B-Base,selected_mixed_random_slopes__candidate__0__C_dominance_log_frequency,4763.226697154256,C(tense)[T.past perfect]:C(valence)[T.-val],0.0137765612671256,0.0148618483134572,0.9269749614286648,0.3539395345933368,-0.0153521261709478,0.0429052487051992,0.002087934300282242,0.03272369835608084,0.004140541644024362,0.0027342272624771317
tiiuae_Falcon3-3B-Base,selected_mixed_random_slopes__candidate__0__C_dominance_log_frequency,4763.226697154256,C(tense)[T.present continuous]:C(valence)[T.-val],-0.0256424837373949,0.0148618483134572,-1.7253899512738229,0.08445722102012,-0.0547711711754684,0.0034862037006785,0.002087934300282242,0.03272369835608084,0.004140541644024362,0.0027342272624771317
tiiuae_Falcon3-3B-Base,selected_mixed_random_slopes__candidate__0__C_dominance_log_frequency,4763.226697154256,C(tense)[T.present perfect]:C(valence)[T.-val],0.0137783147377063,0.0148618483134572,0.9270929461196448,0.3538782782413388,-0.0153503727003671,0.0429070021757798,0.002087934300282242,0.03272369835608084,0.004140541644024362,0.0027342272624771317
tiiuae_Falcon3-3B-Base,selected_mixed_random_slopes__candidate__0__C_dominance_log_frequency,4763.226697154256,C(tense)[T.simple future]:C(valence)[T.-val],0.0458640360326033,0.0148618483134572,3.086025039770723,0.0020285173877275,0.0167353485945298,0.0749927234706768,0.002087934300282242,0.03272369835608084,0.004140541644024362,0.0027342272624771317
tiiuae_Falcon3-3B-Base,selected_mixed_random_slopes__candidate__0__C_dominance_log_frequency,4763.226697154256,C(tense)[T.simple past]:C(valence)[T.-val],0.0024958543755896,0.0148618483134572,0.1679370104544592,0.8666328334615175,-0.0266328330624838,0.0316245418136631,0.002087934300282242,0.03272369835608084,0.004140541644024362,0.0027342272624771317
tiiuae_Falcon3-3B-Base,selected_mixed_random_slopes__candidate__0__C_dominance_log_frequency,4763.226697154256,C(tense)[T.past perfect]:C(dominance)[T.-dom],0.0414952997831456,0.0148618483134572,2.792068584468872,0.0052372254043932,0.0123666123450721,0.0706239872212191,0.002087934300282242,0.03272369835608084,0.004140541644024362,0.0027342272624771317
tiiuae_Falcon3-3B-Base,selected_mixed_random_slopes__candidate__0__C_dominance_log_frequency,4763.226697154256,C(tense)[T.present continuous]:C(dominance)[T.-dom],0.0163486768020181,0.0148618483134572,1.1000433093651365,0.2713132522632905,-0.0127800106360553,0.0454773642400917,0.002087934300282242,0.03272369835608084,0.004140541644024362,0.0027342272624771317
tiiuae_Falcon3-3B-Base,selected_mixed_random_slopes__candidate__0__C_dominance_log_frequency,4763.226697154256,C(tense)[T.present perfect]:C(dominance)[T.-dom],0.0276589406702551,0.0148618483134572,1.861070042358746,0.0627342861100929,-0.0014697467678184,0.0567876281083286,0.002087934300282242,0.03272369835608084,0.004140541644024362,0.0027342272624771317
tiiuae_Falcon3-3B-Base,selected_mixed_random_slopes__candidate__0__C_dominance_log_frequency,4763.226697154256,C(tense)[T.simple future]:C(dominance)[T.-dom],0.0577986440808316,0.0148618483134572,3.8890616336391735,0.0001006325614727,0.028669956642758,0.0869273315189051,0.002087934300282242,0.03272369835608084,0.004140541644024362,0.0027342272624771317
tiiuae_Falcon3-3B-Base,selected_mixed_random_slopes__candidate__0__C_dominance_log_frequency,4763.226697154256,C(tense)[T.simple past]:C(dominance)[T.-dom],0.0797544356046879,0.0148618483134572,5.3663874050222375,8.032930737868317e-08,0.0506257481666144,0.1088831230427615,0.002087934300282242,0.03272369835608084,0.004140541644024362,0.0027342272624771317
tiiuae_Falcon3-3B-Base,selected_mixed_random_slopes__candidate__0__C_dominance_log_frequency,4763.226697154256,C(semantic_role)[T.patient]:C(syntactic_role)[T.subject],-0.2261635736865939,0.0085804921244299,-26.357879059485743,4.1688162541802004e-153,-0.2429810292201062,-0.2093461181530817,0.002087934300282242,0.03272369835608084,0.004140541644024362,0.0027342272624771317
tiiuae_Falcon3-3B-Base,selected_mixed_random_slopes__candidate__0__C_dominance_log_frequency,4763.226697154256,C(semantic_role)[T.patient]:C(valence)[T.-val],-0.0722189311871979,0.0085804921244299,-8.416642092308416,3.8742902057518085e-17,-0.0890363867207101,-0.0554014756536856,0.002087934300282242,0.03272369835608084,0.004140541644024362,0.0027342272624771317
tiiuae_Falcon3-3B-Base,selected_mixed_random_slopes__candidate__0__C_dominance_log_frequency,4763.226697154256,C(semantic_role)[T.patient]:C(dominance)[T.-dom],0.0273273724609964,0.0085804921244299,3.184825772777223,0.0014484118206613,0.0105099169274841,0.0441448279945086,0.002087934300282242,0.03272369835608084,0.004140541644024362,0.0027342272624771317
tiiuae_Falcon3-3B-Base,selected_mixed_random_slopes__candidate__0__C_dominance_log_frequency,4763.226697154256,C(syntactic_role)[T.subject]:C(valence)[T.-val],0.0983795221954004,0.0085804921244299,11.465487150241572,1.9664988389905186e-30,0.0815620666618882,0.1151969777289127,0.002087934300282242,0.03272369835608084,0.004140541644024362,0.0027342272624771317
tiiuae_Falcon3-3B-Base,selected_mixed_random_slopes__candidate__0__C_dominance_log_frequency,4763.226697154256,C(syntactic_role)[T.subject]:C(dominance)[T.-dom],0.04758065973179,0.0085804921244299,5.5452133795823775,2.935959058068408e-08,0.0307632041982778,0.0643981152653023,0.002087934300282242,0.03272369835608084,0.004140541644024362,0.0027342272624771317
tiiuae_Falcon3-3B-Base,selected_mixed_random_slopes__candidate__0__C_dominance_log_frequency,4763.226697154256,C(valence)[T.-val]:C(dominance)[T.-dom],-0.0186231053796512,0.0085804921244299,-2.170400614508869,0.0299765102963352,-0.0354405609131634,-0.0018056498461389,0.002087934300282242,0.03272369835608084,0.004140541644024362,0.0027342272624771317
tiiuae_Falcon3-3B-Base,selected_mixed_random_slopes__candidate__0__C_dominance_log_frequency,4763.226697154256,log_frequency,0.8573570011714411,0.6621567412786312,1.2947946426036172,0.1953910806164573,-0.4404463638550826,2.155160366197965,0.002087934300282242,0.03272369835608084,0.004140541644024362,0.0027342272624771317
tiiuae_Falcon3-3B-Base,selected_mixed_random_slopes__candidate__0__C_dominance_log_frequency,4763.226697154256,C(tense)[T.past perfect]:log_frequency,0.0119864000640888,0.0063369309252353,1.8915150260445164,0.0585556270887005,-0.0004337563218905,0.0244065564500682,0.002087934300282242,0.03272369835608084,0.004140541644024362,0.0027342272624771317
tiiuae_Falcon3-3B-Base,selected_mixed_random_slopes__candidate__0__C_dominance_log_frequency,4763.226697154256,C(tense)[T.present continuous]:log_frequency,-0.0328360502009699,0.0063369309252354,-5.181696090485628,2.198772661159901e-07,-0.0452562065869494,-0.0204158938149903,0.002087934300282242,0.03272369835608084,0.004140541644024362,0.0027342272624771317
tiiuae_Falcon3-3B-Base,selected_mixed_random_slopes__candidate__0__C_dominance_log_frequency,4763.226697154256,C(tense)[T.present perfect]:log_frequency,-0.0085513936553678,0.0063369309252354,-1.3494535061623814,0.1771913445462202,-0.0209715500413473,0.0038687627306117,0.002087934300282242,0.03272369835608084,0.004140541644024362,0.0027342272624771317
tiiuae_Falcon3-3B-Base,selected_mixed_random_slopes__candidate__0__C_dominance_log_frequency,4763.226697154256,C(tense)[T.simple future]:log_frequency,-0.0034683232813775,0.0063369309252354,-0.5473190922068683,0.5841595294011069,-0.0158884796673571,0.0089518331046021,0.002087934300282242,0.03272369835608084,0.004140541644024362,0.0027342272624771317
tiiuae_Falcon3-3B-Base,selected_mixed_random_slopes__candidate__0__C_dominance_log_frequency,4763.226697154256,C(tense)[T.simple past]:log_frequency,0.0027261291105828,0.0063369309252355,0.4301970690143631,0.6670522939040581,-0.009694027275397,0.0151462854965626,0.002087934300282242,0.03272369835608084,0.004140541644024362,0.0027342272624771317
tiiuae_Falcon3-3B-Base,selected_mixed_random_slopes__candidate__0__C_dominance_log_frequency,4763.226697154256,C(semantic_role)[T.patient]:log_frequency,-0.0068428057637824,0.0076061719174981,-0.899638587978853,0.3683126147887756,-0.0217506287822987,0.0080650172547338,0.002087934300282242,0.03272369835608084,0.004140541644024362,0.0027342272624771317
tiiuae_Falcon3-3B-Base,selected_mixed_random_slopes__candidate__0__C_dominance_log_frequency,4763.226697154256,C(syntactic_role)[T.subject]:log_frequency,-0.0283193558844132,0.0259674705935082,-1.0905704420627291,0.275461941579034,-0.0792146630172923,0.0225759512484659,0.002087934300282242,0.03272369835608084,0.004140541644024362,0.0027342272624771317
tiiuae_Falcon3-3B-Base,selected_mixed_random_slopes__candidate__0__C_dominance_log_frequency,4763.226697154256,C(valence)[T.-val]:log_frequency,0.0138878018785205,0.0085575432387447,1.6228725337481005,0.1046166561131547,-0.0028846746655633,0.0306602784226045,0.002087934300282242,0.03272369835608084,0.004140541644024362,0.0027342272624771317
tiiuae_Falcon3-3B-Base,selected_mixed_random_slopes__candidate__0__C_dominance_log_frequency,4763.226697154256,lex_emb_norm,-0.5489739301675339,1.4852271222184348,-0.3696228825578876,0.7116634989353474,-3.459965598577735,2.3620177382426677,0.002087934300282242,0.03272369835608084,0.004140541644024362,0.0027342272624771317
tiiuae_Falcon3-3B-Base,selected_mixed_random_slopes__candidate__0__C_dominance_log_frequency,4763.226697154256,C(tense)[T.past perfect]:lex_emb_norm,-0.0643377907729056,0.0376276897435886,-1.709852271328144,0.0872931942286584,-0.1380867074917865,0.0094111259459751,0.002087934300282242,0.03272369835608084,0.004140541644024362,0.0027342272624771317
tiiuae_Falcon3-3B-Base,selected_mixed_random_slopes__candidate__0__C_dominance_log_frequency,4763.226697154256,C(tense)[T.present continuous]:lex_emb_norm,0.2815500086737411,0.037627689743589,7.482521796909186,7.290979691694569e-14,0.2078010919548594,0.3552989253926228,0.002087934300282242,0.03272369835608084,0.004140541644024362,0.0027342272624771317
tiiuae_Falcon3-3B-Base,selected_mixed_random_slopes__candidate__0__C_dominance_log_frequency,4763.226697154256,C(tense)[T.present perfect]:lex_emb_norm,0.2306096013740851,0.0376276897435893,6.128720709284961,8.858847594978091e-10,0.1568606846552028,0.3043585180929673,0.002087934300282242,0.03272369835608084,0.004140541644024362,0.0027342272624771317
tiiuae_Falcon3-3B-Base,selected_mixed_random_slopes__candidate__0__C_dominance_log_frequency,4763.226697154256,C(tense)[T.simple future]:lex_emb_norm,0.0955501513141725,0.0376276897435896,2.539357371268073,0.0111056317363239,0.0218012345952895,0.1692990680330554,0.002087934300282242,0.03272369835608084,0.004140541644024362,0.0027342272624771317
tiiuae_Falcon3-3B-Base,selected_mixed_random_slopes__candidate__0__C_dominance_log_frequency,4763.226697154256,C(tense)[T.simple past]:lex_emb_norm,-0.0180435206490969,0.0376276897435907,-0.4795277300321201,0.6315632457573158,-0.0917924373679821,0.0557053960697881,0.002087934300282242,0.03272369835608084,0.004140541644024362,0.0027342272624771317
tiiuae_Falcon3-3B-Base,selected_mixed_random_slopes__candidate__0__C_dominance_log_frequency,4763.226697154256,C(semantic_role)[T.patient]:lex_emb_norm,0.1233213822068085,0.0451892184154275,2.7290001139897293,0.0063526681968297,0.0347521416230563,0.2118906227905607,0.002087934300282242,0.03272369835608084,0.004140541644024362,0.0027342272624771317
tiiuae_Falcon3-3B-Base,selected_mixed_random_slopes__candidate__0__C_dominance_log_frequency,4763.226697154256,C(syntactic_role)[T.subject]:lex_emb_norm,0.3262821477495546,0.1556793838697583,2.0958597062699247,0.0360946380236782,0.0211561622294423,0.6314081332696668,0.002087934300282242,0.03272369835608084,0.004140541644024362,0.0027342272624771317
tiiuae_Falcon3-3B-Base,selected_mixed_random_slopes__candidate__0__C_dominance_log_frequency,4763.226697154256,C(valence)[T.-val]:lex_emb_norm,-0.1640336535216767,0.0540517126112772,-3.0347540456554034,0.0024073191653951,-0.2699730635424895,-0.0580942435008639,0.002087934300282242,0.03272369835608084,0.004140541644024362,0.0027342272624771317
tiiuae_Falcon3-3B-Base,selected_mixed_random_slopes__candidate__0__C_dominance_log_frequency,4763.226697154256,C(dominance)[T.-dom]:lex_emb_norm,-0.010241898696378,0.0291528585256891,-0.3513171336990143,0.7253504423309997,-0.0673804514531202,0.0468966540603642,0.002087934300282242,0.03272369835608084,0.004140541644024362,0.0027342272624771317
tiiuae_Falcon3-3B-Base,selected_mixed_random_slopes__candidate__0__C_dominance_log_frequency,4763.226697154256,log_frequency:lex_emb_norm,-0.2564560778558573,0.2400297914049769,-1.0684343653957769,0.2853246222852039,-0.7269058242262739,0.2139936685145593,0.002087934300282242,0.03272369835608084,0.004140541644024362,0.0027342272624771317
tiiuae_Falcon3-7B-Base,selected_mixed_random_slopes__candidate__0__C_semantic_role_C_valence,23115.034977571428,Intercept,5.626058042713171,3.6813387979447447,1.5282641320201618,0.1264469715219038,-1.589233416148503,12.841349501574848,0.0071877076598092695,0.04794742780400354,0.01007032446716466,0.007650487027137776
tiiuae_Falcon3-7B-Base,selected_mixed_random_slopes__candidate__0__C_semantic_role_C_valence,23115.034977571428,C(tense)[T.past perfect],0.1863674579334936,0.098264910184371,1.896581980117,0.0578831307342144,-0.0062282269719368,0.378963142838924,0.0071877076598092695,0.04794742780400354,0.01007032446716466,0.007650487027137776
tiiuae_Falcon3-7B-Base,selected_mixed_random_slopes__candidate__0__C_semantic_role_C_valence,23115.034977571428,C(tense)[T.present continuous],-0.1334622113131536,0.0982649101843708,-1.35818789293903,0.1744040712925032,-0.3260578962185836,0.0591334735922763,0.0071877076598092695,0.04794742780400354,0.01007032446716466,0.007650487027137776
tiiuae_Falcon3-7B-Base,selected_mixed_random_slopes__candidate__0__C_semantic_role_C_valence,23115.034977571428,C(tense)[T.present perfect],0.1051171370922919,0.0982649101843705,1.0697321851214727,0.2847398747828941,-0.0874785478131374,0.2977128219977214,0.0071877076598092695,0.04794742780400354,0.01007032446716466,0.007650487027137776
tiiuae_Falcon3-7B-Base,selected_mixed_random_slopes__candidate__0__C_semantic_role_C_valence,23115.034977571428,C(tense)[T.simple future],0.326288084900998,0.0982649101843701,3.3204944093349087,0.0008985815883007,0.1336923999955693,0.5188837698064267,0.0071877076598092695,0.04794742780400354,0.01007032446716466,0.007650487027137776
tiiuae_Falcon3-7B-Base,selected_mixed_random_slopes__candidate__0__C_semantic_role_C_valence,23115.034977571428,C(tense)[T.simple past],0.1634016720342124,0.0982649101843695,1.6628689908496326,0.0963386627778692,-0.0291940128712151,0.3559973569396399,0.0071877076598092695,0.04794742780400354,0.01007032446716466,0.007650487027137776
tiiuae_Falcon3-7B-Base,selected_mixed_random_slopes__candidate__0__C_semantic_role_C_valence,23115.034977571428,C(semantic_role)[T.patient],-0.2052547934831742,0.1203692483123976,-1.7052095644102614,0.0881553468523912,-0.4411741850216323,0.0306645980552838,0.0071877076598092695,0.04794742780400354,0.01007032446716466,0.007650487027137776
tiiuae_Falcon3-7B-Base,selected_mixed_random_slopes__candidate__0__C_semantic_role_C_valence,23115.034977571428,C(syntactic_role)[T.subject],-0.8434569664667018,0.2783640293744157,-3.0300501410410448,0.0024451314177718,-1.3890404386320063,-0.2978734943013973,0.0071877076598092695,0.04794742780400354,0.01007032446716466,0.007650487027137776
tiiuae_Falcon3-7B-Base,selected_mixed_random_slopes__candidate__0__C_semantic_role_C_valence,23115.034977571428,C(valence)[T.-val],0.4583009460357123,0.1376229203584874,3.3301207737919367,0.000868083222485,0.1885649786858527,0.7280369133855719,0.0071877076598092695,0.04794742780400354,0.01007032446716466,0.007650487027137776
tiiuae_Falcon3-7B-Base,selected_mixed_random_slopes__candidate__0__C_semantic_role_C_valence,23115.034977571428,C(dominance)[T.-dom],-0.0808079280744469,0.123532752197628,-0.6541417287066522,0.5130204993852276,-0.3229276732929091,0.1613118171440153,0.0071877076598092695,0.04794742780400354,0.01007032446716466,0.007650487027137776
tiiuae_Falcon3-7B-Base,selected_mixed_random_slopes__candidate__0__C_semantic_role_C_valence,23115.034977571428,C(tense)[T.past perfect]:C(semantic_role)[T.patient],0.020171414859912,0.0261453576839387,0.7715103806861819,0.4404044718317886,-0.0310725445635255,0.0714153742833496,0.0071877076598092695,0.04794742780400354,0.01007032446716466,0.007650487027137776
tiiuae_Falcon3-7B-Base,selected_mixed_random_slopes__candidate__0__C_semantic_role_C_valence,23115.034977571428,C(tense)[T.present continuous]:C(semantic_role)[T.patient],0.0055928671587907,0.0261453576839387,0.213914348635073,0.8306138506267411,-0.0456510922646468,0.0568368265822283,0.0071877076598092695,0.04794742780400354,0.01007032446716466,0.007650487027137776
tiiuae_Falcon3-7B-Base,selected_mixed_random_slopes__candidate__0__C_semantic_role_C_valence,23115.034977571428,C(tense)[T.present perfect]:C(semantic_role)[T.patient],-0.0456781999993811,0.0261453576839387,-1.7470864446211616,0.0806223443722258,-0.0969221594228187,0.0055657594240564,0.0071877076598092695,0.04794742780400354,0.01007032446716466,0.007650487027137776
tiiuae_Falcon3-7B-Base,selected_mixed_random_slopes__candidate__0__C_semantic_role_C_valence,23115.034977571428,C(tense)[T.simple future]:C(semantic_role)[T.patient],-0.0460850580160564,0.0261453576839387,-1.7626478311431426,0.0779599045827859,-0.097329017439494,0.0051589014073811,0.0071877076598092695,0.04794742780400354,0.01007032446716466,0.007650487027137776
tiiuae_Falcon3-7B-Base,selected_mixed_random_slopes__candidate__0__C_semantic_role_C_valence,23115.034977571428,C(tense)[T.simple past]:C(semantic_role)[T.patient],-0.0223535315936103,0.0261453576839387,-0.8549713438168879,0.3925670121495306,-0.0735974910170479,0.0288904278298272,0.0071877076598092695,0.04794742780400354,0.01007032446716466,0.007650487027137776
tiiuae_Falcon3-7B-Base,selected_mixed_random_slopes__candidate__0__C_semantic_role_C_valence,23115.034977571428,C(tense)[T.past perfect]:C(syntactic_role)[T.subject],0.1806006312160042,0.0261453576839388,6.907560164187304,4.930598737296183e-12,0.1293566717925665,0.2318445906394418,0.0071877076598092695,0.04794742780400354,0.01007032446716466,0.007650487027137776
tiiuae_Falcon3-7B-Base,selected_mixed_random_slopes__candidate__0__C_semantic_role_C_valence,23115.034977571428,C(tense)[T.present continuous]:C(syntactic_role)[T.subject],-0.0134149680719606,0.0261453576839388,-0.5130917784384155,0.6078871223110992,-0.0646589274953983,0.0378289913514769,0.0071877076598092695,0.04794742780400354,0.01007032446716466,0.007650487027137776
tiiuae_Falcon3-7B-Base,selected_mixed_random_slopes__candidate__0__C_semantic_role_C_valence,23115.034977571428,C(tense)[T.present perfect]:C(syntactic_role)[T.subject],0.0817580820080097,0.0261453576839388,3.127059227735637,0.0017656435349376,0.030514122584572,0.1330020414314473,0.0071877076598092695,0.04794742780400354,0.01007032446716466,0.007650487027137776
tiiuae_Falcon3-7B-Base,selected_mixed_random_slopes__candidate__0__C_semantic_role_C_valence,23115.034977571428,C(tense)[T.simple future]:C(syntactic_role)[T.subject],0.3710051379779427,0.0261453576839388,14.19009609517993,1.0551404806832885e-45,0.3197611785545051,0.4222490974013804,0.0071877076598092695,0.04794742780400354,0.01007032446716466,0.007650487027137776
tiiuae_Falcon3-7B-Base,selected_mixed_random_slopes__candidate__0__C_semantic_role_C_valence,23115.034977571428,C(tense)[T.simple past]:C(syntactic_role)[T.subject],0.1021543903982946,0.0261453576839388,3.907171270448844,9.33829623494978e-05,0.050910430974857,0.1533983498217323,0.0071877076598092695,0.04794742780400354,0.01007032446716466,0.007650487027137776
tiiuae_Falcon3-7B-Base,selected_mixed_random_slopes__candidate__0__C_semantic_role_C_valence,23115.034977571428,C(tense)[T.past perfect]:C(valence)[T.-val],0.0996902301241276,0.0261453576839388,3.812922788406433,0.0001373330256346,0.0484462707006899,0.1509341895475653,0.0071877076598092695,0.04794742780400354,0.01007032446716466,0.007650487027137776
tiiuae_Falcon3-7B-Base,selected_mixed_random_slopes__candidate__0__C_semantic_role_C_valence,23115.034977571428,C(tense)[T.present continuous]:C(valence)[T.-val],0.0037645115137902,0.0261453576839388,0.1439839362420674,0.8855131544751751,-0.0474794479096474,0.055008470937228,0.0071877076598092695,0.04794742780400354,0.01007032446716466,0.007650487027137776
tiiuae_Falcon3-7B-Base,selected_mixed_random_slopes__candidate__0__C_semantic_role_C_valence,23115.034977571428,C(tense)[T.present perfect]:C(valence)[T.-val],0.1670617939060349,0.0261453576839388,6.389730671332959,1.6617818254390386e-10,0.1158178344825972,0.2183057533294726,0.0071877076598092695,0.04794742780400354,0.01007032446716466,0.007650487027137776
tiiuae_Falcon3-7B-Base,selected_mixed_random_slopes__candidate__0__C_semantic_role_C_valence,23115.034977571428,C(tense)[T.simple future]:C(valence)[T.-val],0.094368490216886,0.0261453576839388,3.609378435654632,0.0003069315679041,0.0431245307934483,0.1456124496403237,0.0071877076598092695,0.04794742780400354,0.01007032446716466,0.007650487027137776
tiiuae_Falcon3-7B-Base,selected_mixed_random_slopes__candidate__0__C_semantic_role_C_valence,23115.034977571428,C(tense)[T.simple past]:C(valence)[T.-val],0.120834266178112,0.0261453576839388,4.621633700285568,3.807298342759087e-06,0.0695903067546743,0.1720782256015498,0.0071877076598092695,0.04794742780400354,0.01007032446716466,0.007650487027137776
tiiuae_Falcon3-7B-Base,selected_mixed_random_slopes__candidate__0__C_semantic_role_C_valence,23115.034977571428,C(tense)[T.past perfect]:C(dominance)[T.-dom],-0.0732284471222819,0.0261453576839387,-2.8008202453189828,0.0050972903381802,-0.1244724065457195,-0.0219844876988443,0.0071877076598092695,0.04794742780400354,0.01007032446716466,0.007650487027137776
tiiuae_Falcon3-7B-Base,selected_mixed_random_slopes__candidate__0__C_semantic_role_C_valence,23115.034977571428,C(tense)[T.present continuous]:C(dominance)[T.-dom],-0.0275000311489903,0.0261453576839387,-1.0518131548027638,0.2928852824213965,-0.0787439905724279,0.0237439282744472,0.0071877076598092695,0.04794742780400354,0.01007032446716466,0.007650487027137776
tiiuae_Falcon3-7B-Base,selected_mixed_random_slopes__candidate__0__C_semantic_role_C_valence,23115.034977571428,C(tense)[T.present perfect]:C(dominance)[T.-dom],-0.0987047839562249,0.0261453576839387,-3.7752317313623833,0.0001598589840239,-0.1499487433796625,-0.0474608245327874,0.0071877076598092695,0.04794742780400354,0.01007032446716466,0.007650487027137776
tiiuae_Falcon3-7B-Base,selected_mixed_random_slopes__candidate__0__C_semantic_role_C_valence,23115.034977571428,C(tense)[T.simple future]:C(dominance)[T.-dom],-0.078788718617836,0.0261453576839387,-3.013487884552307,0.0025826335295485,-0.1300326780412736,-0.0275447591943985,0.0071877076598092695,0.04794742780400354,0.01007032446716466,0.007650487027137776
tiiuae_Falcon3-7B-Base,selected_mixed_random_slopes__candidate__0__C_semantic_role_C_valence,23115.034977571428,C(tense)[T.simple past]:C(dominance)[T.-dom],-0.0154912552993607,0.0261453576839387,-0.5925050055397436,0.5535124698602925,-0.0667352147227982,0.0357527041240768,0.0071877076598092695,0.04794742780400354,0.01007032446716466,0.007650487027137776
tiiuae_Falcon3-7B-Base,selected_mixed_random_slopes__candidate__0__C_semantic_role_C_valence,23115.034977571428,C(semantic_role)[T.patient]:C(syntactic_role)[T.subject],-0.1112601276493127,0.0150950292968812,-7.370646685150875,1.6980231560812425e-13,-0.1408458414167769,-0.0816744138818486,0.0071877076598092695,0.04794742780400354,0.01007032446716466,0.007650487027137776
tiiuae_Falcon3-7B-Base,selected_mixed_random_slopes__candidate__0__C_semantic_role_C_valence,23115.034977571428,C(semantic_role)[T.patient]:C(dominance)[T.-dom],0.0982204886208945,0.0150950292968811,6.506810069006493,7.676336551779229e-11,0.0686347748534304,0.1278062023883586,0.0071877076598092695,0.04794742780400354,0.01007032446716466,0.007650487027137776
tiiuae_Falcon3-7B-Base,selected_mixed_random_slopes__candidate__0__C_semantic_role_C_valence,23115.034977571428,C(syntactic_role)[T.subject]:C(valence)[T.-val],-0.0066818979345685,0.0150950292968811,-0.4426555128282579,0.658014925111533,-0.0362676117020326,0.0229038158328955,0.0071877076598092695,0.04794742780400354,0.01007032446716466,0.007650487027137776
tiiuae_Falcon3-7B-Base,selected_mixed_random_slopes__candidate__0__C_semantic_role_C_valence,23115.034977571428,C(syntactic_role)[T.subject]:C(dominance)[T.-dom],0.0563428575947743,0.0150950292968811,3.732543772300955,0.0001895557431184,0.0267571438273102,0.0859285713622384,0.0071877076598092695,0.04794742780400354,0.01007032446716466,0.007650487027137776
tiiuae_Falcon3-7B-Base,selected_mixed_random_slopes__candidate__0__C_semantic_role_C_valence,23115.034977571428,C(valence)[T.-val]:C(dominance)[T.-dom],-0.064072392070634,0.0150950292968811,-4.244602034914381,2.189817083658836e-05,-0.0936581058380981,-0.0344866783031699,0.0071877076598092695,0.04794742780400354,0.01007032446716466,0.007650487027137776
tiiuae_Falcon3-7B-Base,selected_mixed_random_slopes__candidate__0__C_semantic_role_C_valence,23115.034977571428,log_frequency,-0.3792596376140298,0.6905367769865091,-0.5492243863811461,0.5828514708572121,-1.732686850507955,0.9741675752798952,0.0071877076598092695,0.04794742780400354,0.01007032446716466,0.007650487027137776
tiiuae_Falcon3-7B-Base,selected_mixed_random_slopes__candidate__0__C_semantic_role_C_valence,23115.034977571428,C(tense)[T.past perfect]:log_frequency,0.051144297824277,0.0092317427622412,5.540047978098194,3.0238878973259046e-08,0.0330504144957459,0.0692381811528081,0.0071877076598092695,0.04794742780400354,0.01007032446716466,0.007650487027137776
tiiuae_Falcon3-7B-Base,selected_mixed_random_slopes__candidate__0__C_semantic_role_C_valence,23115.034977571428,C(tense)[T.present continuous]:log_frequency,-0.017518970195051,0.0092317427622411,-1.897688296375156,0.0577371552045787,-0.0356128535235819,0.0005749131334798,0.0071877076598092695,0.04794742780400354,0.01007032446716466,0.007650487027137776
tiiuae_Falcon3-7B-Base,selected_mixed_random_slopes__candidate__0__C_semantic_role_C_valence,23115.034977571428,C(tense)[T.present perfect]:log_frequency,0.0437554213134127,0.0092317427622412,4.739670768598197,2.1406575736622678e-06,0.0256615379848816,0.0618493046419438,0.0071877076598092695,0.04794742780400354,0.01007032446716466,0.007650487027137776
tiiuae_Falcon3-7B-Base,selected_mixed_random_slopes__candidate__0__C_semantic_role_C_valence,23115.034977571428,C(tense)[T.simple future]:log_frequency,0.0593975454436546,0.0092317427622412,6.4340555162126645,1.2424344593698059e-10,0.0413036621151235,0.0774914287721858,0.0071877076598092695,0.04794742780400354,0.01007032446716466,0.007650487027137776
tiiuae_Falcon3-7B-Base,selected_mixed_random_slopes__candidate__0__C_semantic_role_C_valence,23115.034977571428,C(tense)[T.simple past]:log_frequency,0.0268105248397602,0.0092317427622412,2.904167233668814,0.0036823141271247,0.008716641511229,0.0449044081682913,0.0071877076598092695,0.04794742780400354,0.01007032446716466,0.007650487027137776
tiiuae_Falcon3-7B-Base,selected_mixed_random_slopes__candidate__0__C_semantic_role_C_valence,23115.034977571428,C(semantic_role)[T.patient]:log_frequency,-0.0227762738853957,0.0115687006596286,-1.968784097325485,0.0489778892162826,-0.0454505105261927,-0.0001020372445988,0.0071877076598092695,0.04794742780400354,0.01007032446716466,0.007650487027137776
tiiuae_Falcon3-7B-Base,selected_mixed_random_slopes__candidate__0__C_semantic_role_C_valence,23115.034977571428,C(syntactic_role)[T.subject]:log_frequency,-0.058700057579086,0.0270496288948315,-2.170087353409199,0.0300002290544002,-0.11171635600813,-0.0056837591500421,0.0071877076598092695,0.04794742780400354,0.01007032446716466,0.007650487027137776
tiiuae_Falcon3-7B-Base,selected_mixed_random_slopes__candidate__0__C_semantic_role_C_valence,23115.034977571428,C(valence)[T.-val]:log_frequency,0.0143194402121708,0.013270867630637,1.0790131143432626,0.2805818814780884,-0.011690982387476,0.0403298628118177,0.0071877076598092695,0.04794742780400354,0.01007032446716466,0.007650487027137776
tiiuae_Falcon3-7B-Base,selected_mixed_random_slopes__candidate__0__C_semantic_role_C_valence,23115.034977571428,C(dominance)[T.-dom]:log_frequency,-0.0206653509979423,0.0118584442993898,-1.7426696517860742,0.0813913357187117,-0.0439074747374208,0.0025767727415361,0.0071877076598092695,0.04794742780400354,0.01007032446716466,0.007650487027137776
tiiuae_Falcon3-7B-Base,selected_mixed_random_slopes__candidate__0__C_semantic_role_C_valence,23115.034977571428,lex_emb_norm,-2.043001870259596,1.6241269948205683,-1.2579077108962795,0.208425134708248,-5.22623228642718,1.14022854590799,0.0071877076598092695,0.04794742780400354,0.01007032446716466,0.007650487027137776
tiiuae_Falcon3-7B-Base,selected_mixed_random_slopes__candidate__0__C_semantic_role_C_valence,23115.034977571428,C(tense)[T.past perfect]:lex_emb_norm,-0.242710346019608,0.054403993790565,-4.461259718430819,8.147926959486008e-06,-0.3493402144642562,-0.1360804775749599,0.0071877076598092695,0.04794742780400354,0.01007032446716466,0.007650487027137776
tiiuae_Falcon3-7B-Base,selected_mixed_random_slopes__candidate__0__C_semantic_role_C_valence,23115.034977571428,C(tense)[T.present continuous]:lex_emb_norm,0.126625731449294,0.0544039937905645,2.3275080123116823,0.01993824304847,0.0199958630046467,0.2332555998939413,0.0071877076598092695,0.04794742780400354,0.01007032446716466,0.007650487027137776
tiiuae_Falcon3-7B-Base,selected_mixed_random_slopes__candidate__0__C_semantic_role_C_valence,23115.034977571428,C(tense)[T.present perfect]:lex_emb_norm,-0.1148596205614653,0.0544039937905649,-2.111235086961297,0.0347521103895367,-0.2214894890061134,-0.0082297521168172,0.0071877076598092695,0.04794742780400354,0.01007032446716466,0.007650487027137776
tiiuae_Falcon3-7B-Base,selected_mixed_random_slopes__candidate__0__C_semantic_role_C_valence,23115.034977571428,C(tense)[T.simple future]:lex_emb_norm,-0.1573762442161274,0.0544039937905648,-2.8927332949482985,0.0038190543971585,-0.2640061126607752,-0.0507463757714795,0.0071877076598092695,0.04794742780400354,0.01007032446716466,0.007650487027137776
tiiuae_Falcon3-7B-Base,selected_mixed_random_slopes__candidate__0__C_semantic_role_C_valence,23115.034977571428,C(tense)[T.simple past]:lex_emb_norm,-0.1288008553263045,0.0544039937905643,-2.3674889718968246,0.01790925376687,-0.2354307237709514,-0.0221709868816575,0.0071877076598092695,0.04794742780400354,0.01007032446716466,0.007650487027137776
tiiuae_Falcon3-7B-Base,selected_mixed_random_slopes__candidate__0__C_semantic_role_C_valence,23115.034977571428,C(semantic_role)[T.patient]:lex_emb_norm,0.1448879018216938,0.0681760242957768,2.1252031534298337,0.0335696650329808,0.0112653495928435,0.2785104540505441,0.0071877076598092695,0.04794742780400354,0.01007032446716466,0.007650487027137776
tiiuae_Falcon3-7B-Base,selected_mixed_random_slopes__candidate__0__C_semantic_role_C_valence,23115.034977571428,C(syntactic_role)[T.subject]:lex_emb_norm,0.3147372424495893,0.1594073708867375,1.9744208859276475,0.0483339050992834,0.002304536641365,0.6271699482578136,0.0071877076598092695,0.04794742780400354,0.01007032446716466,0.007650487027137776
tiiuae_Falcon3-7B-Base,selected_mixed_random_slopes__candidate__0__C_semantic_role_C_valence,23115.034977571428,C(valence)[T.-val]:lex_emb_norm,-0.1854314615276938,0.0782071401647787,-2.371029820768264,0.0177385998230935,-0.338714639584536,-0.0321482834708515,0.0071877076598092695,0.04794742780400354,0.01007032446716466,0.007650487027137776
tiiuae_Falcon3-7B-Base,selected_mixed_random_slopes__candidate__0__C_semantic_role_C_valence,23115.034977571428,C(dominance)[T.-dom]:lex_emb_norm,0.0863190306055923,0.069883525423619,1.23518425955681,0.2167619360156083,-0.0506501623373901,0.2232882235485749,0.0071877076598092695,0.04794742780400354,0.01007032446716466,0.007650487027137776
tiiuae_Falcon3-7B-Base,selected_mixed_random_slopes__candidate__0__C_semantic_role_C_valence,23115.034977571428,log_frequency:lex_emb_norm,0.1865801911994684,0.2732807641115857,0.6827417648879387,0.4947700337803959,-0.3490402641268256,0.7222006465257625,0.0071877076598092695,0.04794742780400354,0.01007032446716466,0.007650487027137776
