target_model,best_model_name,best_model_aic,Unnamed: 0,Group,C(semantic_role)[T.patient],C(syntactic_role)[T.subject],C(valence)[T.-val],C(dominance)[T.-dom]
EleutherAI_pythia-12b-deduped,selected_mixed_random_slopes__candidate__0__C_semantic_role_log_frequency,17156.589784440905,CEO,0.5217878181766666,-0.0138613552034997,-0.3668526008716083,0.050547261926976,0.0998929045860052
EleutherAI_pythia-12b-deduped,selected_mixed_random_slopes__candidate__0__C_semantic_role_log_frequency,17156.589784440905,accountant,-0.3782870865369299,0.0364428509565671,-0.0288540522360316,-0.0183093952817728,-0.0027860765213316
EleutherAI_pythia-12b-deduped,selected_mixed_random_slopes__candidate__0__C_semantic_role_log_frequency,17156.589784440905,administrator,-0.3518879983751876,0.0752626417987112,0.1370234878292744,-0.022368250856178,0.0130117053093927
EleutherAI_pythia-12b-deduped,selected_mixed_random_slopes__candidate__0__C_semantic_role_log_frequency,17156.589784440905,agronomist,0.6711560025225332,0.1802719792917178,0.1956329647292015,-0.0589791243675202,-0.0522810987240518
EleutherAI_pythia-12b-deduped,selected_mixed_random_slopes__candidate__0__C_semantic_role_log_frequency,17156.589784440905,bodyguard,0.7682277071030278,0.0263411016905611,-0.0860776635180794,0.0136328563094756,-0.0069493877325616
EleutherAI_pythia-12b-deduped,selected_mixed_random_slopes__candidate__0__C_semantic_role_log_frequency,17156.589784440905,bookbinder,1.329920892375341,0.0195795594210618,-0.5087458635880477,0.0198260776682153,-0.092512895248545
EleutherAI_pythia-12b-deduped,selected_mixed_random_slopes__candidate__0__C_semantic_role_log_frequency,17156.589784440905,builder,1.2676819076087211,-0.004181701123781,-0.557105609905617,0.0587205172077063,0.019395849061786
EleutherAI_pythia-12b-deduped,selected_mixed_random_slopes__candidate__0__C_semantic_role_log_frequency,17156.589784440905,cashier,-1.7662524627745286,-0.0697226792315729,0.0164052055794929,-0.01533511705419,-0.0355274551934154
EleutherAI_pythia-12b-deduped,selected_mixed_random_slopes__candidate__0__C_semantic_role_log_frequency,17156.589784440905,chauffeur,1.7809638366035496,0.1410184732432803,-0.0642454490649888,-0.0102926411122469,0.0733016809016076
EleutherAI_pythia-12b-deduped,selected_mixed_random_slopes__candidate__0__C_semantic_role_log_frequency,17156.589784440905,colonel,1.7695667515422926,0.2278205227029612,0.2470435002930285,-0.0641127614953048,0.0915392484635467
EleutherAI_pythia-12b-deduped,selected_mixed_random_slopes__candidate__0__C_semantic_role_log_frequency,17156.589784440905,doctor,0.7320263190674173,0.0109180576520298,0.1106725313368139,-0.030082364920598,-0.0498178415094978
EleutherAI_pythia-12b-deduped,selected_mixed_random_slopes__candidate__0__C_semantic_role_log_frequency,17156.589784440905,electrician,1.063730348787923,0.0829308827537723,-0.1363114825711368,0.0269803253739047,0.1199516863836187
EleutherAI_pythia-12b-deduped,selected_mixed_random_slopes__candidate__0__C_semantic_role_log_frequency,17156.589784440905,farmer,2.200528423991781,0.1987696749321279,-0.0805256561798634,-0.0055052483630542,0.052297507820427
EleutherAI_pythia-12b-deduped,selected_mixed_random_slopes__candidate__0__C_semantic_role_log_frequency,17156.589784440905,farmhand,1.065588462319094,0.1407272357138173,-0.0400684187185545,0.0251287369171388,0.1071088919889834
EleutherAI_pythia-12b-deduped,selected_mixed_random_slopes__candidate__0__C_semantic_role_log_frequency,17156.589784440905,fisherman,2.741288484355775,0.203622965566313,0.1445480388970395,-0.0255652752526164,0.0662408294850147
EleutherAI_pythia-12b-deduped,selected_mixed_random_slopes__candidate__0__C_semantic_role_log_frequency,17156.589784440905,hairdresser,-1.3560668172810848,0.0211004787509367,0.3264317658681475,-0.0606671919020545,-0.0246302864205744
EleutherAI_pythia-12b-deduped,selected_mixed_random_slopes__candidate__0__C_semantic_role_log_frequency,17156.589784440905,hawker,-0.0714401490979144,0.0039416328070334,0.242828541774726,-0.0319716766898765,-0.0177093193849639
EleutherAI_pythia-12b-deduped,selected_mixed_random_slopes__candidate__0__C_semantic_role_log_frequency,17156.589784440905,housekeeper,-2.9247400073108984,-0.2262141005481071,0.0431568912184233,0.0402859400106515,0.0188387150642071
EleutherAI_pythia-12b-deduped,selected_mixed_random_slopes__candidate__0__C_semantic_role_log_frequency,17156.589784440905,manager,0.0652707469552349,0.1504132260688212,-0.0836723189949716,-0.0296951363760829,-0.0060511894852986
EleutherAI_pythia-12b-deduped,selected_mixed_random_slopes__candidate__0__C_semantic_role_log_frequency,17156.589784440905,midwife,-5.728344711864464,-0.3277597991765827,0.3715463721084846,0.0126129124683113,0.0159841343037783
EleutherAI_pythia-12b-deduped,selected_mixed_random_slopes__candidate__0__C_semantic_role_log_frequency,17156.589784440905,molder,-0.3014059999245616,-0.0839222707556825,0.356870522510355,-0.0353986718138109,-0.0609574177232046
EleutherAI_pythia-12b-deduped,selected_mixed_random_slopes__candidate__0__C_semantic_role_log_frequency,17156.589784440905,nurse,-3.329813870197182,-0.2312331153692836,0.185484882076456,0.0324591151123634,0.0064947357881341
EleutherAI_pythia-12b-deduped,selected_mixed_random_slopes__candidate__0__C_semantic_role_log_frequency,17156.589784440905,paralegal,-1.6205895454161146,-0.1685299331405585,-0.1470712523270994,0.0266841770183378,-0.0221874403295292
EleutherAI_pythia-12b-deduped,selected_mixed_random_slopes__candidate__0__C_semantic_role_log_frequency,17156.589784440905,programmer,0.3584730045906931,0.0171504402771388,-0.1896752760927484,0.0361982932226008,0.105574617893819
EleutherAI_pythia-12b-deduped,selected_mixed_random_slopes__candidate__0__C_semantic_role_log_frequency,17156.589784440905,salesperson,-0.4888292596358471,-0.0533156122257357,-0.0806738902919249,0.0267704672292327,0.0168445823581386
EleutherAI_pythia-12b-deduped,selected_mixed_random_slopes__candidate__0__C_semantic_role_log_frequency,17156.589784440905,scientist,0.2608309836538203,-0.0201531068642237,0.0454420079806632,0.0025449743867221,0.0405799126468098
EleutherAI_pythia-12b-deduped,selected_mixed_random_slopes__candidate__0__C_semantic_role_log_frequency,17156.589784440905,scrivener,1.0607754724563887,-0.1526193332362878,0.0140623966233077,0.0521690888345853,-0.0973784193039207
EleutherAI_pythia-12b-deduped,selected_mixed_random_slopes__candidate__0__C_semantic_role_log_frequency,17156.589784440905,secretary,-2.531024959738406,-0.2207470257016139,0.228018884223955,-0.0463188520864186,-0.3136595964780166
EleutherAI_pythia-12b-deduped,selected_mixed_random_slopes__candidate__0__C_semantic_role_log_frequency,17156.589784440905,sergeant,0.9156290455349636,0.0576683587520956,0.1026179637631816,-0.0017329734761227,-0.010900613639117
EleutherAI_pythia-12b-deduped,selected_mixed_random_slopes__candidate__0__C_semantic_role_log_frequency,17156.589784440905,soldier,1.7608778400464469,0.0306351918916436,0.201781942939809,-0.006256562915488,-0.0206276762498813
EleutherAI_pythia-12b-deduped,selected_mixed_random_slopes__candidate__0__C_semantic_role_log_frequency,17156.589784440905,solicitor,0.0777873302922014,-0.0238788277949135,-0.4328156810422611,0.0450082079218181,-0.0098473511274524
EleutherAI_pythia-12b-deduped,selected_mixed_random_slopes__candidate__0__C_semantic_role_log_frequency,17156.589784440905,teacher,-1.0027491475509305,-0.1125020831576034,0.153174488026366,-0.0123706979162301,-0.0849875278591478
EleutherAI_pythia-12b-deduped,selected_mixed_random_slopes__candidate__0__C_semantic_role_log_frequency,17156.589784440905,tradesperson,0.7909737980063021,0.0489582266356408,-0.1915888136296926,0.0094069805715319,0.0223507920706102
EleutherAI_pythia-12b-deduped,selected_mixed_random_slopes__candidate__0__C_semantic_role_log_frequency,17156.589784440905,welder,0.6483468423962971,0.0350674427997386,-0.1284583588537057,-0.0040139903054609,0.039403798847249
EleutherAI_pythia-2.8b-deduped,selected_mixed_random_slopes__candidate__0__log_frequency_lex_emb_norm,10432.70786520798,CEO,0.4512052927828521,0.0706723254453938,-0.1292602331678194,0.0271024079993128,-0.0237853771286505
EleutherAI_pythia-2.8b-deduped,selected_mixed_random_slopes__candidate__0__log_frequency_lex_emb_norm,10432.70786520798,accountant,-0.0603922215306996,-0.0122364390693095,0.1491565918149659,-0.0593945961400511,0.0297579407847426
EleutherAI_pythia-2.8b-deduped,selected_mixed_random_slopes__candidate__0__log_frequency_lex_emb_norm,10432.70786520798,administrator,-0.5082859546862125,0.0318815027639995,0.2233361844757511,0.0561314704171237,-0.030915950535947
EleutherAI_pythia-2.8b-deduped,selected_mixed_random_slopes__candidate__0__log_frequency_lex_emb_norm,10432.70786520798,agronomist,0.4732899236744293,0.0194449405432138,0.0278396648907624,-0.0346413100827226,-0.0255784284566919
EleutherAI_pythia-2.8b-deduped,selected_mixed_random_slopes__candidate__0__log_frequency_lex_emb_norm,10432.70786520798,bodyguard,1.6531562933682873,0.0103591430213425,-0.6573341739752103,0.0531053901438262,0.0340480960428741
EleutherAI_pythia-2.8b-deduped,selected_mixed_random_slopes__candidate__0__log_frequency_lex_emb_norm,10432.70786520798,bookbinder,0.1514769680985399,-0.0234423143919682,-0.4395083151342623,0.0909842576301782,-0.0275868260349062
EleutherAI_pythia-2.8b-deduped,selected_mixed_random_slopes__candidate__0__log_frequency_lex_emb_norm,10432.70786520798,builder,1.260261656125635,0.0801899291562838,-0.2173770046798938,0.0842874903342355,0.06424346268645
EleutherAI_pythia-2.8b-deduped,selected_mixed_random_slopes__candidate__0__log_frequency_lex_emb_norm,10432.70786520798,cashier,-1.1465438392993084,-0.1141755310651438,0.205237527606093,-0.0056034816535549,-0.0089567360525265
EleutherAI_pythia-2.8b-deduped,selected_mixed_random_slopes__candidate__0__log_frequency_lex_emb_norm,10432.70786520798,chauffeur,2.279985656872082,0.1172584922452873,-0.7677185199717768,0.049182863353006,0.0295689141989172
EleutherAI_pythia-2.8b-deduped,selected_mixed_random_slopes__candidate__0__log_frequency_lex_emb_norm,10432.70786520798,colonel,1.6032468529836288,0.0929285617391315,-0.1703533947934851,-0.077911159188442,0.0018117694233685
EleutherAI_pythia-2.8b-deduped,selected_mixed_random_slopes__candidate__0__log_frequency_lex_emb_norm,10432.70786520798,doctor,0.4274228918420873,-0.0253709786544705,-0.08399694546803,0.0021286129080083,0.0291267977778929
EleutherAI_pythia-2.8b-deduped,selected_mixed_random_slopes__candidate__0__log_frequency_lex_emb_norm,10432.70786520798,electrician,1.4842658884041506,0.127844905615914,-0.2859282607384364,-0.045553765307481,0.1657103077566034
EleutherAI_pythia-2.8b-deduped,selected_mixed_random_slopes__candidate__0__log_frequency_lex_emb_norm,10432.70786520798,farmer,1.6110698853644472,0.0754762981891074,-0.2102172088685076,0.0459829719060737,0.0003521896314327
EleutherAI_pythia-2.8b-deduped,selected_mixed_random_slopes__candidate__0__log_frequency_lex_emb_norm,10432.70786520798,farmhand,0.9990483869979724,0.0531789298178458,-0.579869457021358,0.0061647273563963,0.0957627561123197
EleutherAI_pythia-2.8b-deduped,selected_mixed_random_slopes__candidate__0__log_frequency_lex_emb_norm,10432.70786520798,fisherman,2.575489301578497,0.1588018095186886,-0.2205163998027845,-0.0371944848596544,0.0544112115652315
EleutherAI_pythia-2.8b-deduped,selected_mixed_random_slopes__candidate__0__log_frequency_lex_emb_norm,10432.70786520798,hairdresser,-2.06783581746892,-0.0981395096790126,0.8379594386903622,-0.076968148481371,-0.0345296548872228
EleutherAI_pythia-2.8b-deduped,selected_mixed_random_slopes__candidate__0__log_frequency_lex_emb_norm,10432.70786520798,hawker,0.8589405833815692,-0.0356920183325294,0.0904415700721928,0.0983292156285677,0.0148598809664018
EleutherAI_pythia-2.8b-deduped,selected_mixed_random_slopes__candidate__0__log_frequency_lex_emb_norm,10432.70786520798,housekeeper,-3.4237834265011693,-0.1019615201900362,0.8803468866391538,-0.0987631767267965,-0.116332823062176
EleutherAI_pythia-2.8b-deduped,selected_mixed_random_slopes__candidate__0__log_frequency_lex_emb_norm,10432.70786520798,manager,0.3259405648904506,0.1053261986201885,-0.1619896544423685,0.0672518388625716,0.0426419839832233
EleutherAI_pythia-2.8b-deduped,selected_mixed_random_slopes__candidate__0__log_frequency_lex_emb_norm,10432.70786520798,midwife,-3.385409972539985,-0.0487371960375387,0.0172934799999287,-0.0856975099410649,-0.075685209165897
EleutherAI_pythia-2.8b-deduped,selected_mixed_random_slopes__candidate__0__log_frequency_lex_emb_norm,10432.70786520798,molder,-0.1793883106106971,0.0116211674891696,0.062359808136811,0.0381506903309192,0.0103645443116348
EleutherAI_pythia-2.8b-deduped,selected_mixed_random_slopes__candidate__0__log_frequency_lex_emb_norm,10432.70786520798,nurse,-2.700616071619077,-0.1477470767032706,0.0872336043621814,-0.0864027889153038,-0.0504594937781859
EleutherAI_pythia-2.8b-deduped,selected_mixed_random_slopes__candidate__0__log_frequency_lex_emb_norm,10432.70786520798,paralegal,-1.693910143124303,-0.0439313906413417,0.3460546283588461,-0.0107319893055622,0.0124121714238047
EleutherAI_pythia-2.8b-deduped,selected_mixed_random_slopes__candidate__0__log_frequency_lex_emb_norm,10432.70786520798,programmer,0.3147659277546496,-0.1097396900470067,0.2200840736790157,-0.0884184486995697,0.0231965622824713
EleutherAI_pythia-2.8b-deduped,selected_mixed_random_slopes__candidate__0__log_frequency_lex_emb_norm,10432.70786520798,salesperson,-0.2659523043442062,-0.020264179644946,0.024001622998009,-0.005764905991066,-0.0080640703525011
EleutherAI_pythia-2.8b-deduped,selected_mixed_random_slopes__candidate__0__log_frequency_lex_emb_norm,10432.70786520798,scientist,0.2159702023468709,-0.0557420777900651,-0.0535878702220829,-0.039101360398749,0.0046867245579135
EleutherAI_pythia-2.8b-deduped,selected_mixed_random_slopes__candidate__0__log_frequency_lex_emb_norm,10432.70786520798,scrivener,0.1899619076872452,-0.0660084919836654,0.2793064919451258,0.0343970065534772,-0.1161445777669542
EleutherAI_pythia-2.8b-deduped,selected_mixed_random_slopes__candidate__0__log_frequency_lex_emb_norm,10432.70786520798,secretary,-2.5186560611778983,-0.1614215471913464,0.4289843191762006,0.025869937652211,-0.1331599725135433
EleutherAI_pythia-2.8b-deduped,selected_mixed_random_slopes__candidate__0__log_frequency_lex_emb_norm,10432.70786520798,sergeant,0.7759752571336745,0.1026257784621492,-0.2058227775889708,0.0403575826607506,-0.0214678186604538
EleutherAI_pythia-2.8b-deduped,selected_mixed_random_slopes__candidate__0__log_frequency_lex_emb_norm,10432.70786520798,soldier,1.04503250026438,0.0125350896828761,-0.1856074100104816,0.0029955767204222,-0.0235917442362624
EleutherAI_pythia-2.8b-deduped,selected_mixed_random_slopes__candidate__0__log_frequency_lex_emb_norm,10432.70786520798,solicitor,-0.1572050529561842,-0.0101994534478763,-0.0470104884643321,0.0494503659982793,0.0081840508626388
EleutherAI_pythia-2.8b-deduped,selected_mixed_random_slopes__candidate__0__log_frequency_lex_emb_norm,10432.70786520798,teacher,-1.370923549402732,-0.0672946742994064,0.2922312949526425,0.0019675488698742,0.0073161838600188
EleutherAI_pythia-2.8b-deduped,selected_mixed_random_slopes__candidate__0__log_frequency_lex_emb_norm,10432.70786520798,tradesperson,0.141591454164895,-0.0028954820869474,0.1146863051127157,-0.0405634217206691,-0.0358905256219767
EleutherAI_pythia-2.8b-deduped,selected_mixed_random_slopes__candidate__0__log_frequency_lex_emb_norm,10432.70786520798,welder,0.6408053287581107,0.0748544989053189,0.1295446215671076,0.0188705920723391,0.1036936600022856
EleutherAI_pythia-6.9b-deduped,selected_mixed_random_slopes__candidate__0__C_dominance_lex_emb_norm,18146.189442865318,CEO,0.3623418403141231,-0.1103667115074984,-0.1737882205535579,0.0064045204147928,0.0435924221970257
EleutherAI_pythia-6.9b-deduped,selected_mixed_random_slopes__candidate__0__C_dominance_lex_emb_norm,18146.189442865318,accountant,-0.5309272983302441,0.0015039087921071,0.3924932588421487,0.0040362957308537,0.0022087586593173
EleutherAI_pythia-6.9b-deduped,selected_mixed_random_slopes__candidate__0__C_dominance_lex_emb_norm,18146.189442865318,administrator,-0.3397062137383801,-0.0384569210346949,0.1828986403107022,0.0236143205468416,-0.026141939142603
EleutherAI_pythia-6.9b-deduped,selected_mixed_random_slopes__candidate__0__C_dominance_lex_emb_norm,18146.189442865318,agronomist,0.4761144765936324,0.0311012984987847,0.2855781553905251,0.0501256553468218,0.0463326340198458
EleutherAI_pythia-6.9b-deduped,selected_mixed_random_slopes__candidate__0__C_dominance_lex_emb_norm,18146.189442865318,bodyguard,0.9022767842629332,-0.0186847864049316,-0.0510673491075023,0.0146541935395025,-0.0263039151096491
EleutherAI_pythia-6.9b-deduped,selected_mixed_random_slopes__candidate__0__C_dominance_lex_emb_norm,18146.189442865318,bookbinder,1.2769953422131166,-0.1239011074783162,-0.2773665451176234,0.0713597578013802,-0.0095039781031206
EleutherAI_pythia-6.9b-deduped,selected_mixed_random_slopes__candidate__0__C_dominance_lex_emb_norm,18146.189442865318,builder,1.5809351406371177,-0.0329834230127187,-0.6957785352724989,0.0501980538009106,0.0400636579419688
EleutherAI_pythia-6.9b-deduped,selected_mixed_random_slopes__candidate__0__C_dominance_lex_emb_norm,18146.189442865318,cashier,-2.0051767220324144,-0.0410824807920028,0.3822051208680576,-0.0823011362493933,-0.0320933587797685
EleutherAI_pythia-6.9b-deduped,selected_mixed_random_slopes__candidate__0__C_dominance_lex_emb_norm,18146.189442865318,chauffeur,2.073535024946505,-0.0009371147757504,-0.4187072392321677,0.0168917871642681,0.0246275879081999
EleutherAI_pythia-6.9b-deduped,selected_mixed_random_slopes__candidate__0__C_dominance_lex_emb_norm,18146.189442865318,colonel,1.953983116025401,0.1883292994694319,-0.016589330834418,0.0030176826886747,0.1055335651036079
EleutherAI_pythia-6.9b-deduped,selected_mixed_random_slopes__candidate__0__C_dominance_lex_emb_norm,18146.189442865318,doctor,0.7311762284022321,-0.0326007013139224,0.0426404860151908,0.0043420359230718,0.0692744443721222
EleutherAI_pythia-6.9b-deduped,selected_mixed_random_slopes__candidate__0__C_dominance_lex_emb_norm,18146.189442865318,electrician,0.9862529575370196,0.0444955764481032,0.451087247274461,0.0424187669899958,0.0740910849892439
EleutherAI_pythia-6.9b-deduped,selected_mixed_random_slopes__candidate__0__C_dominance_lex_emb_norm,18146.189442865318,farmer,1.5494228711588147,0.1585944142278354,0.3006474948046572,0.0182633001741841,0.0166534701164008
EleutherAI_pythia-6.9b-deduped,selected_mixed_random_slopes__candidate__0__C_dominance_lex_emb_norm,18146.189442865318,farmhand,0.8553243577267173,-0.0147677478029234,-0.3618193042262958,-0.0038230035536917,0.0502031188109662
EleutherAI_pythia-6.9b-deduped,selected_mixed_random_slopes__candidate__0__C_dominance_lex_emb_norm,18146.189442865318,fisherman,2.4603235585721968,0.1889960820076751,0.0297727310142194,0.0321868051031569,0.0569730446115684
EleutherAI_pythia-6.9b-deduped,selected_mixed_random_slopes__candidate__0__C_dominance_lex_emb_norm,18146.189442865318,hairdresser,-1.0883952994012334,0.0637812997805761,0.1651037128536479,-0.0466669869849669,-0.018872413949527
EleutherAI_pythia-6.9b-deduped,selected_mixed_random_slopes__candidate__0__C_dominance_lex_emb_norm,18146.189442865318,hawker,0.2573976676002197,-0.1164839536973265,-0.1015932350088422,0.0192305667005487,-0.0226046696831561
EleutherAI_pythia-6.9b-deduped,selected_mixed_random_slopes__candidate__0__C_dominance_lex_emb_norm,18146.189442865318,housekeeper,-4.100593645452068,0.2072262431796928,0.3791002445374871,-0.1101152116781575,-0.0775813163196448
EleutherAI_pythia-6.9b-deduped,selected_mixed_random_slopes__candidate__0__C_dominance_lex_emb_norm,18146.189442865318,manager,0.4061554988385244,-0.0594419907520921,-0.2361521298236263,-0.0138284258566485,-0.0301874308717838
EleutherAI_pythia-6.9b-deduped,selected_mixed_random_slopes__candidate__0__C_dominance_lex_emb_norm,18146.189442865318,midwife,-4.791003242154268,0.0314820886450052,0.3884993455591258,-0.0998701907653962,-0.0183369513140063
EleutherAI_pythia-6.9b-deduped,selected_mixed_random_slopes__candidate__0__C_dominance_lex_emb_norm,18146.189442865318,molder,-0.0882655744215933,-0.068751497920974,-0.1535782802962305,-0.0508365230648962,-0.0742881756301008
EleutherAI_pythia-6.9b-deduped,selected_mixed_random_slopes__candidate__0__C_dominance_lex_emb_norm,18146.189442865318,nurse,-2.770763945609798,0.0918300385473509,0.0559561632183276,-0.0784705800210927,-0.0409509449581572
EleutherAI_pythia-6.9b-deduped,selected_mixed_random_slopes__candidate__0__C_dominance_lex_emb_norm,18146.189442865318,paralegal,-1.5662604927868682,0.0526077836225211,0.2341160170926138,-0.0662683013332408,-0.0164541759586711
EleutherAI_pythia-6.9b-deduped,selected_mixed_random_slopes__candidate__0__C_dominance_lex_emb_norm,18146.189442865318,programmer,0.7425959484760003,-0.1948973791111667,-0.5285935398321031,0.0528515326474832,0.0459982058521787
EleutherAI_pythia-6.9b-deduped,selected_mixed_random_slopes__candidate__0__C_dominance_lex_emb_norm,18146.189442865318,salesperson,-0.5160270303290199,-0.0074221830466976,0.0069145347315982,-0.0323408402774973,-0.0077012668314189
EleutherAI_pythia-6.9b-deduped,selected_mixed_random_slopes__candidate__0__C_dominance_lex_emb_norm,18146.189442865318,scientist,-0.0069156147721186,0.0030506063892304,-0.0245217015481765,0.0021458251353648,0.0485766716568629
EleutherAI_pythia-6.9b-deduped,selected_mixed_random_slopes__candidate__0__C_dominance_lex_emb_norm,18146.189442865318,scrivener,1.36456519624991,-0.186315505340444,-0.4272011126970792,0.0832659727390515,-0.0472700586955209
EleutherAI_pythia-6.9b-deduped,selected_mixed_random_slopes__candidate__0__C_dominance_lex_emb_norm,18146.189442865318,secretary,-3.1121136230832813,-0.0635062673456745,0.4250372265792632,-0.0536478517427459,-0.1824068805390654
EleutherAI_pythia-6.9b-deduped,selected_mixed_random_slopes__candidate__0__C_dominance_lex_emb_norm,18146.189442865318,sergeant,1.0815782437099148,0.0411584938620459,-0.1708995440129978,0.0283946510709527,0.0315283840858609
EleutherAI_pythia-6.9b-deduped,selected_mixed_random_slopes__candidate__0__C_dominance_lex_emb_norm,18146.189442865318,soldier,1.5356297432980373,-0.0286065204193361,-0.0114959039996017,0.0442392428459743,-0.0433962383939233
EleutherAI_pythia-6.9b-deduped,selected_mixed_random_slopes__candidate__0__C_dominance_lex_emb_norm,18146.189442865318,solicitor,0.1123811401496694,0.0525612171023302,-0.183319903918336,0.0315391608956681,0.0026594792186466
EleutherAI_pythia-6.9b-deduped,selected_mixed_random_slopes__candidate__0__C_dominance_lex_emb_norm,18146.189442865318,teacher,-0.9560684404106432,0.0193325370281003,0.1491398842074804,-0.0110368783061224,-0.0660088863073201
EleutherAI_pythia-6.9b-deduped,selected_mixed_random_slopes__candidate__0__C_dominance_lex_emb_norm,18146.189442865318,tradesperson,0.0677672088458539,0.0685963593969213,0.0668869492399737,0.0221344596766238,0.0174266946510579
EleutherAI_pythia-6.9b-deduped,selected_mixed_random_slopes__candidate__0__C_dominance_lex_emb_norm,18146.189442865318,welder,1.095464798043729,-0.1054409552470197,-0.1056053371523071,0.0278913429233739,0.0643593764145364
Qwen_Qwen3-4B-Base,selected_mixed_random_slopes__candidate__0__C_syntactic_role_log_frequency,18914.911637928744,CEO,0.2935880589035142,0.0836703207768585,0.0737312953962399,-0.0527601113093712,0.0226174340382231
Qwen_Qwen3-4B-Base,selected_mixed_random_slopes__candidate__0__C_syntactic_role_log_frequency,18914.911637928744,accountant,-0.0422502988583123,-0.0367636226043604,-0.1635843769590995,-0.0004604548634106,-0.0083837114115359
Qwen_Qwen3-4B-Base,selected_mixed_random_slopes__candidate__0__C_syntactic_role_log_frequency,18914.911637928744,administrator,0.1197450093823535,-0.0606401336198457,0.1977216065953067,0.059069933633005,0.0080790391185682
Qwen_Qwen3-4B-Base,selected_mixed_random_slopes__candidate__0__C_syntactic_role_log_frequency,18914.911637928744,agronomist,0.1330430243927278,-0.0644445471263884,-0.0856026798793002,0.0005380716289662,0.0011410382881306
Qwen_Qwen3-4B-Base,selected_mixed_random_slopes__candidate__0__C_syntactic_role_log_frequency,18914.911637928744,bodyguard,0.8051057731879833,-0.0877009506917834,-0.0903058071103129,-0.024088705015329,0.0348841954488413
Qwen_Qwen3-4B-Base,selected_mixed_random_slopes__candidate__0__C_syntactic_role_log_frequency,18914.911637928744,bookbinder,0.2346903848341566,0.072565571608418,-0.0024580371228437,-0.0158959919771122,-0.0106825127924813
Qwen_Qwen3-4B-Base,selected_mixed_random_slopes__candidate__0__C_syntactic_role_log_frequency,18914.911637928744,builder,1.4046032639848156,-0.0039771139104201,-0.2831244048872269,0.0816463955854361,0.0492815121202419
Qwen_Qwen3-4B-Base,selected_mixed_random_slopes__candidate__0__C_syntactic_role_log_frequency,18914.911637928744,cashier,-0.9765299965014904,-0.0293151107387457,-0.058864402065863,-0.0468470127540844,-0.0310254376576259
Qwen_Qwen3-4B-Base,selected_mixed_random_slopes__candidate__0__C_syntactic_role_log_frequency,18914.911637928744,chauffeur,1.2617903305639897,0.094795819430872,-0.4637714931886393,0.0520655677473392,0.0007138649669159
Qwen_Qwen3-4B-Base,selected_mixed_random_slopes__candidate__0__C_syntactic_role_log_frequency,18914.911637928744,colonel,1.559376214550487,0.1655997521679209,-0.0795814837037348,-0.024775890726091,0.0522603909978127
Qwen_Qwen3-4B-Base,selected_mixed_random_slopes__candidate__0__C_syntactic_role_log_frequency,18914.911637928744,doctor,0.243596173604457,0.0208019936172823,-0.1723841158150552,0.0087908413408858,-0.0072647773038363
Qwen_Qwen3-4B-Base,selected_mixed_random_slopes__candidate__0__C_syntactic_role_log_frequency,18914.911637928744,electrician,1.213097985211969,0.0579736779675411,-0.1153594220964715,0.042062865720331,0.0506951606706501
Qwen_Qwen3-4B-Base,selected_mixed_random_slopes__candidate__0__C_syntactic_role_log_frequency,18914.911637928744,farmer,1.6624745413696247,0.0343998600216009,-0.2970078758016296,0.0571056180376026,0.0445404997969213
Qwen_Qwen3-4B-Base,selected_mixed_random_slopes__candidate__0__C_syntactic_role_log_frequency,18914.911637928744,farmhand,0.3601715069408076,0.0328873994751335,0.0408971338809226,-0.0605778664511812,0.0852171602526877
Qwen_Qwen3-4B-Base,selected_mixed_random_slopes__candidate__0__C_syntactic_role_log_frequency,18914.911637928744,fisherman,2.592842138511496,0.2042352538493229,0.19088557209394,0.0905051084518467,0.1684618387503037
Qwen_Qwen3-4B-Base,selected_mixed_random_slopes__candidate__0__C_syntactic_role_log_frequency,18914.911637928744,hairdresser,-1.1815866204937802,7.972268862452544e-05,0.1475493143097066,-0.0227267024805464,-0.0742279918149524
Qwen_Qwen3-4B-Base,selected_mixed_random_slopes__candidate__0__C_syntactic_role_log_frequency,18914.911637928744,hawker,0.1495734904305634,-0.095812507145509,-0.1503538055563861,0.0750479167846863,0.0505330204353038
Qwen_Qwen3-4B-Base,selected_mixed_random_slopes__candidate__0__C_syntactic_role_log_frequency,18914.911637928744,housekeeper,-3.5933620511682283,-0.2093265785695856,0.5809375908709975,-0.1218414318998124,0.0169715304601871
Qwen_Qwen3-4B-Base,selected_mixed_random_slopes__candidate__0__C_syntactic_role_log_frequency,18914.911637928744,manager,0.1214612291704627,0.0506220486263531,-0.1036976062514692,0.021494397930574,-0.0095202652959727
Qwen_Qwen3-4B-Base,selected_mixed_random_slopes__candidate__0__C_syntactic_role_log_frequency,18914.911637928744,midwife,-4.162433048240809,-0.0926363100728206,0.1809259806433829,-0.1131485216573829,-0.0720841323365714
Qwen_Qwen3-4B-Base,selected_mixed_random_slopes__candidate__0__C_syntactic_role_log_frequency,18914.911637928744,molder,0.1675540390427215,0.089313295386895,0.2184143093937809,0.0117135446373038,-0.0118148258467026
Qwen_Qwen3-4B-Base,selected_mixed_random_slopes__candidate__0__C_syntactic_role_log_frequency,18914.911637928744,nurse,-3.3012039975338445,-0.1040075025040098,0.5806540078987397,-0.0835843022976748,0.0249501138814611
Qwen_Qwen3-4B-Base,selected_mixed_random_slopes__candidate__0__C_syntactic_role_log_frequency,18914.911637928744,paralegal,-1.6987588013984936,-0.1005382647745196,0.1088928842204125,-0.1146808030749178,-0.0838552971339368
Qwen_Qwen3-4B-Base,selected_mixed_random_slopes__candidate__0__C_syntactic_role_log_frequency,18914.911637928744,programmer,0.5432275010765856,0.0750878465197176,-0.0008962308012604,0.052090949282193,0.105805360812189
Qwen_Qwen3-4B-Base,selected_mixed_random_slopes__candidate__0__C_syntactic_role_log_frequency,18914.911637928744,salesperson,0.334192697647679,-0.0059011973232293,-0.38054811665407,0.0075856454555121,-0.0455132778972196
Qwen_Qwen3-4B-Base,selected_mixed_random_slopes__candidate__0__C_syntactic_role_log_frequency,18914.911637928744,scientist,0.2411543580381599,0.0490725990667371,-0.3553198792230164,0.0156779916331594,-0.0293014451324771
Qwen_Qwen3-4B-Base,selected_mixed_random_slopes__candidate__0__C_syntactic_role_log_frequency,18914.911637928744,scrivener,0.5132294560940623,-0.0501807747069223,-0.0592653326217971,0.0826345549669853,-0.0656377353006291
Qwen_Qwen3-4B-Base,selected_mixed_random_slopes__candidate__0__C_syntactic_role_log_frequency,18914.911637928744,secretary,-2.0889896897655102,-0.2235391296235803,0.4158554978031968,-0.1670497219114464,-0.1512920403359119
Qwen_Qwen3-4B-Base,selected_mixed_random_slopes__candidate__0__C_syntactic_role_log_frequency,18914.911637928744,sergeant,0.9742855750487052,0.0131469111584409,-0.1824808360751264,0.0022886415055466,-0.0336343346429895
Qwen_Qwen3-4B-Base,selected_mixed_random_slopes__candidate__0__C_syntactic_role_log_frequency,18914.911637928744,soldier,1.4706363926441337,0.2092549743045146,0.264830056432115,0.1389641417504993,-0.0218254589530409
Qwen_Qwen3-4B-Base,selected_mixed_random_slopes__candidate__0__C_syntactic_role_log_frequency,18914.911637928744,solicitor,0.1424114789049794,-0.0971087318451335,-0.072210371671887,-0.0153820235511447,0.0209912605152005
Qwen_Qwen3-4B-Base,selected_mixed_random_slopes__candidate__0__C_syntactic_role_log_frequency,18914.911637928744,teacher,-1.0345293849715071,-0.0809978788936288,0.1583185846870589,-0.0457194133502846,-0.0793326249623865
Qwen_Qwen3-4B-Base,selected_mixed_random_slopes__candidate__0__C_syntactic_role_log_frequency,18914.911637928744,tradesperson,0.495739987777769,0.0623438762691188,0.1552470180845688,0.074581838564466,-0.0656872327732762
Qwen_Qwen3-4B-Base,selected_mixed_random_slopes__candidate__0__C_syntactic_role_log_frequency,18914.911637928744,welder,1.0420532788244352,0.027039431275901,-0.1980445749342601,0.0356749287074732,0.0639396810649303
Qwen_Qwen3-8B-Base,selected_mixed_random_slopes__candidate__0__C_dominance_log_frequency,22066.672203397553,CEO,0.1340587553523089,-0.0044284861577513,-0.0395846733885031,-0.0360590032413829,0.0583114854625489
Qwen_Qwen3-8B-Base,selected_mixed_random_slopes__candidate__0__C_dominance_log_frequency,22066.672203397553,accountant,-0.1491344424824116,0.019373746955707,0.3793307641100651,0.0137097469493941,0.0009458217569792
Qwen_Qwen3-8B-Base,selected_mixed_random_slopes__candidate__0__C_dominance_log_frequency,22066.672203397553,administrator,-0.3280020860202339,0.0379188993697001,0.3535531784978713,0.0627051945869669,-0.0466159472756697
Qwen_Qwen3-8B-Base,selected_mixed_random_slopes__candidate__0__C_dominance_log_frequency,22066.672203397553,agronomist,0.7465856714831178,-0.0342645524774024,-0.2668138167521794,0.0238570547654042,-0.0614412245849584
Qwen_Qwen3-8B-Base,selected_mixed_random_slopes__candidate__0__C_dominance_log_frequency,22066.672203397553,bodyguard,0.61058712871883,0.0170775855066687,0.0214783940154436,0.0489523441519672,-0.0659962441316342
Qwen_Qwen3-8B-Base,selected_mixed_random_slopes__candidate__0__C_dominance_log_frequency,22066.672203397553,bookbinder,0.5898117328040741,0.1701336759102853,-0.0385902269539003,0.1324059005334125,-0.0849942253161663
Qwen_Qwen3-8B-Base,selected_mixed_random_slopes__candidate__0__C_dominance_log_frequency,22066.672203397553,builder,1.25549342820441,0.0789681481502297,0.1226412181657279,0.1692170892953686,-0.0356625073883961
Qwen_Qwen3-8B-Base,selected_mixed_random_slopes__candidate__0__C_dominance_log_frequency,22066.672203397553,cashier,-1.1909524255464248,-0.0403955035334388,-0.0703641295677344,-0.1289961809572749,-0.014974223379991
Qwen_Qwen3-8B-Base,selected_mixed_random_slopes__candidate__0__C_dominance_log_frequency,22066.672203397553,chauffeur,0.8766568465092516,0.125640392976641,-0.013863780053198,0.0090153215078146,0.0352293350985535
Qwen_Qwen3-8B-Base,selected_mixed_random_slopes__candidate__0__C_dominance_log_frequency,22066.672203397553,colonel,1.3740755793416024,0.1051022135867376,-0.120713556760394,0.1231292613079722,0.0192330488304103
Qwen_Qwen3-8B-Base,selected_mixed_random_slopes__candidate__0__C_dominance_log_frequency,22066.672203397553,doctor,0.4485397056638519,-0.0333890440755584,0.0131184348825742,0.0492665795537721,0.0206182609295085
Qwen_Qwen3-8B-Base,selected_mixed_random_slopes__candidate__0__C_dominance_log_frequency,22066.672203397553,electrician,0.9098636161328476,0.1405380929032345,0.0830764369064939,0.0618173995445425,0.0773785541086364
Qwen_Qwen3-8B-Base,selected_mixed_random_slopes__candidate__0__C_dominance_log_frequency,22066.672203397553,farmer,1.5247653049015493,0.0234108609616423,-0.1246228202347579,0.1150268624097542,0.006441210447473
Qwen_Qwen3-8B-Base,selected_mixed_random_slopes__candidate__0__C_dominance_log_frequency,22066.672203397553,farmhand,0.7595861297369193,0.0095694272185065,-0.187999342437936,0.0593679965829166,0.0048948072250657
Qwen_Qwen3-8B-Base,selected_mixed_random_slopes__candidate__0__C_dominance_log_frequency,22066.672203397553,fisherman,2.583461289466422,0.292792299889939,0.4342246898274096,0.1765628214748278,0.2316825173004504
Qwen_Qwen3-8B-Base,selected_mixed_random_slopes__candidate__0__C_dominance_log_frequency,22066.672203397553,hairdresser,-1.4556491745460802,-0.0602635032130378,0.1989603702805439,-0.1541862040930933,-0.0401064554711818
Qwen_Qwen3-8B-Base,selected_mixed_random_slopes__candidate__0__C_dominance_log_frequency,22066.672203397553,hawker,0.7160905449139712,-0.0131259303353308,-0.3361631011711202,0.0873956873746603,-0.0191577355028042
Qwen_Qwen3-8B-Base,selected_mixed_random_slopes__candidate__0__C_dominance_log_frequency,22066.672203397553,housekeeper,-2.938052018188078,-0.2659292204342069,-0.1135668988822382,-0.2848079171566101,-0.0509019963863988
Qwen_Qwen3-8B-Base,selected_mixed_random_slopes__candidate__0__C_dominance_log_frequency,22066.672203397553,manager,0.3410957408159717,0.004869931011772,-0.0837976080623777,0.0924309605505335,-0.1256115750006678
Qwen_Qwen3-8B-Base,selected_mixed_random_slopes__candidate__0__C_dominance_log_frequency,22066.672203397553,midwife,-4.105711069447118,-0.2896524340981654,-0.0168158978322438,-0.341180009958313,0.1088405071432924
Qwen_Qwen3-8B-Base,selected_mixed_random_slopes__candidate__0__C_dominance_log_frequency,22066.672203397553,molder,-0.1278141724066245,-0.0160103493912235,0.2676306456648497,0.0173815550539317,0.0129812096108744
Qwen_Qwen3-8B-Base,selected_mixed_random_slopes__candidate__0__C_dominance_log_frequency,22066.672203397553,nurse,-2.891918593337602,-0.2393187036573171,-0.1404343719997156,-0.3338462159782867,0.063822120805779
Qwen_Qwen3-8B-Base,selected_mixed_random_slopes__candidate__0__C_dominance_log_frequency,22066.672203397553,paralegal,-1.5059328646119567,-0.0572434009430145,0.2036028387500258,-0.0992937814202112,-0.0143320070307469
Qwen_Qwen3-8B-Base,selected_mixed_random_slopes__candidate__0__C_dominance_log_frequency,22066.672203397553,programmer,0.4958795448047199,0.1606144121211756,0.066788659162438,0.0237560672597096,0.1757164798634333
Qwen_Qwen3-8B-Base,selected_mixed_random_slopes__candidate__0__C_dominance_log_frequency,22066.672203397553,salesperson,-0.1602175941058003,-0.0769412376003766,-0.0686159745291256,-0.1156468443896483,0.0587424972535153
Qwen_Qwen3-8B-Base,selected_mixed_random_slopes__candidate__0__C_dominance_log_frequency,22066.672203397553,scientist,0.5264540216801186,0.0099377232465455,-0.3272499604124665,0.0193354920331319,-0.0466481135231894
Qwen_Qwen3-8B-Base,selected_mixed_random_slopes__candidate__0__C_dominance_log_frequency,22066.672203397553,scrivener,0.901332460066161,0.0375233556320071,-0.3392008295284064,0.208376466281048,-0.1503007716674583
Qwen_Qwen3-8B-Base,selected_mixed_random_slopes__candidate__0__C_dominance_log_frequency,22066.672203397553,secretary,-1.9338275149325588,-0.0960937378071797,-0.2706499932344287,-0.1233322786974274,-0.1511200985733337
Qwen_Qwen3-8B-Base,selected_mixed_random_slopes__candidate__0__C_dominance_log_frequency,22066.672203397553,sergeant,0.834220347124914,0.0382115286865207,0.1681393828155919,0.1267588875570035,-0.0463435357808015
Qwen_Qwen3-8B-Base,selected_mixed_random_slopes__candidate__0__C_dominance_log_frequency,22066.672203397553,soldier,1.0695820939112777,0.0954285997592286,0.1750076900083291,0.150451511849951,-0.0062094808272705
Qwen_Qwen3-8B-Base,selected_mixed_random_slopes__candidate__0__C_dominance_log_frequency,22066.672203397553,solicitor,-0.3358703249850528,-0.0515323878791632,0.0811359115588897,-0.0670963877082962,0.0395599487097957
Qwen_Qwen3-8B-Base,selected_mixed_random_slopes__candidate__0__C_dominance_log_frequency,22066.672203397553,teacher,-0.6429884627653955,-0.0679928738893767,-0.2032950342831609,-0.1186827050092943,-0.0386024282376563
Qwen_Qwen3-8B-Base,selected_mixed_random_slopes__candidate__0__C_dominance_log_frequency,22066.672203397553,tradesperson,0.4565845455262446,-0.0684061855143703,-0.299741233208817,0.0260842876828021,-0.0514388764313821
Qwen_Qwen3-8B-Base,selected_mixed_random_slopes__candidate__0__C_dominance_log_frequency,22066.672203397553,welder,0.6113462564730529,0.0478766571398038,0.4933946346547056,0.0061230403264917,0.1360596419657568
allenai_Olmo-3-1025-7B,selected_mixed_random_slopes__candidate__0__C_syntactic_role_log_frequency,16931.217176472128,CEO,0.6566955841480615,0.0102785037701125,0.1114544294468905,0.0470437501917418,0.0739675426208828
allenai_Olmo-3-1025-7B,selected_mixed_random_slopes__candidate__0__C_syntactic_role_log_frequency,16931.217176472128,accountant,-0.0900529286189175,-0.07023595782143,0.0048353632474786,-0.0123324366606827,0.0690449121902792
allenai_Olmo-3-1025-7B,selected_mixed_random_slopes__candidate__0__C_syntactic_role_log_frequency,16931.217176472128,administrator,-0.1467621622725546,-0.0573868885071297,-0.1219638638048678,0.1035815271852481,-0.0642959110632943
allenai_Olmo-3-1025-7B,selected_mixed_random_slopes__candidate__0__C_syntactic_role_log_frequency,16931.217176472128,agronomist,0.116728665656863,-0.1255098273310465,0.1672992014162337,-0.0839585422517776,0.0565283923955429
allenai_Olmo-3-1025-7B,selected_mixed_random_slopes__candidate__0__C_syntactic_role_log_frequency,16931.217176472128,bodyguard,0.1174995806994874,0.0191954723196439,0.3455246994850667,0.0417330877395464,0.048319976714548
allenai_Olmo-3-1025-7B,selected_mixed_random_slopes__candidate__0__C_syntactic_role_log_frequency,16931.217176472128,bookbinder,0.060638320947284,0.01137122246516,0.0995146922472649,0.0397277430641324,0.0333826056108947
allenai_Olmo-3-1025-7B,selected_mixed_random_slopes__candidate__0__C_syntactic_role_log_frequency,16931.217176472128,builder,2.2474271956480685,0.1272911275141361,-0.0304959203654585,0.1488381120352688,-0.061843590560954
allenai_Olmo-3-1025-7B,selected_mixed_random_slopes__candidate__0__C_syntactic_role_log_frequency,16931.217176472128,cashier,-1.748693086246529,0.0201910992212833,0.1126894119977034,-0.2014681053035643,-0.0684501905798787
allenai_Olmo-3-1025-7B,selected_mixed_random_slopes__candidate__0__C_syntactic_role_log_frequency,16931.217176472128,chauffeur,0.2126508040754935,-0.0147050867169031,0.2988116047545217,0.00566842167149,0.0778713177018148
allenai_Olmo-3-1025-7B,selected_mixed_random_slopes__candidate__0__C_syntactic_role_log_frequency,16931.217176472128,colonel,1.3094943008565303,0.0348991118830372,0.1455863499304105,0.1625590773120825,0.0308891074150424
allenai_Olmo-3-1025-7B,selected_mixed_random_slopes__candidate__0__C_syntactic_role_log_frequency,16931.217176472128,doctor,0.76715373193722,-0.0560749777387439,-0.0833784929885553,-0.0011021317569982,0.108882678345909
allenai_Olmo-3-1025-7B,selected_mixed_random_slopes__candidate__0__C_syntactic_role_log_frequency,16931.217176472128,electrician,0.8531334253191857,0.1480110837608661,0.0040123406957084,0.0387086758072229,0.1226761471278442
allenai_Olmo-3-1025-7B,selected_mixed_random_slopes__candidate__0__C_syntactic_role_log_frequency,16931.217176472128,farmer,2.0469508308368645,0.1371855766242866,-0.2681378657823369,0.1312446858743048,0.0925805409089892
allenai_Olmo-3-1025-7B,selected_mixed_random_slopes__candidate__0__C_syntactic_role_log_frequency,16931.217176472128,farmhand,0.4643654171318192,0.0974056337202534,0.0508898895773126,0.0989972833704478,0.0249984483845664
allenai_Olmo-3-1025-7B,selected_mixed_random_slopes__candidate__0__C_syntactic_role_log_frequency,16931.217176472128,fisherman,2.801254828724036,0.0597700449856083,-0.0183895589756687,0.0648066680623423,0.0042518928160508
allenai_Olmo-3-1025-7B,selected_mixed_random_slopes__candidate__0__C_syntactic_role_log_frequency,16931.217176472128,hairdresser,-1.537537312946552,-0.0929465914338672,0.3856018680808214,-0.1295411603100002,-0.0280496293057847
allenai_Olmo-3-1025-7B,selected_mixed_random_slopes__candidate__0__C_syntactic_role_log_frequency,16931.217176472128,hawker,1.232135512147627,0.0136553634968563,-0.521926385416359,0.0749733057139263,-0.0051470842265941
allenai_Olmo-3-1025-7B,selected_mixed_random_slopes__candidate__0__C_syntactic_role_log_frequency,16931.217176472128,housekeeper,-3.123468076268032,-0.0540470704791405,0.0808294465136389,-0.1700447075596628,-0.1555206595459702
allenai_Olmo-3-1025-7B,selected_mixed_random_slopes__candidate__0__C_syntactic_role_log_frequency,16931.217176472128,manager,-0.0419160153627127,0.0081941063379057,-0.261695022013365,0.0502576529975187,-0.0282635787080934
allenai_Olmo-3-1025-7B,selected_mixed_random_slopes__candidate__0__C_syntactic_role_log_frequency,16931.217176472128,midwife,-4.310182634575089,-0.0715340044222246,0.1026390138001017,-0.226901573055563,0.0546934566413747
allenai_Olmo-3-1025-7B,selected_mixed_random_slopes__candidate__0__C_syntactic_role_log_frequency,16931.217176472128,molder,-0.2180582463949411,0.0654109616561717,-0.0861235945930182,-0.0590073327736272,-0.0967380024273463
allenai_Olmo-3-1025-7B,selected_mixed_random_slopes__candidate__0__C_syntactic_role_log_frequency,16931.217176472128,nurse,-2.815434523327225,-0.078532368450832,0.2725016558523437,-0.2726387383480895,-0.1926782399538691
allenai_Olmo-3-1025-7B,selected_mixed_random_slopes__candidate__0__C_syntactic_role_log_frequency,16931.217176472128,paralegal,-1.4884998802724008,-0.0370730567599467,0.15947088412136,-0.1448208719330216,-0.1143019622467657
allenai_Olmo-3-1025-7B,selected_mixed_random_slopes__candidate__0__C_syntactic_role_log_frequency,16931.217176472128,programmer,1.1572637970448072,0.0919750573025726,-0.1021602306642399,0.0523532981451067,0.278891110202801
allenai_Olmo-3-1025-7B,selected_mixed_random_slopes__candidate__0__C_syntactic_role_log_frequency,16931.217176472128,salesperson,-0.3582077276483451,-0.0470677199104845,-0.1726458730151558,-0.0504603473957703,0.0225233139369337
allenai_Olmo-3-1025-7B,selected_mixed_random_slopes__candidate__0__C_syntactic_role_log_frequency,16931.217176472128,scientist,0.687776549460404,-0.0075596723926265,-0.2930094851874842,-0.0549559586408631,0.1742368717451697
allenai_Olmo-3-1025-7B,selected_mixed_random_slopes__candidate__0__C_syntactic_role_log_frequency,16931.217176472128,scrivener,0.3215304203324108,-0.0310507723330786,-0.3881969282995999,0.129439828898663,-0.0593602268483971
allenai_Olmo-3-1025-7B,selected_mixed_random_slopes__candidate__0__C_syntactic_role_log_frequency,16931.217176472128,secretary,-1.988106323015037,-0.0201566656964632,0.0178711480206573,-0.077487886091167,-0.2921410320522179
allenai_Olmo-3-1025-7B,selected_mixed_random_slopes__candidate__0__C_syntactic_role_log_frequency,16931.217176472128,sergeant,1.5319690890881823,-0.0062848292263035,-0.2401033830991746,0.1990974503245152,0.0040151435546147
allenai_Olmo-3-1025-7B,selected_mixed_random_slopes__candidate__0__C_syntactic_role_log_frequency,16931.217176472128,soldier,1.9706775103007472,0.0939289339370968,0.0043326553948013,0.2459635042324268,0.0071324144965952
allenai_Olmo-3-1025-7B,selected_mixed_random_slopes__candidate__0__C_syntactic_role_log_frequency,16931.217176472128,solicitor,-0.1800027699872466,-0.080907841090396,-0.0483240950042505,-0.0869512219535515,-0.0347038847482201
allenai_Olmo-3-1025-7B,selected_mixed_random_slopes__candidate__0__C_syntactic_role_log_frequency,16931.217176472128,teacher,-1.249862844082722,-0.0280032944084162,-0.0119632549966327,-0.0737103320908784,-0.0700955518175499
allenai_Olmo-3-1025-7B,selected_mixed_random_slopes__candidate__0__C_syntactic_role_log_frequency,16931.217176472128,tradesperson,0.1383034376680068,-0.0316845069116283,0.1889342833384906,-0.0166047041447885,-0.1255347030958801
allenai_Olmo-3-1025-7B,selected_mixed_random_slopes__candidate__0__C_syntactic_role_log_frequency,16931.217176472128,welder,0.6031355291327214,-0.0280021673507701,0.095715016274003,0.0269919776614523,0.1122383743810453
allenai_Olmo-3-1125-32B,selected_mixed_random_slopes__candidate__0__C_tense_lex_emb_norm,25182.33894164482,CEO,0.2224015520174125,0.0012257502357447,0.1405786626499368,0.0029775497308375,0.0208694623083141
allenai_Olmo-3-1125-32B,selected_mixed_random_slopes__candidate__0__C_tense_lex_emb_norm,25182.33894164482,accountant,-0.1244681191593104,-0.0507544980854592,0.2549424064472892,-0.0176158874142909,0.0435562805013986
allenai_Olmo-3-1125-32B,selected_mixed_random_slopes__candidate__0__C_tense_lex_emb_norm,25182.33894164482,administrator,-0.2504126314269903,-0.0864364629129552,-0.1457602643102141,-0.1128696829933626,0.0207779598960482
allenai_Olmo-3-1125-32B,selected_mixed_random_slopes__candidate__0__C_tense_lex_emb_norm,25182.33894164482,agronomist,0.6901252828657302,-0.0294877631836418,0.0067860750431764,-0.0066842873213901,0.0084442755485711
allenai_Olmo-3-1125-32B,selected_mixed_random_slopes__candidate__0__C_tense_lex_emb_norm,25182.33894164482,bodyguard,0.5030117995651928,0.0773757635467237,0.1922021788007136,0.0283887454115163,-0.0506615926860284
allenai_Olmo-3-1125-32B,selected_mixed_random_slopes__candidate__0__C_tense_lex_emb_norm,25182.33894164482,bookbinder,0.4123866865963798,0.0569850778186301,-0.0852335149097706,0.1473418190716846,-0.0870693455089947
allenai_Olmo-3-1125-32B,selected_mixed_random_slopes__candidate__0__C_tense_lex_emb_norm,25182.33894164482,builder,1.9600375997136357,0.1523421465936355,-0.3767480820407498,0.1482926682696451,-0.0426490100532833
allenai_Olmo-3-1125-32B,selected_mixed_random_slopes__candidate__0__C_tense_lex_emb_norm,25182.33894164482,cashier,-1.665054410061755,-0.0160394761406042,0.3138742885775423,-0.139182739185084,0.0905894777277671
allenai_Olmo-3-1125-32B,selected_mixed_random_slopes__candidate__0__C_tense_lex_emb_norm,25182.33894164482,chauffeur,1.0074481386184884,0.0617890208024779,-0.2822921856143203,0.0519185470851683,0.0308133528543079
allenai_Olmo-3-1125-32B,selected_mixed_random_slopes__candidate__0__C_tense_lex_emb_norm,25182.33894164482,colonel,0.7644330268394122,0.0013177200833754,0.1815792718655886,0.1114052950475569,-0.1055052132439545
allenai_Olmo-3-1125-32B,selected_mixed_random_slopes__candidate__0__C_tense_lex_emb_norm,25182.33894164482,doctor,0.0727086697686838,0.0232241102210028,0.1552883671932599,-0.0455376351850168,0.0360068776102165
allenai_Olmo-3-1125-32B,selected_mixed_random_slopes__candidate__0__C_tense_lex_emb_norm,25182.33894164482,electrician,1.0704354263188092,0.058487881057062,-0.0129872761853972,0.0174828455085762,0.0106426731825841
allenai_Olmo-3-1125-32B,selected_mixed_random_slopes__candidate__0__C_tense_lex_emb_norm,25182.33894164482,farmer,1.6903122194496734,0.0197533605281228,-0.3631425726354455,0.1231680558429672,-0.0071404710379843
allenai_Olmo-3-1125-32B,selected_mixed_random_slopes__candidate__0__C_tense_lex_emb_norm,25182.33894164482,farmhand,1.0708609467610262,0.052869462651465,-0.0613894217981428,0.0390891349686563,-0.0475192138042135
allenai_Olmo-3-1125-32B,selected_mixed_random_slopes__candidate__0__C_tense_lex_emb_norm,25182.33894164482,fisherman,2.881381756188563,0.1532068115050384,-0.3551321370920027,0.0822468430745232,0.0968028696855048
allenai_Olmo-3-1125-32B,selected_mixed_random_slopes__candidate__0__C_tense_lex_emb_norm,25182.33894164482,hairdresser,-1.7212660182663957,0.0290320435156231,0.1693396204862827,-0.1688308104481173,0.0266252152543899
allenai_Olmo-3-1125-32B,selected_mixed_random_slopes__candidate__0__C_tense_lex_emb_norm,25182.33894164482,hawker,0.3927056168374654,-0.1061067604292663,-0.0471789886548043,-0.0893725597675179,0.0282387135669018
allenai_Olmo-3-1125-32B,selected_mixed_random_slopes__candidate__0__C_tense_lex_emb_norm,25182.33894164482,housekeeper,-2.919350475538496,-0.1281401670883624,-0.5525684937340742,-0.1091036575894162,-0.0125785836627345
allenai_Olmo-3-1125-32B,selected_mixed_random_slopes__candidate__0__C_tense_lex_emb_norm,25182.33894164482,manager,-0.2282277210848233,-0.0163478528321205,-0.0324368526454048,-0.0697798081984697,0.0426969722206276
allenai_Olmo-3-1125-32B,selected_mixed_random_slopes__candidate__0__C_tense_lex_emb_norm,25182.33894164482,midwife,-5.021988680416582,-0.1388525649572564,0.5430677775906837,-0.2488712936002198,0.2174594058638542
allenai_Olmo-3-1125-32B,selected_mixed_random_slopes__candidate__0__C_tense_lex_emb_norm,25182.33894164482,molder,0.4038252529156712,0.0236182698782876,0.1260629160428549,0.0115474484956912,-0.0118007644067222
allenai_Olmo-3-1125-32B,selected_mixed_random_slopes__candidate__0__C_tense_lex_emb_norm,25182.33894164482,nurse,-2.717511836191728,-0.0451254297575569,0.1535517439630399,-0.1793134017002106,0.0168540469702112
allenai_Olmo-3-1125-32B,selected_mixed_random_slopes__candidate__0__C_tense_lex_emb_norm,25182.33894164482,paralegal,-1.6396811617882827,-0.1548928458789783,0.3312418587807988,-0.1097140439026472,0.0300183341463176
allenai_Olmo-3-1125-32B,selected_mixed_random_slopes__candidate__0__C_tense_lex_emb_norm,25182.33894164482,programmer,1.797324687291898,0.1423772688795164,-0.200462672549701,0.1662451797716188,-0.0106685696173677
allenai_Olmo-3-1125-32B,selected_mixed_random_slopes__candidate__0__C_tense_lex_emb_norm,25182.33894164482,salesperson,-0.4481345378698178,-0.0350521415216849,-0.1093133295349837,-0.0849494551020602,0.0098848357831904
allenai_Olmo-3-1125-32B,selected_mixed_random_slopes__candidate__0__C_tense_lex_emb_norm,25182.33894164482,scientist,0.1052804094309779,-0.0210838913812118,0.071963777932628,0.0320499220612842,0.1268870052449915
allenai_Olmo-3-1125-32B,selected_mixed_random_slopes__candidate__0__C_tense_lex_emb_norm,25182.33894164482,scrivener,0.400100740406357,-0.0069371859483362,0.1412841860796543,0.2613536767778745,-0.1045479087999004
allenai_Olmo-3-1125-32B,selected_mixed_random_slopes__candidate__0__C_tense_lex_emb_norm,25182.33894164482,secretary,-1.8693919556161944,-0.2440459247884127,0.0177512391086392,-0.0934713944416573,-0.1137926502764555
allenai_Olmo-3-1125-32B,selected_mixed_random_slopes__candidate__0__C_tense_lex_emb_norm,25182.33894164482,sergeant,1.3386695290262778,0.0408741107911668,-0.0757958331000042,0.1301846797369955,-0.1432202978927638
allenai_Olmo-3-1125-32B,selected_mixed_random_slopes__candidate__0__C_tense_lex_emb_norm,25182.33894164482,soldier,1.9385100246736016,0.1573003164318917,0.0335109680143252,0.219196716416809,-0.1731062593916723
allenai_Olmo-3-1125-32B,selected_mixed_random_slopes__candidate__0__C_tense_lex_emb_norm,25182.33894164482,solicitor,-0.3544172318382858,-0.0560324964135583,0.0208174714455876,-0.0473395162265735,0.0382478480660986
allenai_Olmo-3-1125-32B,selected_mixed_random_slopes__candidate__0__C_tense_lex_emb_norm,25182.33894164482,teacher,-1.3963127792075982,-0.0395930487453617,0.1415086308508372,-0.0647156637619129,-0.0076716404868712
allenai_Olmo-3-1125-32B,selected_mixed_random_slopes__candidate__0__C_tense_lex_emb_norm,25182.33894164482,tradesperson,0.3780909562070356,0.0367516502922897,-0.0926895194504682,0.0450473910486701,-0.0116053664626255
allenai_Olmo-3-1125-32B,selected_mixed_random_slopes__candidate__0__C_tense_lex_emb_norm,25182.33894164482,welder,1.2561672370134758,0.0863977452344324,-0.202220296620137,-0.0305846814798025,0.0341212808995383
google_gemma-3-12b-pt,selected_mixed_random_slopes__candidate__0__C_semantic_role_log_frequency,10766.454203031142,CEO,-0.1357296669132602,-0.0440641885926947,0.0933418342772292,0.0214489943479093,0.0407452010374012
google_gemma-3-12b-pt,selected_mixed_random_slopes__candidate__0__C_semantic_role_log_frequency,10766.454203031142,accountant,0.4837061927501177,0.0145236367015815,0.0720011202534461,0.0320487391145124,0.0257039385714181
google_gemma-3-12b-pt,selected_mixed_random_slopes__candidate__0__C_semantic_role_log_frequency,10766.454203031142,administrator,-0.4010507519305001,-0.0040957481274732,-0.1129976353678895,-0.0793204181304753,-0.0619502998137456
google_gemma-3-12b-pt,selected_mixed_random_slopes__candidate__0__C_semantic_role_log_frequency,10766.454203031142,agronomist,0.1097798747845755,0.0423848619754402,0.2345668375390233,-0.0715235476308932,0.0505355422140977
google_gemma-3-12b-pt,selected_mixed_random_slopes__candidate__0__C_semantic_role_log_frequency,10766.454203031142,bodyguard,0.970986697211157,-0.0758267988809448,0.1709574398809855,0.0359577264775824,0.0251828896157327
google_gemma-3-12b-pt,selected_mixed_random_slopes__candidate__0__C_semantic_role_log_frequency,10766.454203031142,bookbinder,0.1939346267822239,0.0073391267221096,-0.3095756088388251,0.2210291945455119,-0.0993435479964155
google_gemma-3-12b-pt,selected_mixed_random_slopes__candidate__0__C_semantic_role_log_frequency,10766.454203031142,builder,1.6851443377374136,-0.0379233392676962,-0.1536240896232278,0.1530833382655045,0.0239497554267329
google_gemma-3-12b-pt,selected_mixed_random_slopes__candidate__0__C_semantic_role_log_frequency,10766.454203031142,cashier,-1.2313028118708538,0.0504831524854244,-0.1001737637370579,-0.1544531574995594,-0.0118390697774031
google_gemma-3-12b-pt,selected_mixed_random_slopes__candidate__0__C_semantic_role_log_frequency,10766.454203031142,chauffeur,1.593466650070089,-0.0218870916369028,-0.1011343100728442,-0.0301884006245445,-0.053785273821275
google_gemma-3-12b-pt,selected_mixed_random_slopes__candidate__0__C_semantic_role_log_frequency,10766.454203031142,colonel,1.71223393031385,0.0123559799253904,-0.1245702741013808,0.0314583082154213,0.0141040627046059
google_gemma-3-12b-pt,selected_mixed_random_slopes__candidate__0__C_semantic_role_log_frequency,10766.454203031142,doctor,0.0718580980035429,0.0177314083565617,-0.0133712002123465,-0.026322257886037,-8.01488475702074e-05
google_gemma-3-12b-pt,selected_mixed_random_slopes__candidate__0__C_semantic_role_log_frequency,10766.454203031142,electrician,1.6521713705762742,-0.0002534199470147,-0.0903698452138979,0.1194579779256486,0.1232969010346318
google_gemma-3-12b-pt,selected_mixed_random_slopes__candidate__0__C_semantic_role_log_frequency,10766.454203031142,farmer,1.6116986075845756,0.0087998312566993,-0.1997406246755363,0.1132057759238547,0.0300265718693375
google_gemma-3-12b-pt,selected_mixed_random_slopes__candidate__0__C_semantic_role_log_frequency,10766.454203031142,farmhand,0.427197899904978,0.0119760304836545,0.0591515351378597,0.0014345248055068,0.0514941061545124
google_gemma-3-12b-pt,selected_mixed_random_slopes__candidate__0__C_semantic_role_log_frequency,10766.454203031142,fisherman,2.796066929456817,0.0281743693136168,-0.0366781461355365,0.0202343874804138,0.0721491148890616
google_gemma-3-12b-pt,selected_mixed_random_slopes__candidate__0__C_semantic_role_log_frequency,10766.454203031142,hairdresser,-1.185968627162813,0.0019653101472063,0.1494031313429302,-0.0705173123814337,-0.0208879083261118
google_gemma-3-12b-pt,selected_mixed_random_slopes__candidate__0__C_semantic_role_log_frequency,10766.454203031142,hawker,0.3937236653481608,-0.1113624905745772,-0.0511917040407578,-0.0956995477011882,0.0971540389111363
google_gemma-3-12b-pt,selected_mixed_random_slopes__candidate__0__C_semantic_role_log_frequency,10766.454203031142,housekeeper,-2.650366040464136,0.0094119088219155,0.2445957198339709,-0.1104426199520909,-0.1278190123681314
google_gemma-3-12b-pt,selected_mixed_random_slopes__candidate__0__C_semantic_role_log_frequency,10766.454203031142,manager,-0.5732806402023022,0.0311695755603052,0.1341783705086534,-0.1367396352182476,0.0940757493079001
google_gemma-3-12b-pt,selected_mixed_random_slopes__candidate__0__C_semantic_role_log_frequency,10766.454203031142,midwife,-3.691012941505718,0.0597566478116305,0.1916635611447265,-0.1304824122904229,0.0266210003550781
google_gemma-3-12b-pt,selected_mixed_random_slopes__candidate__0__C_semantic_role_log_frequency,10766.454203031142,molder,-0.4249127461877701,0.0532678800059955,0.0155563621024871,-0.0728110556342293,-0.0768258303257689
google_gemma-3-12b-pt,selected_mixed_random_slopes__candidate__0__C_semantic_role_log_frequency,10766.454203031142,nurse,-3.133200962915657,0.0550950004458829,0.5199423298359749,-0.1633919916678501,-0.0859820810344217
google_gemma-3-12b-pt,selected_mixed_random_slopes__candidate__0__C_semantic_role_log_frequency,10766.454203031142,paralegal,-1.8098437770177156,0.0528036103887721,0.2618256837555132,-0.156707215750337,0.0153929065350637
google_gemma-3-12b-pt,selected_mixed_random_slopes__candidate__0__C_semantic_role_log_frequency,10766.454203031142,programmer,0.5991517623785463,-0.0152155398328607,0.0105708011050198,0.1217100084478177,0.0707660292806429
google_gemma-3-12b-pt,selected_mixed_random_slopes__candidate__0__C_semantic_role_log_frequency,10766.454203031142,salesperson,-0.0794327331777925,-0.0363185894854499,-0.112003584323112,0.0035040612257818,0.0404673271248442
google_gemma-3-12b-pt,selected_mixed_random_slopes__candidate__0__C_semantic_role_log_frequency,10766.454203031142,scientist,0.2397219749436706,-0.0252322795422068,-0.2127524530659027,0.0274497701063231,0.0134020873921211
google_gemma-3-12b-pt,selected_mixed_random_slopes__candidate__0__C_semantic_role_log_frequency,10766.454203031142,scrivener,1.4938219540086577,-0.0804951035631714,-0.3089910910002704,0.239342668253045,-0.0901825193743157
google_gemma-3-12b-pt,selected_mixed_random_slopes__candidate__0__C_semantic_role_log_frequency,10766.454203031142,secretary,-2.42756918157451,0.0659041923108961,-0.1688543619566075,-0.0603025720874272,-0.173353635452841
google_gemma-3-12b-pt,selected_mixed_random_slopes__candidate__0__C_semantic_role_log_frequency,10766.454203031142,sergeant,0.8800880000707083,-0.019033596233077,-0.0698398282891248,0.0333848519923273,-0.0308501092778045
google_gemma-3-12b-pt,selected_mixed_random_slopes__candidate__0__C_semantic_role_log_frequency,10766.454203031142,soldier,1.3844853283651934,-0.0615763028103642,-0.0330567968637544,0.1530357418762366,-0.0406470800428928
google_gemma-3-12b-pt,selected_mixed_random_slopes__candidate__0__C_semantic_role_log_frequency,10766.454203031142,solicitor,0.2501087117254035,-0.0309894303148063,-0.164209214806088,-0.0202670693071889,0.0179685956816359
google_gemma-3-12b-pt,selected_mixed_random_slopes__candidate__0__C_semantic_role_log_frequency,10766.454203031142,teacher,-1.4979400278612809,0.0601682982755971,0.1257805637433462,-0.068281935129556,-0.0333312922935864
google_gemma-3-12b-pt,selected_mixed_random_slopes__candidate__0__C_semantic_role_log_frequency,10766.454203031142,tradesperson,-0.4557542772710002,0.0098267615314001,-0.0100169698310194,-0.0235327571304671,0.025584783870357
google_gemma-3-12b-pt,selected_mixed_random_slopes__candidate__0__C_semantic_role_log_frequency,10766.454203031142,welder,1.1480185715858704,-0.0288636636715166,0.0896162118381482,0.1431978368951506,0.048257206727329
google_gemma-3-4b-pt,selected_mixed_random_slopes__candidate__0__C_valence_lex_emb_norm,9150.984215149248,CEO,-0.1255978742474906,-0.018162948418746,0.0536827692884572,-0.0401315183292163,-0.0016405432717868
google_gemma-3-4b-pt,selected_mixed_random_slopes__candidate__0__C_valence_lex_emb_norm,9150.984215149248,accountant,0.1074308895538043,-0.052407859914136,-0.0949372158749835,-0.0365656236596949,-0.0046275395822268
google_gemma-3-4b-pt,selected_mixed_random_slopes__candidate__0__C_valence_lex_emb_norm,9150.984215149248,administrator,-0.4932239983502252,-0.0556581317524702,0.0870366402482106,-0.0634508613676261,-0.0333157309827698
google_gemma-3-4b-pt,selected_mixed_random_slopes__candidate__0__C_valence_lex_emb_norm,9150.984215149248,agronomist,0.1605414285909521,-0.0085933144385445,0.1678144113022085,-0.0447624669655314,0.0486402979104911
google_gemma-3-4b-pt,selected_mixed_random_slopes__candidate__0__C_valence_lex_emb_norm,9150.984215149248,bodyguard,1.2443485460457584,0.0448472889319672,0.0193498929635669,0.0069231504563041,0.0484136631845324
google_gemma-3-4b-pt,selected_mixed_random_slopes__candidate__0__C_valence_lex_emb_norm,9150.984215149248,bookbinder,0.2031390467650493,0.0601187236097665,-0.1900574825317687,0.1026818160417334,-0.0512198110727001
google_gemma-3-4b-pt,selected_mixed_random_slopes__candidate__0__C_valence_lex_emb_norm,9150.984215149248,builder,1.5366981638107629,0.1909199608700337,0.0437026472271576,0.129020281105465,0.0207171763572913
google_gemma-3-4b-pt,selected_mixed_random_slopes__candidate__0__C_valence_lex_emb_norm,9150.984215149248,cashier,-1.3972310654367843,-0.1277208439612611,0.1433728714443919,-0.1181327976596418,-0.0335654167529626
google_gemma-3-4b-pt,selected_mixed_random_slopes__candidate__0__C_valence_lex_emb_norm,9150.984215149248,chauffeur,1.7870518431929596,0.0726878227255425,-0.1397494220773082,0.0407765572982896,0.0440679602139828
google_gemma-3-4b-pt,selected_mixed_random_slopes__candidate__0__C_valence_lex_emb_norm,9150.984215149248,colonel,1.9582434594491955,0.0978025957797851,-0.3128837138105891,0.0623458120604479,-0.007653098418454
google_gemma-3-4b-pt,selected_mixed_random_slopes__candidate__0__C_valence_lex_emb_norm,9150.984215149248,doctor,0.2536813535610293,-0.0258090694024442,-0.1796125678305346,-0.0048388074255575,0.0148168117348191
google_gemma-3-4b-pt,selected_mixed_random_slopes__candidate__0__C_valence_lex_emb_norm,9150.984215149248,electrician,1.411004752052959,0.168788507040599,-0.080295167584341,0.1087642155123002,0.0798125313658747
google_gemma-3-4b-pt,selected_mixed_random_slopes__candidate__0__C_valence_lex_emb_norm,9150.984215149248,farmer,1.7251016905536354,0.0795851907179705,-0.2866385659542239,0.0749679142093752,-0.0076506333935831
google_gemma-3-4b-pt,selected_mixed_random_slopes__candidate__0__C_valence_lex_emb_norm,9150.984215149248,farmhand,0.8461018610242999,0.0065833722924197,-0.2273179073695158,0.0144349166188296,0.0262413503844631
google_gemma-3-4b-pt,selected_mixed_random_slopes__candidate__0__C_valence_lex_emb_norm,9150.984215149248,fisherman,2.283796396124694,0.1076562594910907,0.0322605608277621,0.0318097170044613,0.0205992648730478
google_gemma-3-4b-pt,selected_mixed_random_slopes__candidate__0__C_valence_lex_emb_norm,9150.984215149248,hairdresser,-1.6524148946255974,-0.0900759779903437,0.2854688458080095,-0.0846627974712778,-0.041108863124782
google_gemma-3-4b-pt,selected_mixed_random_slopes__candidate__0__C_valence_lex_emb_norm,9150.984215149248,hawker,0.2613534429582695,-0.0470334710582184,-0.0228762147298877,-0.0464083175934347,0.0426764452364799
google_gemma-3-4b-pt,selected_mixed_random_slopes__candidate__0__C_valence_lex_emb_norm,9150.984215149248,housekeeper,-2.113388588513982,-0.0733455851894926,0.2170212843876039,-0.0420640242724822,-0.0584543363331623
google_gemma-3-4b-pt,selected_mixed_random_slopes__candidate__0__C_valence_lex_emb_norm,9150.984215149248,manager,-0.1905281382337757,-0.0651089399681766,0.1417630244165744,-0.0893357504231938,0.0483508414460573
google_gemma-3-4b-pt,selected_mixed_random_slopes__candidate__0__C_valence_lex_emb_norm,9150.984215149248,midwife,-3.429806909616297,-0.0907507073244381,0.426375626440091,-0.0625513309687545,-0.0535817323479067
google_gemma-3-4b-pt,selected_mixed_random_slopes__candidate__0__C_valence_lex_emb_norm,9150.984215149248,molder,-0.5022623958023424,-0.0331506136657882,0.045038082598286,-0.0280869995180668,-0.0013149039002754
google_gemma-3-4b-pt,selected_mixed_random_slopes__candidate__0__C_valence_lex_emb_norm,9150.984215149248,nurse,-2.8088278731643097,-0.0733172025160904,0.4636563734999555,-0.060834998259561,-0.0273491312986644
google_gemma-3-4b-pt,selected_mixed_random_slopes__candidate__0__C_valence_lex_emb_norm,9150.984215149248,paralegal,-1.621626136779071,-0.0979408469821082,0.2066812052700903,-0.0949327383250783,-0.0154969320064103
google_gemma-3-4b-pt,selected_mixed_random_slopes__candidate__0__C_valence_lex_emb_norm,9150.984215149248,programmer,0.3373475972436151,0.0849559309674605,0.1010910372954871,0.0398526181995763,0.093213375534583
google_gemma-3-4b-pt,selected_mixed_random_slopes__candidate__0__C_valence_lex_emb_norm,9150.984215149248,salesperson,-0.4799903010455481,-0.0805965059416623,-0.0020430109085871,-0.0546736886685596,0.0167810054516198
google_gemma-3-4b-pt,selected_mixed_random_slopes__candidate__0__C_valence_lex_emb_norm,9150.984215149248,scientist,0.0142573810496933,-0.0189277337879434,-0.1504368260116138,0.001202456659391,-0.0088734822570374
google_gemma-3-4b-pt,selected_mixed_random_slopes__candidate__0__C_valence_lex_emb_norm,9150.984215149248,scrivener,0.63763712444763,0.0893388303087234,-0.2110974327076091,0.1121728191351163,-0.0720907683511702
google_gemma-3-4b-pt,selected_mixed_random_slopes__candidate__0__C_valence_lex_emb_norm,9150.984215149248,secretary,-2.2082946140520594,-0.1208910840388204,0.0167582561731591,-0.0200266699902982,-0.0891903984049994
google_gemma-3-4b-pt,selected_mixed_random_slopes__candidate__0__C_valence_lex_emb_norm,9150.984215149248,sergeant,1.0281938604748333,0.0209299390598088,-0.4087226806162966,0.0641478657242459,-0.0012068325935469
google_gemma-3-4b-pt,selected_mixed_random_slopes__candidate__0__C_valence_lex_emb_norm,9150.984215149248,soldier,1.3643441752209529,0.1280323354768665,-0.0050890713480424,0.0958682960687352,0.0167573018365284
google_gemma-3-4b-pt,selected_mixed_random_slopes__candidate__0__C_valence_lex_emb_norm,9150.984215149248,solicitor,0.0124134018418061,-0.0726229204269018,-0.1724644658055653,-0.0251730129329374,-0.0404474826150241
google_gemma-3-4b-pt,selected_mixed_random_slopes__candidate__0__C_valence_lex_emb_norm,9150.984215149248,teacher,-1.3162569840206353,-0.0819119871404984,0.1693020766171479,-0.0422033342167828,-0.0398733379475584
google_gemma-3-4b-pt,selected_mixed_random_slopes__candidate__0__C_valence_lex_emb_norm,9150.984215149248,tradesperson,0.1241772356053302,0.0461652151014713,0.1375826999781139,0.0152207156464769,0.0068951910782827
google_gemma-3-4b-pt,selected_mixed_random_slopes__candidate__0__C_valence_lex_emb_norm,9150.984215149248,welder,1.04258612420277,0.0356137715376612,-0.273736560617904,0.0586465863028557,0.0606777580442644
gpt2,selected_mixed_random_slopes__candidate__0__C_semantic_role_log_frequency,5635.915099282545,CEO,1.053927621898726,-0.0939824325037579,0.334621140822884,-0.000669892757333,0.058676336383981
gpt2,selected_mixed_random_slopes__candidate__0__C_semantic_role_log_frequency,5635.915099282545,accountant,-0.5396565965888365,0.0380415117893697,0.0590095989466593,-0.0014574787728439,0.0207909119024473
gpt2,selected_mixed_random_slopes__candidate__0__C_semantic_role_log_frequency,5635.915099282545,administrator,-1.13575256695873,0.0523814741205705,0.271315310446844,-0.0059817085956947,-0.0155187136004997
gpt2,selected_mixed_random_slopes__candidate__0__C_semantic_role_log_frequency,5635.915099282545,agronomist,0.6785828824672201,-0.0016135265205943,0.1701091780310424,-0.0037018301194862,-0.0358634261684691
gpt2,selected_mixed_random_slopes__candidate__0__C_semantic_role_log_frequency,5635.915099282545,bodyguard,1.3806877968655498,0.078750900876261,0.2986320637663506,0.026367957351424,0.0580554203041658
gpt2,selected_mixed_random_slopes__candidate__0__C_semantic_role_log_frequency,5635.915099282545,bookbinder,-1.1901469823543942,0.057804742940948,-0.2492858690217264,0.0274891056687834,-0.0147919953264272
gpt2,selected_mixed_random_slopes__candidate__0__C_semantic_role_log_frequency,5635.915099282545,builder,0.3175215159703253,-0.023359440136715,-0.1252921644398602,0.0011112151128488,0.011218845570112
gpt2,selected_mixed_random_slopes__candidate__0__C_semantic_role_log_frequency,5635.915099282545,cashier,-0.3992112167217458,0.0195465694139886,0.015161236240285,0.0455444000428368,0.023129989675897
gpt2,selected_mixed_random_slopes__candidate__0__C_semantic_role_log_frequency,5635.915099282545,chauffeur,0.6318205659447962,-0.0247745212543002,-0.1688824267091595,0.0634309625827004,0.0261137120103918
gpt2,selected_mixed_random_slopes__candidate__0__C_semantic_role_log_frequency,5635.915099282545,colonel,1.4401190459720272,-0.0220026886175851,-0.077837991690646,0.013807260269913,-0.0122317664446148
gpt2,selected_mixed_random_slopes__candidate__0__C_semantic_role_log_frequency,5635.915099282545,doctor,0.4417038022364304,0.0987239330673451,0.2239716191077878,0.035671201231105,0.0425563517884137
gpt2,selected_mixed_random_slopes__candidate__0__C_semantic_role_log_frequency,5635.915099282545,electrician,0.7571444929366916,-0.0275752654770844,-0.043804456063919,-0.045276146839789,0.0486373969015802
gpt2,selected_mixed_random_slopes__candidate__0__C_semantic_role_log_frequency,5635.915099282545,farmer,1.3751470429983774,-0.0108115403583156,-0.2524575971271703,0.0611777274060258,0.0538995543580926
gpt2,selected_mixed_random_slopes__candidate__0__C_semantic_role_log_frequency,5635.915099282545,farmhand,0.8970289018737507,0.0016751304999934,0.2730193868618272,0.0253047922745648,0.0368835504833085
gpt2,selected_mixed_random_slopes__candidate__0__C_semantic_role_log_frequency,5635.915099282545,fisherman,1.5812141695247537,0.0073424639414461,0.0199117413943269,0.0627927330935966,0.0815464298956878
gpt2,selected_mixed_random_slopes__candidate__0__C_semantic_role_log_frequency,5635.915099282545,hairdresser,-1.1289998281496576,0.0368339671045973,-0.1163438452127199,0.0192654958149635,-0.0029982099326013
gpt2,selected_mixed_random_slopes__candidate__0__C_semantic_role_log_frequency,5635.915099282545,hawker,0.0255335965208389,-0.0114727309185203,0.2319612594146509,0.0525042763471991,0.0450800918961875
gpt2,selected_mixed_random_slopes__candidate__0__C_semantic_role_log_frequency,5635.915099282545,housekeeper,-1.5461868313297793,-0.0485604903590475,-0.2558022366843964,0.0167446206810307,-0.0727129472151919
gpt2,selected_mixed_random_slopes__candidate__0__C_semantic_role_log_frequency,5635.915099282545,manager,0.2396400874572952,0.0075995451835338,0.4288282685196495,-0.0412328187412678,0.0192334530272482
gpt2,selected_mixed_random_slopes__candidate__0__C_semantic_role_log_frequency,5635.915099282545,midwife,-2.558882267205816,0.0525240385602723,-0.6559347312250313,-0.0581242438745263,-0.0945990685515242
gpt2,selected_mixed_random_slopes__candidate__0__C_semantic_role_log_frequency,5635.915099282545,molder,-0.6654713668232463,-0.0398637738477307,-0.001269822928211,-0.0506509392924096,-0.0198169644359663
gpt2,selected_mixed_random_slopes__candidate__0__C_semantic_role_log_frequency,5635.915099282545,nurse,-3.2371630330953125,0.0712288183254162,-0.3959574721873223,0.0511063843797978,-0.0720009785306225
gpt2,selected_mixed_random_slopes__candidate__0__C_semantic_role_log_frequency,5635.915099282545,paralegal,0.4232634311233445,-0.0240356088938632,-0.0411958224182382,-0.0362351603407648,0.0220648019211504
gpt2,selected_mixed_random_slopes__candidate__0__C_semantic_role_log_frequency,5635.915099282545,programmer,0.263137605455007,0.0523924660737256,0.1073939791262724,-0.0447362991797193,0.0020235991285683
gpt2,selected_mixed_random_slopes__candidate__0__C_semantic_role_log_frequency,5635.915099282545,salesperson,-0.4374262397849556,0.0211226171661627,0.2569559510359785,-0.0084097377417587,0.0057199726623817
gpt2,selected_mixed_random_slopes__candidate__0__C_semantic_role_log_frequency,5635.915099282545,scientist,0.0502716249493315,-0.0151599388354141,-0.1418493128791,-0.0342733168831865,0.0158230047547732
gpt2,selected_mixed_random_slopes__candidate__0__C_semantic_role_log_frequency,5635.915099282545,scrivener,0.7050821057088515,-0.0369063189443314,0.0290364235200049,-0.0381897770044074,-0.0582234883243348
gpt2,selected_mixed_random_slopes__candidate__0__C_semantic_role_log_frequency,5635.915099282545,secretary,-1.41908161191877,-0.1918222253397828,-0.2153526400207023,-0.095651695895828,-0.1399331604615147
gpt2,selected_mixed_random_slopes__candidate__0__C_semantic_role_log_frequency,5635.915099282545,sergeant,0.4424166952515747,-0.0136007477136727,0.0075643040518017,0.0217561937242353,-0.009499316297925
gpt2,selected_mixed_random_slopes__candidate__0__C_semantic_role_log_frequency,5635.915099282545,soldier,1.4947396478601087,-0.0164592529866594,0.0240676054183588,0.0142580587588721,-0.0184277035592867
gpt2,selected_mixed_random_slopes__candidate__0__C_semantic_role_log_frequency,5635.915099282545,solicitor,-0.8159598923511474,0.0383105610487741,-0.0306615429081575,-0.0784344196168496,-0.0353881590609041
gpt2,selected_mixed_random_slopes__candidate__0__C_semantic_role_log_frequency,5635.915099282545,teacher,-1.1424313745866654,0.0214389138415456,-0.0465585337246491,0.0215623037777013,-0.0170639066791392
gpt2,selected_mixed_random_slopes__candidate__0__C_semantic_role_log_frequency,5635.915099282545,tradesperson,0.2398999634402553,-0.0094662406365215,0.3929142370778092,-0.0378915043130288,-0.0122490245518976
gpt2,selected_mixed_random_slopes__candidate__0__C_semantic_role_log_frequency,5635.915099282545,welder,1.7774872115346887,-0.0442509106107509,-0.3259868385288538,0.0210222814523815,0.0598654064801653
mistralai_Mistral-7B-v0.3,selected_mixed_random_slopes__candidate__0__C_dominance_log_frequency,14463.999100553716,CEO,0.1530640317673783,0.0102611208463287,0.0540916950362759,-0.034511838900461,0.0474982066203952
mistralai_Mistral-7B-v0.3,selected_mixed_random_slopes__candidate__0__C_dominance_log_frequency,14463.999100553716,accountant,0.0072903689971388,0.0095066050457408,0.1695477124001911,0.0130052647577099,0.0247382738967857
mistralai_Mistral-7B-v0.3,selected_mixed_random_slopes__candidate__0__C_dominance_log_frequency,14463.999100553716,administrator,-0.0660086483395408,-0.0165374818417863,-0.3842432935359078,-0.0677833946327907,-0.056631704617128
mistralai_Mistral-7B-v0.3,selected_mixed_random_slopes__candidate__0__C_dominance_log_frequency,14463.999100553716,agronomist,0.4884314168726418,0.0021532993679005,-0.087407224379591,0.0131562799490124,0.0203011336941261
mistralai_Mistral-7B-v0.3,selected_mixed_random_slopes__candidate__0__C_dominance_log_frequency,14463.999100553716,bodyguard,0.0722369851081512,0.0460421157199239,0.5444962887585948,0.0611630235582414,0.0115062786004864
mistralai_Mistral-7B-v0.3,selected_mixed_random_slopes__candidate__0__C_dominance_log_frequency,14463.999100553716,bookbinder,0.5874593085169871,0.030503073282767,-0.2251257411395301,0.0894059892763645,-0.0542854505960134
mistralai_Mistral-7B-v0.3,selected_mixed_random_slopes__candidate__0__C_dominance_log_frequency,14463.999100553716,builder,1.6665166462591254,0.0650444322708851,0.0434625250723509,0.2891678454395797,-0.03439823002075
mistralai_Mistral-7B-v0.3,selected_mixed_random_slopes__candidate__0__C_dominance_log_frequency,14463.999100553716,cashier,-1.3407407106841305,-0.0351092663204431,-0.0299909002290669,-0.1728303639063902,0.0031122360752823
mistralai_Mistral-7B-v0.3,selected_mixed_random_slopes__candidate__0__C_dominance_log_frequency,14463.999100553716,chauffeur,1.239544641087657,0.0644893374749936,-0.009889927978091,0.1385418203138542,-0.0184462166867355
mistralai_Mistral-7B-v0.3,selected_mixed_random_slopes__candidate__0__C_dominance_log_frequency,14463.999100553716,colonel,1.1999276577060471,0.1065931545540112,0.1362589533097233,0.0358708630823068,0.0137200553505525
mistralai_Mistral-7B-v0.3,selected_mixed_random_slopes__candidate__0__C_dominance_log_frequency,14463.999100553716,doctor,0.5136410490695855,-0.0205576720192687,-0.2155709852718053,-0.0259890837483733,0.042129925278827
mistralai_Mistral-7B-v0.3,selected_mixed_random_slopes__candidate__0__C_dominance_log_frequency,14463.999100553716,electrician,1.1665831520368295,0.0928678560532402,0.3066921052495873,0.1088613142104506,-0.0274389673827476
mistralai_Mistral-7B-v0.3,selected_mixed_random_slopes__candidate__0__C_dominance_log_frequency,14463.999100553716,farmer,1.310470451387943,0.0701577139920865,-0.0845683758454771,0.0751057096000947,0.002894856286459
mistralai_Mistral-7B-v0.3,selected_mixed_random_slopes__candidate__0__C_dominance_log_frequency,14463.999100553716,farmhand,0.2649927690096597,-0.0010424491541068,0.0727451962159149,-0.0301370049221987,0.1437889981355639
mistralai_Mistral-7B-v0.3,selected_mixed_random_slopes__candidate__0__C_dominance_log_frequency,14463.999100553716,fisherman,1.9614095815259645,0.0556991809863911,0.008493422281861,0.0837708625063304,0.1066530959895068
mistralai_Mistral-7B-v0.3,selected_mixed_random_slopes__candidate__0__C_dominance_log_frequency,14463.999100553716,hairdresser,-1.3074580263380895,-0.0775609606686811,-0.0917737821567709,-0.1375396875868425,0.0128626168619582
mistralai_Mistral-7B-v0.3,selected_mixed_random_slopes__candidate__0__C_dominance_log_frequency,14463.999100553716,hawker,0.0242369363354696,0.061296830677114,0.3442052614096787,-0.0583794746945262,0.0178661860606298
mistralai_Mistral-7B-v0.3,selected_mixed_random_slopes__candidate__0__C_dominance_log_frequency,14463.999100553716,housekeeper,-2.8101729892240264,-0.1672408306360934,-0.0609555259627527,-0.1883311685555136,0.046085717409658
mistralai_Mistral-7B-v0.3,selected_mixed_random_slopes__candidate__0__C_dominance_log_frequency,14463.999100553716,manager,0.2271362180487109,0.0211867269583938,-0.0006856018489627,0.0245812721177127,0.0050896578407769
mistralai_Mistral-7B-v0.3,selected_mixed_random_slopes__candidate__0__C_dominance_log_frequency,14463.999100553716,midwife,-4.048123139480775,-0.207925047859702,0.1419242804083228,-0.2494512019865797,0.0396967051153805
mistralai_Mistral-7B-v0.3,selected_mixed_random_slopes__candidate__0__C_dominance_log_frequency,14463.999100553716,molder,0.3338291256672707,0.0311043649728225,-0.1645550444174652,0.0040735498215134,-0.0748271546559391
mistralai_Mistral-7B-v0.3,selected_mixed_random_slopes__candidate__0__C_dominance_log_frequency,14463.999100553716,nurse,-2.8147212370635155,-0.1099702013383784,0.0767879926994043,-0.2734923011859526,0.0202111639165163
mistralai_Mistral-7B-v0.3,selected_mixed_random_slopes__candidate__0__C_dominance_log_frequency,14463.999100553716,paralegal,-1.2964761616091558,-0.0775912303323329,-0.0436035702212682,-0.0583940248009928,-0.0735595516428526
mistralai_Mistral-7B-v0.3,selected_mixed_random_slopes__candidate__0__C_dominance_log_frequency,14463.999100553716,programmer,0.4289367864320422,0.0297506151648207,0.2492286070833816,0.0877224614450699,0.1243596726175499
mistralai_Mistral-7B-v0.3,selected_mixed_random_slopes__candidate__0__C_dominance_log_frequency,14463.999100553716,salesperson,-0.4131011048771847,-0.0590231681038003,-0.1186350740604585,-0.0790846516693297,0.0590345233525179
mistralai_Mistral-7B-v0.3,selected_mixed_random_slopes__candidate__0__C_dominance_log_frequency,14463.999100553716,scientist,0.2522659293744895,-0.0524974652768748,-0.168996397930654,-0.0391252315893232,0.0867510285930056
mistralai_Mistral-7B-v0.3,selected_mixed_random_slopes__candidate__0__C_dominance_log_frequency,14463.999100553716,scrivener,1.6605250329585417,0.0851159087647726,-0.2537851806569259,0.2175749341833023,-0.1483977029310492
mistralai_Mistral-7B-v0.3,selected_mixed_random_slopes__candidate__0__C_dominance_log_frequency,14463.999100553716,secretary,-2.220876568113895,-0.0842382807648818,-0.0138158876142585,-0.0875513968793186,-0.2119818261124822
mistralai_Mistral-7B-v0.3,selected_mixed_random_slopes__candidate__0__C_dominance_log_frequency,14463.999100553716,sergeant,0.9371444098695142,0.0335125928803136,-0.1604447095932833,0.0551027622263731,-0.0682863932743968
mistralai_Mistral-7B-v0.3,selected_mixed_random_slopes__candidate__0__C_dominance_log_frequency,14463.999100553716,soldier,1.1961414855689716,0.1042134847156925,0.2273087531323539,0.1825423389620291,-0.0816067926225007
mistralai_Mistral-7B-v0.3,selected_mixed_random_slopes__candidate__0__C_dominance_log_frequency,14463.999100553716,solicitor,0.2001665889872049,-0.0338697105794414,-0.2338829675364071,-0.0288547530215147,0.0098062633378544
mistralai_Mistral-7B-v0.3,selected_mixed_random_slopes__candidate__0__C_dominance_log_frequency,14463.999100553716,teacher,-0.9183301692130574,-0.0360983042460782,-0.0826810601737953,-0.0724694641538542,-0.0088654421206641
mistralai_Mistral-7B-v0.3,selected_mixed_random_slopes__candidate__0__C_dominance_log_frequency,14463.999100553716,tradesperson,0.3412561731788155,0.0086205276515798,0.0127745122779055,0.0498969826501811,-0.0168050602457047
mistralai_Mistral-7B-v0.3,selected_mixed_random_slopes__candidate__0__C_dominance_log_frequency,14463.999100553716,welder,1.002802008827055,0.0511431277446431,0.042593945214757,0.0743817681061541,0.0374238978745545
tiiuae_Falcon3-10B-Base,selected_mixed_random_slopes__candidate__0__C_tense_C_dominance,22825.65567856125,CEO,-0.2137944590908941,-0.0137433597147836,0.0911395969636508,-0.0448529734271308,0.0344405522086818
tiiuae_Falcon3-10B-Base,selected_mixed_random_slopes__candidate__0__C_tense_C_dominance,22825.65567856125,accountant,0.4025458414492361,-0.0535175843103689,0.0979508670686641,0.0785057568534813,-0.0017935655635784
tiiuae_Falcon3-10B-Base,selected_mixed_random_slopes__candidate__0__C_tense_C_dominance,22825.65567856125,administrator,-0.2306327956079533,-0.0085712093958636,0.1404444516205488,0.0432692905245751,-0.0354945561413487
tiiuae_Falcon3-10B-Base,selected_mixed_random_slopes__candidate__0__C_tense_C_dominance,22825.65567856125,agronomist,-0.4982711097902801,0.0215798039730894,0.3715473859744596,-0.1264128004093761,0.0363079563171922
tiiuae_Falcon3-10B-Base,selected_mixed_random_slopes__candidate__0__C_tense_C_dominance,22825.65567856125,bodyguard,0.8148366584993654,-0.0336002322381408,0.1338403666840791,0.1420418508550253,-0.0434080341039836
tiiuae_Falcon3-10B-Base,selected_mixed_random_slopes__candidate__0__C_tense_C_dominance,22825.65567856125,bookbinder,0.2419232922918995,0.0124446541070114,0.0037282889546703,0.0570260623447035,-0.0248263680621105
tiiuae_Falcon3-10B-Base,selected_mixed_random_slopes__candidate__0__C_tense_C_dominance,22825.65567856125,builder,1.284864312145349,0.0327817300636545,-0.2814685367236927,0.1103204737743923,0.0132910952706322
tiiuae_Falcon3-10B-Base,selected_mixed_random_slopes__candidate__0__C_tense_C_dominance,22825.65567856125,cashier,-0.7792021104087958,-0.0187911323560707,-0.3140997886945655,-0.0329482333537814,-0.0301403039598444
tiiuae_Falcon3-10B-Base,selected_mixed_random_slopes__candidate__0__C_tense_C_dominance,22825.65567856125,chauffeur,1.6970834775308483,0.0184824399568221,-0.2102832952565128,0.1032515660270462,0.0365927659512637
tiiuae_Falcon3-10B-Base,selected_mixed_random_slopes__candidate__0__C_tense_C_dominance,22825.65567856125,colonel,1.9495431935513243,0.1036818194235377,-0.1501905346307764,0.0914985128317487,0.0005974236971008
tiiuae_Falcon3-10B-Base,selected_mixed_random_slopes__candidate__0__C_tense_C_dominance,22825.65567856125,doctor,-0.2614733313182157,0.0133620874504208,0.3110447197081066,-0.0817482246173038,0.0237212216524359
tiiuae_Falcon3-10B-Base,selected_mixed_random_slopes__candidate__0__C_tense_C_dominance,22825.65567856125,electrician,1.035268177499775,0.0160146426695962,-0.1062082115892539,0.040083052990215,0.0596275787435694
tiiuae_Falcon3-10B-Base,selected_mixed_random_slopes__candidate__0__C_tense_C_dominance,22825.65567856125,farmer,1.930874098431273,0.0796182669585761,-0.1729445689457371,0.1237098793318473,0.0128687499992197
tiiuae_Falcon3-10B-Base,selected_mixed_random_slopes__candidate__0__C_tense_C_dominance,22825.65567856125,farmhand,0.8739124000943832,0.1008894025462882,0.0332247694739586,0.0093823422674075,0.023896876070798
tiiuae_Falcon3-10B-Base,selected_mixed_random_slopes__candidate__0__C_tense_C_dominance,22825.65567856125,fisherman,2.783128485555628,0.2009512411707009,-0.142941774063172,0.0708227431164862,0.0391349263390477
tiiuae_Falcon3-10B-Base,selected_mixed_random_slopes__candidate__0__C_tense_C_dominance,22825.65567856125,hairdresser,-0.5921796835512331,-0.0651473213152886,-0.4206407265685151,0.0244671621965116,-0.0147658135294368
tiiuae_Falcon3-10B-Base,selected_mixed_random_slopes__candidate__0__C_tense_C_dominance,22825.65567856125,hawker,0.7366669877699692,-0.0396096036264081,-0.4173664971308984,0.0462722580939929,0.0522201553539738
tiiuae_Falcon3-10B-Base,selected_mixed_random_slopes__candidate__0__C_tense_C_dominance,22825.65567856125,housekeeper,-2.882263681140792,-0.0050998584632229,0.1336575914062317,-0.1617225619042449,-0.1047923015175795
tiiuae_Falcon3-10B-Base,selected_mixed_random_slopes__candidate__0__C_tense_C_dominance,22825.65567856125,manager,-0.6241881692564729,-0.0115959918727802,0.1015842487403097,-0.0932507182367945,0.030989737536884
tiiuae_Falcon3-10B-Base,selected_mixed_random_slopes__candidate__0__C_tense_C_dominance,22825.65567856125,midwife,-3.851159180673281,-0.0698178307477616,0.6111532609600774,-0.3527599905570805,0.0103060785896337
tiiuae_Falcon3-10B-Base,selected_mixed_random_slopes__candidate__0__C_tense_C_dominance,22825.65567856125,molder,-0.3827587083409737,-0.0143150320941062,0.4513403810309666,-0.0311929691876235,-0.0133493721674074
tiiuae_Falcon3-10B-Base,selected_mixed_random_slopes__candidate__0__C_tense_C_dominance,22825.65567856125,nurse,-2.514958158826522,-0.0869558077627713,-0.2356128349845429,-0.1448511044646333,-0.0224798339091436
tiiuae_Falcon3-10B-Base,selected_mixed_random_slopes__candidate__0__C_tense_C_dominance,22825.65567856125,paralegal,-0.819421281902377,-0.0344708273096163,-0.0055724260561155,-0.0163256848950039,-0.0498780199715448
tiiuae_Falcon3-10B-Base,selected_mixed_random_slopes__candidate__0__C_tense_C_dominance,22825.65567856125,programmer,0.0096916378142222,-0.0262256585845647,0.2751855370787456,-0.0524698930785281,0.075535380819341
tiiuae_Falcon3-10B-Base,selected_mixed_random_slopes__candidate__0__C_tense_C_dominance,22825.65567856125,salesperson,-0.1266842969701977,-0.0241954113553737,0.0231283716586809,-0.0310841614282978,0.0351334448126412
tiiuae_Falcon3-10B-Base,selected_mixed_random_slopes__candidate__0__C_tense_C_dominance,22825.65567856125,scientist,-0.0848705544327813,-0.0142875054483692,0.090585473962903,-0.0249569539192898,0.0208925113912746
tiiuae_Falcon3-10B-Base,selected_mixed_random_slopes__candidate__0__C_tense_C_dominance,22825.65567856125,scrivener,-0.1556668082580719,-0.0227493704018248,-0.6906980438859943,0.0923577709031731,-0.0657309630071944
tiiuae_Falcon3-10B-Base,selected_mixed_random_slopes__candidate__0__C_tense_C_dominance,22825.65567856125,secretary,-1.9723546339834692,-0.1021972054180081,0.1042192844710286,0.0192539869547412,-0.1618238339911261
tiiuae_Falcon3-10B-Base,selected_mixed_random_slopes__candidate__0__C_tense_C_dominance,22825.65567856125,sergeant,0.9703851671264064,0.0847286037386957,0.0819709155525499,0.049590723253595,0.0159474985624009
tiiuae_Falcon3-10B-Base,selected_mixed_random_slopes__candidate__0__C_tense_C_dominance,22825.65567856125,soldier,1.686883201465195,0.1094052149961591,0.2173723955724815,0.0709589934027939,-0.0085218047840239
tiiuae_Falcon3-10B-Base,selected_mixed_random_slopes__candidate__0__C_tense_C_dominance,22825.65567856125,solicitor,0.564802608133008,-0.0120716881348869,-0.2998435149986335,0.0886145019974544,-0.005601954633531
tiiuae_Falcon3-10B-Base,selected_mixed_random_slopes__candidate__0__C_tense_C_dominance,22825.65567856125,teacher,-1.0456594489313216,-0.0707529468904724,-0.0346142972710003,-0.0278448281787938,-0.0102905833634464
tiiuae_Falcon3-10B-Base,selected_mixed_random_slopes__candidate__0__C_tense_C_dominance,22825.65567856125,tradesperson,-0.8180629697787881,-0.0643033928922849,0.3378615693588969,-0.061985698023515,0.0094364448446012
tiiuae_Falcon3-10B-Base,selected_mixed_random_slopes__candidate__0__C_tense_C_dominance,22825.65567856125,welder,0.8711918416898671,-0.0019209367634002,-0.1284944253801098,0.0229798678939148,0.0619569105247936
tiiuae_Falcon3-3B-Base,selected_mixed_random_slopes__candidate__0__C_dominance_log_frequency,4763.226697154256,CEO,0.2769916729068886,0.0549483148195492,-0.2626225131629788,-0.0105923921632939,0.0400009615212579
tiiuae_Falcon3-3B-Base,selected_mixed_random_slopes__candidate__0__C_dominance_log_frequency,4763.226697154256,accountant,0.3165084750081816,-0.0228182235062753,-0.2056572734301631,-0.0060285779923091,-0.0008775740699252
tiiuae_Falcon3-3B-Base,selected_mixed_random_slopes__candidate__0__C_dominance_log_frequency,4763.226697154256,administrator,-0.2417013234365758,-0.0006525079165431,-0.0552790581832543,-0.0161632461019583,-0.0372318548407165
tiiuae_Falcon3-3B-Base,selected_mixed_random_slopes__candidate__0__C_dominance_log_frequency,4763.226697154256,agronomist,-0.5893717896706281,0.0081566508202907,0.079846059849279,-0.0377936346360214,-0.0063731504500187
tiiuae_Falcon3-3B-Base,selected_mixed_random_slopes__candidate__0__C_dominance_log_frequency,4763.226697154256,bodyguard,1.4031545859498329,-0.0238856059018203,-0.1306004973788499,0.0631827560336326,0.0200149896611139
tiiuae_Falcon3-3B-Base,selected_mixed_random_slopes__candidate__0__C_dominance_log_frequency,4763.226697154256,bookbinder,-0.0285836630259978,0.0010061847648821,0.0865908597477143,-0.0110266735852512,-0.0188124832201285
tiiuae_Falcon3-3B-Base,selected_mixed_random_slopes__candidate__0__C_dominance_log_frequency,4763.226697154256,builder,0.7139990293726485,-0.0215038132391188,0.0143733156425335,0.0568748488087839,0.0045440748439267
tiiuae_Falcon3-3B-Base,selected_mixed_random_slopes__candidate__0__C_dominance_log_frequency,4763.226697154256,cashier,-0.6819358746583787,-0.0378129086288768,-0.1721028144234203,-0.0513693956121788,-0.0612136039653271
tiiuae_Falcon3-3B-Base,selected_mixed_random_slopes__candidate__0__C_dominance_log_frequency,4763.226697154256,chauffeur,1.168622241665169,-0.0094263016283713,0.0203761461492261,0.0448044431936386,0.0313777257892812
tiiuae_Falcon3-3B-Base,selected_mixed_random_slopes__candidate__0__C_dominance_log_frequency,4763.226697154256,colonel,1.244060495475895,-0.0643591245207394,-0.3373721339542596,0.0887616155976737,0.0364318617032186
tiiuae_Falcon3-3B-Base,selected_mixed_random_slopes__candidate__0__C_dominance_log_frequency,4763.226697154256,doctor,0.233213660136673,-0.0052756929065874,0.1593541002571498,0.0084411779253005,0.0311373402956052
tiiuae_Falcon3-3B-Base,selected_mixed_random_slopes__candidate__0__C_dominance_log_frequency,4763.226697154256,electrician,0.9957102822301594,-0.0104574003343672,0.0988803350314816,0.0626058031026481,0.1085974282785324
tiiuae_Falcon3-3B-Base,selected_mixed_random_slopes__candidate__0__C_dominance_log_frequency,4763.226697154256,farmer,1.4154258567754356,0.0141681847559182,0.1576448717498117,0.0941590437099302,0.07722178666528
tiiuae_Falcon3-3B-Base,selected_mixed_random_slopes__candidate__0__C_dominance_log_frequency,4763.226697154256,farmhand,1.0429663367712236,-0.0051906524106803,0.005021642196658,0.0767494199907301,0.0312501319934262
tiiuae_Falcon3-3B-Base,selected_mixed_random_slopes__candidate__0__C_dominance_log_frequency,4763.226697154256,fisherman,1.8384512495480043,0.0410211983057127,0.5198342296655364,0.0406500229483295,0.0656397093848006
tiiuae_Falcon3-3B-Base,selected_mixed_random_slopes__candidate__0__C_dominance_log_frequency,4763.226697154256,hairdresser,-1.0754250793675773,0.0340314772688298,0.1170859128792364,-0.1005448928672087,-0.0151164134753569
tiiuae_Falcon3-3B-Base,selected_mixed_random_slopes__candidate__0__C_dominance_log_frequency,4763.226697154256,hawker,0.1864909918550404,0.0374699576251237,-0.0924137730705619,0.012996491561073,0.001900387496006
tiiuae_Falcon3-3B-Base,selected_mixed_random_slopes__candidate__0__C_dominance_log_frequency,4763.226697154256,housekeeper,-3.06584475145,0.0633740152672636,-0.0698719222605729,-0.1375784019547375,-0.0431766546679693
tiiuae_Falcon3-3B-Base,selected_mixed_random_slopes__candidate__0__C_dominance_log_frequency,4763.226697154256,manager,-0.1264824700392982,-0.0116218905153943,0.1040978006861874,-0.0175423379175718,-0.0225821900625772
tiiuae_Falcon3-3B-Base,selected_mixed_random_slopes__candidate__0__C_dominance_log_frequency,4763.226697154256,midwife,-2.9050025834700506,-0.0434585268312107,-0.0415357301851397,-0.096832581857684,-0.047385039146018
tiiuae_Falcon3-3B-Base,selected_mixed_random_slopes__candidate__0__C_dominance_log_frequency,4763.226697154256,molder,0.3505934119167125,-0.0298909918565299,-0.0690313413334523,0.0253594605044511,0.0006114194981528
tiiuae_Falcon3-3B-Base,selected_mixed_random_slopes__candidate__0__C_dominance_log_frequency,4763.226697154256,nurse,-2.440407498491288,0.1380587133139552,-0.1396477449407694,-0.1269644277980097,-0.0636907201546413
tiiuae_Falcon3-3B-Base,selected_mixed_random_slopes__candidate__0__C_dominance_log_frequency,4763.226697154256,paralegal,-0.8952138840242997,0.0280316923681402,-0.12419780550349,-0.0511996826054875,-0.039611873532603
tiiuae_Falcon3-3B-Base,selected_mixed_random_slopes__candidate__0__C_dominance_log_frequency,4763.226697154256,programmer,0.1224789037106058,0.0208092641804485,-0.1644512016341335,0.0025650649252647,0.0240008150389957
tiiuae_Falcon3-3B-Base,selected_mixed_random_slopes__candidate__0__C_dominance_log_frequency,4763.226697154256,salesperson,-0.1427481220130581,-0.0252607475591127,0.1521465409340817,-0.0034958290222047,-0.025134101942598
tiiuae_Falcon3-3B-Base,selected_mixed_random_slopes__candidate__0__C_dominance_log_frequency,4763.226697154256,scientist,-0.1705808645549823,-0.0029373316770878,-0.119603878014734,0.0114705642781665,0.0438105249216743
tiiuae_Falcon3-3B-Base,selected_mixed_random_slopes__candidate__0__C_dominance_log_frequency,4763.226697154256,scrivener,-0.7624991119268654,0.0001237134193941,-0.0349086424497229,-0.0507185159091478,-0.0182307006519848
tiiuae_Falcon3-3B-Base,selected_mixed_random_slopes__candidate__0__C_dominance_log_frequency,4763.226697154256,secretary,-1.3419903205199717,0.0040099788432667,-0.241266559502397,-0.0664280875421298,-0.1566410891192227
tiiuae_Falcon3-3B-Base,selected_mixed_random_slopes__candidate__0__C_dominance_log_frequency,4763.226697154256,sergeant,1.1164146181002297,-0.0936191692719401,0.1223058424509015,0.0974952521675383,0.0288268953874152
tiiuae_Falcon3-3B-Base,selected_mixed_random_slopes__candidate__0__C_dominance_log_frequency,4763.226697154256,soldier,1.662571446195747,0.0151451127998264,0.4541723180598951,0.0754758565375477,0.0089905361698254
tiiuae_Falcon3-3B-Base,selected_mixed_random_slopes__candidate__0__C_dominance_log_frequency,4763.226697154256,solicitor,0.2035769872628498,-0.0365676702279732,0.0170983406278076,0.0171810761176409,-0.0110758627227367
tiiuae_Falcon3-3B-Base,selected_mixed_random_slopes__candidate__0__C_dominance_log_frequency,4763.226697154256,teacher,-0.943417602705869,-0.0424462971333974,0.1950330900476695,-0.0624979874255784,-0.0226251443322378
tiiuae_Falcon3-3B-Base,selected_mixed_random_slopes__candidate__0__C_dominance_log_frequency,4763.226697154256,tradesperson,0.1805763886528255,0.0132464450990904,0.0398244378129762,0.0137111876583492,-0.0237506871739708
tiiuae_Falcon3-3B-Base,selected_mixed_random_slopes__candidate__0__C_dominance_log_frequency,4763.226697154256,welder,0.939398305926109,0.0135839524131941,-0.0831229543550604,0.0542925799352669,0.0591725548826008
tiiuae_Falcon3-7B-Base,selected_mixed_random_slopes__candidate__0__C_semantic_role_C_valence,23115.034977571428,CEO,-0.240081151239459,-0.0324083908161251,0.1450221978219083,-0.0802049237211787,0.0448153066922095
tiiuae_Falcon3-7B-Base,selected_mixed_random_slopes__candidate__0__C_semantic_role_C_valence,23115.034977571428,accountant,0.3933911079506825,-0.0302952804575047,-0.0546756639272546,0.0507524058197389,-0.0172897728516754
tiiuae_Falcon3-7B-Base,selected_mixed_random_slopes__candidate__0__C_semantic_role_C_valence,23115.034977571428,administrator,-0.1462423075489958,0.0449844410842272,-0.0575211248604647,0.0441408504614119,-0.011443076793447
tiiuae_Falcon3-7B-Base,selected_mixed_random_slopes__candidate__0__C_semantic_role_C_valence,23115.034977571428,agronomist,-0.3553513549480552,-0.0003990686438668,0.2893000215727486,-0.0983593579946378,6.339098231189223e-05
tiiuae_Falcon3-7B-Base,selected_mixed_random_slopes__candidate__0__C_semantic_role_C_valence,23115.034977571428,bodyguard,0.662627543215466,0.0487479200863431,0.2762117973819212,0.0909844395788647,0.0013618208132648
tiiuae_Falcon3-7B-Base,selected_mixed_random_slopes__candidate__0__C_semantic_role_C_valence,23115.034977571428,bookbinder,-0.0034334525746848,-0.0281716548322028,0.1169440997884965,-0.0428201482171125,-0.0398986386477302
tiiuae_Falcon3-7B-Base,selected_mixed_random_slopes__candidate__0__C_semantic_role_C_valence,23115.034977571428,builder,1.0146905246399134,0.0408454564873385,-0.0490391621230913,0.0905412527859171,0.0090571754259142
tiiuae_Falcon3-7B-Base,selected_mixed_random_slopes__candidate__0__C_semantic_role_C_valence,23115.034977571428,cashier,-0.6460513306641918,-0.0367725198651654,-0.4661023701447335,-0.0174175631259826,-0.0375500454774809
tiiuae_Falcon3-7B-Base,selected_mixed_random_slopes__candidate__0__C_semantic_role_C_valence,23115.034977571428,chauffeur,1.1908236631088651,0.0224720586753711,0.023490067809654,0.0723561021212872,0.0358060759656486
tiiuae_Falcon3-7B-Base,selected_mixed_random_slopes__candidate__0__C_semantic_role_C_valence,23115.034977571428,colonel,1.919827539332908,0.128301107641085,-0.0978208855410449,0.1961253167057483,-0.0678934490311447
tiiuae_Falcon3-7B-Base,selected_mixed_random_slopes__candidate__0__C_semantic_role_C_valence,23115.034977571428,doctor,-0.047691775349987,0.0057765959520279,0.1362943069624134,-0.0096681018296476,0.0456330327841025
tiiuae_Falcon3-7B-Base,selected_mixed_random_slopes__candidate__0__C_semantic_role_C_valence,23115.034977571428,electrician,1.014736324032828,0.0923710125405481,0.0677865321305765,0.0461425334524349,0.1370068887187568
tiiuae_Falcon3-7B-Base,selected_mixed_random_slopes__candidate__0__C_semantic_role_C_valence,23115.034977571428,farmer,1.1964826272676443,0.1106678944403361,0.1506055578328856,0.1035181801467036,0.048720161510736
tiiuae_Falcon3-7B-Base,selected_mixed_random_slopes__candidate__0__C_semantic_role_C_valence,23115.034977571428,farmhand,0.45718738644622,0.0965289242025923,0.0894058408840151,0.1192593890012721,0.0177283305210474
tiiuae_Falcon3-7B-Base,selected_mixed_random_slopes__candidate__0__C_semantic_role_C_valence,23115.034977571428,fisherman,2.200436976549976,0.1627146960170063,0.1845826958701039,0.1357272110152646,0.1530620739333535
tiiuae_Falcon3-7B-Base,selected_mixed_random_slopes__candidate__0__C_semantic_role_C_valence,23115.034977571428,hairdresser,-0.899402075447419,-0.081022134431067,-0.2265123919756067,-0.0714559562656608,-0.0019442748956146
tiiuae_Falcon3-7B-Base,selected_mixed_random_slopes__candidate__0__C_semantic_role_C_valence,23115.034977571428,hawker,0.8187804823479878,-0.0483543346996101,-0.4843100849015601,0.0946999673443358,0.0885624410054772
tiiuae_Falcon3-7B-Base,selected_mixed_random_slopes__candidate__0__C_semantic_role_C_valence,23115.034977571428,housekeeper,-2.811141905558153,-0.1014901191644294,0.2124439190687505,-0.2040398551126729,-0.1774174953611394
tiiuae_Falcon3-7B-Base,selected_mixed_random_slopes__candidate__0__C_semantic_role_C_valence,23115.034977571428,manager,-0.2472892591535297,-0.0286445175656095,-0.1601205738711495,-0.0691085716514825,0.0488725345219093
tiiuae_Falcon3-7B-Base,selected_mixed_random_slopes__candidate__0__C_semantic_role_C_valence,23115.034977571428,midwife,-2.5536295387508745,-0.1318892395121409,-0.2402353558368841,-0.1942501364580179,-0.1231007903625033
tiiuae_Falcon3-7B-Base,selected_mixed_random_slopes__candidate__0__C_semantic_role_C_valence,23115.034977571428,molder,-0.1886122739147065,0.0528305159823841,0.134853942942499,-0.0259729796624117,0.026180583274365
tiiuae_Falcon3-7B-Base,selected_mixed_random_slopes__candidate__0__C_semantic_role_C_valence,23115.034977571428,nurse,-2.4463568228255497,-0.0623801200775362,-0.0026308938670787,-0.1754928023951305,-0.1095172054996571
tiiuae_Falcon3-7B-Base,selected_mixed_random_slopes__candidate__0__C_semantic_role_C_valence,23115.034977571428,paralegal,-0.5705868235280027,-0.0942640951997845,-0.1435872434631922,-0.0184129375717164,-0.0937862770017335
tiiuae_Falcon3-7B-Base,selected_mixed_random_slopes__candidate__0__C_semantic_role_C_valence,23115.034977571428,programmer,0.0906592388751,0.026765434566022,0.3584647949754206,-0.048787283316354,0.097806640189073
tiiuae_Falcon3-7B-Base,selected_mixed_random_slopes__candidate__0__C_semantic_role_C_valence,23115.034977571428,salesperson,-0.0217764527217069,-0.0669424332069812,-0.1655970150843183,-0.0552008761231479,0.0414228229018543
tiiuae_Falcon3-7B-Base,selected_mixed_random_slopes__candidate__0__C_semantic_role_C_valence,23115.034977571428,scientist,-0.1941635236418586,-0.084140873193908,-0.1247942453034316,-0.0537161686725243,0.0300441981443437
tiiuae_Falcon3-7B-Base,selected_mixed_random_slopes__candidate__0__C_semantic_role_C_valence,23115.034977571428,scrivener,0.2332520586306755,-0.027376044497507,-0.175166663148801,0.0646335815845835,-0.0504789122370149
tiiuae_Falcon3-7B-Base,selected_mixed_random_slopes__candidate__0__C_semantic_role_C_valence,23115.034977571428,secretary,-1.5933522583159818,-0.1064556765749015,0.0090070592320027,-0.094414215234209,-0.2196455899968116
tiiuae_Falcon3-7B-Base,selected_mixed_random_slopes__candidate__0__C_semantic_role_C_valence,23115.034977571428,sergeant,1.1275567293716704,0.1237087263524797,0.0530598074917343,0.1233644955320023,0.0721231528315336
tiiuae_Falcon3-7B-Base,selected_mixed_random_slopes__candidate__0__C_semantic_role_C_valence,23115.034977571428,soldier,1.2797113166276046,0.1279789873899383,0.3848140982612756,0.1111263534458079,0.0116971467265711
tiiuae_Falcon3-7B-Base,selected_mixed_random_slopes__candidate__0__C_semantic_role_C_valence,23115.034977571428,solicitor,0.0833803371842788,-0.0200053599430788,0.1187043695536421,-0.0029915737190353,0.0192889220275958
tiiuae_Falcon3-7B-Base,selected_mixed_random_slopes__candidate__0__C_semantic_role_C_valence,23115.034977571428,teacher,-0.9655584100292236,-0.1220884625101014,-0.4416616945783185,-0.035619495432672,-0.0574041034520476
tiiuae_Falcon3-7B-Base,selected_mixed_random_slopes__candidate__0__C_semantic_role_C_valence,23115.034977571428,tradesperson,-0.5146896275499787,-0.0167208993177563,-0.0430451254570753,-0.0496813853265289,-0.0116336271848576
tiiuae_Falcon3-7B-Base,selected_mixed_random_slopes__candidate__0__C_semantic_role_C_valence,23115.034977571428,welder,0.761866488388839,0.0351274531040539,0.1818293845182158,0.0042422528504691,0.0897505598334329
