run_dir,run_name,input_csv,target_model,model_name,model_dir,selection_variant,formula,re_formula,group_col,optimizer,converged,warning_count,warnings,numerical_issue_warnings,aic,bic,log_likelihood,nobs,residual_variance,R2m,R2c,fixed_effect_variance_Intercept,fixed_effect_variance_C(tense),fixed_effect_variance_C(semantic_role),fixed_effect_variance_C(syntactic_role),fixed_effect_variance_C(valence),fixed_effect_variance_C(dominance),fixed_effect_variance_C(tense):C(semantic_role),fixed_effect_variance_C(tense):C(syntactic_role),fixed_effect_variance_C(tense):C(valence),fixed_effect_variance_C(tense):C(dominance),fixed_effect_variance_C(semantic_role):C(syntactic_role),fixed_effect_variance_C(semantic_role):C(valence),fixed_effect_variance_C(semantic_role):C(dominance),fixed_effect_variance_C(syntactic_role):C(valence),fixed_effect_variance_C(syntactic_role):C(dominance),fixed_effect_variance_C(valence):C(dominance),fixed_effect_variance_log_frequency,fixed_effect_variance_C(tense):log_frequency,fixed_effect_variance_C(semantic_role):log_frequency,fixed_effect_variance_C(syntactic_role):log_frequency,fixed_effect_variance_C(valence):log_frequency,fixed_effect_variance_C(dominance):log_frequency,fixed_effect_variance_lex_emb_norm,fixed_effect_variance_C(tense):lex_emb_norm,fixed_effect_variance_C(semantic_role):lex_emb_norm,fixed_effect_variance_C(syntactic_role):lex_emb_norm,fixed_effect_variance_C(valence):lex_emb_norm,fixed_effect_variance_C(dominance):lex_emb_norm,fixed_effect_variance_log_frequency:lex_emb_norm,random_effect_variance_semantic_role,random_effect_variance_syntactic_role,random_effect_variance_valence,random_effect_variance_dominance
/mnt/hum01-rds/Nikolaev_Dmitry/flos-code/model_selection_data/runs/he_she_odds_results__EleutherAI_pythia-12b-deduped__d403ebe4,he_she_odds_results__EleutherAI_pythia-12b-deduped__d403ebe4,/mnt/hum01-rds/Nikolaev_Dmitry/flos-code/modelling_data/he_she_odds_results__EleutherAI_pythia-12b-deduped.csv,EleutherAI_pythia-12b-deduped,selected_mixed_random_slopes__candidate__0__C_semantic_role_log_frequency,/mnt/hum01-rds/Nikolaev_Dmitry/flos-code/model_selection_data/runs/he_she_odds_results__EleutherAI_pythia-12b-deduped__d403ebe4/models/selected_mixed_random_slopes__candidate__0__C_semantic_role_log_frequency,random_slopes,log_he_she_odds ~ C(tense) + C(semantic_role) + C(syntactic_role) + C(valence) + C(dominance) + log_frequency + lex_emb_norm + C(tense):C(semantic_role) + C(tense):C(syntactic_role) + C(tense):C(valence) + C(tense):C(dominance) + C(tense):log_frequency + C(tense):lex_emb_norm + C(semantic_role):C(syntactic_role) + C(semantic_role):C(valence) + C(semantic_role):C(dominance) + C(semantic_role):lex_emb_norm + C(syntactic_role):C(valence) + C(syntactic_role):C(dominance) + C(syntactic_role):log_frequency + C(syntactic_role):lex_emb_norm + C(valence):C(dominance) + C(valence):log_frequency + C(valence):lex_emb_norm + C(dominance):log_frequency + C(dominance):lex_emb_norm + log_frequency:lex_emb_norm,1 + C(semantic_role) + C(syntactic_role) + C(valence) + C(dominance),profession,lbfgs,True,1,['ConvergenceWarning: The MLE may be on the boundary of the parameter space.'],True,17156.589784440905,17711.00034169421,-8506.294892220452,16320,0.1604613763820803,0.022437415939059374,0.9515803750296673,0.0,0.02150613489469578,0.0005909326785217794,0.08316539702949376,3.341004948233627e-05,0.0007689526919954259,0.000362005279518318,0.0033003566941814896,0.0005859070784460683,0.0004603088446996806,0.00023593339193980642,0.0014656703604801278,0.00010671596086743066,2.566101473645991e-05,0.0035545778696402667,0.001324625775824365,0.7097723530042791,0.0062320075634987575,,0.012760614056452724,0.0018111057537320884,0.0014209167314029804,0.9575932554364398,0.02971071924775282,0.0007381670528491464,0.02682685594622117,0.0006955311989883978,0.0010500069442500397,3.621474193720964,0.0184476110349045,0.05438287898728563,0.001533576018143165,0.007220885569603061
/mnt/hum01-rds/Nikolaev_Dmitry/flos-code/model_selection_data/runs/he_she_odds_results__EleutherAI_pythia-12b-deduped__d403ebe4,he_she_odds_results__EleutherAI_pythia-12b-deduped__d403ebe4,/mnt/hum01-rds/Nikolaev_Dmitry/flos-code/modelling_data/he_she_odds_results__EleutherAI_pythia-12b-deduped.csv,EleutherAI_pythia-12b-deduped,selected_mixed_random_slopes__candidate__0__C_semantic_role_lex_emb_norm,/mnt/hum01-rds/Nikolaev_Dmitry/flos-code/model_selection_data/runs/he_she_odds_results__EleutherAI_pythia-12b-deduped__d403ebe4/models/selected_mixed_random_slopes__candidate__0__C_semantic_role_lex_emb_norm,random_slopes,log_he_she_odds ~ C(tense) + C(semantic_role) + C(syntactic_role) + C(valence) + C(dominance) + log_frequency + lex_emb_norm + C(tense):C(semantic_role) + C(tense):C(syntactic_role) + C(tense):C(valence) + C(tense):C(dominance) + C(tense):log_frequency + C(tense):lex_emb_norm + C(semantic_role):C(syntactic_role) + C(semantic_role):C(valence) + C(semantic_role):C(dominance) + C(semantic_role):log_frequency + C(syntactic_role):C(valence) + C(syntactic_role):C(dominance) + C(syntactic_role):log_frequency + C(syntactic_role):lex_emb_norm + C(valence):C(dominance) + C(valence):log_frequency + C(valence):lex_emb_norm + C(dominance):log_frequency + C(dominance):lex_emb_norm + log_frequency:lex_emb_norm,1 + C(semantic_role) + C(syntactic_role) + C(valence) + C(dominance),profession,lbfgs,True,1,['ConvergenceWarning: The MLE may be on the boundary of the parameter space.'],True,17156.72801669303,17711.138573946333,-8506.364008346514,16320,0.16046171325168068,0.022127962075999204,0.951619512060485,0.0,0.021506134894693833,8.270020563682842e-05,0.08530299983012304,1.9243306462812693e-05,0.0005757468730711407,0.00036200527951824675,0.0033003566941814666,0.0005859070784461134,0.00046030884469965754,0.00023593339193981802,0.001465670360480106,0.00010671596086742389,2.566101473645657e-05,0.00355457786964025,0.0013246257758244226,0.8038853772642608,0.006232007563498692,0.0001358098330372945,0.012130627101406463,0.0019032571681376817,0.0016451330895560657,0.7645871897324501,0.02971071924775661,,0.029025284396279827,0.0008330753535651418,0.0015270809025191609,3.6055735246168354,0.018522211278948066,0.05435359148139481,0.0015351158543128046,0.007223035443469767
/mnt/hum01-rds/Nikolaev_Dmitry/flos-code/model_selection_data/runs/he_she_odds_results__EleutherAI_pythia-12b-deduped__d403ebe4,he_she_odds_results__EleutherAI_pythia-12b-deduped__d403ebe4,/mnt/hum01-rds/Nikolaev_Dmitry/flos-code/modelling_data/he_she_odds_results__EleutherAI_pythia-12b-deduped.csv,EleutherAI_pythia-12b-deduped,selected_mixed_random_slopes__candidate__0__C_dominance_log_frequency,/mnt/hum01-rds/Nikolaev_Dmitry/flos-code/model_selection_data/runs/he_she_odds_results__EleutherAI_pythia-12b-deduped__d403ebe4/models/selected_mixed_random_slopes__candidate__0__C_dominance_log_frequency,random_slopes,log_he_she_odds ~ C(tense) + C(semantic_role) + C(syntactic_role) + C(valence) + C(dominance) + log_frequency + lex_emb_norm + C(tense):C(semantic_role) + C(tense):C(syntactic_role) + C(tense):C(valence) + C(tense):C(dominance) + C(tense):log_frequency + C(tense):lex_emb_norm + C(semantic_role):C(syntactic_role) + C(semantic_role):C(valence) + C(semantic_role):C(dominance) + C(semantic_role):log_frequency + C(semantic_role):lex_emb_norm + C(syntactic_role):C(valence) + C(syntactic_role):C(dominance) + C(syntactic_role):log_frequency + C(syntactic_role):lex_emb_norm + C(valence):C(dominance) + C(valence):log_frequency + C(valence):lex_emb_norm + C(dominance):lex_emb_norm + log_frequency:lex_emb_norm,1 + C(semantic_role) + C(syntactic_role) + C(valence) + C(dominance),profession,lbfgs,True,1,['ConvergenceWarning: The MLE may be on the boundary of the parameter space.'],True,17156.890751772182,17711.301309025486,-8506.445375886091,16320,0.16046214370060946,0.03488904968624519,0.9521060145444586,0.0,0.021506134894693864,0.000783021431462479,0.08195016139452022,3.148502457423183e-05,0.0009866550669350128,0.00036200527951827017,0.0033003566941815017,0.0005859070784460446,0.00046030884469967163,0.00023593339193982165,0.0014656703604801042,0.00010671596086742046,2.566101473645176e-05,0.0035545778696402194,0.0013246257758244375,0.43826459141142154,0.0062320075634999614,0.001415011929515195,0.01812206329382182,0.0019613911499990295,,1.259951584687417,0.02971071924775721,0.004559829625797163,0.019755986852709545,0.0007969053949254552,6.460280796812314e-05,3.596898118269733,0.018416971535177237,0.05433321727852649,0.0015326752648060498,0.007298800988767683
/mnt/hum01-rds/Nikolaev_Dmitry/flos-code/model_selection_data/runs/he_she_odds_results__EleutherAI_pythia-12b-deduped__d403ebe4,he_she_odds_results__EleutherAI_pythia-12b-deduped__d403ebe4,/mnt/hum01-rds/Nikolaev_Dmitry/flos-code/modelling_data/he_she_odds_results__EleutherAI_pythia-12b-deduped.csv,EleutherAI_pythia-12b-deduped,selected_mixed_random_slopes__candidate__0__log_frequency_lex_emb_norm,/mnt/hum01-rds/Nikolaev_Dmitry/flos-code/model_selection_data/runs/he_she_odds_results__EleutherAI_pythia-12b-deduped__d403ebe4/models/selected_mixed_random_slopes__candidate__0__log_frequency_lex_emb_norm,random_slopes,log_he_she_odds ~ C(tense) + C(semantic_role) + C(syntactic_role) + C(valence) + C(dominance) + log_frequency + lex_emb_norm + C(tense):C(semantic_role) + C(tense):C(syntactic_role) + C(tense):C(valence) + C(tense):C(dominance) + C(tense):log_frequency + C(tense):lex_emb_norm + C(semantic_role):C(syntactic_role) + C(semantic_role):C(valence) + C(semantic_role):C(dominance) + C(semantic_role):log_frequency + C(semantic_role):lex_emb_norm + C(syntactic_role):C(valence) + C(syntactic_role):C(dominance) + C(syntactic_role):log_frequency + C(syntactic_role):lex_emb_norm + C(valence):C(dominance) + C(valence):log_frequency + C(valence):lex_emb_norm + C(dominance):log_frequency + C(dominance):lex_emb_norm,1 + C(semantic_role) + C(syntactic_role) + C(valence) + C(dominance),profession,lbfgs,True,1,['ConvergenceWarning: The MLE may be on the boundary of the parameter space.'],True,17157.104100055672,17711.514657308977,-8506.552050027836,16320,0.16046165322726433,0.022100247527714625,0.9511598147089957,4.437614504521654e-31,0.02150613489469552,0.0006840541202534238,0.08290820002099338,3.5389473351132355e-05,0.0007942542138920915,0.0003620052795182877,0.003300356694181493,0.0005859070784460479,0.0004603088446996856,0.00023593339193980615,0.0014656703604801304,0.00010671596086743108,2.5661014736453906e-05,0.003554577869640242,0.0013246257758244182,0.14007705040138144,0.006232007563499484,0.0003570792191434452,0.013813966936759861,0.001667000608235434,0.0010930387027399088,0.03931565133470374,0.02971071924775636,0.0022507922493752853,0.025244812234578144,0.0006011738500111255,0.0007525302183065111,,0.018413758884260882,0.05434058658294211,0.0015346736281158296,0.00721605043614344
/mnt/hum01-rds/Nikolaev_Dmitry/flos-code/model_selection_data/runs/he_she_odds_results__EleutherAI_pythia-12b-deduped__d403ebe4,he_she_odds_results__EleutherAI_pythia-12b-deduped__d403ebe4,/mnt/hum01-rds/Nikolaev_Dmitry/flos-code/modelling_data/he_she_odds_results__EleutherAI_pythia-12b-deduped.csv,EleutherAI_pythia-12b-deduped,selected_mixed_random_slopes__candidate__0__C_syntactic_role_log_frequency,/mnt/hum01-rds/Nikolaev_Dmitry/flos-code/model_selection_data/runs/he_she_odds_results__EleutherAI_pythia-12b-deduped__d403ebe4/models/selected_mixed_random_slopes__candidate__0__C_syntactic_role_log_frequency,random_slopes,log_he_she_odds ~ C(tense) + C(semantic_role) + C(syntactic_role) + C(valence) + C(dominance) + log_frequency + lex_emb_norm + C(tense):C(semantic_role) + C(tense):C(syntactic_role) + C(tense):C(valence) + C(tense):C(dominance) + C(tense):log_frequency + C(tense):lex_emb_norm + C(semantic_role):C(syntactic_role) + C(semantic_role):C(valence) + C(semantic_role):C(dominance) + C(semantic_role):log_frequency + C(semantic_role):lex_emb_norm + C(syntactic_role):C(valence) + C(syntactic_role):C(dominance) + C(syntactic_role):lex_emb_norm + C(valence):C(dominance) + C(valence):log_frequency + C(valence):lex_emb_norm + C(dominance):log_frequency + C(dominance):lex_emb_norm + log_frequency:lex_emb_norm,1 + C(semantic_role) + C(syntactic_role) + C(valence) + C(dominance),profession,lbfgs,True,1,['ConvergenceWarning: The MLE may be on the boundary of the parameter space.'],True,17157.21801608833,17711.628573341633,-8506.609008044165,16320,0.16046254195837192,0.020602066652005962,0.9514474999752576,0.0,0.02150613489469393,0.0006335174092147606,0.0896495720623365,4.9394019711902997e-05,0.0007437102147926321,0.00036200527951828806,0.003300356694181294,0.00058590707844607,0.00046030884469966887,0.00023593339193982312,0.001465670360480116,0.0001067159608674217,2.5661014736453154e-05,0.003554577869640214,0.0013246257758244254,0.8194350141913773,0.006232007563499244,7.767632221687801e-05,,0.0008867189005102631,0.0017973158075938005,0.8500881801256485,0.029710719247755406,0.0013413735070597198,0.08121478924700286,0.000160341542013417,0.0014021976769963897,3.603663956281279,0.018405728493034568,0.05545174730102721,0.0015420589788877313,0.007216503439767811
/mnt/hum01-rds/Nikolaev_Dmitry/flos-code/model_selection_data/runs/he_she_odds_results__EleutherAI_pythia-12b-deduped__d403ebe4,he_she_odds_results__EleutherAI_pythia-12b-deduped__d403ebe4,/mnt/hum01-rds/Nikolaev_Dmitry/flos-code/modelling_data/he_she_odds_results__EleutherAI_pythia-12b-deduped.csv,EleutherAI_pythia-12b-deduped,selected_mixed_random_slopes__candidate__0__C_syntactic_role_lex_emb_norm,/mnt/hum01-rds/Nikolaev_Dmitry/flos-code/model_selection_data/runs/he_she_odds_results__EleutherAI_pythia-12b-deduped__d403ebe4/models/selected_mixed_random_slopes__candidate__0__C_syntactic_role_lex_emb_norm,random_slopes,log_he_she_odds ~ C(tense) + C(semantic_role) + C(syntactic_role) + C(valence) + C(dominance) + log_frequency + lex_emb_norm + C(tense):C(semantic_role) + C(tense):C(syntactic_role) + C(tense):C(valence) + C(tense):C(dominance) + C(tense):log_frequency + C(tense):lex_emb_norm + C(semantic_role):C(syntactic_role) + C(semantic_role):C(valence) + C(semantic_role):C(dominance) + C(semantic_role):log_frequency + C(semantic_role):lex_emb_norm + C(syntactic_role):C(valence) + C(syntactic_role):C(dominance) + C(syntactic_role):log_frequency + C(valence):C(dominance) + C(valence):log_frequency + C(valence):lex_emb_norm + C(dominance):log_frequency + C(dominance):lex_emb_norm + log_frequency:lex_emb_norm,1 + C(semantic_role) + C(syntactic_role) + C(valence) + C(dominance),profession,lbfgs,True,1,['ConvergenceWarning: The MLE may be on the boundary of the parameter space.'],True,17157.282988050923,17711.693545304228,-8506.641494025462,16320,0.1604620552525106,0.03624748439693259,0.9523007848265915,1.9722731131207353e-31,0.021506134894693038,0.0009648012296000632,0.053269529291114545,3.3360190222513997e-07,0.001070643652290324,0.00036200527951824935,0.0033003566941814584,0.0005859070784461073,0.000460308844699678,0.00023593339193982298,0.0014656703604801011,0.0001067159608674145,2.5661014736450992e-05,0.003554577869640193,0.0013246257758244358,0.37167392645562647,0.006232007563500045,0.0007663605765574194,0.04833248559536384,0.0025449383989379643,0.0006217339868833554,1.4824984251011335,0.029710719247758664,0.003731698325072179,,0.0015567495566068089,0.0002194047841162187,3.5988555229775794,0.01842554990323436,0.05553975098706799,0.00154367532028388,0.00722135854217872
/mnt/hum01-rds/Nikolaev_Dmitry/flos-code/model_selection_data/runs/he_she_odds_results__EleutherAI_pythia-12b-deduped__d403ebe4,he_she_odds_results__EleutherAI_pythia-12b-deduped__d403ebe4,/mnt/hum01-rds/Nikolaev_Dmitry/flos-code/modelling_data/he_she_odds_results__EleutherAI_pythia-12b-deduped.csv,EleutherAI_pythia-12b-deduped,selected_mixed_random_slopes__candidate__0__C_syntactic_role_C_valence,/mnt/hum01-rds/Nikolaev_Dmitry/flos-code/model_selection_data/runs/he_she_odds_results__EleutherAI_pythia-12b-deduped__d403ebe4/models/selected_mixed_random_slopes__candidate__0__C_syntactic_role_C_valence,random_slopes,log_he_she_odds ~ C(tense) + C(semantic_role) + C(syntactic_role) + C(valence) + C(dominance) + log_frequency + lex_emb_norm + C(tense):C(semantic_role) + C(tense):C(syntactic_role) + C(tense):C(valence) + C(tense):C(dominance) + C(tense):log_frequency + C(tense):lex_emb_norm + C(semantic_role):C(syntactic_role) + C(semantic_role):C(valence) + C(semantic_role):C(dominance) + C(semantic_role):log_frequency + C(semantic_role):lex_emb_norm + C(syntactic_role):C(dominance) + C(syntactic_role):log_frequency + C(syntactic_role):lex_emb_norm + C(valence):C(dominance) + C(valence):log_frequency + C(valence):lex_emb_norm + C(dominance):log_frequency + C(dominance):lex_emb_norm + log_frequency:lex_emb_norm,1 + C(semantic_role) + C(syntactic_role) + C(valence) + C(dominance),profession,lbfgs,True,1,['ConvergenceWarning: The MLE may be on the boundary of the parameter space.'],True,17157.409986333485,17711.82054358679,-8506.704993166742,16320,0.16047107253679177,0.027998230576046546,0.9516970708903719,0.0,0.021506134894693916,0.0006840541201263544,0.08123250963261458,7.874026736095215e-05,0.0007942542138602977,0.0003620052795182681,0.003300356694181339,0.0005859070784461331,0.0004603088446996484,0.00023593339193982306,0.0014656703604801135,0.00010671596086742165,,0.003554577869640228,0.0013246257758244035,0.5621493564201464,0.006232007563499479,0.0003570792193058533,0.013813966937368742,0.001667000608225657,0.0010930387026689783,1.111748167039215,0.029710719247758203,0.0022507922497009406,0.02524481223395864,0.0006011738500067957,0.0007525302182577927,3.6164874868502,0.01838723611660655,0.05434385326838127,0.0015325743873936975,0.007214558066537877
/mnt/hum01-rds/Nikolaev_Dmitry/flos-code/model_selection_data/runs/he_she_odds_results__EleutherAI_pythia-12b-deduped__d403ebe4,he_she_odds_results__EleutherAI_pythia-12b-deduped__d403ebe4,/mnt/hum01-rds/Nikolaev_Dmitry/flos-code/modelling_data/he_she_odds_results__EleutherAI_pythia-12b-deduped.csv,EleutherAI_pythia-12b-deduped,selected_mixed_random_slopes__candidate__0__C_valence_log_frequency,/mnt/hum01-rds/Nikolaev_Dmitry/flos-code/model_selection_data/runs/he_she_odds_results__EleutherAI_pythia-12b-deduped__d403ebe4/models/selected_mixed_random_slopes__candidate__0__C_valence_log_frequency,random_slopes,log_he_she_odds ~ C(tense) + C(semantic_role) + C(syntactic_role) + C(valence) + C(dominance) + log_frequency + lex_emb_norm + C(tense):C(semantic_role) + C(tense):C(syntactic_role) + C(tense):C(valence) + C(tense):C(dominance) + C(tense):log_frequency + C(tense):lex_emb_norm + C(semantic_role):C(syntactic_role) + C(semantic_role):C(valence) + C(semantic_role):C(dominance) + C(semantic_role):log_frequency + C(semantic_role):lex_emb_norm + C(syntactic_role):C(valence) + C(syntactic_role):C(dominance) + C(syntactic_role):log_frequency + C(syntactic_role):lex_emb_norm + C(valence):C(dominance) + C(valence):lex_emb_norm + C(dominance):log_frequency + C(dominance):lex_emb_norm + log_frequency:lex_emb_norm,1 + C(semantic_role) + C(syntactic_role) + C(valence) + C(dominance),profession,lbfgs,True,1,['ConvergenceWarning: The MLE may be on the boundary of the parameter space.'],True,17158.1046158174,17712.515173070704,-8507.0523079087,16320,0.16046171852193372,0.030702942147216524,0.9519304213920801,7.889092452482941e-31,0.021506134894696206,0.0008220083641822317,0.08714654935698785,9.872428791369963e-05,0.0007255495056115361,0.0003620052795182897,0.003300356694181506,0.0005859070784460846,0.00046030884469966843,0.0002359333919397975,0.0014656703604801538,0.0001067159608674293,2.56610147364588e-05,0.0035545778696402667,0.0013246257758243933,0.5217728375990408,0.006232007563498328,0.0019948419275573367,0.0018581002811936566,,0.0020999760693574693,1.1652595380673114,0.029710719247753963,0.005638049094078051,0.056994804585592,0.00037190138966557666,0.0016913986574134225,3.625703535157344,0.01847169977914155,0.05474322061630693,0.0016688201003095791,0.007227441104322205
/mnt/hum01-rds/Nikolaev_Dmitry/flos-code/model_selection_data/runs/he_she_odds_results__EleutherAI_pythia-12b-deduped__d403ebe4,he_she_odds_results__EleutherAI_pythia-12b-deduped__d403ebe4,/mnt/hum01-rds/Nikolaev_Dmitry/flos-code/modelling_data/he_she_odds_results__EleutherAI_pythia-12b-deduped.csv,EleutherAI_pythia-12b-deduped,selected_mixed_random_slopes,/mnt/hum01-rds/Nikolaev_Dmitry/flos-code/model_selection_data/runs/he_she_odds_results__EleutherAI_pythia-12b-deduped__d403ebe4/models/selected_mixed_random_slopes,random_slopes,log_he_she_odds ~ C(tense) + C(semantic_role) + C(syntactic_role) + C(valence) + C(dominance) + log_frequency + lex_emb_norm + C(tense):C(semantic_role) + C(tense):C(syntactic_role) + C(tense):C(valence) + C(tense):C(dominance) + C(tense):log_frequency + C(tense):lex_emb_norm + C(semantic_role):C(syntactic_role) + C(semantic_role):C(valence) + C(semantic_role):C(dominance) + C(semantic_role):log_frequency + C(semantic_role):lex_emb_norm + C(syntactic_role):C(valence) + C(syntactic_role):C(dominance) + C(syntactic_role):log_frequency + C(syntactic_role):lex_emb_norm + C(valence):C(dominance) + C(valence):log_frequency + C(valence):lex_emb_norm + C(dominance):log_frequency + C(dominance):lex_emb_norm + log_frequency:lex_emb_norm,1 + C(semantic_role) + C(syntactic_role) + C(valence) + C(dominance),profession,lbfgs,True,1,['ConvergenceWarning: The MLE may be on the boundary of the parameter space.'],True,17158.53996132227,17720.65066520409,-8506.269980661134,16320,0.1604621451260586,0.0279252187636082,0.9518185038228933,1.9722731131207353e-31,0.021506134894693364,0.000684054120252891,0.08290820002100784,3.53894733510256e-05,0.0007942542138921341,0.000362005279518249,0.003300356694181363,0.0005859070784461078,0.0004603088446996555,0.00023593339193981322,0.001465670360480127,0.00010671596086742147,2.566101473645757e-05,0.0035545778696402545,0.0013246257758244044,0.5612218991097554,0.006232007563499383,0.00035707921909371734,0.013813966936532125,0.0016670006082387704,0.0010930387027584892,1.1107545826065286,0.02971071924775547,0.002250792249353379,0.025244812234659908,0.0006011738500121508,0.0007525302183071426,3.6125070112539044,0.01842899936507104,0.054228598055391104,0.0015330666053398252,0.007208553875891006
/mnt/hum01-rds/Nikolaev_Dmitry/flos-code/model_selection_data/runs/he_she_odds_results__EleutherAI_pythia-12b-deduped__d403ebe4,he_she_odds_results__EleutherAI_pythia-12b-deduped__d403ebe4,/mnt/hum01-rds/Nikolaev_Dmitry/flos-code/modelling_data/he_she_odds_results__EleutherAI_pythia-12b-deduped.csv,EleutherAI_pythia-12b-deduped,selected_mixed_random_slopes__full,/mnt/hum01-rds/Nikolaev_Dmitry/flos-code/model_selection_data/runs/he_she_odds_results__EleutherAI_pythia-12b-deduped__d403ebe4/models/selected_mixed_random_slopes__full,random_slopes,log_he_she_odds ~ C(tense) + C(semantic_role) + C(syntactic_role) + C(valence) + C(dominance) + log_frequency + lex_emb_norm + C(tense):C(semantic_role) + C(tense):C(syntactic_role) + C(tense):C(valence) + C(tense):C(dominance) + C(tense):log_frequency + C(tense):lex_emb_norm + C(semantic_role):C(syntactic_role) + C(semantic_role):C(valence) + C(semantic_role):C(dominance) + C(semantic_role):log_frequency + C(semantic_role):lex_emb_norm + C(syntactic_role):C(valence) + C(syntactic_role):C(dominance) + C(syntactic_role):log_frequency + C(syntactic_role):lex_emb_norm + C(valence):C(dominance) + C(valence):log_frequency + C(valence):lex_emb_norm + C(dominance):log_frequency + C(dominance):lex_emb_norm + log_frequency:lex_emb_norm,1 + C(semantic_role) + C(syntactic_role) + C(valence) + C(dominance),profession,lbfgs,True,1,['ConvergenceWarning: The MLE may be on the boundary of the parameter space.'],True,17158.53996132227,17720.65066520409,-8506.269980661134,16320,0.1604621451260586,0.0279252187636082,0.9518185038228933,1.9722731131207353e-31,0.021506134894693364,0.000684054120252891,0.08290820002100784,3.53894733510256e-05,0.0007942542138921341,0.000362005279518249,0.003300356694181363,0.0005859070784461078,0.0004603088446996555,0.00023593339193981322,0.001465670360480127,0.00010671596086742147,2.566101473645757e-05,0.0035545778696402545,0.0013246257758244044,0.5612218991097554,0.006232007563499383,0.00035707921909371734,0.013813966936532125,0.0016670006082387704,0.0010930387027584892,1.1107545826065286,0.02971071924775547,0.002250792249353379,0.025244812234659908,0.0006011738500121508,0.0007525302183071426,3.6125070112539044,0.01842899936507104,0.054228598055391104,0.0015330666053398252,0.007208553875891006
/mnt/hum01-rds/Nikolaev_Dmitry/flos-code/model_selection_data/runs/he_she_odds_results__EleutherAI_pythia-12b-deduped__d403ebe4,he_she_odds_results__EleutherAI_pythia-12b-deduped__d403ebe4,/mnt/hum01-rds/Nikolaev_Dmitry/flos-code/modelling_data/he_she_odds_results__EleutherAI_pythia-12b-deduped.csv,EleutherAI_pythia-12b-deduped,selected_mixed_random_slopes__candidate__0__C_semantic_role_C_dominance,/mnt/hum01-rds/Nikolaev_Dmitry/flos-code/model_selection_data/runs/he_she_odds_results__EleutherAI_pythia-12b-deduped__d403ebe4/models/selected_mixed_random_slopes__candidate__0__C_semantic_role_C_dominance,random_slopes,log_he_she_odds ~ C(tense) + C(semantic_role) + C(syntactic_role) + C(valence) + C(dominance) + log_frequency + lex_emb_norm + C(tense):C(semantic_role) + C(tense):C(syntactic_role) + C(tense):C(valence) + C(tense):C(dominance) + C(tense):log_frequency + C(tense):lex_emb_norm + C(semantic_role):C(syntactic_role) + C(semantic_role):C(valence) + C(semantic_role):log_frequency + C(semantic_role):lex_emb_norm + C(syntactic_role):C(valence) + C(syntactic_role):C(dominance) + C(syntactic_role):log_frequency + C(syntactic_role):lex_emb_norm + C(valence):C(dominance) + C(valence):log_frequency + C(valence):lex_emb_norm + C(dominance):log_frequency + C(dominance):lex_emb_norm + log_frequency:lex_emb_norm,1 + C(semantic_role) + C(syntactic_role) + C(valence) + C(dominance),profession,lbfgs,True,1,['ConvergenceWarning: The MLE may be on the boundary of the parameter space.'],True,17160.157257123123,17714.567814376427,-8508.078628561561,16320,0.16049733539559666,0.027993526483291318,0.951753549297274,0.0,0.021506134894692382,0.00040764428565295455,0.08290820002109844,3.538947335071761e-05,0.000493652433062627,0.00036200527951824036,0.003300356694181517,0.0005859070784461093,0.00046030884469966106,0.00023593339193982103,0.0014656703604801202,,2.5661014736454692e-05,0.0035545778696402255,0.0013246257758244278,0.5677475673352319,0.006232007563500327,0.0003570792193111748,0.01381396693739136,0.001667000608225416,0.001093038702666065,1.117737582076084,0.029710719247761003,0.0022507922498275186,0.025244812233632907,0.0006011738500056415,0.0007525302182395208,3.640490855095671,0.01840723666272711,0.05438098985561253,0.0015342384448710316,0.007212000653553341
/mnt/hum01-rds/Nikolaev_Dmitry/flos-code/model_selection_data/runs/he_she_odds_results__EleutherAI_pythia-12b-deduped__d403ebe4,he_she_odds_results__EleutherAI_pythia-12b-deduped__d403ebe4,/mnt/hum01-rds/Nikolaev_Dmitry/flos-code/modelling_data/he_she_odds_results__EleutherAI_pythia-12b-deduped.csv,EleutherAI_pythia-12b-deduped,selected_mixed_random_slopes__candidate__0__C_tense_C_semantic_role,/mnt/hum01-rds/Nikolaev_Dmitry/flos-code/model_selection_data/runs/he_she_odds_results__EleutherAI_pythia-12b-deduped__d403ebe4/models/selected_mixed_random_slopes__candidate__0__C_tense_C_semantic_role,random_slopes,log_he_she_odds ~ C(tense) + C(semantic_role) + C(syntactic_role) + C(valence) + C(dominance) + log_frequency + lex_emb_norm + C(tense):C(syntactic_role) + C(tense):C(valence) + C(tense):C(dominance) + C(tense):log_frequency + C(tense):lex_emb_norm + C(semantic_role):C(syntactic_role) + C(semantic_role):C(valence) + C(semantic_role):C(dominance) + C(semantic_role):log_frequency + C(semantic_role):lex_emb_norm + C(syntactic_role):C(valence) + C(syntactic_role):C(dominance) + C(syntactic_role):log_frequency + C(syntactic_role):lex_emb_norm + C(valence):C(dominance) + C(valence):log_frequency + C(valence):lex_emb_norm + C(dominance):log_frequency + C(dominance):lex_emb_norm + log_frequency:lex_emb_norm,1 + C(semantic_role) + C(syntactic_role) + C(valence) + C(dominance),profession,lbfgs,True,1,['ConvergenceWarning: The MLE may be on the boundary of the parameter space.'],True,17161.376173613913,17684.986144353144,-8512.688086806957,16320,0.1605898961829901,0.027888528072214043,0.9517586606286768,7.889092452482941e-31,0.01889595795292766,0.0013408339225320094,0.08290820002175198,3.53894733502942e-05,0.0007942542138620693,,0.003300356694181538,0.0005859070784460994,0.000460308844699678,0.00023593339193981604,0.0014656703604801094,0.00010671596086741729,2.5661014736452463e-05,0.0035545778696401895,0.001324625775824447,0.5596832371967987,0.006232007563498265,0.0003570792192153263,0.013813966937061172,0.0016670006082322923,0.0010930387027073632,1.1091053842419785,0.029710719247752853,0.0022507922494150205,0.0252448122344419,0.0006011738500119534,0.000752530218299526,3.605900940459199,0.01842198279157548,0.05430690005092969,0.0015320232261539248,0.007214600420650169
/mnt/hum01-rds/Nikolaev_Dmitry/flos-code/model_selection_data/runs/he_she_odds_results__EleutherAI_pythia-12b-deduped__d403ebe4,he_she_odds_results__EleutherAI_pythia-12b-deduped__d403ebe4,/mnt/hum01-rds/Nikolaev_Dmitry/flos-code/modelling_data/he_she_odds_results__EleutherAI_pythia-12b-deduped.csv,EleutherAI_pythia-12b-deduped,selected_mixed_random_slopes__candidate__0__C_tense_log_frequency,/mnt/hum01-rds/Nikolaev_Dmitry/flos-code/model_selection_data/runs/he_she_odds_results__EleutherAI_pythia-12b-deduped__d403ebe4/models/selected_mixed_random_slopes__candidate__0__C_tense_log_frequency,random_slopes,log_he_she_odds ~ C(tense) + C(semantic_role) + C(syntactic_role) + C(valence) + C(dominance) + log_frequency + lex_emb_norm + C(tense):C(semantic_role) + C(tense):C(syntactic_role) + C(tense):C(valence) + C(tense):C(dominance) + C(tense):lex_emb_norm + C(semantic_role):C(syntactic_role) + C(semantic_role):C(valence) + C(semantic_role):C(dominance) + C(semantic_role):log_frequency + C(semantic_role):lex_emb_norm + C(syntactic_role):C(valence) + C(syntactic_role):C(dominance) + C(syntactic_role):log_frequency + C(syntactic_role):lex_emb_norm + C(valence):C(dominance) + C(valence):log_frequency + C(valence):lex_emb_norm + C(dominance):log_frequency + C(dominance):lex_emb_norm + log_frequency:lex_emb_norm,1 + C(semantic_role) + C(syntactic_role) + C(valence) + C(dominance),profession,lbfgs,True,1,['ConvergenceWarning: The MLE may be on the boundary of the parameter space.'],True,17162.038431226392,17685.648401965624,-8513.019215613196,16320,0.1605961426044671,0.027934792431860263,0.9516943295749076,0.0,0.022875822603156265,0.0006840541205388646,0.08290820001895802,3.538947335283888e-05,0.0007942542139671843,0.0003620052795182996,0.0033003566941813846,0.0005859070784460816,0.00046030884469967803,0.00023593339193981984,0.0014656703604800864,0.0001067159608674207,2.56610147364541e-05,0.0035545778696402307,0.0013246257758244375,0.5454622670578788,,0.00035707921910079713,0.01381396693660977,0.0016670006082395291,0.0010930387027561432,1.1296718017073595,0.01266467831292185,0.0022507922495617395,0.025244812234125853,0.000601173850009978,0.0007525302182781586,3.613039455474363,0.018392820348675707,0.054371244258158764,0.0015316617139360157,0.007216411589210401
/mnt/hum01-rds/Nikolaev_Dmitry/flos-code/model_selection_data/runs/he_she_odds_results__EleutherAI_pythia-12b-deduped__d403ebe4,he_she_odds_results__EleutherAI_pythia-12b-deduped__d403ebe4,/mnt/hum01-rds/Nikolaev_Dmitry/flos-code/modelling_data/he_she_odds_results__EleutherAI_pythia-12b-deduped.csv,EleutherAI_pythia-12b-deduped,selected_mixed_random_slopes__candidate__0__C_semantic_role_C_syntactic_role,/mnt/hum01-rds/Nikolaev_Dmitry/flos-code/model_selection_data/runs/he_she_odds_results__EleutherAI_pythia-12b-deduped__d403ebe4/models/selected_mixed_random_slopes__candidate__0__C_semantic_role_C_syntactic_role,random_slopes,log_he_she_odds ~ C(tense) + C(semantic_role) + C(syntactic_role) + C(valence) + C(dominance) + log_frequency + lex_emb_norm + C(tense):C(semantic_role) + C(tense):C(syntactic_role) + C(tense):C(valence) + C(tense):C(dominance) + C(tense):log_frequency + C(tense):lex_emb_norm + C(semantic_role):C(valence) + C(semantic_role):C(dominance) + C(semantic_role):log_frequency + C(semantic_role):lex_emb_norm + C(syntactic_role):C(valence) + C(syntactic_role):C(dominance) + C(syntactic_role):log_frequency + C(syntactic_role):lex_emb_norm + C(valence):C(dominance) + C(valence):log_frequency + C(valence):lex_emb_norm + C(dominance):log_frequency + C(dominance):lex_emb_norm + log_frequency:lex_emb_norm,1 + C(semantic_role) + C(syntactic_role) + C(valence) + C(dominance),profession,lbfgs,True,1,['ConvergenceWarning: The MLE may be on the boundary of the parameter space.'],True,17164.536297081446,17718.94685433475,-8510.268148540723,16320,0.16054130764598934,0.02789089187108143,0.9517818531790717,1.9722731131207353e-31,0.021506134894695952,0.001226582490125175,0.08809380873207645,3.538947334942609e-05,0.0007942542138215469,0.0003620052795183132,0.0033003566941814605,0.0005859070784460423,0.0004603088446996988,,0.0014656703604801191,0.00010671596086742233,2.5661014736453598e-05,0.0035545778696402176,0.0013246257758244319,0.5587263415319537,0.0062320075634990785,0.0003570792189925676,0.013813966936107244,0.0016670006082442103,0.001093038702800853,1.1080792210035755,0.02971071924775473,0.002250792248632711,0.025244812236256246,0.0006011738500216417,0.000752530218407566,3.6017910901452543,0.018418477651738926,0.05435519484787394,0.001532217212216191,0.00721603922697095
/mnt/hum01-rds/Nikolaev_Dmitry/flos-code/model_selection_data/runs/he_she_odds_results__EleutherAI_pythia-12b-deduped__d403ebe4,he_she_odds_results__EleutherAI_pythia-12b-deduped__d403ebe4,/mnt/hum01-rds/Nikolaev_Dmitry/flos-code/modelling_data/he_she_odds_results__EleutherAI_pythia-12b-deduped.csv,EleutherAI_pythia-12b-deduped,selected_mixed_random_slopes__candidate__0__C_dominance_lex_emb_norm,/mnt/hum01-rds/Nikolaev_Dmitry/flos-code/model_selection_data/runs/he_she_odds_results__EleutherAI_pythia-12b-deduped__d403ebe4/models/selected_mixed_random_slopes__candidate__0__C_dominance_lex_emb_norm,random_slopes,log_he_she_odds ~ C(tense) + C(semantic_role) + C(syntactic_role) + C(valence) + C(dominance) + log_frequency + lex_emb_norm + C(tense):C(semantic_role) + C(tense):C(syntactic_role) + C(tense):C(valence) + C(tense):C(dominance) + C(tense):log_frequency + C(tense):lex_emb_norm + C(semantic_role):C(syntactic_role) + C(semantic_role):C(valence) + C(semantic_role):C(dominance) + C(semantic_role):log_frequency + C(semantic_role):lex_emb_norm + C(syntactic_role):C(valence) + C(syntactic_role):C(dominance) + C(syntactic_role):log_frequency + C(syntactic_role):lex_emb_norm + C(valence):C(dominance) + C(valence):log_frequency + C(valence):lex_emb_norm + C(dominance):log_frequency + log_frequency:lex_emb_norm,1 + C(semantic_role) + C(syntactic_role) + C(valence) + C(dominance),profession,lbfgs,False,4,"['ConvergenceWarning: Maximum Likelihood optimization failed to converge. Check mle_retvals', 'ConvergenceWarning: MixedLM optimization failed, trying a different optimizer may help.', 'ConvergenceWarning: Gradient optimization failed, |grad| = 30.536968', 'ConvergenceWarning: The MLE may be on the boundary of the parameter space.']",True,17168.465822808066,17722.87638006137,-8512.232911404033,16320,0.16079256371367792,0.038852822997201955,0.9280326031928712,4.930682782801838e-32,0.021506134894696237,0.000921332978577086,0.08037952188570832,4.3325525642827e-05,0.0014475927213852887,0.0003620052795182644,0.0033003566941814887,0.000585907078446057,0.0004603088446996771,0.0002359333919398259,0.0014656703604801042,0.00010671596086741963,2.566101473645017e-05,0.0035545778696401856,0.00132462577582443,0.07472762449610046,0.006232007563497757,0.0006977938393762521,0.0157393934002959,0.001575681158799407,0.00023704610136235127,0.5587390890501999,0.029710719247751375,0.003495102844600583,0.021485953056096106,0.0005179136426518031,,1.3084465615854668,0.014018692147625,0.04774808066693614,0.0010088993317372687,0.007608219837399969
/mnt/hum01-rds/Nikolaev_Dmitry/flos-code/model_selection_data/runs/he_she_odds_results__EleutherAI_pythia-12b-deduped__d403ebe4,he_she_odds_results__EleutherAI_pythia-12b-deduped__d403ebe4,/mnt/hum01-rds/Nikolaev_Dmitry/flos-code/modelling_data/he_she_odds_results__EleutherAI_pythia-12b-deduped.csv,EleutherAI_pythia-12b-deduped,selected_mixed_random_slopes__candidate__0__C_tense_C_dominance,/mnt/hum01-rds/Nikolaev_Dmitry/flos-code/model_selection_data/runs/he_she_odds_results__EleutherAI_pythia-12b-deduped__d403ebe4/models/selected_mixed_random_slopes__candidate__0__C_tense_C_dominance,random_slopes,log_he_she_odds ~ C(tense) + C(semantic_role) + C(syntactic_role) + C(valence) + C(dominance) + log_frequency + lex_emb_norm + C(tense):C(semantic_role) + C(tense):C(syntactic_role) + C(tense):C(valence) + C(tense):log_frequency + C(tense):lex_emb_norm + C(semantic_role):C(syntactic_role) + C(semantic_role):C(valence) + C(semantic_role):C(dominance) + C(semantic_role):log_frequency + C(semantic_role):lex_emb_norm + C(syntactic_role):C(valence) + C(syntactic_role):C(dominance) + C(syntactic_role):log_frequency + C(syntactic_role):lex_emb_norm + C(valence):C(dominance) + C(valence):log_frequency + C(valence):lex_emb_norm + C(dominance):log_frequency + C(dominance):lex_emb_norm + log_frequency:lex_emb_norm,1 + C(semantic_role) + C(syntactic_role) + C(valence) + C(dominance),profession,lbfgs,True,1,['ConvergenceWarning: The MLE may be on the boundary of the parameter space.'],True,17168.656869179365,17692.266839918597,-8516.328434589683,16320,0.16066148125646962,0.027949645738422818,0.9516704019512555,0.0,0.020061397633481012,0.0006840541199013183,0.08290820002343258,3.5389473348672144e-05,0.0013112177305749685,0.00036200527951825364,0.003300356694181397,0.0005859070784461112,,0.00023593339193981783,0.0014656703604801404,0.00010671596086742326,2.5661014736457508e-05,0.0035545778696402246,0.0013246257758244074,0.5657364105502701,0.006232007563499272,0.00035707921926306127,0.013813966937151178,0.0016670006082259241,0.001093038702688188,1.1155874476253254,0.029710719247756597,0.0022507922491275946,0.025244812235187854,0.0006011738500143651,0.000752530218339129,3.631872194045737,0.018395053129313263,0.05439447461445959,0.001531971558023234,0.0072123187125574485
/mnt/hum01-rds/Nikolaev_Dmitry/flos-code/model_selection_data/runs/he_she_odds_results__EleutherAI_pythia-12b-deduped__d403ebe4,he_she_odds_results__EleutherAI_pythia-12b-deduped__d403ebe4,/mnt/hum01-rds/Nikolaev_Dmitry/flos-code/modelling_data/he_she_odds_results__EleutherAI_pythia-12b-deduped.csv,EleutherAI_pythia-12b-deduped,selected_mixed_random_slopes__candidate__0__C_valence_lex_emb_norm,/mnt/hum01-rds/Nikolaev_Dmitry/flos-code/model_selection_data/runs/he_she_odds_results__EleutherAI_pythia-12b-deduped__d403ebe4/models/selected_mixed_random_slopes__candidate__0__C_valence_lex_emb_norm,random_slopes,log_he_she_odds ~ C(tense) + C(semantic_role) + C(syntactic_role) + C(valence) + C(dominance) + log_frequency + lex_emb_norm + C(tense):C(semantic_role) + C(tense):C(syntactic_role) + C(tense):C(valence) + C(tense):C(dominance) + C(tense):log_frequency + C(tense):lex_emb_norm + C(semantic_role):C(syntactic_role) + C(semantic_role):C(valence) + C(semantic_role):C(dominance) + C(semantic_role):log_frequency + C(semantic_role):lex_emb_norm + C(syntactic_role):C(valence) + C(syntactic_role):C(dominance) + C(syntactic_role):log_frequency + C(syntactic_role):lex_emb_norm + C(valence):C(dominance) + C(valence):log_frequency + C(dominance):log_frequency + C(dominance):lex_emb_norm + log_frequency:lex_emb_norm,1 + C(semantic_role) + C(syntactic_role) + C(valence) + C(dominance),profession,lbfgs,True,1,['ConvergenceWarning: The MLE may be on the boundary of the parameter space.'],True,17168.748052212555,17723.15860946586,-8512.374026106278,16320,0.16079186100524143,0.037015204025546714,0.9280229747985177,4.930682782801838e-32,0.021506134894693787,0.0010348666628485876,0.09337141805164514,0.00021803334004315316,0.0009229456120971802,0.00036200527951825353,0.0033003566941814,0.0005859070784460795,0.0004603088446996769,0.00023593339193981659,0.0014656703604801107,0.00010671596086741444,2.566101473645646e-05,0.0035545778696402255,0.0013246257758244497,0.08818297783904315,0.0062320075634998695,0.0008801599392575338,0.007389725642561245,0.0006270102557347086,0.0008483268293745124,0.5159982646051564,0.029710719247757807,0.004117669078642148,0.043227052346061376,,0.0004546006095476416,1.306922666478901,0.014133627472092037,0.04818368106933299,0.0010117194027759741,0.007584175071121074
/mnt/hum01-rds/Nikolaev_Dmitry/flos-code/model_selection_data/runs/he_she_odds_results__EleutherAI_pythia-12b-deduped__d403ebe4,he_she_odds_results__EleutherAI_pythia-12b-deduped__d403ebe4,/mnt/hum01-rds/Nikolaev_Dmitry/flos-code/modelling_data/he_she_odds_results__EleutherAI_pythia-12b-deduped.csv,EleutherAI_pythia-12b-deduped,selected_mixed_random_slopes__candidate__0__C_tense_C_valence,/mnt/hum01-rds/Nikolaev_Dmitry/flos-code/model_selection_data/runs/he_she_odds_results__EleutherAI_pythia-12b-deduped__d403ebe4/models/selected_mixed_random_slopes__candidate__0__C_tense_C_valence,random_slopes,log_he_she_odds ~ C(tense) + C(semantic_role) + C(syntactic_role) + C(valence) + C(dominance) + log_frequency + lex_emb_norm + C(tense):C(semantic_role) + C(tense):C(syntactic_role) + C(tense):C(dominance) + C(tense):log_frequency + C(tense):lex_emb_norm + C(semantic_role):C(syntactic_role) + C(semantic_role):C(valence) + C(semantic_role):C(dominance) + C(semantic_role):log_frequency + C(semantic_role):lex_emb_norm + C(syntactic_role):C(valence) + C(syntactic_role):C(dominance) + C(syntactic_role):log_frequency + C(syntactic_role):lex_emb_norm + C(valence):C(dominance) + C(valence):log_frequency + C(valence):lex_emb_norm + C(dominance):log_frequency + C(dominance):lex_emb_norm + log_frequency:lex_emb_norm,1 + C(semantic_role) + C(syntactic_role) + C(valence) + C(dominance),profession,lbfgs,True,1,['ConvergenceWarning: The MLE may be on the boundary of the parameter space.'],True,17171.91995846323,17695.52992920246,-8517.959979231615,16320,0.16069392714027436,0.027838154294433558,0.9518197335128272,0.0,0.02019973417289721,0.0006840541202070789,0.08290820002141838,0.00029462805610052474,0.0007942542138825926,0.00036200527951826854,0.003300356694181493,,0.00046030884469965623,0.00023593339193981222,0.0014656703604801582,0.00010671596086743409,2.5661014736457714e-05,0.0035545778696402476,0.0013246257758243736,0.5643759490745471,0.006232007563499111,0.000357079219127354,0.013813966936638939,0.0016670006082360573,0.0010930387027442356,1.114131982230978,0.029710719247756288,0.0022507922491949808,0.025244812235084995,0.0006011738500140796,0.0007525302183270951,3.626039153240583,0.018445925499322745,0.054305880980339505,0.001532318524212721,0.007213054058239767
/mnt/hum01-rds/Nikolaev_Dmitry/flos-code/model_selection_data/runs/he_she_odds_results__EleutherAI_pythia-12b-deduped__d403ebe4,he_she_odds_results__EleutherAI_pythia-12b-deduped__d403ebe4,/mnt/hum01-rds/Nikolaev_Dmitry/flos-code/modelling_data/he_she_odds_results__EleutherAI_pythia-12b-deduped.csv,EleutherAI_pythia-12b-deduped,selected_mixed_random_slopes__candidate__0__C_tense_lex_emb_norm,/mnt/hum01-rds/Nikolaev_Dmitry/flos-code/model_selection_data/runs/he_she_odds_results__EleutherAI_pythia-12b-deduped__d403ebe4/models/selected_mixed_random_slopes__candidate__0__C_tense_lex_emb_norm,random_slopes,log_he_she_odds ~ C(tense) + C(semantic_role) + C(syntactic_role) + C(valence) + C(dominance) + log_frequency + lex_emb_norm + C(tense):C(semantic_role) + C(tense):C(syntactic_role) + C(tense):C(valence) + C(tense):C(dominance) + C(tense):log_frequency + C(semantic_role):C(syntactic_role) + C(semantic_role):C(valence) + C(semantic_role):C(dominance) + C(semantic_role):log_frequency + C(semantic_role):lex_emb_norm + C(syntactic_role):C(valence) + C(syntactic_role):C(dominance) + C(syntactic_role):log_frequency + C(syntactic_role):lex_emb_norm + C(valence):C(dominance) + C(valence):log_frequency + C(valence):lex_emb_norm + C(dominance):log_frequency + C(dominance):lex_emb_norm + log_frequency:lex_emb_norm,1 + C(semantic_role) + C(syntactic_role) + C(valence) + C(dominance),profession,lbfgs,True,1,['ConvergenceWarning: The MLE may be on the boundary of the parameter space.'],True,17186.023349375086,17709.633320114317,-8525.011674687543,16320,0.16083458065612397,0.02782246030381056,0.9517056728611563,1.7750458018086617e-30,0.027256265112297735,0.0006840541206694611,0.08290820001804472,3.53894733536214e-05,0.0007942542140030695,0.00036200527951825055,0.0033003566941813434,0.0005859070784460956,0.0004603088446996637,0.00023593339193981897,0.0014656703604801107,0.00010671596086743034,2.566101473645143e-05,0.0035545778696402307,0.001324625775824407,0.5323880753054474,0.003981162232125049,0.00035707921909068293,0.01381396693653927,0.0016670006082394862,0.0010930387027598095,1.1636507137823233,,0.0022507922499914374,0.025244812233254255,0.0006011738500034529,0.0007525302182157238,3.616909585837538,0.018431041248026803,0.05429142280090731,0.0015310545351607426,0.0072121991387534895
/mnt/hum01-rds/Nikolaev_Dmitry/flos-code/model_selection_data/runs/he_she_odds_results__EleutherAI_pythia-12b-deduped__d403ebe4,he_she_odds_results__EleutherAI_pythia-12b-deduped__d403ebe4,/mnt/hum01-rds/Nikolaev_Dmitry/flos-code/modelling_data/he_she_odds_results__EleutherAI_pythia-12b-deduped.csv,EleutherAI_pythia-12b-deduped,selected_mixed_random_slopes__candidate__0__C_valence_C_dominance,/mnt/hum01-rds/Nikolaev_Dmitry/flos-code/model_selection_data/runs/he_she_odds_results__EleutherAI_pythia-12b-deduped__d403ebe4/models/selected_mixed_random_slopes__candidate__0__C_valence_C_dominance,random_slopes,log_he_she_odds ~ C(tense) + C(semantic_role) + C(syntactic_role) + C(valence) + C(dominance) + log_frequency + lex_emb_norm + C(tense):C(semantic_role) + C(tense):C(syntactic_role) + C(tense):C(valence) + C(tense):C(dominance) + C(tense):log_frequency + C(tense):lex_emb_norm + C(semantic_role):C(syntactic_role) + C(semantic_role):C(valence) + C(semantic_role):C(dominance) + C(semantic_role):log_frequency + C(semantic_role):lex_emb_norm + C(syntactic_role):C(valence) + C(syntactic_role):C(dominance) + C(syntactic_role):log_frequency + C(syntactic_role):lex_emb_norm + C(valence):log_frequency + C(valence):lex_emb_norm + C(dominance):log_frequency + C(dominance):lex_emb_norm + log_frequency:lex_emb_norm,1 + C(semantic_role) + C(syntactic_role) + C(valence) + C(dominance),profession,lbfgs,True,1,['ConvergenceWarning: The MLE may be on the boundary of the parameter space.'],True,17201.382675810222,17755.793233063527,-8528.691337905111,16320,0.16090769294377172,0.027831039214325205,0.9516313997216358,0.0,0.02150613489469462,0.0006840541201991238,0.08290820002133456,0.00022692390915626887,0.0024201888692100292,0.00036200527951826865,0.0033003566941814952,0.0005859070784461031,0.0004603088446997127,0.00023593339193981686,0.0014656703604801335,0.00010671596086741719,2.5661014736456874e-05,0.003554577869640219,,0.5622832233047703,0.006232007563500007,0.00035707921912473116,0.01381396693664232,0.0016670006082360812,0.0010930387027466993,1.1118915473621882,0.029710719247757904,0.0022507922492214297,0.025244812234924266,0.0006011738500143255,0.0007525302183268788,3.6170619281851892,0.01840086894830562,0.054402568484385,0.001530543246582199,0.007215508408174798
/mnt/hum01-rds/Nikolaev_Dmitry/flos-code/model_selection_data/runs/he_she_odds_results__EleutherAI_pythia-12b-deduped__d403ebe4,he_she_odds_results__EleutherAI_pythia-12b-deduped__d403ebe4,/mnt/hum01-rds/Nikolaev_Dmitry/flos-code/modelling_data/he_she_odds_results__EleutherAI_pythia-12b-deduped.csv,EleutherAI_pythia-12b-deduped,selected_mixed_random_slopes__candidate__0__C_semantic_role_C_valence,/mnt/hum01-rds/Nikolaev_Dmitry/flos-code/model_selection_data/runs/he_she_odds_results__EleutherAI_pythia-12b-deduped__d403ebe4/models/selected_mixed_random_slopes__candidate__0__C_semantic_role_C_valence,random_slopes,log_he_she_odds ~ C(tense) + C(semantic_role) + C(syntactic_role) + C(valence) + C(dominance) + log_frequency + lex_emb_norm + C(tense):C(semantic_role) + C(tense):C(syntactic_role) + C(tense):C(valence) + C(tense):C(dominance) + C(tense):log_frequency + C(tense):lex_emb_norm + C(semantic_role):C(syntactic_role) + C(semantic_role):C(dominance) + C(semantic_role):log_frequency + C(semantic_role):lex_emb_norm + C(syntactic_role):C(valence) + C(syntactic_role):C(dominance) + C(syntactic_role):log_frequency + C(syntactic_role):lex_emb_norm + C(valence):C(dominance) + C(valence):log_frequency + C(valence):lex_emb_norm + C(dominance):log_frequency + C(dominance):lex_emb_norm + log_frequency:lex_emb_norm,1 + C(semantic_role) + C(syntactic_role) + C(valence) + C(dominance),profession,lbfgs,True,1,['ConvergenceWarning: The MLE may be on the boundary of the parameter space.'],True,17206.150084975437,17760.560642228742,-8531.075042487719,16320,0.16095619074657339,0.02781675792264711,0.9515958156660065,0.0,0.021506134894695772,1.6411472715101752e-05,0.0829082000208652,0.0007869273803189874,0.0007942542138940577,0.00036200527951830487,0.0033003566941815004,0.0005859070784460597,0.00046030884469966973,0.00023593339193982762,,0.00010671596086741684,2.5661014736452256e-05,0.0035545778696401817,0.001324625775824424,0.5606053313667069,0.006232007563498042,0.00035707921892241324,0.01381396693587105,0.0016670006082498742,0.0010930387028300257,1.110093845595572,0.02971071924775174,0.0022507922488806537,0.025244812235576314,0.0006011738500207106,0.000752530218370993,3.6098602099920556,0.018398164882975975,0.05434213457264498,0.0015281579292428038,0.0072114265526226195
/mnt/hum01-rds/Nikolaev_Dmitry/flos-code/model_selection_data/runs/he_she_odds_results__EleutherAI_pythia-12b-deduped__d403ebe4,he_she_odds_results__EleutherAI_pythia-12b-deduped__d403ebe4,/mnt/hum01-rds/Nikolaev_Dmitry/flos-code/modelling_data/he_she_odds_results__EleutherAI_pythia-12b-deduped.csv,EleutherAI_pythia-12b-deduped,selected_mixed_random_slopes__candidate__0__C_tense_C_syntactic_role,/mnt/hum01-rds/Nikolaev_Dmitry/flos-code/model_selection_data/runs/he_she_odds_results__EleutherAI_pythia-12b-deduped__d403ebe4/models/selected_mixed_random_slopes__candidate__0__C_tense_C_syntactic_role,random_slopes,log_he_she_odds ~ C(tense) + C(semantic_role) + C(syntactic_role) + C(valence) + C(dominance) + log_frequency + lex_emb_norm + C(tense):C(semantic_role) + C(tense):C(valence) + C(tense):C(dominance) + C(tense):log_frequency + C(tense):lex_emb_norm + C(semantic_role):C(syntactic_role) + C(semantic_role):C(valence) + C(semantic_role):C(dominance) + C(semantic_role):log_frequency + C(semantic_role):lex_emb_norm + C(syntactic_role):C(valence) + C(syntactic_role):C(dominance) + C(syntactic_role):log_frequency + C(syntactic_role):lex_emb_norm + C(valence):C(dominance) + C(valence):log_frequency + C(valence):lex_emb_norm + C(dominance):log_frequency + C(dominance):lex_emb_norm + log_frequency:lex_emb_norm,1 + C(semantic_role) + C(syntactic_role) + C(valence) + C(dominance),profession,lbfgs,True,1,['ConvergenceWarning: The MLE may be on the boundary of the parameter space.'],True,17221.993041790993,17745.603012530224,-8542.996520895496,16320,0.1611930042280284,0.027763612257651164,0.951491490821625,1.9722731131207353e-31,0.021652585362164058,0.0006840541201228103,0.10954730314829077,3.538947335004657e-05,0.0007942542138598046,0.00036200527951824247,,0.0005859070784461186,0.000460308844699642,0.0002359333919398106,0.001465670360480133,0.00010671596086742482,2.566101473645883e-05,0.0035545778696402528,0.0013246257758243894,0.5604239200284852,0.006232007563499224,0.00035707921925204534,0.013813966937157576,0.0016670006082291017,0.0010930387026913087,1.10989940691344,0.029710719247756055,0.0022507922493533354,0.025244812234664557,0.0006011738500125213,0.0007525302183057149,3.6090813557926396,0.01839526714055298,0.05437517741631981,0.0015298679789873184,0.0072108049015650166
/mnt/hum01-rds/Nikolaev_Dmitry/flos-code/model_selection_data/runs/he_she_odds_results__EleutherAI_pythia-12b-deduped__d403ebe4,he_she_odds_results__EleutherAI_pythia-12b-deduped__d403ebe4,/mnt/hum01-rds/Nikolaev_Dmitry/flos-code/modelling_data/he_she_odds_results__EleutherAI_pythia-12b-deduped.csv,EleutherAI_pythia-12b-deduped,selected_mixed_random_slopes__candidate__0__C_syntactic_role_C_dominance,/mnt/hum01-rds/Nikolaev_Dmitry/flos-code/model_selection_data/runs/he_she_odds_results__EleutherAI_pythia-12b-deduped__d403ebe4/models/selected_mixed_random_slopes__candidate__0__C_syntactic_role_C_dominance,random_slopes,log_he_she_odds ~ C(tense) + C(semantic_role) + C(syntactic_role) + C(valence) + C(dominance) + log_frequency + lex_emb_norm + C(tense):C(semantic_role) + C(tense):C(syntactic_role) + C(tense):C(valence) + C(tense):C(dominance) + C(tense):log_frequency + C(tense):lex_emb_norm + C(semantic_role):C(syntactic_role) + C(semantic_role):C(valence) + C(semantic_role):C(dominance) + C(semantic_role):log_frequency + C(semantic_role):lex_emb_norm + C(syntactic_role):C(valence) + C(syntactic_role):log_frequency + C(syntactic_role):lex_emb_norm + C(valence):C(dominance) + C(valence):log_frequency + C(valence):lex_emb_norm + C(dominance):log_frequency + C(dominance):lex_emb_norm + log_frequency:lex_emb_norm,1 + C(semantic_role) + C(syntactic_role) + C(valence) + C(dominance),profession,lbfgs,True,1,['ConvergenceWarning: The MLE may be on the boundary of the parameter space.'],True,17276.59306895919,17831.003626212496,-8566.296534479596,16320,0.16165977913281465,0.02758341256244511,0.9513840005216693,7.889092452482941e-31,0.021506134894694856,0.0006840541199869141,0.06427039036986532,3.5389473349122597e-05,3.8928477706859906e-05,0.0003620052795182568,0.003300356694181538,0.0005859070784460886,0.0004603088446996704,0.00023593339193981924,0.0014656703604801263,0.00010671596086743004,2.5661014736454536e-05,,0.0013246257758243976,0.5573035750118592,0.006232007563499005,0.00035707921930622433,0.013813966937385094,0.0016670006082255444,0.0010930387026688141,1.1065527176151213,0.029710719247755146,0.0022507922494314323,0.0252448122344556,0.0006011738500115881,0.0007525302182944577,3.5956781613205013,0.018405153939590004,0.05422556465520717,0.0015217560887641373,0.007197164884594528
/mnt/hum01-rds/Nikolaev_Dmitry/flos-code/model_selection_data/runs/he_she_odds_results__EleutherAI_pythia-12b-deduped__d403ebe4,he_she_odds_results__EleutherAI_pythia-12b-deduped__d403ebe4,/mnt/hum01-rds/Nikolaev_Dmitry/flos-code/modelling_data/he_she_odds_results__EleutherAI_pythia-12b-deduped.csv,EleutherAI_pythia-12b-deduped,selected_mixed_random_slopes__random_intercept_baseline,/mnt/hum01-rds/Nikolaev_Dmitry/flos-code/model_selection_data/runs/he_she_odds_results__EleutherAI_pythia-12b-deduped__d403ebe4/models/selected_mixed_random_slopes__random_intercept_baseline,random_intercept_baseline,log_he_she_odds ~ C(tense) + C(semantic_role) + C(syntactic_role) + C(valence) + C(dominance) + log_frequency + lex_emb_norm + C(tense):C(semantic_role) + C(tense):C(syntactic_role) + C(tense):C(valence) + C(tense):C(dominance) + C(tense):log_frequency + C(tense):lex_emb_norm + C(semantic_role):C(syntactic_role) + C(semantic_role):C(valence) + C(semantic_role):C(dominance) + C(semantic_role):log_frequency + C(semantic_role):lex_emb_norm + C(syntactic_role):C(valence) + C(syntactic_role):C(dominance) + C(syntactic_role):log_frequency + C(syntactic_role):lex_emb_norm + C(valence):C(dominance) + C(valence):log_frequency + C(valence):lex_emb_norm + C(dominance):log_frequency + C(dominance):lex_emb_norm + log_frequency:lex_emb_norm,1,profession,lbfgs,True,0,[],False,18830.962705824524,19285.27135690709,-9356.481352912262,16320,0.18087282076072456,0.022340361392309705,0.9443619189529655,0.0,0.02150613489469468,0.0006840541202668467,0.08290820002090271,3.538947335105915e-05,0.0007942542138963895,0.0003620052795183125,0.003300356694181022,0.0005859070784460454,0.00046030884469970063,0.00023593339193974676,0.0014656703604801029,0.00010671596086742516,2.56610147364727e-05,0.003554577869640419,0.001324625775824407,0.1652262964309203,0.006232007563497706,0.0003570792191455827,0.01381396693674802,0.0016670006082355523,0.0010930387027373396,0.030188350207812104,0.02971071924775133,0.002250792249410482,0.025244812234525082,0.0006011738500114916,0.0007525302182992765,0.0029699858376627713,,,,
/mnt/hum01-rds/Nikolaev_Dmitry/flos-code/model_selection_data/runs/he_she_odds_results__EleutherAI_pythia-2.8b-deduped__ee03af74,he_she_odds_results__EleutherAI_pythia-2.8b-deduped__ee03af74,/mnt/hum01-rds/Nikolaev_Dmitry/flos-code/modelling_data/he_she_odds_results__EleutherAI_pythia-2.8b-deduped.csv,EleutherAI_pythia-2.8b-deduped,selected_mixed_random_slopes__candidate__0__log_frequency_lex_emb_norm,/mnt/hum01-rds/Nikolaev_Dmitry/flos-code/model_selection_data/runs/he_she_odds_results__EleutherAI_pythia-2.8b-deduped__ee03af74/models/selected_mixed_random_slopes__candidate__0__log_frequency_lex_emb_norm,random_slopes,log_he_she_odds ~ C(tense) + C(semantic_role) + C(syntactic_role) + C(valence) + C(dominance) + log_frequency + lex_emb_norm + C(tense):C(semantic_role) + C(tense):C(syntactic_role) + C(tense):C(valence) + C(tense):C(dominance) + C(tense):log_frequency + C(tense):lex_emb_norm + C(semantic_role):C(syntactic_role) + C(semantic_role):C(valence) + C(semantic_role):C(dominance) + C(semantic_role):log_frequency + C(semantic_role):lex_emb_norm + C(syntactic_role):C(valence) + C(syntactic_role):C(dominance) + C(syntactic_role):log_frequency + C(syntactic_role):lex_emb_norm + C(valence):C(dominance) + C(valence):log_frequency + C(valence):lex_emb_norm + C(dominance):log_frequency + C(dominance):lex_emb_norm,1 + C(semantic_role) + C(syntactic_role) + C(valence) + C(dominance),profession,lbfgs,False,4,"['ConvergenceWarning: Maximum Likelihood optimization failed to converge. Check mle_retvals', 'ConvergenceWarning: MixedLM optimization failed, trying a different optimizer may help.', 'ConvergenceWarning: Gradient optimization failed, |grad| = 108.969038', 'ConvergenceWarning: The MLE may be on the boundary of the parameter space.']",True,10432.70786520798,10987.118422461283,-5144.35393260399,16320,0.10591683430791336,0.0343315070042422,0.925094517286369,0.0,0.02346133335301489,0.020031470839108115,0.00022140820932647472,0.01407186207887879,0.008299444989902777,0.002141667930263719,0.0024730335683403105,0.0019475466170073047,0.0006898398108352147,0.0005126573339148913,7.392457248461602e-05,0.00022647507758576124,1.6844387993314984e-05,1.0452424045522267e-05,0.011468204884954805,0.08366433471300697,0.0140216994366972,0.005847709064267412,0.09110959099634927,0.004773353132585994,0.0033743875135831274,0.04709788480954766,0.01800538057742426,0.029291974610802397,0.08091032651129164,0.002302426803337119,0.005103635178455461,,0.007436937493344649,0.07893548876697541,0.0055279214249010925,0.006545235134970871
/mnt/hum01-rds/Nikolaev_Dmitry/flos-code/model_selection_data/runs/he_she_odds_results__EleutherAI_pythia-2.8b-deduped__ee03af74,he_she_odds_results__EleutherAI_pythia-2.8b-deduped__ee03af74,/mnt/hum01-rds/Nikolaev_Dmitry/flos-code/modelling_data/he_she_odds_results__EleutherAI_pythia-2.8b-deduped.csv,EleutherAI_pythia-2.8b-deduped,selected_mixed_random_slopes__candidate__0__C_syntactic_role_log_frequency,/mnt/hum01-rds/Nikolaev_Dmitry/flos-code/model_selection_data/runs/he_she_odds_results__EleutherAI_pythia-2.8b-deduped__ee03af74/models/selected_mixed_random_slopes__candidate__0__C_syntactic_role_log_frequency,random_slopes,log_he_she_odds ~ C(tense) + C(semantic_role) + C(syntactic_role) + C(valence) + C(dominance) + log_frequency + lex_emb_norm + C(tense):C(semantic_role) + C(tense):C(syntactic_role) + C(tense):C(valence) + C(tense):C(dominance) + C(tense):log_frequency + C(tense):lex_emb_norm + C(semantic_role):C(syntactic_role) + C(semantic_role):C(valence) + C(semantic_role):C(dominance) + C(semantic_role):log_frequency + C(semantic_role):lex_emb_norm + C(syntactic_role):C(valence) + C(syntactic_role):C(dominance) + C(syntactic_role):lex_emb_norm + C(valence):C(dominance) + C(valence):log_frequency + C(valence):lex_emb_norm + C(dominance):log_frequency + C(dominance):lex_emb_norm + log_frequency:lex_emb_norm,1 + C(semantic_role) + C(syntactic_role) + C(valence) + C(dominance),profession,lbfgs,False,5,"['ConvergenceWarning: Maximum Likelihood optimization failed to converge. Check mle_retvals', 'ConvergenceWarning: MixedLM optimization failed, trying a different optimizer may help.', 'ConvergenceWarning: Gradient optimization failed, |grad| = 108.332948', 'ConvergenceWarning: The MLE may be on the boundary of the parameter space.', 'ConvergenceWarning: The Hessian matrix at the estimated parameter values is not positive definite.']",True,10436.04828505579,10990.458842309092,-5146.024142527895,16320,0.10584585448432982,0.02265488384446565,0.9245552078277381,0.0,0.02346133335301421,0.019321357572601883,0.00133373368698541,0.014467317184781949,0.008694417630731203,0.002141667930263737,0.002473033568340307,0.001947546617007296,0.0006898398108351971,0.0005126573339149013,7.392457248461397e-05,0.00022647507758575877,1.6844387993316217e-05,1.0452424045523277e-05,0.011468204884954826,0.050394281682649825,0.014021699436695682,0.0016944470564219574,,0.002116135169647596,0.0007955071467546567,0.003513689604274558,0.018005380577421327,0.017999404047402842,0.0010088848461877076,0.000566283604960473,0.0016106239643721254,0.025003629533971873,0.007810747899531599,0.08733389896805363,0.006078787641659025,0.007019047184039807
/mnt/hum01-rds/Nikolaev_Dmitry/flos-code/model_selection_data/runs/he_she_odds_results__EleutherAI_pythia-2.8b-deduped__ee03af74,he_she_odds_results__EleutherAI_pythia-2.8b-deduped__ee03af74,/mnt/hum01-rds/Nikolaev_Dmitry/flos-code/modelling_data/he_she_odds_results__EleutherAI_pythia-2.8b-deduped.csv,EleutherAI_pythia-2.8b-deduped,selected_mixed_random_slopes__candidate__0__C_syntactic_role_lex_emb_norm,/mnt/hum01-rds/Nikolaev_Dmitry/flos-code/model_selection_data/runs/he_she_odds_results__EleutherAI_pythia-2.8b-deduped__ee03af74/models/selected_mixed_random_slopes__candidate__0__C_syntactic_role_lex_emb_norm,random_slopes,log_he_she_odds ~ C(tense) + C(semantic_role) + C(syntactic_role) + C(valence) + C(dominance) + log_frequency + lex_emb_norm + C(tense):C(semantic_role) + C(tense):C(syntactic_role) + C(tense):C(valence) + C(tense):C(dominance) + C(tense):log_frequency + C(tense):lex_emb_norm + C(semantic_role):C(syntactic_role) + C(semantic_role):C(valence) + C(semantic_role):C(dominance) + C(semantic_role):log_frequency + C(semantic_role):lex_emb_norm + C(syntactic_role):C(valence) + C(syntactic_role):C(dominance) + C(syntactic_role):log_frequency + C(valence):C(dominance) + C(valence):log_frequency + C(valence):lex_emb_norm + C(dominance):log_frequency + C(dominance):lex_emb_norm + log_frequency:lex_emb_norm,1 + C(semantic_role) + C(syntactic_role) + C(valence) + C(dominance),profession,lbfgs,True,2,"['ConvergenceWarning: The MLE may be on the boundary of the parameter space.', 'ConvergenceWarning: The Hessian matrix at the estimated parameter values is not positive definite.']",True,10436.3920584367,10990.802615690003,-5146.19602921835,16320,0.10585741780951127,0.024803177493064488,0.9247725975670144,4.930682782801838e-32,0.0234613333530145,0.016756751162021424,0.013014089418586564,0.01598593983706339,0.01025531622490382,0.0021416679302637505,0.002473033568340308,0.0019475466170072685,0.0006898398108351892,0.0005126573339148992,7.392457248461164e-05,0.00022647507758575416,1.6844387993317694e-05,1.0452424045522416e-05,0.011468204884954753,0.007042234126027935,0.014021699436695312,0.002895896435479107,0.013423853995451028,0.0029643491061099136,0.0015231547683842313,0.0009002935531206488,0.018005380577422927,0.01863142063466576,,0.0006547036230238226,0.0017880968691664327,0.030655041838352076,0.007892010226812143,0.08373534579503938,0.006164514468166993,0.0071085910754599005
/mnt/hum01-rds/Nikolaev_Dmitry/flos-code/model_selection_data/runs/he_she_odds_results__EleutherAI_pythia-2.8b-deduped__ee03af74,he_she_odds_results__EleutherAI_pythia-2.8b-deduped__ee03af74,/mnt/hum01-rds/Nikolaev_Dmitry/flos-code/modelling_data/he_she_odds_results__EleutherAI_pythia-2.8b-deduped.csv,EleutherAI_pythia-2.8b-deduped,selected_mixed_random_slopes__candidate__0__C_dominance_log_frequency,/mnt/hum01-rds/Nikolaev_Dmitry/flos-code/model_selection_data/runs/he_she_odds_results__EleutherAI_pythia-2.8b-deduped__ee03af74/models/selected_mixed_random_slopes__candidate__0__C_dominance_log_frequency,random_slopes,log_he_she_odds ~ C(tense) + C(semantic_role) + C(syntactic_role) + C(valence) + C(dominance) + log_frequency + lex_emb_norm + C(tense):C(semantic_role) + C(tense):C(syntactic_role) + C(tense):C(valence) + C(tense):C(dominance) + C(tense):log_frequency + C(tense):lex_emb_norm + C(semantic_role):C(syntactic_role) + C(semantic_role):C(valence) + C(semantic_role):C(dominance) + C(semantic_role):log_frequency + C(semantic_role):lex_emb_norm + C(syntactic_role):C(valence) + C(syntactic_role):C(dominance) + C(syntactic_role):log_frequency + C(syntactic_role):lex_emb_norm + C(valence):C(dominance) + C(valence):log_frequency + C(valence):lex_emb_norm + C(dominance):lex_emb_norm + log_frequency:lex_emb_norm,1 + C(semantic_role) + C(syntactic_role) + C(valence) + C(dominance),profession,lbfgs,True,1,['ConvergenceWarning: The MLE may be on the boundary of the parameter space.'],True,10437.288610014104,10991.699167267407,-5146.644305007052,16320,0.10589410487998555,0.02265233502967854,0.9245234308905746,1.2326706957004595e-32,0.023461333353014275,0.019825501525571523,0.00037958188927973767,0.014199782135143729,0.0090756079505588,0.00214166793026375,0.002473033568340302,0.0019475466170072837,0.000689839810835188,0.0005126573339148816,7.392457248461626e-05,0.00022647507758574546,1.6844387993315153e-05,1.0452424045520217e-05,0.011468204884954822,0.0015988028486943122,0.014021699436695218,0.004395017143786243,0.05647262866691591,0.00379283110536367,,0.03241340154530801,0.018005380577421282,0.025756809427335808,0.04717044177144186,0.0016098533237420768,0.00011205062958581092,0.032337046826639584,0.007906862965880895,0.07920097926765553,0.006187403680356764,0.0068682575467053026
/mnt/hum01-rds/Nikolaev_Dmitry/flos-code/model_selection_data/runs/he_she_odds_results__EleutherAI_pythia-2.8b-deduped__ee03af74,he_she_odds_results__EleutherAI_pythia-2.8b-deduped__ee03af74,/mnt/hum01-rds/Nikolaev_Dmitry/flos-code/modelling_data/he_she_odds_results__EleutherAI_pythia-2.8b-deduped.csv,EleutherAI_pythia-2.8b-deduped,selected_mixed_random_slopes__candidate__0__C_dominance_lex_emb_norm,/mnt/hum01-rds/Nikolaev_Dmitry/flos-code/model_selection_data/runs/he_she_odds_results__EleutherAI_pythia-2.8b-deduped__ee03af74/models/selected_mixed_random_slopes__candidate__0__C_dominance_lex_emb_norm,random_slopes,log_he_she_odds ~ C(tense) + C(semantic_role) + C(syntactic_role) + C(valence) + C(dominance) + log_frequency + lex_emb_norm + C(tense):C(semantic_role) + C(tense):C(syntactic_role) + C(tense):C(valence) + C(tense):C(dominance) + C(tense):log_frequency + C(tense):lex_emb_norm + C(semantic_role):C(syntactic_role) + C(semantic_role):C(valence) + C(semantic_role):C(dominance) + C(semantic_role):log_frequency + C(semantic_role):lex_emb_norm + C(syntactic_role):C(valence) + C(syntactic_role):C(dominance) + C(syntactic_role):log_frequency + C(syntactic_role):lex_emb_norm + C(valence):C(dominance) + C(valence):log_frequency + C(valence):lex_emb_norm + C(dominance):log_frequency + log_frequency:lex_emb_norm,1 + C(semantic_role) + C(syntactic_role) + C(valence) + C(dominance),profession,lbfgs,True,1,['ConvergenceWarning: The MLE may be on the boundary of the parameter space.'],True,10437.28920325631,10991.699760509613,-5146.644601628155,16320,0.10589309537151954,0.025146269140079804,0.9247253857126352,0.0,0.02346133335301478,0.01881815520744182,0.001793616766910074,0.014843937731887157,0.013459599959580326,0.002141667930263725,0.002473033568340308,0.0019475466170072212,0.0006898398108352029,0.0005126573339148955,7.392457248461717e-05,0.00022647507758575923,1.6844387993314072e-05,1.0452424045522111e-05,0.011468204884954815,0.004607650558778342,0.01402169943669492,0.004666067511356074,0.06266990523348161,0.003977788789762023,0.00012949357659582122,0.02563437552206736,0.0180053805774215,0.025174969357871918,0.04230236669888585,0.0015036415235702956,,0.032702461854052685,0.007912124020322268,0.0792082982329655,0.00619250746973691,0.006888096615263842
/mnt/hum01-rds/Nikolaev_Dmitry/flos-code/model_selection_data/runs/he_she_odds_results__EleutherAI_pythia-2.8b-deduped__ee03af74,he_she_odds_results__EleutherAI_pythia-2.8b-deduped__ee03af74,/mnt/hum01-rds/Nikolaev_Dmitry/flos-code/modelling_data/he_she_odds_results__EleutherAI_pythia-2.8b-deduped.csv,EleutherAI_pythia-2.8b-deduped,selected_mixed_random_slopes__candidate__0__C_valence_lex_emb_norm,/mnt/hum01-rds/Nikolaev_Dmitry/flos-code/model_selection_data/runs/he_she_odds_results__EleutherAI_pythia-2.8b-deduped__ee03af74/models/selected_mixed_random_slopes__candidate__0__C_valence_lex_emb_norm,random_slopes,log_he_she_odds ~ C(tense) + C(semantic_role) + C(syntactic_role) + C(valence) + C(dominance) + log_frequency + lex_emb_norm + C(tense):C(semantic_role) + C(tense):C(syntactic_role) + C(tense):C(valence) + C(tense):C(dominance) + C(tense):log_frequency + C(tense):lex_emb_norm + C(semantic_role):C(syntactic_role) + C(semantic_role):C(valence) + C(semantic_role):C(dominance) + C(semantic_role):log_frequency + C(semantic_role):lex_emb_norm + C(syntactic_role):C(valence) + C(syntactic_role):C(dominance) + C(syntactic_role):log_frequency + C(syntactic_role):lex_emb_norm + C(valence):C(dominance) + C(valence):log_frequency + C(dominance):log_frequency + C(dominance):lex_emb_norm + log_frequency:lex_emb_norm,1 + C(semantic_role) + C(syntactic_role) + C(valence) + C(dominance),profession,lbfgs,False,5,"['ConvergenceWarning: Maximum Likelihood optimization failed to converge. Check mle_retvals', 'ConvergenceWarning: MixedLM optimization failed, trying a different optimizer may help.', 'ConvergenceWarning: Gradient optimization failed, |grad| = 112.040261', 'ConvergenceWarning: The MLE may be on the boundary of the parameter space.', 'ConvergenceWarning: The Hessian matrix at the estimated parameter values is not positive definite.']",True,10437.414653229382,10991.825210482684,-5146.707326614691,16320,0.10588462219440781,0.02867934504536824,0.9250851098353052,0.0,0.02346133335301421,0.019262056053294813,0.0009302533589627496,0.018322034082781255,0.008740792181501983,0.002141667930263727,0.002473033568340334,0.0019475466170072678,0.0006898398108352059,0.0005126573339149038,7.392457248461382e-05,0.0002264750775857601,1.6844387993316078e-05,1.0452424045523253e-05,0.011468204884954798,0.014409489452784075,0.014021699436695692,0.005087161118277337,0.07428803010363244,0.0014224957668788065,0.0028737018205409223,0.057602031465847865,0.018005380577422805,0.026659887344904563,0.057435687444477586,,0.00417108773439383,0.03815357427209456,0.007961370828542914,0.07927791298730401,0.006129515422072247,0.007187293454923909
/mnt/hum01-rds/Nikolaev_Dmitry/flos-code/model_selection_data/runs/he_she_odds_results__EleutherAI_pythia-2.8b-deduped__ee03af74,he_she_odds_results__EleutherAI_pythia-2.8b-deduped__ee03af74,/mnt/hum01-rds/Nikolaev_Dmitry/flos-code/modelling_data/he_she_odds_results__EleutherAI_pythia-2.8b-deduped.csv,EleutherAI_pythia-2.8b-deduped,selected_mixed_random_slopes__candidate__0__C_valence_log_frequency,/mnt/hum01-rds/Nikolaev_Dmitry/flos-code/model_selection_data/runs/he_she_odds_results__EleutherAI_pythia-2.8b-deduped__ee03af74/models/selected_mixed_random_slopes__candidate__0__C_valence_log_frequency,random_slopes,log_he_she_odds ~ C(tense) + C(semantic_role) + C(syntactic_role) + C(valence) + C(dominance) + log_frequency + lex_emb_norm + C(tense):C(semantic_role) + C(tense):C(syntactic_role) + C(tense):C(valence) + C(tense):C(dominance) + C(tense):log_frequency + C(tense):lex_emb_norm + C(semantic_role):C(syntactic_role) + C(semantic_role):C(valence) + C(semantic_role):C(dominance) + C(semantic_role):log_frequency + C(semantic_role):lex_emb_norm + C(syntactic_role):C(valence) + C(syntactic_role):C(dominance) + C(syntactic_role):log_frequency + C(syntactic_role):lex_emb_norm + C(valence):C(dominance) + C(valence):lex_emb_norm + C(dominance):log_frequency + C(dominance):lex_emb_norm + log_frequency:lex_emb_norm,1 + C(semantic_role) + C(syntactic_role) + C(valence) + C(dominance),profession,lbfgs,True,2,"['ConvergenceWarning: The MLE may be on the boundary of the parameter space.', 'ConvergenceWarning: The Hessian matrix at the estimated parameter values is not positive definite.']",True,10437.646551588987,10992.05710884229,-5146.823275794493,16320,0.10590415300548253,0.0233098562155453,0.9245064153711654,1.2326706957004595e-32,0.023461333353014,0.019791279560512694,0.0003891039689142274,0.015271574755871268,0.008434235193781382,0.0021416679302637344,0.002473033568340307,0.0019475466170072652,0.0006898398108351873,0.0005126573339148997,7.392457248461036e-05,0.0002264750775857605,1.6844387993316847e-05,1.0452424045521754e-05,0.011468204884954725,0.0026125447492899695,0.014021699436696938,0.004173052066359201,0.05487414741131179,,0.0022860353975597074,0.03969123900920785,0.018005380577424256,0.025189755484310974,0.045641604044576206,0.0005950801042276379,0.003681286594530265,0.036261408261218715,0.007869138801369106,0.07915184713047232,0.005790850549971675,0.007092546552762117
/mnt/hum01-rds/Nikolaev_Dmitry/flos-code/model_selection_data/runs/he_she_odds_results__EleutherAI_pythia-2.8b-deduped__ee03af74,he_she_odds_results__EleutherAI_pythia-2.8b-deduped__ee03af74,/mnt/hum01-rds/Nikolaev_Dmitry/flos-code/modelling_data/he_she_odds_results__EleutherAI_pythia-2.8b-deduped.csv,EleutherAI_pythia-2.8b-deduped,selected_mixed_random_slopes__candidate__0__C_semantic_role_log_frequency,/mnt/hum01-rds/Nikolaev_Dmitry/flos-code/model_selection_data/runs/he_she_odds_results__EleutherAI_pythia-2.8b-deduped__ee03af74/models/selected_mixed_random_slopes__candidate__0__C_semantic_role_log_frequency,random_slopes,log_he_she_odds ~ C(tense) + C(semantic_role) + C(syntactic_role) + C(valence) + C(dominance) + log_frequency + lex_emb_norm + C(tense):C(semantic_role) + C(tense):C(syntactic_role) + C(tense):C(valence) + C(tense):C(dominance) + C(tense):log_frequency + C(tense):lex_emb_norm + C(semantic_role):C(syntactic_role) + C(semantic_role):C(valence) + C(semantic_role):C(dominance) + C(semantic_role):lex_emb_norm + C(syntactic_role):C(valence) + C(syntactic_role):C(dominance) + C(syntactic_role):log_frequency + C(syntactic_role):lex_emb_norm + C(valence):C(dominance) + C(valence):log_frequency + C(valence):lex_emb_norm + C(dominance):log_frequency + C(dominance):lex_emb_norm + log_frequency:lex_emb_norm,1 + C(semantic_role) + C(syntactic_role) + C(valence) + C(dominance),profession,lbfgs,True,2,"['ConvergenceWarning: The MLE may be on the boundary of the parameter space.', 'ConvergenceWarning: The Hessian matrix at the estimated parameter values is not positive definite.']",True,10437.80624425644,10992.216801509743,-5146.90312212822,16320,0.10591059305312124,0.020874902649953547,0.9242810357507648,1.1094036261304136e-31,0.023461333353013474,0.01850962385298331,0.0004687771875299898,0.014251290485625286,0.008465197899104772,0.002141667930263737,0.0024730335683403122,0.0019475466170072405,0.0006898398108351948,0.0005126573339148896,7.39245724846147e-05,0.00022647507758576327,1.6844387993315187e-05,1.0452424045522379e-05,0.011468204884954753,0.009851816128105399,0.014021699436696282,,0.043012553351830504,0.0034309315331648577,0.002066920610161709,0.0011812612795048306,0.018005380577421383,0.008288090375330763,0.03441136016951162,0.0013666193332020147,0.0033887177434083608,0.021758337345558248,0.007459633504895376,0.07912410758412373,0.006130068457981397,0.007070640353572675
/mnt/hum01-rds/Nikolaev_Dmitry/flos-code/model_selection_data/runs/he_she_odds_results__EleutherAI_pythia-2.8b-deduped__ee03af74,he_she_odds_results__EleutherAI_pythia-2.8b-deduped__ee03af74,/mnt/hum01-rds/Nikolaev_Dmitry/flos-code/modelling_data/he_she_odds_results__EleutherAI_pythia-2.8b-deduped.csv,EleutherAI_pythia-2.8b-deduped,selected_mixed_random_slopes__candidate__0__C_syntactic_role_C_dominance,/mnt/hum01-rds/Nikolaev_Dmitry/flos-code/model_selection_data/runs/he_she_odds_results__EleutherAI_pythia-2.8b-deduped__ee03af74/models/selected_mixed_random_slopes__candidate__0__C_syntactic_role_C_dominance,random_slopes,log_he_she_odds ~ C(tense) + C(semantic_role) + C(syntactic_role) + C(valence) + C(dominance) + log_frequency + lex_emb_norm + C(tense):C(semantic_role) + C(tense):C(syntactic_role) + C(tense):C(valence) + C(tense):C(dominance) + C(tense):log_frequency + C(tense):lex_emb_norm + C(semantic_role):C(syntactic_role) + C(semantic_role):C(valence) + C(semantic_role):C(dominance) + C(semantic_role):log_frequency + C(semantic_role):lex_emb_norm + C(syntactic_role):C(valence) + C(syntactic_role):log_frequency + C(syntactic_role):lex_emb_norm + C(valence):C(dominance) + C(valence):log_frequency + C(valence):lex_emb_norm + C(dominance):log_frequency + C(dominance):lex_emb_norm + log_frequency:lex_emb_norm,1 + C(semantic_role) + C(syntactic_role) + C(valence) + C(dominance),profession,lbfgs,True,2,"['ConvergenceWarning: The MLE may be on the boundary of the parameter space.', 'ConvergenceWarning: The Hessian matrix at the estimated parameter values is not positive definite.']",True,10437.946323932498,10992.3568811858,-5146.973161966249,16320,0.10587985475367206,0.03426658330236379,0.9255907509535333,1.2326706957004595e-32,0.02346133335301279,0.020031470839079978,0.00016934354343139672,0.014071862078891757,0.008643025820214216,0.0021416679302637,0.002473033568340334,0.00194754661700725,0.000689839810835203,0.0005126573339149028,7.392457248461098e-05,0.0002264750775857674,1.6844387993317047e-05,,0.011468204884954725,0.030038778565348374,0.014021699436695843,0.00584770906409486,0.09110959099407441,0.004773353132530888,0.0033743875135051372,0.09458123689379314,0.018005380577422344,0.02929197461016577,0.08091032650763041,0.002302426803271512,0.005103635178297433,0.0392219133292774,0.008007046127441029,0.07933541519323653,0.006284824935468817,0.007234404043668063
/mnt/hum01-rds/Nikolaev_Dmitry/flos-code/model_selection_data/runs/he_she_odds_results__EleutherAI_pythia-2.8b-deduped__ee03af74,he_she_odds_results__EleutherAI_pythia-2.8b-deduped__ee03af74,/mnt/hum01-rds/Nikolaev_Dmitry/flos-code/modelling_data/he_she_odds_results__EleutherAI_pythia-2.8b-deduped.csv,EleutherAI_pythia-2.8b-deduped,selected_mixed_random_slopes__candidate__0__C_syntactic_role_C_valence,/mnt/hum01-rds/Nikolaev_Dmitry/flos-code/model_selection_data/runs/he_she_odds_results__EleutherAI_pythia-2.8b-deduped__ee03af74/models/selected_mixed_random_slopes__candidate__0__C_syntactic_role_C_valence,random_slopes,log_he_she_odds ~ C(tense) + C(semantic_role) + C(syntactic_role) + C(valence) + C(dominance) + log_frequency + lex_emb_norm + C(tense):C(semantic_role) + C(tense):C(syntactic_role) + C(tense):C(valence) + C(tense):C(dominance) + C(tense):log_frequency + C(tense):lex_emb_norm + C(semantic_role):C(syntactic_role) + C(semantic_role):C(valence) + C(semantic_role):C(dominance) + C(semantic_role):log_frequency + C(semantic_role):lex_emb_norm + C(syntactic_role):C(dominance) + C(syntactic_role):log_frequency + C(syntactic_role):lex_emb_norm + C(valence):C(dominance) + C(valence):log_frequency + C(valence):lex_emb_norm + C(dominance):log_frequency + C(dominance):lex_emb_norm + log_frequency:lex_emb_norm,1 + C(semantic_role) + C(syntactic_role) + C(valence) + C(dominance),profession,lbfgs,True,2,"['ConvergenceWarning: The MLE may be on the boundary of the parameter space.', 'ConvergenceWarning: The Hessian matrix at the estimated parameter values is not positive definite.']",True,10438.297568123846,10992.708125377148,-5147.148784061923,16320,0.10588182799908442,0.03426386639726796,0.925593057743248,1.2326706957004595e-32,0.023461333353014823,0.020031470839384558,0.00015650600225996513,0.014639653483631946,0.008299444989797875,0.0021416679302637466,0.002473033568340296,0.0019475466170072342,0.0006898398108352002,0.0005126573339148974,7.392457248461953e-05,0.00022647507758575554,,1.045242404552339e-05,0.011468204884954784,0.029975676305502533,0.014021699436696917,0.005847709064102364,0.09110959099420746,0.004773353132531911,0.0033743875135087502,0.09466873146205122,0.018005380577423805,0.029291974610571977,0.08091032650995884,0.0023024268033135188,0.005103635178397833,0.03934525296858353,0.008010329475026369,0.07933665503634282,0.00628816017045536,0.007237902505990083
/mnt/hum01-rds/Nikolaev_Dmitry/flos-code/model_selection_data/runs/he_she_odds_results__EleutherAI_pythia-2.8b-deduped__ee03af74,he_she_odds_results__EleutherAI_pythia-2.8b-deduped__ee03af74,/mnt/hum01-rds/Nikolaev_Dmitry/flos-code/modelling_data/he_she_odds_results__EleutherAI_pythia-2.8b-deduped.csv,EleutherAI_pythia-2.8b-deduped,selected_mixed_random_slopes,/mnt/hum01-rds/Nikolaev_Dmitry/flos-code/model_selection_data/runs/he_she_odds_results__EleutherAI_pythia-2.8b-deduped__ee03af74/models/selected_mixed_random_slopes,random_slopes,log_he_she_odds ~ C(tense) + C(semantic_role) + C(syntactic_role) + C(valence) + C(dominance) + log_frequency + lex_emb_norm + C(tense):C(semantic_role) + C(tense):C(syntactic_role) + C(tense):C(valence) + C(tense):C(dominance) + C(tense):log_frequency + C(tense):lex_emb_norm + C(semantic_role):C(syntactic_role) + C(semantic_role):C(valence) + C(semantic_role):C(dominance) + C(semantic_role):log_frequency + C(semantic_role):lex_emb_norm + C(syntactic_role):C(valence) + C(syntactic_role):C(dominance) + C(syntactic_role):log_frequency + C(syntactic_role):lex_emb_norm + C(valence):C(dominance) + C(valence):log_frequency + C(valence):lex_emb_norm + C(dominance):log_frequency + C(dominance):lex_emb_norm + log_frequency:lex_emb_norm,1 + C(semantic_role) + C(syntactic_role) + C(valence) + C(dominance),profession,lbfgs,True,2,"['ConvergenceWarning: The MLE may be on the boundary of the parameter space.', 'ConvergenceWarning: The Hessian matrix at the estimated parameter values is not positive definite.']",True,10439.371966556937,11001.482670438758,-5146.6859832784685,16320,0.10587662827266574,0.034271027352382445,0.9255869792316215,0.0,0.023461333353013605,0.02003147083908657,0.00022140820933971744,0.014071862078890662,0.008299444989914369,0.002141667930263723,0.002473033568340306,0.0019475466170072488,0.0006898398108351994,0.0005126573339148947,7.392457248461633e-05,0.0002264750775857573,1.6844387993314624e-05,1.045242404552125e-05,0.011468204884954815,0.030142168343256722,0.014021699436695846,0.005847709064112052,0.09110959099425728,0.004773353132535983,0.0033743875135138807,0.09443816723580382,0.018005380577422195,0.0292919746102237,0.08091032650798198,0.0023024268032768224,0.005103635178311097,0.03902052499817599,0.008001679680954693,0.07933338882990247,0.006279373676939759,0.007228685922045854
/mnt/hum01-rds/Nikolaev_Dmitry/flos-code/model_selection_data/runs/he_she_odds_results__EleutherAI_pythia-2.8b-deduped__ee03af74,he_she_odds_results__EleutherAI_pythia-2.8b-deduped__ee03af74,/mnt/hum01-rds/Nikolaev_Dmitry/flos-code/modelling_data/he_she_odds_results__EleutherAI_pythia-2.8b-deduped.csv,EleutherAI_pythia-2.8b-deduped,selected_mixed_random_slopes__full,/mnt/hum01-rds/Nikolaev_Dmitry/flos-code/model_selection_data/runs/he_she_odds_results__EleutherAI_pythia-2.8b-deduped__ee03af74/models/selected_mixed_random_slopes__full,random_slopes,log_he_she_odds ~ C(tense) + C(semantic_role) + C(syntactic_role) + C(valence) + C(dominance) + log_frequency + lex_emb_norm + C(tense):C(semantic_role) + C(tense):C(syntactic_role) + C(tense):C(valence) + C(tense):C(dominance) + C(tense):log_frequency + C(tense):lex_emb_norm + C(semantic_role):C(syntactic_role) + C(semantic_role):C(valence) + C(semantic_role):C(dominance) + C(semantic_role):log_frequency + C(semantic_role):lex_emb_norm + C(syntactic_role):C(valence) + C(syntactic_role):C(dominance) + C(syntactic_role):log_frequency + C(syntactic_role):lex_emb_norm + C(valence):C(dominance) + C(valence):log_frequency + C(valence):lex_emb_norm + C(dominance):log_frequency + C(dominance):lex_emb_norm + log_frequency:lex_emb_norm,1 + C(semantic_role) + C(syntactic_role) + C(valence) + C(dominance),profession,lbfgs,True,2,"['ConvergenceWarning: The MLE may be on the boundary of the parameter space.', 'ConvergenceWarning: The Hessian matrix at the estimated parameter values is not positive definite.']",True,10439.371966556937,11001.482670438758,-5146.6859832784685,16320,0.10587662827266574,0.034271027352382445,0.9255869792316215,0.0,0.023461333353013605,0.02003147083908657,0.00022140820933971744,0.014071862078890662,0.008299444989914369,0.002141667930263723,0.002473033568340306,0.0019475466170072488,0.0006898398108351994,0.0005126573339148947,7.392457248461633e-05,0.0002264750775857573,1.6844387993314624e-05,1.045242404552125e-05,0.011468204884954815,0.030142168343256722,0.014021699436695846,0.005847709064112052,0.09110959099425728,0.004773353132535983,0.0033743875135138807,0.09443816723580382,0.018005380577422195,0.0292919746102237,0.08091032650798198,0.0023024268032768224,0.005103635178311097,0.03902052499817599,0.008001679680954693,0.07933338882990247,0.006279373676939759,0.007228685922045854
/mnt/hum01-rds/Nikolaev_Dmitry/flos-code/model_selection_data/runs/he_she_odds_results__EleutherAI_pythia-2.8b-deduped__ee03af74,he_she_odds_results__EleutherAI_pythia-2.8b-deduped__ee03af74,/mnt/hum01-rds/Nikolaev_Dmitry/flos-code/modelling_data/he_she_odds_results__EleutherAI_pythia-2.8b-deduped.csv,EleutherAI_pythia-2.8b-deduped,selected_mixed_random_slopes__candidate__0__C_semantic_role_lex_emb_norm,/mnt/hum01-rds/Nikolaev_Dmitry/flos-code/model_selection_data/runs/he_she_odds_results__EleutherAI_pythia-2.8b-deduped__ee03af74/models/selected_mixed_random_slopes__candidate__0__C_semantic_role_lex_emb_norm,random_slopes,log_he_she_odds ~ C(tense) + C(semantic_role) + C(syntactic_role) + C(valence) + C(dominance) + log_frequency + lex_emb_norm + C(tense):C(semantic_role) + C(tense):C(syntactic_role) + C(tense):C(valence) + C(tense):C(dominance) + C(tense):log_frequency + C(tense):lex_emb_norm + C(semantic_role):C(syntactic_role) + C(semantic_role):C(valence) + C(semantic_role):C(dominance) + C(semantic_role):log_frequency + C(syntactic_role):C(valence) + C(syntactic_role):C(dominance) + C(syntactic_role):log_frequency + C(syntactic_role):lex_emb_norm + C(valence):C(dominance) + C(valence):log_frequency + C(valence):lex_emb_norm + C(dominance):log_frequency + C(dominance):lex_emb_norm + log_frequency:lex_emb_norm,1 + C(semantic_role) + C(syntactic_role) + C(valence) + C(dominance),profession,lbfgs,True,2,"['ConvergenceWarning: The MLE may be on the boundary of the parameter space.', 'ConvergenceWarning: The Hessian matrix at the estimated parameter values is not positive definite.']",True,10440.504523784213,10994.915081037516,-5148.252261892107,16320,0.10599592513127273,0.0558851594790382,0.9264428182046773,1.9722731131207353e-31,0.023461333353013862,0.006698649994798238,0.009831864602807439,0.016363092788950515,0.010539117392763711,0.0021416679302637396,0.002473033568340321,0.001947546617007279,0.0006898398108351929,0.0005126573339148974,7.392457248461365e-05,0.00022647507758576102,1.684438799331683e-05,1.04524240455225e-05,0.011468204884954763,0.05185364603898788,0.014021699436696839,0.001255515780177572,0.020690086594758246,0.0026693609816305468,0.001326305180867999,0.14013754217788224,0.018005380577423367,,0.0018311724994651904,0.00045519880047635927,0.0014665366475154745,0.0008162229818633017,0.006426279294489467,0.07871441089961798,0.0058289269728435305,0.006751716220261296
/mnt/hum01-rds/Nikolaev_Dmitry/flos-code/model_selection_data/runs/he_she_odds_results__EleutherAI_pythia-2.8b-deduped__ee03af74,he_she_odds_results__EleutherAI_pythia-2.8b-deduped__ee03af74,/mnt/hum01-rds/Nikolaev_Dmitry/flos-code/modelling_data/he_she_odds_results__EleutherAI_pythia-2.8b-deduped.csv,EleutherAI_pythia-2.8b-deduped,selected_mixed_random_slopes__candidate__0__C_semantic_role_C_valence,/mnt/hum01-rds/Nikolaev_Dmitry/flos-code/model_selection_data/runs/he_she_odds_results__EleutherAI_pythia-2.8b-deduped__ee03af74/models/selected_mixed_random_slopes__candidate__0__C_semantic_role_C_valence,random_slopes,log_he_she_odds ~ C(tense) + C(semantic_role) + C(syntactic_role) + C(valence) + C(dominance) + log_frequency + lex_emb_norm + C(tense):C(semantic_role) + C(tense):C(syntactic_role) + C(tense):C(valence) + C(tense):C(dominance) + C(tense):log_frequency + C(tense):lex_emb_norm + C(semantic_role):C(syntactic_role) + C(semantic_role):C(dominance) + C(semantic_role):log_frequency + C(semantic_role):lex_emb_norm + C(syntactic_role):C(valence) + C(syntactic_role):C(dominance) + C(syntactic_role):log_frequency + C(syntactic_role):lex_emb_norm + C(valence):C(dominance) + C(valence):log_frequency + C(valence):lex_emb_norm + C(dominance):log_frequency + C(dominance):lex_emb_norm + log_frequency:lex_emb_norm,1 + C(semantic_role) + C(syntactic_role) + C(valence) + C(dominance),profession,lbfgs,True,2,"['ConvergenceWarning: The MLE may be on the boundary of the parameter space.', 'ConvergenceWarning: The Hessian matrix at the estimated parameter values is not positive definite.']",True,10441.43443650825,10995.844993761553,-5148.717218254125,16320,0.10589945435446563,0.03423962992669689,0.9256136664673719,1.2326706957004595e-32,0.023461333353014393,0.02146125431045306,0.00022140820921308794,0.012918790345107348,0.008299444989767731,0.002141667930263745,0.002473033568340308,0.001947546617007236,0.0006898398108351981,0.0005126573339149043,,0.00022647507758576506,1.6844387993316722e-05,1.0452424045523675e-05,0.011468204884954732,0.029416317211596748,0.014021699436695489,0.0058477090641146,0.09110959099429825,0.004773353132536379,0.0033743875135150057,0.0954501602630766,0.018005380577422108,0.029291974610763175,0.08091032651082827,0.0023024268033352805,0.005103635178445045,0.040452852132271615,0.008039703905909811,0.07934774914307281,0.006317998702062873,0.007269199766377684
/mnt/hum01-rds/Nikolaev_Dmitry/flos-code/model_selection_data/runs/he_she_odds_results__EleutherAI_pythia-2.8b-deduped__ee03af74,he_she_odds_results__EleutherAI_pythia-2.8b-deduped__ee03af74,/mnt/hum01-rds/Nikolaev_Dmitry/flos-code/modelling_data/he_she_odds_results__EleutherAI_pythia-2.8b-deduped.csv,EleutherAI_pythia-2.8b-deduped,selected_mixed_random_slopes__candidate__0__C_semantic_role_C_dominance,/mnt/hum01-rds/Nikolaev_Dmitry/flos-code/model_selection_data/runs/he_she_odds_results__EleutherAI_pythia-2.8b-deduped__ee03af74/models/selected_mixed_random_slopes__candidate__0__C_semantic_role_C_dominance,random_slopes,log_he_she_odds ~ C(tense) + C(semantic_role) + C(syntactic_role) + C(valence) + C(dominance) + log_frequency + lex_emb_norm + C(tense):C(semantic_role) + C(tense):C(syntactic_role) + C(tense):C(valence) + C(tense):C(dominance) + C(tense):log_frequency + C(tense):lex_emb_norm + C(semantic_role):C(syntactic_role) + C(semantic_role):C(valence) + C(semantic_role):log_frequency + C(semantic_role):lex_emb_norm + C(syntactic_role):C(valence) + C(syntactic_role):C(dominance) + C(syntactic_role):log_frequency + C(syntactic_role):lex_emb_norm + C(valence):C(dominance) + C(valence):log_frequency + C(valence):lex_emb_norm + C(dominance):log_frequency + C(dominance):lex_emb_norm + log_frequency:lex_emb_norm,1 + C(semantic_role) + C(syntactic_role) + C(valence) + C(dominance),profession,lbfgs,True,2,"['ConvergenceWarning: The MLE may be on the boundary of the parameter space.', 'ConvergenceWarning: The Hessian matrix at the estimated parameter values is not positive definite.']",True,10449.820171379863,11004.230728633165,-5152.910085689931,16320,0.10594660829355827,0.03417507712304088,0.9256688247301591,1.2326706957004595e-32,0.023461333353012977,0.017647523866173406,0.0002214082092833214,0.01407186207882832,0.009958021202329057,0.0021416679302637296,0.0024730335683403296,0.0019475466170072568,0.0006898398108351978,0.0005126573339149119,7.392457248461098e-05,,1.6844387993319558e-05,1.0452424045524171e-05,0.011468204884954746,0.027957557282135483,0.014021699436696946,0.005847709064027969,0.09110959099328746,0.004773353132505495,0.003374387513477263,0.09753930438081866,0.018005380577423385,0.029291974610286913,0.08091032650828857,0.0023024268032837527,0.0051036351783279475,0.04346646872342261,0.008118688290329312,0.07937759608308752,0.006398230047662755,0.007353339462965161
/mnt/hum01-rds/Nikolaev_Dmitry/flos-code/model_selection_data/runs/he_she_odds_results__EleutherAI_pythia-2.8b-deduped__ee03af74,he_she_odds_results__EleutherAI_pythia-2.8b-deduped__ee03af74,/mnt/hum01-rds/Nikolaev_Dmitry/flos-code/modelling_data/he_she_odds_results__EleutherAI_pythia-2.8b-deduped.csv,EleutherAI_pythia-2.8b-deduped,selected_mixed_random_slopes__candidate__0__C_semantic_role_C_syntactic_role,/mnt/hum01-rds/Nikolaev_Dmitry/flos-code/model_selection_data/runs/he_she_odds_results__EleutherAI_pythia-2.8b-deduped__ee03af74/models/selected_mixed_random_slopes__candidate__0__C_semantic_role_C_syntactic_role,random_slopes,log_he_she_odds ~ C(tense) + C(semantic_role) + C(syntactic_role) + C(valence) + C(dominance) + log_frequency + lex_emb_norm + C(tense):C(semantic_role) + C(tense):C(syntactic_role) + C(tense):C(valence) + C(tense):C(dominance) + C(tense):log_frequency + C(tense):lex_emb_norm + C(semantic_role):C(valence) + C(semantic_role):C(dominance) + C(semantic_role):log_frequency + C(semantic_role):lex_emb_norm + C(syntactic_role):C(valence) + C(syntactic_role):C(dominance) + C(syntactic_role):log_frequency + C(syntactic_role):lex_emb_norm + C(valence):C(dominance) + C(valence):log_frequency + C(valence):lex_emb_norm + C(dominance):log_frequency + C(dominance):lex_emb_norm + log_frequency:lex_emb_norm,1 + C(semantic_role) + C(syntactic_role) + C(valence) + C(dominance),profession,lbfgs,True,2,"['ConvergenceWarning: The MLE may be on the boundary of the parameter space.', 'ConvergenceWarning: The Hessian matrix at the estimated parameter values is not positive definite.']",True,10465.560056116374,11019.970613369676,-5160.780028058187,16320,0.10603524732319951,0.03405480781908115,0.9257726123338827,1.2326706957004595e-32,0.023461333353013068,0.016502035832210944,3.266923444813927e-06,0.0140718620787878,0.008299444989790909,0.0021416679302637374,0.0024730335683403382,0.0019475466170072095,0.000689839810835182,,7.392457248461926e-05,0.00022647507758574584,1.6844387993314353e-05,1.0452424045520608e-05,0.01146820488495485,0.025359282769509838,0.014021699436695815,0.005847709064229587,0.09110959099579843,0.004773353132574594,0.0033743875135656648,0.10145972263339086,0.018005380577422663,0.029291974610927758,0.08091032651191785,0.0023024268033493074,0.005103635178480507,0.049320766122882914,0.008268754504157323,0.07943436510368652,0.0065506617343866706,0.007513141784241732
/mnt/hum01-rds/Nikolaev_Dmitry/flos-code/model_selection_data/runs/he_she_odds_results__EleutherAI_pythia-2.8b-deduped__ee03af74,he_she_odds_results__EleutherAI_pythia-2.8b-deduped__ee03af74,/mnt/hum01-rds/Nikolaev_Dmitry/flos-code/modelling_data/he_she_odds_results__EleutherAI_pythia-2.8b-deduped.csv,EleutherAI_pythia-2.8b-deduped,selected_mixed_random_slopes__candidate__0__C_tense_lex_emb_norm,/mnt/hum01-rds/Nikolaev_Dmitry/flos-code/model_selection_data/runs/he_she_odds_results__EleutherAI_pythia-2.8b-deduped__ee03af74/models/selected_mixed_random_slopes__candidate__0__C_tense_lex_emb_norm,random_slopes,log_he_she_odds ~ C(tense) + C(semantic_role) + C(syntactic_role) + C(valence) + C(dominance) + log_frequency + lex_emb_norm + C(tense):C(semantic_role) + C(tense):C(syntactic_role) + C(tense):C(valence) + C(tense):C(dominance) + C(tense):log_frequency + C(semantic_role):C(syntactic_role) + C(semantic_role):C(valence) + C(semantic_role):C(dominance) + C(semantic_role):log_frequency + C(semantic_role):lex_emb_norm + C(syntactic_role):C(valence) + C(syntactic_role):C(dominance) + C(syntactic_role):log_frequency + C(syntactic_role):lex_emb_norm + C(valence):C(dominance) + C(valence):log_frequency + C(valence):lex_emb_norm + C(dominance):log_frequency + C(dominance):lex_emb_norm + log_frequency:lex_emb_norm,1 + C(semantic_role) + C(syntactic_role) + C(valence) + C(dominance),profession,lbfgs,True,2,"['ConvergenceWarning: The MLE may be on the boundary of the parameter space.', 'ConvergenceWarning: The Hessian matrix at the estimated parameter values is not positive definite.']",True,10469.265519371751,10992.875490110982,-5166.6327596858755,16320,0.10610127742619439,0.03396607940141818,0.9258500139769013,0.0,0.020764175508586794,0.02003147083928901,0.00022140820927128314,0.01407186207882639,0.008299444989837918,0.0021416679302637526,0.0024730335683403166,0.0019475466170072672,0.0006898398108351952,0.0005126573339148922,7.392457248461683e-05,0.00022647507758575446,1.684438799331627e-05,1.0452424045522665e-05,0.011468204884954815,0.022219992725426633,0.003707527959199084,0.005847709064204573,0.09110959099541535,0.004773353132567804,0.0033743875135544086,0.10099127000519902,,0.02929197461055559,0.08091032650972114,0.0023024268033116062,0.0051036351783905415,0.053831801949672596,0.008381905053534073,0.07947721847216566,0.0066655928058174324,0.00763358398127789
/mnt/hum01-rds/Nikolaev_Dmitry/flos-code/model_selection_data/runs/he_she_odds_results__EleutherAI_pythia-2.8b-deduped__ee03af74,he_she_odds_results__EleutherAI_pythia-2.8b-deduped__ee03af74,/mnt/hum01-rds/Nikolaev_Dmitry/flos-code/modelling_data/he_she_odds_results__EleutherAI_pythia-2.8b-deduped.csv,EleutherAI_pythia-2.8b-deduped,selected_mixed_random_slopes__candidate__0__C_tense_log_frequency,/mnt/hum01-rds/Nikolaev_Dmitry/flos-code/model_selection_data/runs/he_she_odds_results__EleutherAI_pythia-2.8b-deduped__ee03af74/models/selected_mixed_random_slopes__candidate__0__C_tense_log_frequency,random_slopes,log_he_she_odds ~ C(tense) + C(semantic_role) + C(syntactic_role) + C(valence) + C(dominance) + log_frequency + lex_emb_norm + C(tense):C(semantic_role) + C(tense):C(syntactic_role) + C(tense):C(valence) + C(tense):C(dominance) + C(tense):lex_emb_norm + C(semantic_role):C(syntactic_role) + C(semantic_role):C(valence) + C(semantic_role):C(dominance) + C(semantic_role):log_frequency + C(semantic_role):lex_emb_norm + C(syntactic_role):C(valence) + C(syntactic_role):C(dominance) + C(syntactic_role):log_frequency + C(syntactic_role):lex_emb_norm + C(valence):C(dominance) + C(valence):log_frequency + C(valence):lex_emb_norm + C(dominance):log_frequency + C(dominance):lex_emb_norm + log_frequency:lex_emb_norm,1 + C(semantic_role) + C(syntactic_role) + C(valence) + C(dominance),profession,lbfgs,True,2,"['ConvergenceWarning: The MLE may be on the boundary of the parameter space.', 'ConvergenceWarning: The Hessian matrix at the estimated parameter values is not positive definite.']",True,10479.537829272682,11003.147800011913,-5171.768914636341,16320,0.10615930059353022,0.033888684793172995,0.9259180911100635,0.0,0.023870074062734645,0.020031470839371828,0.00022140820924082395,0.014071862078799485,0.008299444989808412,0.0021416679302637413,0.0024730335683403105,0.0019475466170072498,0.0006898398108351919,0.0005126573339149006,7.3924572484615e-05,0.00022647507758575297,1.68443879933168e-05,1.0452424045522018e-05,0.011468204884954836,0.017353378593583248,,0.0058477090640529274,0.09110959099360005,0.004773353132513246,0.003374387513487105,0.09809546322656237,0.0044639128969044435,0.029291974610467807,0.08091032650940556,0.002302426803301043,0.0051036351783685105,0.057893907725092224,0.008482301484766601,0.07951527421929912,0.0067675669645811025,0.007740415649809985
/mnt/hum01-rds/Nikolaev_Dmitry/flos-code/model_selection_data/runs/he_she_odds_results__EleutherAI_pythia-2.8b-deduped__ee03af74,he_she_odds_results__EleutherAI_pythia-2.8b-deduped__ee03af74,/mnt/hum01-rds/Nikolaev_Dmitry/flos-code/modelling_data/he_she_odds_results__EleutherAI_pythia-2.8b-deduped.csv,EleutherAI_pythia-2.8b-deduped,selected_mixed_random_slopes__candidate__0__C_tense_C_dominance,/mnt/hum01-rds/Nikolaev_Dmitry/flos-code/model_selection_data/runs/he_she_odds_results__EleutherAI_pythia-2.8b-deduped__ee03af74/models/selected_mixed_random_slopes__candidate__0__C_tense_C_dominance,random_slopes,log_he_she_odds ~ C(tense) + C(semantic_role) + C(syntactic_role) + C(valence) + C(dominance) + log_frequency + lex_emb_norm + C(tense):C(semantic_role) + C(tense):C(syntactic_role) + C(tense):C(valence) + C(tense):log_frequency + C(tense):lex_emb_norm + C(semantic_role):C(syntactic_role) + C(semantic_role):C(valence) + C(semantic_role):C(dominance) + C(semantic_role):log_frequency + C(semantic_role):lex_emb_norm + C(syntactic_role):C(valence) + C(syntactic_role):C(dominance) + C(syntactic_role):log_frequency + C(syntactic_role):lex_emb_norm + C(valence):C(dominance) + C(valence):log_frequency + C(valence):lex_emb_norm + C(dominance):log_frequency + C(dominance):lex_emb_norm + log_frequency:lex_emb_norm,1 + C(semantic_role) + C(syntactic_role) + C(valence) + C(dominance),profession,lbfgs,True,2,"['ConvergenceWarning: The MLE may be on the boundary of the parameter space.', 'ConvergenceWarning: The Hessian matrix at the estimated parameter values is not positive definite.']",True,10484.279053367936,11007.889024107168,-5174.139526683968,16320,0.10618610571632504,0.03385310461831248,0.9259495603048497,1.2326706957004595e-32,0.02093388276152339,0.0200314708391996,0.00022140820930485413,0.014071862078850951,0.009225268951513318,0.002141667930263728,0.0024730335683403183,0.001947546617007281,,0.0005126573339149138,7.392457248460796e-05,0.00022647507758576582,1.6844387993318616e-05,1.0452424045524103e-05,0.011468204884954711,0.021345224402743758,0.014021699436695557,0.005847709064269342,0.09110959099634383,0.004773353132589399,0.00337438751358402,0.1081041279690088,0.018005380577422053,0.029291974610758945,0.08091032651085829,0.002302426803335024,0.005103635178441199,0.05979983303211081,0.008528988923451495,0.0795329812165276,0.00681498744510079,0.007790084852548374
/mnt/hum01-rds/Nikolaev_Dmitry/flos-code/model_selection_data/runs/he_she_odds_results__EleutherAI_pythia-2.8b-deduped__ee03af74,he_she_odds_results__EleutherAI_pythia-2.8b-deduped__ee03af74,/mnt/hum01-rds/Nikolaev_Dmitry/flos-code/modelling_data/he_she_odds_results__EleutherAI_pythia-2.8b-deduped.csv,EleutherAI_pythia-2.8b-deduped,selected_mixed_random_slopes__candidate__0__C_tense_C_valence,/mnt/hum01-rds/Nikolaev_Dmitry/flos-code/model_selection_data/runs/he_she_odds_results__EleutherAI_pythia-2.8b-deduped__ee03af74/models/selected_mixed_random_slopes__candidate__0__C_tense_C_valence,random_slopes,log_he_she_odds ~ C(tense) + C(semantic_role) + C(syntactic_role) + C(valence) + C(dominance) + log_frequency + lex_emb_norm + C(tense):C(semantic_role) + C(tense):C(syntactic_role) + C(tense):C(dominance) + C(tense):log_frequency + C(tense):lex_emb_norm + C(semantic_role):C(syntactic_role) + C(semantic_role):C(valence) + C(semantic_role):C(dominance) + C(semantic_role):log_frequency + C(semantic_role):lex_emb_norm + C(syntactic_role):C(valence) + C(syntactic_role):C(dominance) + C(syntactic_role):log_frequency + C(syntactic_role):lex_emb_norm + C(valence):C(dominance) + C(valence):log_frequency + C(valence):lex_emb_norm + C(dominance):log_frequency + C(dominance):lex_emb_norm + log_frequency:lex_emb_norm,1 + C(semantic_role) + C(syntactic_role) + C(valence) + C(dominance),profession,lbfgs,False,5,"['ConvergenceWarning: Maximum Likelihood optimization failed to converge. Check mle_retvals', 'ConvergenceWarning: MixedLM optimization failed, trying a different optimizer may help.', 'ConvergenceWarning: Gradient optimization failed, |grad| = 121.641946', 'ConvergenceWarning: The MLE may be on the boundary of the parameter space.', 'ConvergenceWarning: The Hessian matrix at the estimated parameter values is not positive definite.']",True,10554.04945586159,11077.659426600821,-5209.024727930795,16320,0.10658231331807777,0.03333842521848153,0.9264161478932883,1.2326706957004595e-32,0.027976740695633877,0.020031470839347625,0.00022140820924972058,0.019478148644148742,0.008299444989814267,0.0021416679302637387,0.0024730335683403114,,0.0006898398108352147,0.0005126573339148922,7.392457248461716e-05,0.00022647507758575313,1.6844387993316007e-05,1.0452424045522755e-05,0.011468204884954805,0.012961678604027135,0.014021699436694098,0.005847709064090727,0.09110959099410382,0.004773353132526501,0.003374387513503358,0.12529732392880422,0.018005380577421265,0.02929197461059672,0.08091032651012114,0.002302426803316259,0.0051036351784021425,0.08978054576542377,0.009242095388906687,0.07980409149500851,0.007539244058776594,0.008547936467022009
/mnt/hum01-rds/Nikolaev_Dmitry/flos-code/model_selection_data/runs/he_she_odds_results__EleutherAI_pythia-2.8b-deduped__ee03af74,he_she_odds_results__EleutherAI_pythia-2.8b-deduped__ee03af74,/mnt/hum01-rds/Nikolaev_Dmitry/flos-code/modelling_data/he_she_odds_results__EleutherAI_pythia-2.8b-deduped.csv,EleutherAI_pythia-2.8b-deduped,selected_mixed_random_slopes__candidate__0__C_tense_C_semantic_role,/mnt/hum01-rds/Nikolaev_Dmitry/flos-code/model_selection_data/runs/he_she_odds_results__EleutherAI_pythia-2.8b-deduped__ee03af74/models/selected_mixed_random_slopes__candidate__0__C_tense_C_semantic_role,random_slopes,log_he_she_odds ~ C(tense) + C(semantic_role) + C(syntactic_role) + C(valence) + C(dominance) + log_frequency + lex_emb_norm + C(tense):C(syntactic_role) + C(tense):C(valence) + C(tense):C(dominance) + C(tense):log_frequency + C(tense):lex_emb_norm + C(semantic_role):C(syntactic_role) + C(semantic_role):C(valence) + C(semantic_role):C(dominance) + C(semantic_role):log_frequency + C(semantic_role):lex_emb_norm + C(syntactic_role):C(valence) + C(syntactic_role):C(dominance) + C(syntactic_role):log_frequency + C(syntactic_role):lex_emb_norm + C(valence):C(dominance) + C(valence):log_frequency + C(valence):lex_emb_norm + C(dominance):log_frequency + C(dominance):lex_emb_norm + log_frequency:lex_emb_norm,1 + C(semantic_role) + C(syntactic_role) + C(valence) + C(dominance),profession,lbfgs,False,5,"['ConvergenceWarning: Maximum Likelihood optimization failed to converge. Check mle_retvals', 'ConvergenceWarning: MixedLM optimization failed, trying a different optimizer may help.', 'ConvergenceWarning: Gradient optimization failed, |grad| = 124.023172', 'ConvergenceWarning: The MLE may be on the boundary of the parameter space.', 'ConvergenceWarning: The Hessian matrix at the estimated parameter values is not positive definite.']",True,10604.06141126054,11127.671381999771,-5234.03070563027,16320,0.1068682991762925,0.032977601542002445,0.9267546298369232,1.2326706957004595e-32,0.01991709433357018,0.02157238600320336,0.00022140820927883453,0.014071862078830377,0.008299444989846826,,0.0024730335683403114,0.001947546617007235,0.0006898398108351929,0.000512657333914897,7.392457248461433e-05,0.00022647507758575815,1.6844387993316867e-05,1.045242404552275e-05,0.011468204884954763,0.008552356559594234,0.014021699436696802,0.005847709063899096,0.09110959099168434,0.0047733531324600335,0.003374387513417983,0.13738874965776487,0.018005380577423607,0.02929197460994041,0.08091032650662325,0.00230242680324664,0.005103635178241579,0.11299090116950954,0.009784287538945191,0.08001085134172817,0.008089863362491626,0.009123238238541194
/mnt/hum01-rds/Nikolaev_Dmitry/flos-code/model_selection_data/runs/he_she_odds_results__EleutherAI_pythia-2.8b-deduped__ee03af74,he_she_odds_results__EleutherAI_pythia-2.8b-deduped__ee03af74,/mnt/hum01-rds/Nikolaev_Dmitry/flos-code/modelling_data/he_she_odds_results__EleutherAI_pythia-2.8b-deduped.csv,EleutherAI_pythia-2.8b-deduped,selected_mixed_random_slopes__candidate__0__C_tense_C_syntactic_role,/mnt/hum01-rds/Nikolaev_Dmitry/flos-code/model_selection_data/runs/he_she_odds_results__EleutherAI_pythia-2.8b-deduped__ee03af74/models/selected_mixed_random_slopes__candidate__0__C_tense_C_syntactic_role,random_slopes,log_he_she_odds ~ C(tense) + C(semantic_role) + C(syntactic_role) + C(valence) + C(dominance) + log_frequency + lex_emb_norm + C(tense):C(semantic_role) + C(tense):C(valence) + C(tense):C(dominance) + C(tense):log_frequency + C(tense):lex_emb_norm + C(semantic_role):C(syntactic_role) + C(semantic_role):C(valence) + C(semantic_role):C(dominance) + C(semantic_role):log_frequency + C(semantic_role):lex_emb_norm + C(syntactic_role):C(valence) + C(syntactic_role):C(dominance) + C(syntactic_role):log_frequency + C(syntactic_role):lex_emb_norm + C(valence):C(dominance) + C(valence):log_frequency + C(valence):lex_emb_norm + C(dominance):log_frequency + C(dominance):lex_emb_norm + log_frequency:lex_emb_norm,1 + C(semantic_role) + C(syntactic_role) + C(valence) + C(dominance),profession,lbfgs,True,2,"['ConvergenceWarning: The MLE may be on the boundary of the parameter space.', 'ConvergenceWarning: The Hessian matrix at the estimated parameter values is not positive definite.']",True,10633.18288195724,11156.792852696472,-5248.59144097862,16320,0.10703557231724387,0.032769747246095444,0.9269532770446083,3.081676739251149e-33,0.029896330197599963,0.020031470839324775,0.00031581416720060295,0.014071862078813656,0.008299444989826217,0.002141667930263737,,0.0019475466170072733,0.0006898398108352113,0.0005126573339149013,7.392457248461918e-05,0.00022647507758574595,1.6844387993316962e-05,1.0452424045522086e-05,0.011468204884954857,0.0065074925544370225,0.014021699436696289,0.005847709064090885,0.091109590994131,0.004773353132526944,0.0033743875135053233,0.1443097296351631,0.01800538057742343,0.029291974610455296,0.08091032650935348,0.0023024268033003934,0.005103635178366564,0.12696118496006478,0.010112406808027627,0.08013616632107728,0.008423064418123929,0.009471052528264683
/mnt/hum01-rds/Nikolaev_Dmitry/flos-code/model_selection_data/runs/he_she_odds_results__EleutherAI_pythia-2.8b-deduped__ee03af74,he_she_odds_results__EleutherAI_pythia-2.8b-deduped__ee03af74,/mnt/hum01-rds/Nikolaev_Dmitry/flos-code/modelling_data/he_she_odds_results__EleutherAI_pythia-2.8b-deduped.csv,EleutherAI_pythia-2.8b-deduped,selected_mixed_random_slopes__candidate__0__C_valence_C_dominance,/mnt/hum01-rds/Nikolaev_Dmitry/flos-code/model_selection_data/runs/he_she_odds_results__EleutherAI_pythia-2.8b-deduped__ee03af74/models/selected_mixed_random_slopes__candidate__0__C_valence_C_dominance,random_slopes,log_he_she_odds ~ C(tense) + C(semantic_role) + C(syntactic_role) + C(valence) + C(dominance) + log_frequency + lex_emb_norm + C(tense):C(semantic_role) + C(tense):C(syntactic_role) + C(tense):C(valence) + C(tense):C(dominance) + C(tense):log_frequency + C(tense):lex_emb_norm + C(semantic_role):C(syntactic_role) + C(semantic_role):C(valence) + C(semantic_role):C(dominance) + C(semantic_role):log_frequency + C(semantic_role):lex_emb_norm + C(syntactic_role):C(valence) + C(syntactic_role):C(dominance) + C(syntactic_role):log_frequency + C(syntactic_role):lex_emb_norm + C(valence):log_frequency + C(valence):lex_emb_norm + C(dominance):log_frequency + C(dominance):lex_emb_norm + log_frequency:lex_emb_norm,1 + C(semantic_role) + C(syntactic_role) + C(valence) + C(dominance),profession,lbfgs,True,1,['ConvergenceWarning: The Hessian matrix at the estimated parameter values is not positive definite.'],True,11124.835166775069,11679.245724028371,-5490.417583387534,16320,0.10939206854607116,0.024580785415986857,0.9438768565491081,2.773509065326034e-32,0.02346133335301394,0.020031470839305305,0.00022140820925479132,0.0032258548797760855,0.0008569096884254511,0.0021416679302637327,0.002473033568340314,0.001947546617007248,0.0006898398108351933,0.0005126573339148921,7.392457248461613e-05,0.00022647507758575392,1.684438799331502e-05,1.0452424045521301e-05,,0.02383640013836503,0.014021699436695744,0.005847709063776735,0.09110959098937661,0.004773353132415877,0.0033743875133595207,0.31744017049446993,0.0180053805774225,0.029291974609846182,0.08091032650564894,0.002302426803234386,0.005103635178212972,0.5743656955606264,0.02985133097497096,0.13247133958395296,0.028596469662609425,0.030650164635291917
/mnt/hum01-rds/Nikolaev_Dmitry/flos-code/model_selection_data/runs/he_she_odds_results__EleutherAI_pythia-2.8b-deduped__ee03af74,he_she_odds_results__EleutherAI_pythia-2.8b-deduped__ee03af74,/mnt/hum01-rds/Nikolaev_Dmitry/flos-code/modelling_data/he_she_odds_results__EleutherAI_pythia-2.8b-deduped.csv,EleutherAI_pythia-2.8b-deduped,selected_mixed_random_slopes__random_intercept_baseline,/mnt/hum01-rds/Nikolaev_Dmitry/flos-code/model_selection_data/runs/he_she_odds_results__EleutherAI_pythia-2.8b-deduped__ee03af74/models/selected_mixed_random_slopes__random_intercept_baseline,random_intercept_baseline,log_he_she_odds ~ C(tense) + C(semantic_role) + C(syntactic_role) + C(valence) + C(dominance) + log_frequency + lex_emb_norm + C(tense):C(semantic_role) + C(tense):C(syntactic_role) + C(tense):C(valence) + C(tense):C(dominance) + C(tense):log_frequency + C(tense):lex_emb_norm + C(semantic_role):C(syntactic_role) + C(semantic_role):C(valence) + C(semantic_role):C(dominance) + C(semantic_role):log_frequency + C(semantic_role):lex_emb_norm + C(syntactic_role):C(valence) + C(syntactic_role):C(dominance) + C(syntactic_role):log_frequency + C(syntactic_role):lex_emb_norm + C(valence):C(dominance) + C(valence):log_frequency + C(valence):lex_emb_norm + C(dominance):log_frequency + C(dominance):lex_emb_norm + log_frequency:lex_emb_norm,1,profession,lbfgs,True,0,[],False,14620.77556159647,15075.084212679038,-7251.387780798235,16320,0.13978335437465952,0.027290517366982823,0.9372846678522808,0.0,0.023461333353013133,0.020031470839266027,0.00022140820927889305,0.014071862078832542,0.008299444989847445,0.002141667930263713,0.0024730335683403,0.0019475466170071872,0.0006898398108351759,0.0005126573339149246,7.392457248461412e-05,0.00022647507758575,1.684438799331746e-05,1.0452424045522696e-05,0.011468204884954774,0.33795698686057624,0.014021699436695437,0.0058477090641661355,0.09110959099503826,0.004773353132555171,0.0033743875135383273,0.8042249687118839,0.018005380577422136,0.02929197461057394,0.08091032650993824,0.002302426803315005,0.005103635178396431,2.21185347650834,,,,
/mnt/hum01-rds/Nikolaev_Dmitry/flos-code/model_selection_data/runs/he_she_odds_results__EleutherAI_pythia-6.9b-deduped__f50b9535,he_she_odds_results__EleutherAI_pythia-6.9b-deduped__f50b9535,/mnt/hum01-rds/Nikolaev_Dmitry/flos-code/modelling_data/he_she_odds_results__EleutherAI_pythia-6.9b-deduped.csv,EleutherAI_pythia-6.9b-deduped,selected_mixed_random_slopes__candidate__0__C_dominance_lex_emb_norm,/mnt/hum01-rds/Nikolaev_Dmitry/flos-code/model_selection_data/runs/he_she_odds_results__EleutherAI_pythia-6.9b-deduped__f50b9535/models/selected_mixed_random_slopes__candidate__0__C_dominance_lex_emb_norm,random_slopes,log_he_she_odds ~ C(tense) + C(semantic_role) + C(syntactic_role) + C(valence) + C(dominance) + log_frequency + lex_emb_norm + C(tense):C(semantic_role) + C(tense):C(syntactic_role) + C(tense):C(valence) + C(tense):C(dominance) + C(tense):log_frequency + C(tense):lex_emb_norm + C(semantic_role):C(syntactic_role) + C(semantic_role):C(valence) + C(semantic_role):C(dominance) + C(semantic_role):log_frequency + C(semantic_role):lex_emb_norm + C(syntactic_role):C(valence) + C(syntactic_role):C(dominance) + C(syntactic_role):log_frequency + C(syntactic_role):lex_emb_norm + C(valence):C(dominance) + C(valence):log_frequency + C(valence):lex_emb_norm + C(dominance):log_frequency + log_frequency:lex_emb_norm,1 + C(semantic_role) + C(syntactic_role) + C(valence) + C(dominance),profession,lbfgs,True,1,['ConvergenceWarning: The MLE may be on the boundary of the parameter space.'],True,18146.189442865318,18700.600000118622,-9001.094721432659,16320,0.17054337006316447,0.027159952607260982,0.9431830800395097,1.9722731131207353e-31,0.038049451067197,0.007120525708625155,1.3259369501172045e-06,0.0009972258260478608,3.2665269162132793e-06,0.0006704651607137172,0.0392128875501609,0.0036190367253095923,0.0012781523077646493,0.003806071092943808,4.700696097467291e-06,0.00012603575675445896,0.000455568402011923,0.002928103685272187,0.0015097937116772347,0.1720526330069809,0.045418619436267973,0.002382143768816888,0.019350229664978066,0.0008901851784893981,5.603785386152973e-05,0.9139873819951314,0.04214133036639724,0.0001506507158827201,0.020205020468466894,0.00014756574798402273,,2.097802317449253,0.010372470750379777,0.08454714540580248,0.0029339398030112304,0.0039724862316527455
/mnt/hum01-rds/Nikolaev_Dmitry/flos-code/model_selection_data/runs/he_she_odds_results__EleutherAI_pythia-6.9b-deduped__f50b9535,he_she_odds_results__EleutherAI_pythia-6.9b-deduped__f50b9535,/mnt/hum01-rds/Nikolaev_Dmitry/flos-code/modelling_data/he_she_odds_results__EleutherAI_pythia-6.9b-deduped.csv,EleutherAI_pythia-6.9b-deduped,selected_mixed_random_slopes__candidate__0__C_dominance_log_frequency,/mnt/hum01-rds/Nikolaev_Dmitry/flos-code/model_selection_data/runs/he_she_odds_results__EleutherAI_pythia-6.9b-deduped__f50b9535/models/selected_mixed_random_slopes__candidate__0__C_dominance_log_frequency,random_slopes,log_he_she_odds ~ C(tense) + C(semantic_role) + C(syntactic_role) + C(valence) + C(dominance) + log_frequency + lex_emb_norm + C(tense):C(semantic_role) + C(tense):C(syntactic_role) + C(tense):C(valence) + C(tense):C(dominance) + C(tense):log_frequency + C(tense):lex_emb_norm + C(semantic_role):C(syntactic_role) + C(semantic_role):C(valence) + C(semantic_role):C(dominance) + C(semantic_role):log_frequency + C(semantic_role):lex_emb_norm + C(syntactic_role):C(valence) + C(syntactic_role):C(dominance) + C(syntactic_role):log_frequency + C(syntactic_role):lex_emb_norm + C(valence):C(dominance) + C(valence):log_frequency + C(valence):lex_emb_norm + C(dominance):lex_emb_norm + log_frequency:lex_emb_norm,1 + C(semantic_role) + C(syntactic_role) + C(valence) + C(dominance),profession,lbfgs,True,1,['ConvergenceWarning: The MLE may be on the boundary of the parameter space.'],True,18146.197539779358,18700.608097032662,-9001.098769889679,16320,0.17054336358263716,0.024662914005119493,0.943040578523497,4.930682782801838e-32,0.038049451067195726,0.007071177420320282,7.121313991140878e-06,0.0010237643888281354,1.4210563381230925e-09,0.0006704651607137104,0.039212887550159725,0.0036190367253101105,0.001278152307764565,0.003806071092943785,4.700696097469565e-06,0.00012603575675447143,0.0004555684020119435,0.002928103685272193,0.001509793711677201,0.20633981849262456,0.045418619436265094,0.0024995643811049667,0.017675657416777537,0.000791989739823869,,0.8433542264374987,0.042141330366393136,0.000116947294195954,0.01811279234514685,0.00010135099415207233,8.45474103794748e-05,2.09782364129511,0.010372535262292468,0.08454888947392121,0.0029340515171587373,0.003973776847209762
/mnt/hum01-rds/Nikolaev_Dmitry/flos-code/model_selection_data/runs/he_she_odds_results__EleutherAI_pythia-6.9b-deduped__f50b9535,he_she_odds_results__EleutherAI_pythia-6.9b-deduped__f50b9535,/mnt/hum01-rds/Nikolaev_Dmitry/flos-code/modelling_data/he_she_odds_results__EleutherAI_pythia-6.9b-deduped.csv,EleutherAI_pythia-6.9b-deduped,selected_mixed_random_slopes__candidate__0__C_semantic_role_lex_emb_norm,/mnt/hum01-rds/Nikolaev_Dmitry/flos-code/model_selection_data/runs/he_she_odds_results__EleutherAI_pythia-6.9b-deduped__f50b9535/models/selected_mixed_random_slopes__candidate__0__C_semantic_role_lex_emb_norm,random_slopes,log_he_she_odds ~ C(tense) + C(semantic_role) + C(syntactic_role) + C(valence) + C(dominance) + log_frequency + lex_emb_norm + C(tense):C(semantic_role) + C(tense):C(syntactic_role) + C(tense):C(valence) + C(tense):C(dominance) + C(tense):log_frequency + C(tense):lex_emb_norm + C(semantic_role):C(syntactic_role) + C(semantic_role):C(valence) + C(semantic_role):C(dominance) + C(semantic_role):log_frequency + C(syntactic_role):C(valence) + C(syntactic_role):C(dominance) + C(syntactic_role):log_frequency + C(syntactic_role):lex_emb_norm + C(valence):C(dominance) + C(valence):log_frequency + C(valence):lex_emb_norm + C(dominance):log_frequency + C(dominance):lex_emb_norm + log_frequency:lex_emb_norm,1 + C(semantic_role) + C(syntactic_role) + C(valence) + C(dominance),profession,lbfgs,True,1,['ConvergenceWarning: The MLE may be on the boundary of the parameter space.'],True,18146.203937773098,18700.614495026402,-9001.101968886549,16320,0.17054336772516054,0.026664122578019592,0.9431530428564879,4.930682782801838e-32,0.038049451067196635,0.0064038609038647954,5.852572340500005e-06,0.0009781870807388973,2.0511685897969886e-08,0.0006704651607137115,0.03921288755016021,0.003619036725310297,0.0012781523077644598,0.003806071092943792,4.700696097473203e-06,0.00012603575675448658,0.00045556840201193595,0.002928103685272201,0.0015097937116771766,0.1757641480585723,0.04541861943626801,0.0032223123840004675,0.021206348390141464,0.000923489148962,1.978201108214039e-05,0.9038233206099482,0.04214133036639527,,0.02316438092365391,0.00016901426484391244,2.1956256649957232e-05,2.0978206138826656,0.010379057077778316,0.08455537416031725,0.002934062324664992,0.003971813602354956
/mnt/hum01-rds/Nikolaev_Dmitry/flos-code/model_selection_data/runs/he_she_odds_results__EleutherAI_pythia-6.9b-deduped__f50b9535,he_she_odds_results__EleutherAI_pythia-6.9b-deduped__f50b9535,/mnt/hum01-rds/Nikolaev_Dmitry/flos-code/modelling_data/he_she_odds_results__EleutherAI_pythia-6.9b-deduped.csv,EleutherAI_pythia-6.9b-deduped,selected_mixed_random_slopes__candidate__0__C_valence_lex_emb_norm,/mnt/hum01-rds/Nikolaev_Dmitry/flos-code/model_selection_data/runs/he_she_odds_results__EleutherAI_pythia-6.9b-deduped__f50b9535/models/selected_mixed_random_slopes__candidate__0__C_valence_lex_emb_norm,random_slopes,log_he_she_odds ~ C(tense) + C(semantic_role) + C(syntactic_role) + C(valence) + C(dominance) + log_frequency + lex_emb_norm + C(tense):C(semantic_role) + C(tense):C(syntactic_role) + C(tense):C(valence) + C(tense):C(dominance) + C(tense):log_frequency + C(tense):lex_emb_norm + C(semantic_role):C(syntactic_role) + C(semantic_role):C(valence) + C(semantic_role):C(dominance) + C(semantic_role):log_frequency + C(semantic_role):lex_emb_norm + C(syntactic_role):C(valence) + C(syntactic_role):C(dominance) + C(syntactic_role):log_frequency + C(syntactic_role):lex_emb_norm + C(valence):C(dominance) + C(valence):log_frequency + C(dominance):log_frequency + C(dominance):lex_emb_norm + log_frequency:lex_emb_norm,1 + C(semantic_role) + C(syntactic_role) + C(valence) + C(dominance),profession,lbfgs,True,1,['ConvergenceWarning: The MLE may be on the boundary of the parameter space.'],True,18146.23301205854,18700.643569311844,-9001.11650602927,16320,0.1705433936497848,0.023666378460504477,0.9430030401256854,1.9722731131207353e-31,0.038049451067192944,0.00735609354814474,8.082762680579012e-05,0.0012883146590948185,4.6002219545078647e-07,0.0006704651607137095,0.039212887550160364,0.0036190367253101973,0.0012781523077645377,0.003806071092943817,4.700696097469602e-06,0.00012603575675447458,0.00045556840201194966,0.0029281036852722257,0.0015097937116771779,0.236564632368746,0.045418619436263005,0.00214180571687433,0.015573512330375816,0.0004822271090998921,8.690551551605294e-06,0.7570997518882606,0.042141330366389174,0.0002615420155761121,0.014417305108237246,,4.8982948752332834e-05,2.097696868738772,0.010373243983002546,0.08456067995878999,0.0029398865079001417,0.003972255059182629
/mnt/hum01-rds/Nikolaev_Dmitry/flos-code/model_selection_data/runs/he_she_odds_results__EleutherAI_pythia-6.9b-deduped__f50b9535,he_she_odds_results__EleutherAI_pythia-6.9b-deduped__f50b9535,/mnt/hum01-rds/Nikolaev_Dmitry/flos-code/modelling_data/he_she_odds_results__EleutherAI_pythia-6.9b-deduped.csv,EleutherAI_pythia-6.9b-deduped,selected_mixed_random_slopes__candidate__0__C_semantic_role_C_valence,/mnt/hum01-rds/Nikolaev_Dmitry/flos-code/model_selection_data/runs/he_she_odds_results__EleutherAI_pythia-6.9b-deduped__f50b9535/models/selected_mixed_random_slopes__candidate__0__C_semantic_role_C_valence,random_slopes,log_he_she_odds ~ C(tense) + C(semantic_role) + C(syntactic_role) + C(valence) + C(dominance) + log_frequency + lex_emb_norm + C(tense):C(semantic_role) + C(tense):C(syntactic_role) + C(tense):C(valence) + C(tense):C(dominance) + C(tense):log_frequency + C(tense):lex_emb_norm + C(semantic_role):C(syntactic_role) + C(semantic_role):C(dominance) + C(semantic_role):log_frequency + C(semantic_role):lex_emb_norm + C(syntactic_role):C(valence) + C(syntactic_role):C(dominance) + C(syntactic_role):log_frequency + C(syntactic_role):lex_emb_norm + C(valence):C(dominance) + C(valence):log_frequency + C(valence):lex_emb_norm + C(dominance):log_frequency + C(dominance):lex_emb_norm + log_frequency:lex_emb_norm,1 + C(semantic_role) + C(syntactic_role) + C(valence) + C(dominance),profession,lbfgs,True,1,['ConvergenceWarning: The MLE may be on the boundary of the parameter space.'],True,18146.33487864278,18700.745435896086,-9001.16743932139,16320,0.1705449587194223,0.026387431898300395,0.9431354842331546,4.930682782801838e-32,0.03804945106719836,0.0068748974356407765,5.16441077394747e-06,0.0010982001277645588,1.9709694106441345e-07,0.0006704651607137214,0.039212887550159725,0.0036190367253098672,0.0012781523077646107,0.0038060710929439224,,0.0001260357567544844,0.00045556840201196213,0.002928103685272302,0.0015097937116771863,0.18310292097406902,0.04541861943626339,0.002420873308455657,0.018785022079697778,0.0008568982420613295,2.4967422816828163e-05,0.8841435309054936,0.04214133036639278,0.00013606118187347747,0.019317613907263012,0.00012721853852419156,1.4737589104529979e-05,2.097781081909205,0.010372412037048905,0.08454593211950549,0.0029338523868934125,0.003971759407117805
/mnt/hum01-rds/Nikolaev_Dmitry/flos-code/model_selection_data/runs/he_she_odds_results__EleutherAI_pythia-6.9b-deduped__f50b9535,he_she_odds_results__EleutherAI_pythia-6.9b-deduped__f50b9535,/mnt/hum01-rds/Nikolaev_Dmitry/flos-code/modelling_data/he_she_odds_results__EleutherAI_pythia-6.9b-deduped.csv,EleutherAI_pythia-6.9b-deduped,selected_mixed_random_slopes__candidate__0__log_frequency_lex_emb_norm,/mnt/hum01-rds/Nikolaev_Dmitry/flos-code/model_selection_data/runs/he_she_odds_results__EleutherAI_pythia-6.9b-deduped__f50b9535/models/selected_mixed_random_slopes__candidate__0__log_frequency_lex_emb_norm,random_slopes,log_he_she_odds ~ C(tense) + C(semantic_role) + C(syntactic_role) + C(valence) + C(dominance) + log_frequency + lex_emb_norm + C(tense):C(semantic_role) + C(tense):C(syntactic_role) + C(tense):C(valence) + C(tense):C(dominance) + C(tense):log_frequency + C(tense):lex_emb_norm + C(semantic_role):C(syntactic_role) + C(semantic_role):C(valence) + C(semantic_role):C(dominance) + C(semantic_role):log_frequency + C(semantic_role):lex_emb_norm + C(syntactic_role):C(valence) + C(syntactic_role):C(dominance) + C(syntactic_role):log_frequency + C(syntactic_role):lex_emb_norm + C(valence):C(dominance) + C(valence):log_frequency + C(valence):lex_emb_norm + C(dominance):log_frequency + C(dominance):lex_emb_norm,1 + C(semantic_role) + C(syntactic_role) + C(valence) + C(dominance),profession,lbfgs,True,1,['ConvergenceWarning: The MLE may be on the boundary of the parameter space.'],True,18146.478256026923,18700.888813280228,-9001.239128013462,16320,0.1705433231193135,0.022740026920203892,0.9425905284891638,0.0,0.03804945106719644,0.007084043406924956,5.164410760673979e-06,0.0010168027364720297,1.9709694157466729e-07,0.0006704651607137146,0.039212887550159885,0.0036190367253097246,0.001278152307764575,0.0038060710929438716,4.700696097468619e-06,0.00012603575675447444,0.00045556840201193936,0.002928103685272245,0.0015097937116772251,0.17943859846163962,0.04541861943626093,0.002420873308445929,0.01878502207899556,0.0008568982420192167,2.4967422810297594e-05,0.08093705830162122,0.04214133036639117,0.00013606118187159172,0.019317613906801968,0.00012721853851110627,1.4737589108909519e-05,,0.010372243614467763,0.08451996142828759,0.002931024794924167,0.003975946325927664
/mnt/hum01-rds/Nikolaev_Dmitry/flos-code/model_selection_data/runs/he_she_odds_results__EleutherAI_pythia-6.9b-deduped__f50b9535,he_she_odds_results__EleutherAI_pythia-6.9b-deduped__f50b9535,/mnt/hum01-rds/Nikolaev_Dmitry/flos-code/modelling_data/he_she_odds_results__EleutherAI_pythia-6.9b-deduped.csv,EleutherAI_pythia-6.9b-deduped,selected_mixed_random_slopes__candidate__0__C_syntactic_role_lex_emb_norm,/mnt/hum01-rds/Nikolaev_Dmitry/flos-code/model_selection_data/runs/he_she_odds_results__EleutherAI_pythia-6.9b-deduped__f50b9535/models/selected_mixed_random_slopes__candidate__0__C_syntactic_role_lex_emb_norm,random_slopes,log_he_she_odds ~ C(tense) + C(semantic_role) + C(syntactic_role) + C(valence) + C(dominance) + log_frequency + lex_emb_norm + C(tense):C(semantic_role) + C(tense):C(syntactic_role) + C(tense):C(valence) + C(tense):C(dominance) + C(tense):log_frequency + C(tense):lex_emb_norm + C(semantic_role):C(syntactic_role) + C(semantic_role):C(valence) + C(semantic_role):C(dominance) + C(semantic_role):log_frequency + C(semantic_role):lex_emb_norm + C(syntactic_role):C(valence) + C(syntactic_role):C(dominance) + C(syntactic_role):log_frequency + C(valence):C(dominance) + C(valence):log_frequency + C(valence):lex_emb_norm + C(dominance):log_frequency + C(dominance):lex_emb_norm + log_frequency:lex_emb_norm,1 + C(semantic_role) + C(syntactic_role) + C(valence) + C(dominance),profession,lbfgs,True,1,['ConvergenceWarning: The MLE may be on the boundary of the parameter space.'],True,18146.553001708322,18700.963558961626,-9001.276500854161,16320,0.17054317721519788,0.021466531185712658,0.942990049127994,0.0,0.038049451067198106,0.008432857122765302,0.0026660462481812035,0.0013018966984744628,4.4240228378663835e-06,0.000670465160713718,0.03921288755016055,0.0036190367253099666,0.0012781523077646049,0.0038060710929438634,4.7006960974687585e-06,0.00012603575675446745,0.0004555684020119659,0.0029281036852722713,0.0015097937116771813,0.33856395713739357,0.04541861943626128,0.0012398013181343247,0.002203509703984652,0.00046721506570846356,1.1988781084451085e-07,0.5715267132710675,0.0421413303663925,0.0011051493885920326,,2.8232490119107946e-07,0.00012125178338887782,2.098731174151812,0.010394050614047102,0.0854688460824491,0.0029417858693201846,0.003977183480656081
/mnt/hum01-rds/Nikolaev_Dmitry/flos-code/model_selection_data/runs/he_she_odds_results__EleutherAI_pythia-6.9b-deduped__f50b9535,he_she_odds_results__EleutherAI_pythia-6.9b-deduped__f50b9535,/mnt/hum01-rds/Nikolaev_Dmitry/flos-code/modelling_data/he_she_odds_results__EleutherAI_pythia-6.9b-deduped.csv,EleutherAI_pythia-6.9b-deduped,selected_mixed_random_slopes__candidate__0__C_valence_log_frequency,/mnt/hum01-rds/Nikolaev_Dmitry/flos-code/model_selection_data/runs/he_she_odds_results__EleutherAI_pythia-6.9b-deduped__f50b9535/models/selected_mixed_random_slopes__candidate__0__C_valence_log_frequency,random_slopes,log_he_she_odds ~ C(tense) + C(semantic_role) + C(syntactic_role) + C(valence) + C(dominance) + log_frequency + lex_emb_norm + C(tense):C(semantic_role) + C(tense):C(syntactic_role) + C(tense):C(valence) + C(tense):C(dominance) + C(tense):log_frequency + C(tense):lex_emb_norm + C(semantic_role):C(syntactic_role) + C(semantic_role):C(valence) + C(semantic_role):C(dominance) + C(semantic_role):log_frequency + C(semantic_role):lex_emb_norm + C(syntactic_role):C(valence) + C(syntactic_role):C(dominance) + C(syntactic_role):log_frequency + C(syntactic_role):lex_emb_norm + C(valence):C(dominance) + C(valence):lex_emb_norm + C(dominance):log_frequency + C(dominance):lex_emb_norm + log_frequency:lex_emb_norm,1 + C(semantic_role) + C(syntactic_role) + C(valence) + C(dominance),profession,lbfgs,True,1,['ConvergenceWarning: The MLE may be on the boundary of the parameter space.'],True,18146.716386763088,18701.126944016392,-9001.358193381544,16320,0.17054362759641298,0.01622506935535741,0.9428166869439902,0.0,0.03804945106719896,0.007275042751231438,4.901038337667782e-05,0.0012047182726568956,1.1995433450198366e-07,0.0006704651607137211,0.03921288755015957,0.003619036725309634,0.0012781523077646717,0.003806071092943859,4.700696097466214e-06,0.00012603575675445867,0.00045556840201193524,0.0029281036852722344,0.0015097937116772824,0.4379995819716072,0.045418619436267495,0.0014069735105452722,0.007745286754506551,,1.0252515134028725e-05,0.5552106302160861,0.042141330366398,0.0005855415471475333,0.007466664188153784,0.00040394719864360356,0.0001594447625529307,2.097284554064437,0.010382917924682515,0.08468857645933414,0.0029995310513301985,0.0039779039057690185
/mnt/hum01-rds/Nikolaev_Dmitry/flos-code/model_selection_data/runs/he_she_odds_results__EleutherAI_pythia-6.9b-deduped__f50b9535,he_she_odds_results__EleutherAI_pythia-6.9b-deduped__f50b9535,/mnt/hum01-rds/Nikolaev_Dmitry/flos-code/modelling_data/he_she_odds_results__EleutherAI_pythia-6.9b-deduped.csv,EleutherAI_pythia-6.9b-deduped,selected_mixed_random_slopes__candidate__0__C_semantic_role_log_frequency,/mnt/hum01-rds/Nikolaev_Dmitry/flos-code/model_selection_data/runs/he_she_odds_results__EleutherAI_pythia-6.9b-deduped__f50b9535/models/selected_mixed_random_slopes__candidate__0__C_semantic_role_log_frequency,random_slopes,log_he_she_odds ~ C(tense) + C(semantic_role) + C(syntactic_role) + C(valence) + C(dominance) + log_frequency + lex_emb_norm + C(tense):C(semantic_role) + C(tense):C(syntactic_role) + C(tense):C(valence) + C(tense):C(dominance) + C(tense):log_frequency + C(tense):lex_emb_norm + C(semantic_role):C(syntactic_role) + C(semantic_role):C(valence) + C(semantic_role):C(dominance) + C(semantic_role):lex_emb_norm + C(syntactic_role):C(valence) + C(syntactic_role):C(dominance) + C(syntactic_role):log_frequency + C(syntactic_role):lex_emb_norm + C(valence):C(dominance) + C(valence):log_frequency + C(valence):lex_emb_norm + C(dominance):log_frequency + C(dominance):lex_emb_norm + log_frequency:lex_emb_norm,1 + C(semantic_role) + C(syntactic_role) + C(valence) + C(dominance),profession,lbfgs,True,1,['ConvergenceWarning: The MLE may be on the boundary of the parameter space.'],True,18146.739174765535,18701.14973201884,-9001.369587382767,16320,0.1705433255104249,0.024379345839308366,0.9430098135891555,1.9722731131207353e-31,0.03804945106719765,0.0079049069631282,5.839039458153147e-05,0.0010618388078790543,6.221711896647046e-07,0.0006704651607137144,0.03921288755016057,0.0036190367253099943,0.0012781523077645817,0.003806071092943789,4.700696097470736e-06,0.0001260357567544736,0.0004555684020119197,0.0029281036852721576,0.0015097937116772071,0.23413017512786735,0.0454186194362717,,0.00661968220738442,0.0004851548768543041,7.35131403067581e-05,0.7978005334892819,0.04214133036639928,0.004147949481015708,0.006286291616006491,1.2330580566156914e-05,2.0358144912542058e-11,2.0964406636620883,0.010566217729534883,0.08479307211549195,0.002936449925258264,0.003974676823681857
/mnt/hum01-rds/Nikolaev_Dmitry/flos-code/model_selection_data/runs/he_she_odds_results__EleutherAI_pythia-6.9b-deduped__f50b9535,he_she_odds_results__EleutherAI_pythia-6.9b-deduped__f50b9535,/mnt/hum01-rds/Nikolaev_Dmitry/flos-code/modelling_data/he_she_odds_results__EleutherAI_pythia-6.9b-deduped.csv,EleutherAI_pythia-6.9b-deduped,selected_mixed_random_slopes__candidate__0__C_syntactic_role_log_frequency,/mnt/hum01-rds/Nikolaev_Dmitry/flos-code/model_selection_data/runs/he_she_odds_results__EleutherAI_pythia-6.9b-deduped__f50b9535/models/selected_mixed_random_slopes__candidate__0__C_syntactic_role_log_frequency,random_slopes,log_he_she_odds ~ C(tense) + C(semantic_role) + C(syntactic_role) + C(valence) + C(dominance) + log_frequency + lex_emb_norm + C(tense):C(semantic_role) + C(tense):C(syntactic_role) + C(tense):C(valence) + C(tense):C(dominance) + C(tense):log_frequency + C(tense):lex_emb_norm + C(semantic_role):C(syntactic_role) + C(semantic_role):C(valence) + C(semantic_role):C(dominance) + C(semantic_role):log_frequency + C(semantic_role):lex_emb_norm + C(syntactic_role):C(valence) + C(syntactic_role):C(dominance) + C(syntactic_role):lex_emb_norm + C(valence):C(dominance) + C(valence):log_frequency + C(valence):lex_emb_norm + C(dominance):log_frequency + C(dominance):lex_emb_norm + log_frequency:lex_emb_norm,1 + C(semantic_role) + C(syntactic_role) + C(valence) + C(dominance),profession,lbfgs,True,1,['ConvergenceWarning: The MLE may be on the boundary of the parameter space.'],True,18146.774929413717,18701.185486667022,-9001.387464706859,16320,0.17054325592644293,0.016906436704876186,0.9428065831999376,1.9722731131207353e-31,0.03804945106719731,0.007433427568283032,0.00023975630669573417,0.0010899110038388228,5.69541991057375e-08,0.0006704651607137074,0.03921288755015956,0.0036190367253100503,0.0012781523077644988,0.0038060710929439193,4.700696097471798e-06,0.0001260357567544874,0.0004555684020119681,0.002928103685272295,0.0015097937116772193,0.4381052192249397,0.04541861943626712,0.0007800549387011984,,0.0003092955187870888,4.346084431479642e-06,0.55532904873057,0.04214133036639675,0.0011879719055942714,6.28092030810979e-05,1.5553509262162224e-06,0.00013063543800573757,2.0977330243253705,0.010406022940862566,0.08604026705274459,0.002944498102601602,0.003984231406890378
/mnt/hum01-rds/Nikolaev_Dmitry/flos-code/model_selection_data/runs/he_she_odds_results__EleutherAI_pythia-6.9b-deduped__f50b9535,he_she_odds_results__EleutherAI_pythia-6.9b-deduped__f50b9535,/mnt/hum01-rds/Nikolaev_Dmitry/flos-code/modelling_data/he_she_odds_results__EleutherAI_pythia-6.9b-deduped.csv,EleutherAI_pythia-6.9b-deduped,selected_mixed_random_slopes,/mnt/hum01-rds/Nikolaev_Dmitry/flos-code/model_selection_data/runs/he_she_odds_results__EleutherAI_pythia-6.9b-deduped__f50b9535/models/selected_mixed_random_slopes,random_slopes,log_he_she_odds ~ C(tense) + C(semantic_role) + C(syntactic_role) + C(valence) + C(dominance) + log_frequency + lex_emb_norm + C(tense):C(semantic_role) + C(tense):C(syntactic_role) + C(tense):C(valence) + C(tense):C(dominance) + C(tense):log_frequency + C(tense):lex_emb_norm + C(semantic_role):C(syntactic_role) + C(semantic_role):C(valence) + C(semantic_role):C(dominance) + C(semantic_role):log_frequency + C(semantic_role):lex_emb_norm + C(syntactic_role):C(valence) + C(syntactic_role):C(dominance) + C(syntactic_role):log_frequency + C(syntactic_role):lex_emb_norm + C(valence):C(dominance) + C(valence):log_frequency + C(valence):lex_emb_norm + C(dominance):log_frequency + C(dominance):lex_emb_norm + log_frequency:lex_emb_norm,1 + C(semantic_role) + C(syntactic_role) + C(valence) + C(dominance),profession,lbfgs,True,1,['ConvergenceWarning: The MLE may be on the boundary of the parameter space.'],True,18148.184945611923,18710.295649493746,-9001.092472805962,16320,0.17054337405372996,0.02638791799210631,0.943136121292779,4.930682782801838e-32,0.03804945106719616,0.007084043406888176,5.164410753702952e-06,0.0010168027364504922,1.9709694177595207e-07,0.0006704651607137214,0.03921288755016034,0.003619036725309467,0.001278152307764747,0.003806071092943806,4.7006960974675786e-06,0.00012603575675444642,0.0004555684020119322,0.0029281036852721706,0.001509793711677254,0.18310424892849325,0.04541861943625682,0.0024208733084556955,0.01878502207957678,0.0008568982420550747,2.4967422815794455e-05,0.8841457782847639,0.04214133036638738,0.0001360611818657029,0.019317613907612607,0.00012721853852824477,1.473758910411558e-05,2.0977887274167246,0.010372435328465608,0.0845461471587533,0.0029338751080682907,0.0039717704652461085
/mnt/hum01-rds/Nikolaev_Dmitry/flos-code/model_selection_data/runs/he_she_odds_results__EleutherAI_pythia-6.9b-deduped__f50b9535,he_she_odds_results__EleutherAI_pythia-6.9b-deduped__f50b9535,/mnt/hum01-rds/Nikolaev_Dmitry/flos-code/modelling_data/he_she_odds_results__EleutherAI_pythia-6.9b-deduped.csv,EleutherAI_pythia-6.9b-deduped,selected_mixed_random_slopes__full,/mnt/hum01-rds/Nikolaev_Dmitry/flos-code/model_selection_data/runs/he_she_odds_results__EleutherAI_pythia-6.9b-deduped__f50b9535/models/selected_mixed_random_slopes__full,random_slopes,log_he_she_odds ~ C(tense) + C(semantic_role) + C(syntactic_role) + C(valence) + C(dominance) + log_frequency + lex_emb_norm + C(tense):C(semantic_role) + C(tense):C(syntactic_role) + C(tense):C(valence) + C(tense):C(dominance) + C(tense):log_frequency + C(tense):lex_emb_norm + C(semantic_role):C(syntactic_role) + C(semantic_role):C(valence) + C(semantic_role):C(dominance) + C(semantic_role):log_frequency + C(semantic_role):lex_emb_norm + C(syntactic_role):C(valence) + C(syntactic_role):C(dominance) + C(syntactic_role):log_frequency + C(syntactic_role):lex_emb_norm + C(valence):C(dominance) + C(valence):log_frequency + C(valence):lex_emb_norm + C(dominance):log_frequency + C(dominance):lex_emb_norm + log_frequency:lex_emb_norm,1 + C(semantic_role) + C(syntactic_role) + C(valence) + C(dominance),profession,lbfgs,True,1,['ConvergenceWarning: The MLE may be on the boundary of the parameter space.'],True,18148.184945611923,18710.295649493746,-9001.092472805962,16320,0.17054337405372996,0.02638791799210631,0.943136121292779,4.930682782801838e-32,0.03804945106719616,0.007084043406888176,5.164410753702952e-06,0.0010168027364504922,1.9709694177595207e-07,0.0006704651607137214,0.03921288755016034,0.003619036725309467,0.001278152307764747,0.003806071092943806,4.7006960974675786e-06,0.00012603575675444642,0.0004555684020119322,0.0029281036852721706,0.001509793711677254,0.18310424892849325,0.04541861943625682,0.0024208733084556955,0.01878502207957678,0.0008568982420550747,2.4967422815794455e-05,0.8841457782847639,0.04214133036638738,0.0001360611818657029,0.019317613907612607,0.00012721853852824477,1.473758910411558e-05,2.0977887274167246,0.010372435328465608,0.0845461471587533,0.0029338751080682907,0.0039717704652461085
/mnt/hum01-rds/Nikolaev_Dmitry/flos-code/model_selection_data/runs/he_she_odds_results__EleutherAI_pythia-6.9b-deduped__f50b9535,he_she_odds_results__EleutherAI_pythia-6.9b-deduped__f50b9535,/mnt/hum01-rds/Nikolaev_Dmitry/flos-code/modelling_data/he_she_odds_results__EleutherAI_pythia-6.9b-deduped.csv,EleutherAI_pythia-6.9b-deduped,selected_mixed_random_slopes__candidate__0__C_semantic_role_C_dominance,/mnt/hum01-rds/Nikolaev_Dmitry/flos-code/model_selection_data/runs/he_she_odds_results__EleutherAI_pythia-6.9b-deduped__f50b9535/models/selected_mixed_random_slopes__candidate__0__C_semantic_role_C_dominance,random_slopes,log_he_she_odds ~ C(tense) + C(semantic_role) + C(syntactic_role) + C(valence) + C(dominance) + log_frequency + lex_emb_norm + C(tense):C(semantic_role) + C(tense):C(syntactic_role) + C(tense):C(valence) + C(tense):C(dominance) + C(tense):log_frequency + C(tense):lex_emb_norm + C(semantic_role):C(syntactic_role) + C(semantic_role):C(valence) + C(semantic_role):log_frequency + C(semantic_role):lex_emb_norm + C(syntactic_role):C(valence) + C(syntactic_role):C(dominance) + C(syntactic_role):log_frequency + C(syntactic_role):lex_emb_norm + C(valence):C(dominance) + C(valence):log_frequency + C(valence):lex_emb_norm + C(dominance):log_frequency + C(dominance):lex_emb_norm + log_frequency:lex_emb_norm,1 + C(semantic_role) + C(syntactic_role) + C(valence) + C(dominance),profession,lbfgs,True,1,['ConvergenceWarning: The MLE may be on the boundary of the parameter space.'],True,18150.204534927645,18704.61509218095,-9003.102267463822,16320,0.17058519752080603,0.026344361083255805,0.9431401556594771,4.930682782801838e-32,0.038049451067197974,0.006034974655605753,5.164410750234172e-06,0.0010168027364345744,3.645387181464509e-05,0.0006704651607137135,0.03921288755016024,0.0036190367253100164,0.0012781523077644893,0.00380607109294391,4.7006960974703585e-06,,0.0004555684020119769,0.0029281036852722908,0.0015097937116771458,0.18110610390294407,0.0454186194362622,0.002420873308504631,0.018785022081540464,0.0008568982421636231,2.49674228315852e-05,0.8807581763045058,0.04214133036639367,0.00013606118185289213,0.019317613910114564,0.0001272185385821913,1.4737589088201557e-05,2.0862689877037455,0.010372505183992055,0.08454398065883187,0.002934950817160396,0.0039736805024900785
/mnt/hum01-rds/Nikolaev_Dmitry/flos-code/model_selection_data/runs/he_she_odds_results__EleutherAI_pythia-6.9b-deduped__f50b9535,he_she_odds_results__EleutherAI_pythia-6.9b-deduped__f50b9535,/mnt/hum01-rds/Nikolaev_Dmitry/flos-code/modelling_data/he_she_odds_results__EleutherAI_pythia-6.9b-deduped.csv,EleutherAI_pythia-6.9b-deduped,selected_mixed_random_slopes__candidate__0__C_syntactic_role_C_valence,/mnt/hum01-rds/Nikolaev_Dmitry/flos-code/model_selection_data/runs/he_she_odds_results__EleutherAI_pythia-6.9b-deduped__f50b9535/models/selected_mixed_random_slopes__candidate__0__C_syntactic_role_C_valence,random_slopes,log_he_she_odds ~ C(tense) + C(semantic_role) + C(syntactic_role) + C(valence) + C(dominance) + log_frequency + lex_emb_norm + C(tense):C(semantic_role) + C(tense):C(syntactic_role) + C(tense):C(valence) + C(tense):C(dominance) + C(tense):log_frequency + C(tense):lex_emb_norm + C(semantic_role):C(syntactic_role) + C(semantic_role):C(valence) + C(semantic_role):C(dominance) + C(semantic_role):log_frequency + C(semantic_role):lex_emb_norm + C(syntactic_role):C(dominance) + C(syntactic_role):log_frequency + C(syntactic_role):lex_emb_norm + C(valence):C(dominance) + C(valence):log_frequency + C(valence):lex_emb_norm + C(dominance):log_frequency + C(dominance):lex_emb_norm + log_frequency:lex_emb_norm,1 + C(semantic_role) + C(syntactic_role) + C(valence) + C(dominance),profession,lbfgs,True,1,['ConvergenceWarning: The MLE may be on the boundary of the parameter space.'],True,18160.70917072831,18715.119727981615,-9008.354585364155,16320,0.17069651141203068,0.026348082060355205,0.9430424142785613,0.0,0.038049451067198155,0.007084043406870032,0.00010101170795808742,0.001954553857261281,1.9709694245046095e-07,0.0006704651607137226,0.03921288755015998,0.0036190367253098005,0.0012781523077646762,0.0038060710929439107,4.7006960974692904e-06,0.00012603575675446517,,0.0029281036852723177,0.0015097937116772076,0.18226256701368793,0.04541861943626306,0.0024208733084889644,0.0187850220806368,0.0008568982421099835,2.496742282348089e-05,0.882720285428968,0.04214133036639354,0.00013606118185432555,0.019317613909627208,0.00012721853857254698,1.4737589091316775e-05,2.092940084670174,0.010364343735581065,0.08448687163403441,0.0029294120683064206,0.0039718348150051255
/mnt/hum01-rds/Nikolaev_Dmitry/flos-code/model_selection_data/runs/he_she_odds_results__EleutherAI_pythia-6.9b-deduped__f50b9535,he_she_odds_results__EleutherAI_pythia-6.9b-deduped__f50b9535,/mnt/hum01-rds/Nikolaev_Dmitry/flos-code/modelling_data/he_she_odds_results__EleutherAI_pythia-6.9b-deduped.csv,EleutherAI_pythia-6.9b-deduped,selected_mixed_random_slopes__candidate__0__C_tense_C_semantic_role,/mnt/hum01-rds/Nikolaev_Dmitry/flos-code/model_selection_data/runs/he_she_odds_results__EleutherAI_pythia-6.9b-deduped__f50b9535/models/selected_mixed_random_slopes__candidate__0__C_tense_C_semantic_role,random_slopes,log_he_she_odds ~ C(tense) + C(semantic_role) + C(syntactic_role) + C(valence) + C(dominance) + log_frequency + lex_emb_norm + C(tense):C(syntactic_role) + C(tense):C(valence) + C(tense):C(dominance) + C(tense):log_frequency + C(tense):lex_emb_norm + C(semantic_role):C(syntactic_role) + C(semantic_role):C(valence) + C(semantic_role):C(dominance) + C(semantic_role):log_frequency + C(semantic_role):lex_emb_norm + C(syntactic_role):C(valence) + C(syntactic_role):C(dominance) + C(syntactic_role):log_frequency + C(syntactic_role):lex_emb_norm + C(valence):C(dominance) + C(valence):log_frequency + C(valence):lex_emb_norm + C(dominance):log_frequency + C(dominance):lex_emb_norm + log_frequency:lex_emb_norm,1 + C(semantic_role) + C(syntactic_role) + C(valence) + C(dominance),profession,lbfgs,True,1,['ConvergenceWarning: The MLE may be on the boundary of the parameter space.'],True,18170.216905456153,18693.826876195384,-9017.108452728076,16320,0.1708822396227028,0.02628539915911881,0.9429887486879196,4.930682782801838e-32,0.03666022034332001,0.007175545557050268,5.164410778824155e-06,0.0010168027365433003,1.9709694071355665e-07,,0.0392128875501598,0.003619036725310154,0.0012781523077644874,0.003806071092943823,4.700696097472827e-06,0.00012603575675449022,0.00045556840201192906,0.002928103685272218,0.0015097937116771813,0.1824778530383592,0.045418619436275155,0.002420873308470417,0.018785022080024517,0.0008568982420769363,2.4967422818792253e-05,0.8830851022023407,0.042141330366403745,0.00013606118186658756,0.0193176139078034,0.00012721853853196597,1.4737589102772822e-05,2.094180803546182,0.010368541960539874,0.08449320084874179,0.0029282175442957616,0.003969197601802449
/mnt/hum01-rds/Nikolaev_Dmitry/flos-code/model_selection_data/runs/he_she_odds_results__EleutherAI_pythia-6.9b-deduped__f50b9535,he_she_odds_results__EleutherAI_pythia-6.9b-deduped__f50b9535,/mnt/hum01-rds/Nikolaev_Dmitry/flos-code/modelling_data/he_she_odds_results__EleutherAI_pythia-6.9b-deduped.csv,EleutherAI_pythia-6.9b-deduped,selected_mixed_random_slopes__candidate__0__C_tense_C_dominance,/mnt/hum01-rds/Nikolaev_Dmitry/flos-code/model_selection_data/runs/he_she_odds_results__EleutherAI_pythia-6.9b-deduped__f50b9535/models/selected_mixed_random_slopes__candidate__0__C_tense_C_dominance,random_slopes,log_he_she_odds ~ C(tense) + C(semantic_role) + C(syntactic_role) + C(valence) + C(dominance) + log_frequency + lex_emb_norm + C(tense):C(semantic_role) + C(tense):C(syntactic_role) + C(tense):C(valence) + C(tense):log_frequency + C(tense):lex_emb_norm + C(semantic_role):C(syntactic_role) + C(semantic_role):C(valence) + C(semantic_role):C(dominance) + C(semantic_role):log_frequency + C(semantic_role):lex_emb_norm + C(syntactic_role):C(valence) + C(syntactic_role):C(dominance) + C(syntactic_role):log_frequency + C(syntactic_role):lex_emb_norm + C(valence):C(dominance) + C(valence):log_frequency + C(valence):lex_emb_norm + C(dominance):log_frequency + C(dominance):lex_emb_norm + log_frequency:lex_emb_norm,1 + C(semantic_role) + C(syntactic_role) + C(valence) + C(dominance),profession,lbfgs,True,1,['ConvergenceWarning: The MLE may be on the boundary of the parameter space.'],True,18181.03974945654,18704.64972019577,-9022.51987472827,16320,0.1709967047873529,0.026274870270454127,0.9428446878079005,1.9722731131207353e-31,0.031849007071218106,0.007084043406904538,5.164410755590639e-06,0.001016802736458374,0.00039878158780868727,0.0006704651607137136,0.039212887550160086,0.003619036725310376,,0.0038060710929437988,4.700696097470979e-06,0.00012603575675448116,0.00045556840201193595,0.0029281036852721845,0.001509793711677202,0.18046776605854772,0.0454186194362678,0.0024208733084503985,0.018785022079083037,0.0008568982420202109,2.4967422810492357e-05,0.879673396889797,0.042141330366397924,0.00013606118187206898,0.019317613906376957,0.00012721853849797488,1.473758911286442e-05,2.082582165611884,0.010350841092877145,0.08450949194244176,0.0029258734844801806,0.00396703004423532
/mnt/hum01-rds/Nikolaev_Dmitry/flos-code/model_selection_data/runs/he_she_odds_results__EleutherAI_pythia-6.9b-deduped__f50b9535,he_she_odds_results__EleutherAI_pythia-6.9b-deduped__f50b9535,/mnt/hum01-rds/Nikolaev_Dmitry/flos-code/modelling_data/he_she_odds_results__EleutherAI_pythia-6.9b-deduped.csv,EleutherAI_pythia-6.9b-deduped,selected_mixed_random_slopes__candidate__0__C_tense_lex_emb_norm,/mnt/hum01-rds/Nikolaev_Dmitry/flos-code/model_selection_data/runs/he_she_odds_results__EleutherAI_pythia-6.9b-deduped__f50b9535/models/selected_mixed_random_slopes__candidate__0__C_tense_lex_emb_norm,random_slopes,log_he_she_odds ~ C(tense) + C(semantic_role) + C(syntactic_role) + C(valence) + C(dominance) + log_frequency + lex_emb_norm + C(tense):C(semantic_role) + C(tense):C(syntactic_role) + C(tense):C(valence) + C(tense):C(dominance) + C(tense):log_frequency + C(semantic_role):C(syntactic_role) + C(semantic_role):C(valence) + C(semantic_role):C(dominance) + C(semantic_role):log_frequency + C(semantic_role):lex_emb_norm + C(syntactic_role):C(valence) + C(syntactic_role):C(dominance) + C(syntactic_role):log_frequency + C(syntactic_role):lex_emb_norm + C(valence):C(dominance) + C(valence):log_frequency + C(valence):lex_emb_norm + C(dominance):log_frequency + C(dominance):lex_emb_norm + log_frequency:lex_emb_norm,1 + C(semantic_role) + C(syntactic_role) + C(valence) + C(dominance),profession,lbfgs,True,1,['ConvergenceWarning: The MLE may be on the boundary of the parameter space.'],True,18187.9707696056,18711.58074034483,-9025.9853848028,16320,0.17107002755274497,0.02623735109335182,0.9428870375204746,1.9722731131207353e-31,0.01913631877650521,0.007084043406853856,5.164410736033015e-06,0.0010168027363828454,1.9709694259909368e-07,0.000670465160713715,0.03921288755016071,0.0036190367253098234,0.0012781523077645721,0.003806071092943808,4.70069609746794e-06,0.00012603575675446604,0.000455568402011934,0.0029281036852722166,0.0015097937116772373,0.20270397902034518,0.0077781631641649935,0.0024208733084727717,0.018785022079992587,0.0008568982420727022,2.4967422818104808e-05,0.830322237883761,,0.000136061181854776,0.019317613909523277,0.00012721853856806012,1.4737589092571463e-05,2.0920465328416316,0.010365928391810742,0.08448526927708379,0.0029271207264798716,0.0039659209422151466
/mnt/hum01-rds/Nikolaev_Dmitry/flos-code/model_selection_data/runs/he_she_odds_results__EleutherAI_pythia-6.9b-deduped__f50b9535,he_she_odds_results__EleutherAI_pythia-6.9b-deduped__f50b9535,/mnt/hum01-rds/Nikolaev_Dmitry/flos-code/modelling_data/he_she_odds_results__EleutherAI_pythia-6.9b-deduped.csv,EleutherAI_pythia-6.9b-deduped,selected_mixed_random_slopes__candidate__0__C_valence_C_dominance,/mnt/hum01-rds/Nikolaev_Dmitry/flos-code/model_selection_data/runs/he_she_odds_results__EleutherAI_pythia-6.9b-deduped__f50b9535/models/selected_mixed_random_slopes__candidate__0__C_valence_C_dominance,random_slopes,log_he_she_odds ~ C(tense) + C(semantic_role) + C(syntactic_role) + C(valence) + C(dominance) + log_frequency + lex_emb_norm + C(tense):C(semantic_role) + C(tense):C(syntactic_role) + C(tense):C(valence) + C(tense):C(dominance) + C(tense):log_frequency + C(tense):lex_emb_norm + C(semantic_role):C(syntactic_role) + C(semantic_role):C(valence) + C(semantic_role):C(dominance) + C(semantic_role):log_frequency + C(semantic_role):lex_emb_norm + C(syntactic_role):C(valence) + C(syntactic_role):C(dominance) + C(syntactic_role):log_frequency + C(syntactic_role):lex_emb_norm + C(valence):log_frequency + C(valence):lex_emb_norm + C(dominance):log_frequency + C(dominance):lex_emb_norm + log_frequency:lex_emb_norm,1 + C(semantic_role) + C(syntactic_role) + C(valence) + C(dominance),profession,lbfgs,True,1,['ConvergenceWarning: The MLE may be on the boundary of the parameter space.'],True,18194.269704099657,18748.68026135296,-9025.134852049829,16320,0.17105201166553377,0.026240570415836256,0.9428859498955813,1.9722731131207353e-31,0.03804945106719501,0.007084043406920386,5.164410758707408e-06,8.937405896444166e-05,0.0005233806943558517,0.0006704651607137109,0.03921288755016034,0.0036190367253101444,0.0012781523077644741,0.003806071092943832,4.70069609747075e-06,0.0001260357567544777,0.0004555684020119595,0.0029281036852722327,,0.18154378452260683,0.0454186194362624,0.002420873308451489,0.018785022079292092,0.0008568982420360554,2.4967422812930114e-05,0.8815012433536679,0.042141330366389965,0.00013606118186992896,0.01931761390723645,0.00012721853852144154,1.473758910573893e-05,2.0887950082899587,0.010361603915468594,0.08447483642485927,0.002926478598522483,0.0039676286822807605
/mnt/hum01-rds/Nikolaev_Dmitry/flos-code/model_selection_data/runs/he_she_odds_results__EleutherAI_pythia-6.9b-deduped__f50b9535,he_she_odds_results__EleutherAI_pythia-6.9b-deduped__f50b9535,/mnt/hum01-rds/Nikolaev_Dmitry/flos-code/modelling_data/he_she_odds_results__EleutherAI_pythia-6.9b-deduped.csv,EleutherAI_pythia-6.9b-deduped,selected_mixed_random_slopes__candidate__0__C_tense_C_valence,/mnt/hum01-rds/Nikolaev_Dmitry/flos-code/model_selection_data/runs/he_she_odds_results__EleutherAI_pythia-6.9b-deduped__f50b9535/models/selected_mixed_random_slopes__candidate__0__C_tense_C_valence,random_slopes,log_he_she_odds ~ C(tense) + C(semantic_role) + C(syntactic_role) + C(valence) + C(dominance) + log_frequency + lex_emb_norm + C(tense):C(semantic_role) + C(tense):C(syntactic_role) + C(tense):C(dominance) + C(tense):log_frequency + C(tense):lex_emb_norm + C(semantic_role):C(syntactic_role) + C(semantic_role):C(valence) + C(semantic_role):C(dominance) + C(semantic_role):log_frequency + C(semantic_role):lex_emb_norm + C(syntactic_role):C(valence) + C(syntactic_role):C(dominance) + C(syntactic_role):log_frequency + C(syntactic_role):lex_emb_norm + C(valence):C(dominance) + C(valence):log_frequency + C(valence):lex_emb_norm + C(dominance):log_frequency + C(dominance):lex_emb_norm + log_frequency:lex_emb_norm,1 + C(semantic_role) + C(syntactic_role) + C(valence) + C(dominance),profession,lbfgs,True,1,['ConvergenceWarning: The MLE may be on the boundary of the parameter space.'],True,18216.354531804333,18739.964502543564,-9040.177265902166,16320,0.1713705061717755,0.02611417518053829,0.9428334587073072,4.930682782801838e-32,0.0421718801796978,0.007084043406829884,5.164410734422452e-06,0.005836719311176404,1.9709694256199126e-07,0.000670465160713715,0.03921288755016048,,0.0012781523077646255,0.003806071092943705,4.70069609746531e-06,0.00012603575675445924,0.0004555684020119162,0.0029281036852721667,0.001509793711677226,0.1818817535227001,0.045418619436268765,0.002420873308525008,0.018785022082111018,0.0008568982421938279,2.4967422835711543e-05,0.8820746279051335,0.042141330366401206,0.00013606118183837144,0.019317613911933866,0.00012721853861777252,1.4737589078305903e-05,2.0907445171727495,0.010363908734748595,0.08450098032067913,0.0029251643326743534,0.003965387563400202
/mnt/hum01-rds/Nikolaev_Dmitry/flos-code/model_selection_data/runs/he_she_odds_results__EleutherAI_pythia-6.9b-deduped__f50b9535,he_she_odds_results__EleutherAI_pythia-6.9b-deduped__f50b9535,/mnt/hum01-rds/Nikolaev_Dmitry/flos-code/modelling_data/he_she_odds_results__EleutherAI_pythia-6.9b-deduped.csv,EleutherAI_pythia-6.9b-deduped,selected_mixed_random_slopes__candidate__0__C_tense_log_frequency,/mnt/hum01-rds/Nikolaev_Dmitry/flos-code/model_selection_data/runs/he_she_odds_results__EleutherAI_pythia-6.9b-deduped__f50b9535/models/selected_mixed_random_slopes__candidate__0__C_tense_log_frequency,random_slopes,log_he_she_odds ~ C(tense) + C(semantic_role) + C(syntactic_role) + C(valence) + C(dominance) + log_frequency + lex_emb_norm + C(tense):C(semantic_role) + C(tense):C(syntactic_role) + C(tense):C(valence) + C(tense):C(dominance) + C(tense):lex_emb_norm + C(semantic_role):C(syntactic_role) + C(semantic_role):C(valence) + C(semantic_role):C(dominance) + C(semantic_role):log_frequency + C(semantic_role):lex_emb_norm + C(syntactic_role):C(valence) + C(syntactic_role):C(dominance) + C(syntactic_role):log_frequency + C(syntactic_role):lex_emb_norm + C(valence):C(dominance) + C(valence):log_frequency + C(valence):lex_emb_norm + C(dominance):log_frequency + C(dominance):lex_emb_norm + log_frequency:lex_emb_norm,1 + C(semantic_role) + C(syntactic_role) + C(valence) + C(dominance),profession,lbfgs,True,1,['ConvergenceWarning: The MLE may be on the boundary of the parameter space.'],True,18225.58109116135,18749.191061900583,-9044.790545580676,16320,0.17146928865406044,0.026134305420482826,0.9427344279654968,0.0,0.03215069957839026,0.007084043406852666,5.164410740246947e-06,0.0010168027364019017,1.9709694234825046e-07,0.0006704651607137198,0.03921288755016117,0.0036190367253097736,0.0012781523077646654,0.0038060710929438786,4.700696097466658e-06,0.00012603575675445276,0.00045556840201195145,0.002928103685272251,0.0015097937116772787,0.23078586942386556,,0.0024208733084893313,0.018785022080582695,0.0008568982421050012,2.4967422822660863e-05,0.8067143958670143,0.0025495373190041735,0.00013606118184534885,0.01931761391096353,0.00012721853859802906,1.4737589084120244e-05,2.1028479610879813,0.010352299225927914,0.08444029100985313,0.002922471812303659,0.0039645466208990884
/mnt/hum01-rds/Nikolaev_Dmitry/flos-code/model_selection_data/runs/he_she_odds_results__EleutherAI_pythia-6.9b-deduped__f50b9535,he_she_odds_results__EleutherAI_pythia-6.9b-deduped__f50b9535,/mnt/hum01-rds/Nikolaev_Dmitry/flos-code/modelling_data/he_she_odds_results__EleutherAI_pythia-6.9b-deduped.csv,EleutherAI_pythia-6.9b-deduped,selected_mixed_random_slopes__candidate__0__C_syntactic_role_C_dominance,/mnt/hum01-rds/Nikolaev_Dmitry/flos-code/model_selection_data/runs/he_she_odds_results__EleutherAI_pythia-6.9b-deduped__f50b9535/models/selected_mixed_random_slopes__candidate__0__C_syntactic_role_C_dominance,random_slopes,log_he_she_odds ~ C(tense) + C(semantic_role) + C(syntactic_role) + C(valence) + C(dominance) + log_frequency + lex_emb_norm + C(tense):C(semantic_role) + C(tense):C(syntactic_role) + C(tense):C(valence) + C(tense):C(dominance) + C(tense):log_frequency + C(tense):lex_emb_norm + C(semantic_role):C(syntactic_role) + C(semantic_role):C(valence) + C(semantic_role):C(dominance) + C(semantic_role):log_frequency + C(semantic_role):lex_emb_norm + C(syntactic_role):C(valence) + C(syntactic_role):log_frequency + C(syntactic_role):lex_emb_norm + C(valence):C(dominance) + C(valence):log_frequency + C(valence):lex_emb_norm + C(dominance):log_frequency + C(dominance):lex_emb_norm + log_frequency:lex_emb_norm,1 + C(semantic_role) + C(syntactic_role) + C(valence) + C(dominance),profession,lbfgs,True,1,['ConvergenceWarning: The MLE may be on the boundary of the parameter space.'],True,18239.311150990863,18793.721708244168,-9047.655575495432,16320,0.1715304417528886,0.02614910978253462,0.9426631132737449,1.9722731131207353e-31,0.038049451067198946,0.007084043406952582,0.0008392039950307502,0.001016802736535774,0.00094849190915173,0.000670465160713712,0.039212887550160766,0.0036190367253098217,0.001278152307764683,0.0038060710929438014,4.7006960974690465e-06,0.00012603575675447382,0.00045556840201192814,,0.001509793711677229,0.1850876302416353,0.04541861943626779,0.002420873308477973,0.018785022080559984,0.0008568982421117588,2.496742282406044e-05,0.8874964978303387,0.04214133036639907,0.00013606118186497781,0.01931761390804658,0.00012721853853812036,1.473758910099279e-05,2.1091924681591614,0.01034955242605946,0.08443129051442459,0.0029200273144300818,0.003964243860236397
/mnt/hum01-rds/Nikolaev_Dmitry/flos-code/model_selection_data/runs/he_she_odds_results__EleutherAI_pythia-6.9b-deduped__f50b9535,he_she_odds_results__EleutherAI_pythia-6.9b-deduped__f50b9535,/mnt/hum01-rds/Nikolaev_Dmitry/flos-code/modelling_data/he_she_odds_results__EleutherAI_pythia-6.9b-deduped.csv,EleutherAI_pythia-6.9b-deduped,selected_mixed_random_slopes__candidate__0__C_semantic_role_C_syntactic_role,/mnt/hum01-rds/Nikolaev_Dmitry/flos-code/model_selection_data/runs/he_she_odds_results__EleutherAI_pythia-6.9b-deduped__f50b9535/models/selected_mixed_random_slopes__candidate__0__C_semantic_role_C_syntactic_role,random_slopes,log_he_she_odds ~ C(tense) + C(semantic_role) + C(syntactic_role) + C(valence) + C(dominance) + log_frequency + lex_emb_norm + C(tense):C(semantic_role) + C(tense):C(syntactic_role) + C(tense):C(valence) + C(tense):C(dominance) + C(tense):log_frequency + C(tense):lex_emb_norm + C(semantic_role):C(valence) + C(semantic_role):C(dominance) + C(semantic_role):log_frequency + C(semantic_role):lex_emb_norm + C(syntactic_role):C(valence) + C(syntactic_role):C(dominance) + C(syntactic_role):log_frequency + C(syntactic_role):lex_emb_norm + C(valence):C(dominance) + C(valence):log_frequency + C(valence):lex_emb_norm + C(dominance):log_frequency + C(dominance):lex_emb_norm + log_frequency:lex_emb_norm,1 + C(semantic_role) + C(syntactic_role) + C(valence) + C(dominance),profession,lbfgs,True,1,['ConvergenceWarning: The MLE may be on the boundary of the parameter space.'],True,18267.12968353479,18821.540240788094,-9061.564841767395,16320,0.17182549658685842,0.025995257078558907,0.9425982235521855,0.0,0.03804945106719601,0.002356916025254209,0.0011119654527384716,0.0010168027364848876,1.9709694138270347e-07,0.00067046516071372,0.03921288755016021,0.003619036725309725,0.00127815230776467,,4.700696097470346e-06,0.00012603575675446704,0.0004555684020119393,0.002928103685272175,0.0015097937116771945,0.1812543988881787,0.04541861943625578,0.0024208733085000892,0.01878502208154062,0.0008568982421653759,2.4967422831926e-05,0.8810100077491617,0.0421413303663861,0.0001360611818565505,0.01931761390951643,0.00012721853856860306,1.4737589092193676e-05,2.0871250246243687,0.010356826506551708,0.08446551169347688,0.002918463997742362,0.0039600835963678055
/mnt/hum01-rds/Nikolaev_Dmitry/flos-code/model_selection_data/runs/he_she_odds_results__EleutherAI_pythia-6.9b-deduped__f50b9535,he_she_odds_results__EleutherAI_pythia-6.9b-deduped__f50b9535,/mnt/hum01-rds/Nikolaev_Dmitry/flos-code/modelling_data/he_she_odds_results__EleutherAI_pythia-6.9b-deduped.csv,EleutherAI_pythia-6.9b-deduped,selected_mixed_random_slopes__candidate__0__C_tense_C_syntactic_role,/mnt/hum01-rds/Nikolaev_Dmitry/flos-code/model_selection_data/runs/he_she_odds_results__EleutherAI_pythia-6.9b-deduped__f50b9535/models/selected_mixed_random_slopes__candidate__0__C_tense_C_syntactic_role,random_slopes,log_he_she_odds ~ C(tense) + C(semantic_role) + C(syntactic_role) + C(valence) + C(dominance) + log_frequency + lex_emb_norm + C(tense):C(semantic_role) + C(tense):C(valence) + C(tense):C(dominance) + C(tense):log_frequency + C(tense):lex_emb_norm + C(semantic_role):C(syntactic_role) + C(semantic_role):C(valence) + C(semantic_role):C(dominance) + C(semantic_role):log_frequency + C(semantic_role):lex_emb_norm + C(syntactic_role):C(valence) + C(syntactic_role):C(dominance) + C(syntactic_role):log_frequency + C(syntactic_role):lex_emb_norm + C(valence):C(dominance) + C(valence):log_frequency + C(valence):lex_emb_norm + C(dominance):log_frequency + C(dominance):lex_emb_norm + log_frequency:lex_emb_norm,1 + C(semantic_role) + C(syntactic_role) + C(valence) + C(dominance),profession,lbfgs,True,1,['ConvergenceWarning: The MLE may be on the boundary of the parameter space.'],True,19175.120997606864,19698.730968346095,-9519.560498803432,16320,0.1818521656078485,0.022680877715118737,0.9392587449979711,0.0,0.012138497814800133,0.007084043406954641,0.017423543466869425,0.0010168027365636226,1.970969404320506e-07,0.0006704651607137136,,0.003619036725309907,0.0012781523077645851,0.003806071092943842,4.7006960974706635e-06,0.00012603575675447425,0.00045556840201194673,0.002928103685272214,0.0015097937116771867,0.1816775678497104,0.04541861943627,0.002420873308497392,0.018785022080863155,0.0008568982421200213,2.4967422824827543e-05,0.8817282561816001,0.04214133036640017,0.00013606118186177728,0.01931761390780239,0.00012721853852805973,1.4737589104454146e-05,2.0895668196667843,0.010262906141241767,0.08443819256560108,0.0028362303889858673,0.003877575308633049
/mnt/hum01-rds/Nikolaev_Dmitry/flos-code/model_selection_data/runs/he_she_odds_results__EleutherAI_pythia-6.9b-deduped__f50b9535,he_she_odds_results__EleutherAI_pythia-6.9b-deduped__f50b9535,/mnt/hum01-rds/Nikolaev_Dmitry/flos-code/modelling_data/he_she_odds_results__EleutherAI_pythia-6.9b-deduped.csv,EleutherAI_pythia-6.9b-deduped,selected_mixed_random_slopes__random_intercept_baseline,/mnt/hum01-rds/Nikolaev_Dmitry/flos-code/model_selection_data/runs/he_she_odds_results__EleutherAI_pythia-6.9b-deduped__f50b9535/models/selected_mixed_random_slopes__random_intercept_baseline,random_intercept_baseline,log_he_she_odds ~ C(tense) + C(semantic_role) + C(syntactic_role) + C(valence) + C(dominance) + log_frequency + lex_emb_norm + C(tense):C(semantic_role) + C(tense):C(syntactic_role) + C(tense):C(valence) + C(tense):C(dominance) + C(tense):log_frequency + C(tense):lex_emb_norm + C(semantic_role):C(syntactic_role) + C(semantic_role):C(valence) + C(semantic_role):C(dominance) + C(semantic_role):log_frequency + C(semantic_role):lex_emb_norm + C(syntactic_role):C(valence) + C(syntactic_role):C(dominance) + C(syntactic_role):log_frequency + C(syntactic_role):lex_emb_norm + C(valence):C(dominance) + C(valence):log_frequency + C(valence):lex_emb_norm + C(dominance):log_frequency + C(dominance):lex_emb_norm + log_frequency:lex_emb_norm,1,profession,lbfgs,True,0,[],False,20138.650949166244,20592.95960024881,-10010.325474583122,16320,0.1960379914068541,0.02282380741586703,0.9338231817138465,1.9722731131207353e-31,0.03804945106719705,0.007084043406932156,5.1644107685008745e-06,0.0010168027365055306,1.9709694115564146e-07,0.0006704651607137163,0.039212887550159614,0.003619036725309889,0.001278152307764533,0.003806071092943725,4.700696097465149e-06,0.00012603575675445804,0.0004555684020119275,0.002928103685272223,0.0015097937116772147,0.23469400339739058,0.045418619436268196,0.0024208733084753304,0.01878502208028715,0.0008568982420918673,2.4967422820990724e-05,0.05646803857345061,0.04214133036639686,0.00013606118186472612,0.019317613907905463,0.00012721853853350722,1.4737589102414494e-05,0.010712960256019848,,,,
/mnt/hum01-rds/Nikolaev_Dmitry/flos-code/model_selection_data/runs/he_she_odds_results__Qwen_Qwen3-4B-Base__30e60832,he_she_odds_results__Qwen_Qwen3-4B-Base__30e60832,/mnt/hum01-rds/Nikolaev_Dmitry/flos-code/modelling_data/he_she_odds_results__Qwen_Qwen3-4B-Base.csv,Qwen_Qwen3-4B-Base,selected_mixed_random_slopes__candidate__0__C_syntactic_role_log_frequency,/mnt/hum01-rds/Nikolaev_Dmitry/flos-code/model_selection_data/runs/he_she_odds_results__Qwen_Qwen3-4B-Base__30e60832/models/selected_mixed_random_slopes__candidate__0__C_syntactic_role_log_frequency,random_slopes,log_he_she_odds ~ C(tense) + C(semantic_role) + C(syntactic_role) + C(valence) + C(dominance) + log_frequency + lex_emb_norm + C(tense):C(semantic_role) + C(tense):C(syntactic_role) + C(tense):C(valence) + C(tense):C(dominance) + C(tense):log_frequency + C(tense):lex_emb_norm + C(semantic_role):C(syntactic_role) + C(semantic_role):C(valence) + C(semantic_role):C(dominance) + C(semantic_role):log_frequency + C(semantic_role):lex_emb_norm + C(syntactic_role):C(valence) + C(syntactic_role):C(dominance) + C(syntactic_role):lex_emb_norm + C(valence):C(dominance) + C(valence):log_frequency + C(valence):lex_emb_norm + C(dominance):log_frequency + C(dominance):lex_emb_norm + log_frequency:lex_emb_norm,1 + C(semantic_role) + C(syntactic_role) + C(valence) + C(dominance),profession,lbfgs,True,1,['ConvergenceWarning: The MLE may be on the boundary of the parameter space.'],True,18914.911637928744,19469.32219518205,-9385.455818964372,16320,0.1789377081543657,0.028925926229619443,0.928508546436385,7.889092452482941e-31,0.026429255057735357,0.016906475216489525,0.07991237804411302,0.01858499092262308,0.002048571557354605,0.0006382182888900938,0.0042868067097980595,0.002548222255891915,0.0005619750622318423,0.0003525050598903388,0.00043135802961566605,0.003235482652066338,4.8119575179273475e-06,0.0008867035319984819,0.008086066233628765,0.384932428628996,0.008137539819123539,0.0018174792597154268,,0.00031804905379736987,0.0008398884767566217,0.07285748459718659,0.011375196050989479,0.005985567918928213,0.02016002919295662,0.002832611474526212,0.002964053259568173,0.5072970116964061,0.01092975950625187,0.06107577500029204,0.005569844467527706,0.004817102264954869
/mnt/hum01-rds/Nikolaev_Dmitry/flos-code/model_selection_data/runs/he_she_odds_results__Qwen_Qwen3-4B-Base__30e60832,he_she_odds_results__Qwen_Qwen3-4B-Base__30e60832,/mnt/hum01-rds/Nikolaev_Dmitry/flos-code/modelling_data/he_she_odds_results__Qwen_Qwen3-4B-Base.csv,Qwen_Qwen3-4B-Base,selected_mixed_random_slopes__candidate__0__C_valence_log_frequency,/mnt/hum01-rds/Nikolaev_Dmitry/flos-code/model_selection_data/runs/he_she_odds_results__Qwen_Qwen3-4B-Base__30e60832/models/selected_mixed_random_slopes__candidate__0__C_valence_log_frequency,random_slopes,log_he_she_odds ~ C(tense) + C(semantic_role) + C(syntactic_role) + C(valence) + C(dominance) + log_frequency + lex_emb_norm + C(tense):C(semantic_role) + C(tense):C(syntactic_role) + C(tense):C(valence) + C(tense):C(dominance) + C(tense):log_frequency + C(tense):lex_emb_norm + C(semantic_role):C(syntactic_role) + C(semantic_role):C(valence) + C(semantic_role):C(dominance) + C(semantic_role):log_frequency + C(semantic_role):lex_emb_norm + C(syntactic_role):C(valence) + C(syntactic_role):C(dominance) + C(syntactic_role):log_frequency + C(syntactic_role):lex_emb_norm + C(valence):C(dominance) + C(valence):lex_emb_norm + C(dominance):log_frequency + C(dominance):lex_emb_norm + log_frequency:lex_emb_norm,1 + C(semantic_role) + C(syntactic_role) + C(valence) + C(dominance),profession,lbfgs,True,1,['ConvergenceWarning: The MLE may be on the boundary of the parameter space.'],True,18914.91569793457,19469.326255187876,-9385.457848967286,16320,0.17893769631766218,0.026396458418673188,0.9283493457145385,1.7750458018086617e-30,0.02642925505774234,0.01762542173519318,0.08647582273916264,0.01965461200217106,0.0021417739950815896,0.0006382182888901105,0.004286806709797792,0.002548222255892033,0.0005619750622318402,0.0003525050598903527,0.0004313580296156323,0.003235482652066476,4.811957517921969e-06,0.0008867035319984259,0.008086066233628961,0.22593453995191753,0.008137539819122751,0.0030520726338664206,0.0027527880804587243,,0.0005898409350201926,0.1444437268015616,0.011375196050992261,0.008513501216816028,0.04160467106198986,0.0055192802351646435,0.0023909415719910497,0.5072799168416845,0.010935073478054598,0.060932218347770684,0.0055870253447004165,0.004818092607936253
/mnt/hum01-rds/Nikolaev_Dmitry/flos-code/model_selection_data/runs/he_she_odds_results__Qwen_Qwen3-4B-Base__30e60832,he_she_odds_results__Qwen_Qwen3-4B-Base__30e60832,/mnt/hum01-rds/Nikolaev_Dmitry/flos-code/modelling_data/he_she_odds_results__Qwen_Qwen3-4B-Base.csv,Qwen_Qwen3-4B-Base,selected_mixed_random_slopes__candidate__0__log_frequency_lex_emb_norm,/mnt/hum01-rds/Nikolaev_Dmitry/flos-code/model_selection_data/runs/he_she_odds_results__Qwen_Qwen3-4B-Base__30e60832/models/selected_mixed_random_slopes__candidate__0__log_frequency_lex_emb_norm,random_slopes,log_he_she_odds ~ C(tense) + C(semantic_role) + C(syntactic_role) + C(valence) + C(dominance) + log_frequency + lex_emb_norm + C(tense):C(semantic_role) + C(tense):C(syntactic_role) + C(tense):C(valence) + C(tense):C(dominance) + C(tense):log_frequency + C(tense):lex_emb_norm + C(semantic_role):C(syntactic_role) + C(semantic_role):C(valence) + C(semantic_role):C(dominance) + C(semantic_role):log_frequency + C(semantic_role):lex_emb_norm + C(syntactic_role):C(valence) + C(syntactic_role):C(dominance) + C(syntactic_role):log_frequency + C(syntactic_role):lex_emb_norm + C(valence):C(dominance) + C(valence):log_frequency + C(valence):lex_emb_norm + C(dominance):log_frequency + C(dominance):lex_emb_norm,1 + C(semantic_role) + C(syntactic_role) + C(valence) + C(dominance),profession,lbfgs,True,1,['ConvergenceWarning: The MLE may be on the boundary of the parameter space.'],True,18914.951575549727,19469.36213280303,-9385.475787774863,16320,0.1789373986351853,0.02601189338813959,0.9279489018701326,0.0,0.026429255057740606,0.01716743234947427,0.08469325789828595,0.018859201098415233,0.0020780000410776166,0.0006382182888901248,0.004286806709797976,0.0025482222558921657,0.0005619750622319279,0.0003525050598903352,0.00043135802961567917,0.003235482652066335,4.811957517926988e-06,0.0008867035319984617,0.008086066233628751,0.0059062616559991,0.008137539819121799,0.0022316889749074607,0.0014761319474965702,0.00017461256055636274,0.000755552897966514,0.0018079496420005039,0.011375196050990842,0.0068577439190279635,0.03511020772515574,0.003443376769711944,0.002775039386457783,,0.010936275556099103,0.06091359560514142,0.005569333774386616,0.004816229780376185
/mnt/hum01-rds/Nikolaev_Dmitry/flos-code/model_selection_data/runs/he_she_odds_results__Qwen_Qwen3-4B-Base__30e60832,he_she_odds_results__Qwen_Qwen3-4B-Base__30e60832,/mnt/hum01-rds/Nikolaev_Dmitry/flos-code/modelling_data/he_she_odds_results__Qwen_Qwen3-4B-Base.csv,Qwen_Qwen3-4B-Base,selected_mixed_random_slopes__candidate__0__C_syntactic_role_C_valence,/mnt/hum01-rds/Nikolaev_Dmitry/flos-code/model_selection_data/runs/he_she_odds_results__Qwen_Qwen3-4B-Base__30e60832/models/selected_mixed_random_slopes__candidate__0__C_syntactic_role_C_valence,random_slopes,log_he_she_odds ~ C(tense) + C(semantic_role) + C(syntactic_role) + C(valence) + C(dominance) + log_frequency + lex_emb_norm + C(tense):C(semantic_role) + C(tense):C(syntactic_role) + C(tense):C(valence) + C(tense):C(dominance) + C(tense):log_frequency + C(tense):lex_emb_norm + C(semantic_role):C(syntactic_role) + C(semantic_role):C(valence) + C(semantic_role):C(dominance) + C(semantic_role):log_frequency + C(semantic_role):lex_emb_norm + C(syntactic_role):C(dominance) + C(syntactic_role):log_frequency + C(syntactic_role):lex_emb_norm + C(valence):C(dominance) + C(valence):log_frequency + C(valence):lex_emb_norm + C(dominance):log_frequency + C(dominance):lex_emb_norm + log_frequency:lex_emb_norm,1 + C(semantic_role) + C(syntactic_role) + C(valence) + C(dominance),profession,lbfgs,True,1,['ConvergenceWarning: The MLE may be on the boundary of the parameter space.'],True,18914.968612862314,19469.37917011562,-9385.484306431157,16320,0.17893932159771464,0.027002866609950747,0.9283182734621686,1.7750458018086617e-30,0.026429255057739232,0.017167432349334967,0.08395771390270754,0.019208655002939515,0.0020780000410555704,0.0006382182888901273,0.004286806709797879,0.0025482222558922364,0.0005619750622317746,0.00035250505989033144,0.0004313580296156662,0.0032354826520663523,,0.0008867035319984905,0.008086066233628729,0.30249336551387385,0.00813753981912277,0.002231688975026643,0.0014761319476535887,0.0001746125605326885,0.0007555528979352526,0.10461052082302963,0.011375196050989625,0.006857743919093381,0.035110207725202826,0.003443376769738295,0.0027750393864375443,0.5073720396264441,0.010927925516427238,0.06091062153687417,0.0055675910584960814,0.004816967628505117
/mnt/hum01-rds/Nikolaev_Dmitry/flos-code/model_selection_data/runs/he_she_odds_results__Qwen_Qwen3-4B-Base__30e60832,he_she_odds_results__Qwen_Qwen3-4B-Base__30e60832,/mnt/hum01-rds/Nikolaev_Dmitry/flos-code/modelling_data/he_she_odds_results__Qwen_Qwen3-4B-Base.csv,Qwen_Qwen3-4B-Base,selected_mixed_random_slopes__candidate__0__C_dominance_log_frequency,/mnt/hum01-rds/Nikolaev_Dmitry/flos-code/model_selection_data/runs/he_she_odds_results__Qwen_Qwen3-4B-Base__30e60832/models/selected_mixed_random_slopes__candidate__0__C_dominance_log_frequency,random_slopes,log_he_she_odds ~ C(tense) + C(semantic_role) + C(syntactic_role) + C(valence) + C(dominance) + log_frequency + lex_emb_norm + C(tense):C(semantic_role) + C(tense):C(syntactic_role) + C(tense):C(valence) + C(tense):C(dominance) + C(tense):log_frequency + C(tense):lex_emb_norm + C(semantic_role):C(syntactic_role) + C(semantic_role):C(valence) + C(semantic_role):C(dominance) + C(semantic_role):log_frequency + C(semantic_role):lex_emb_norm + C(syntactic_role):C(valence) + C(syntactic_role):C(dominance) + C(syntactic_role):log_frequency + C(syntactic_role):lex_emb_norm + C(valence):C(dominance) + C(valence):log_frequency + C(valence):lex_emb_norm + C(dominance):lex_emb_norm + log_frequency:lex_emb_norm,1 + C(semantic_role) + C(syntactic_role) + C(valence) + C(dominance),profession,lbfgs,True,1,['ConvergenceWarning: The MLE may be on the boundary of the parameter space.'],True,18915.272178038344,19469.682735291648,-9385.636089019172,16320,0.17893731324577108,0.026694917356526838,0.928487393441166,7.889092452482941e-31,0.026429255057739152,0.017848511224155594,0.08603209911835598,0.019305924701816666,0.0026570937926665584,0.0006382182888901296,0.004286806709798031,0.0025482222558921006,0.0005619750622318707,0.0003525050598903233,0.00043135802961566123,0.003235482652066395,4.811957517928396e-06,0.000886703531998478,0.008086066233628822,0.20220376641213714,0.008137539819122065,0.003493647269158167,0.002399444949029727,3.3167949780166356e-05,,0.16023709003639833,0.011375196050991156,0.009376195133337036,0.03994299400683338,0.004554603159782825,0.0004082113576603284,0.5084920569165957,0.010950446526870349,0.06093646540521552,0.0055753507495968175,0.004901407762418668
/mnt/hum01-rds/Nikolaev_Dmitry/flos-code/model_selection_data/runs/he_she_odds_results__Qwen_Qwen3-4B-Base__30e60832,he_she_odds_results__Qwen_Qwen3-4B-Base__30e60832,/mnt/hum01-rds/Nikolaev_Dmitry/flos-code/modelling_data/he_she_odds_results__Qwen_Qwen3-4B-Base.csv,Qwen_Qwen3-4B-Base,selected_mixed_random_slopes__candidate__0__C_semantic_role_log_frequency,/mnt/hum01-rds/Nikolaev_Dmitry/flos-code/model_selection_data/runs/he_she_odds_results__Qwen_Qwen3-4B-Base__30e60832/models/selected_mixed_random_slopes__candidate__0__C_semantic_role_log_frequency,random_slopes,log_he_she_odds ~ C(tense) + C(semantic_role) + C(syntactic_role) + C(valence) + C(dominance) + log_frequency + lex_emb_norm + C(tense):C(semantic_role) + C(tense):C(syntactic_role) + C(tense):C(valence) + C(tense):C(dominance) + C(tense):log_frequency + C(tense):lex_emb_norm + C(semantic_role):C(syntactic_role) + C(semantic_role):C(valence) + C(semantic_role):C(dominance) + C(semantic_role):lex_emb_norm + C(syntactic_role):C(valence) + C(syntactic_role):C(dominance) + C(syntactic_role):log_frequency + C(syntactic_role):lex_emb_norm + C(valence):C(dominance) + C(valence):log_frequency + C(valence):lex_emb_norm + C(dominance):log_frequency + C(dominance):lex_emb_norm + log_frequency:lex_emb_norm,1 + C(semantic_role) + C(syntactic_role) + C(valence) + C(dominance),profession,lbfgs,True,1,['ConvergenceWarning: The MLE may be on the boundary of the parameter space.'],True,18915.49472094109,19469.905278194394,-9385.747360470545,16320,0.17893703340526887,0.03872216982474501,0.9298113077999626,1.7750458018086617e-30,0.026429255057732932,0.014587365583546417,0.0811394020654845,0.0179022984420098,0.0018783492966478177,0.0006382182888900854,0.004286806709798034,0.0025482222558921835,0.0005619750622319646,0.0003525050598903221,0.0004313580296156769,0.0032354826520663267,4.811957517928011e-06,0.0008867035319984744,0.008086066233628736,0.5705117571827465,0.008137539819122665,,9.935952444831035e-05,0.0008694266269152751,0.001431758465799106,0.02806880947191351,0.011375196050988889,0.0007289869104309719,0.02364288875121052,0.0015567843597881841,0.004213042528241709,0.5073169960644773,0.011185167033618985,0.06103050603075408,0.005600412149398301,0.004830423870422682
/mnt/hum01-rds/Nikolaev_Dmitry/flos-code/model_selection_data/runs/he_she_odds_results__Qwen_Qwen3-4B-Base__30e60832,he_she_odds_results__Qwen_Qwen3-4B-Base__30e60832,/mnt/hum01-rds/Nikolaev_Dmitry/flos-code/modelling_data/he_she_odds_results__Qwen_Qwen3-4B-Base.csv,Qwen_Qwen3-4B-Base,selected_mixed_random_slopes__candidate__0__C_dominance_lex_emb_norm,/mnt/hum01-rds/Nikolaev_Dmitry/flos-code/model_selection_data/runs/he_she_odds_results__Qwen_Qwen3-4B-Base__30e60832/models/selected_mixed_random_slopes__candidate__0__C_dominance_lex_emb_norm,random_slopes,log_he_she_odds ~ C(tense) + C(semantic_role) + C(syntactic_role) + C(valence) + C(dominance) + log_frequency + lex_emb_norm + C(tense):C(semantic_role) + C(tense):C(syntactic_role) + C(tense):C(valence) + C(tense):C(dominance) + C(tense):log_frequency + C(tense):lex_emb_norm + C(semantic_role):C(syntactic_role) + C(semantic_role):C(valence) + C(semantic_role):C(dominance) + C(semantic_role):log_frequency + C(semantic_role):lex_emb_norm + C(syntactic_role):C(valence) + C(syntactic_role):C(dominance) + C(syntactic_role):log_frequency + C(syntactic_role):lex_emb_norm + C(valence):C(dominance) + C(valence):log_frequency + C(valence):lex_emb_norm + C(dominance):log_frequency + log_frequency:lex_emb_norm,1 + C(semantic_role) + C(syntactic_role) + C(valence) + C(dominance),profession,lbfgs,True,1,['ConvergenceWarning: The MLE may be on the boundary of the parameter space.'],True,18915.50218935049,19469.912746603793,-9385.751094675245,16320,0.17893654870477796,0.03081396855976143,0.9289485377953492,3.1556369809931764e-30,0.02642925505773801,0.020394472832435177,0.09090895428988335,0.02094898364209458,0.005309874213090368,0.0006382182888900772,0.004286806709798034,0.002548222255891958,0.0005619750622319812,0.00035250505989033827,0.0004313580296156649,0.0032354826520663575,4.81195751792669e-06,0.0008867035319984498,0.00808606623362886,0.208862318063417,0.00813753981912139,0.003403361785666753,0.002332785076557285,3.890308551218805e-05,3.219377714731933e-06,0.20122217200280038,0.011375196050990946,0.011143956862517741,0.043110645037160444,0.005326812405696111,,0.5103559068235051,0.010960090676958278,0.06100424844091203,0.005581138174566425,0.004950167377283617
/mnt/hum01-rds/Nikolaev_Dmitry/flos-code/model_selection_data/runs/he_she_odds_results__Qwen_Qwen3-4B-Base__30e60832,he_she_odds_results__Qwen_Qwen3-4B-Base__30e60832,/mnt/hum01-rds/Nikolaev_Dmitry/flos-code/modelling_data/he_she_odds_results__Qwen_Qwen3-4B-Base.csv,Qwen_Qwen3-4B-Base,selected_mixed_random_slopes__candidate__0__C_valence_lex_emb_norm,/mnt/hum01-rds/Nikolaev_Dmitry/flos-code/model_selection_data/runs/he_she_odds_results__Qwen_Qwen3-4B-Base__30e60832/models/selected_mixed_random_slopes__candidate__0__C_valence_lex_emb_norm,random_slopes,log_he_she_odds ~ C(tense) + C(semantic_role) + C(syntactic_role) + C(valence) + C(dominance) + log_frequency + lex_emb_norm + C(tense):C(semantic_role) + C(tense):C(syntactic_role) + C(tense):C(valence) + C(tense):C(dominance) + C(tense):log_frequency + C(tense):lex_emb_norm + C(semantic_role):C(syntactic_role) + C(semantic_role):C(valence) + C(semantic_role):C(dominance) + C(semantic_role):log_frequency + C(semantic_role):lex_emb_norm + C(syntactic_role):C(valence) + C(syntactic_role):C(dominance) + C(syntactic_role):log_frequency + C(syntactic_role):lex_emb_norm + C(valence):C(dominance) + C(valence):log_frequency + C(dominance):log_frequency + C(dominance):lex_emb_norm + log_frequency:lex_emb_norm,1 + C(semantic_role) + C(syntactic_role) + C(valence) + C(dominance),profession,lbfgs,True,1,['ConvergenceWarning: The MLE may be on the boundary of the parameter space.'],True,18915.575079025788,19469.985636279092,-9385.787539512894,16320,0.17893741364412394,0.03317667710602119,0.9294112323936121,7.889092452482941e-31,0.026429255057734285,0.012680041014839159,0.0669337888085882,0.011435432072062976,0.001460809349176916,0.0006382182888900601,0.004286806709798108,0.0025482222558919367,0.0005619750622318975,0.0003525050598903711,0.000431358029615615,0.0032354826520664794,4.811957517924866e-06,0.0008867035319984,0.008086066233629,0.5071192592273639,0.00813753981912416,0.0008937574828034034,6.397710554757627e-05,0.0017501138085664854,0.0011849081131040562,0.012260646963439632,0.011375196050988495,0.0022324659148647073,0.01562574513605901,,0.004475324869692236,0.5083544287459981,0.010992775396341558,0.06110577404888165,0.005727062489947684,0.004825437889366212
/mnt/hum01-rds/Nikolaev_Dmitry/flos-code/model_selection_data/runs/he_she_odds_results__Qwen_Qwen3-4B-Base__30e60832,he_she_odds_results__Qwen_Qwen3-4B-Base__30e60832,/mnt/hum01-rds/Nikolaev_Dmitry/flos-code/modelling_data/he_she_odds_results__Qwen_Qwen3-4B-Base.csv,Qwen_Qwen3-4B-Base,selected_mixed_random_slopes__candidate__0__C_semantic_role_lex_emb_norm,/mnt/hum01-rds/Nikolaev_Dmitry/flos-code/model_selection_data/runs/he_she_odds_results__Qwen_Qwen3-4B-Base__30e60832/models/selected_mixed_random_slopes__candidate__0__C_semantic_role_lex_emb_norm,random_slopes,log_he_she_odds ~ C(tense) + C(semantic_role) + C(syntactic_role) + C(valence) + C(dominance) + log_frequency + lex_emb_norm + C(tense):C(semantic_role) + C(tense):C(syntactic_role) + C(tense):C(valence) + C(tense):C(dominance) + C(tense):log_frequency + C(tense):lex_emb_norm + C(semantic_role):C(syntactic_role) + C(semantic_role):C(valence) + C(semantic_role):C(dominance) + C(semantic_role):log_frequency + C(syntactic_role):C(valence) + C(syntactic_role):C(dominance) + C(syntactic_role):log_frequency + C(syntactic_role):lex_emb_norm + C(valence):C(dominance) + C(valence):log_frequency + C(valence):lex_emb_norm + C(dominance):log_frequency + C(dominance):lex_emb_norm + log_frequency:lex_emb_norm,1 + C(semantic_role) + C(syntactic_role) + C(valence) + C(dominance),profession,lbfgs,True,1,['ConvergenceWarning: The MLE may be on the boundary of the parameter space.'],True,18915.673067087628,19470.083624340932,-9385.836533543814,16320,0.17893742544303856,0.03475836709555701,0.9296453167019644,7.889092452482941e-31,0.026429255057735343,0.007767614497926552,0.07033699336598247,0.015021879670902058,0.00130951338708799,0.0006382182888900878,0.0042868067097981515,0.002548222255891938,0.0005619750622319821,0.0003525050598903656,0.0004313580296156127,0.003235482652066522,4.811957517923637e-06,0.0008867035319984028,0.008086066233628992,0.5261752151715143,0.008137539819122706,4.693535423246704e-05,0.00019924527228979848,0.0007354012145006827,0.0013203979442220346,0.008502263009236281,0.011375196050989272,,0.018918465406620052,0.0009103779858497417,0.00501600595444889,0.507168043259242,0.01125068872662718,0.06104412549427466,0.00560538745980481,0.004832723922661883
/mnt/hum01-rds/Nikolaev_Dmitry/flos-code/model_selection_data/runs/he_she_odds_results__Qwen_Qwen3-4B-Base__30e60832,he_she_odds_results__Qwen_Qwen3-4B-Base__30e60832,/mnt/hum01-rds/Nikolaev_Dmitry/flos-code/modelling_data/he_she_odds_results__Qwen_Qwen3-4B-Base.csv,Qwen_Qwen3-4B-Base,selected_mixed_random_slopes__candidate__0__C_syntactic_role_lex_emb_norm,/mnt/hum01-rds/Nikolaev_Dmitry/flos-code/model_selection_data/runs/he_she_odds_results__Qwen_Qwen3-4B-Base__30e60832/models/selected_mixed_random_slopes__candidate__0__C_syntactic_role_lex_emb_norm,random_slopes,log_he_she_odds ~ C(tense) + C(semantic_role) + C(syntactic_role) + C(valence) + C(dominance) + log_frequency + lex_emb_norm + C(tense):C(semantic_role) + C(tense):C(syntactic_role) + C(tense):C(valence) + C(tense):C(dominance) + C(tense):log_frequency + C(tense):lex_emb_norm + C(semantic_role):C(syntactic_role) + C(semantic_role):C(valence) + C(semantic_role):C(dominance) + C(semantic_role):log_frequency + C(semantic_role):lex_emb_norm + C(syntactic_role):C(valence) + C(syntactic_role):C(dominance) + C(syntactic_role):log_frequency + C(valence):C(dominance) + C(valence):log_frequency + C(valence):lex_emb_norm + C(dominance):log_frequency + C(dominance):lex_emb_norm + log_frequency:lex_emb_norm,1 + C(semantic_role) + C(syntactic_role) + C(valence) + C(dominance),profession,lbfgs,True,1,['ConvergenceWarning: The MLE may be on the boundary of the parameter space.'],True,18915.689275831333,19470.099833084638,-9385.844637915667,16320,0.17893807883913374,0.03183677855691103,0.9291489755550711,1.9722731131207353e-31,0.026429255057739003,0.014250489913849739,0.03762551722645577,0.01578854949393661,0.0017486049079430874,0.0006382182888901248,0.004286806709797891,0.002548222255892136,0.0005619750622317752,0.00035250505989031507,0.00043135802961568166,0.003235482652066324,4.811957517928135e-06,0.000886703531998504,0.008086066233628751,0.5155586744070527,0.008137539819122939,0.0013155714112866256,0.00280575580285977,0.0005861070365373522,0.00096325521654937,0.010569792955792067,0.01137519605099138,0.003638471177260108,,0.00130581497134376,0.003594631098849743,0.5081921785560745,0.010948012387208564,0.06251004065610012,0.005591268690148898,0.004817047794114407
/mnt/hum01-rds/Nikolaev_Dmitry/flos-code/model_selection_data/runs/he_she_odds_results__Qwen_Qwen3-4B-Base__30e60832,he_she_odds_results__Qwen_Qwen3-4B-Base__30e60832,/mnt/hum01-rds/Nikolaev_Dmitry/flos-code/modelling_data/he_she_odds_results__Qwen_Qwen3-4B-Base.csv,Qwen_Qwen3-4B-Base,selected_mixed_random_slopes,/mnt/hum01-rds/Nikolaev_Dmitry/flos-code/model_selection_data/runs/he_she_odds_results__Qwen_Qwen3-4B-Base__30e60832/models/selected_mixed_random_slopes,random_slopes,log_he_she_odds ~ C(tense) + C(semantic_role) + C(syntactic_role) + C(valence) + C(dominance) + log_frequency + lex_emb_norm + C(tense):C(semantic_role) + C(tense):C(syntactic_role) + C(tense):C(valence) + C(tense):C(dominance) + C(tense):log_frequency + C(tense):lex_emb_norm + C(semantic_role):C(syntactic_role) + C(semantic_role):C(valence) + C(semantic_role):C(dominance) + C(semantic_role):log_frequency + C(semantic_role):lex_emb_norm + C(syntactic_role):C(valence) + C(syntactic_role):C(dominance) + C(syntactic_role):log_frequency + C(syntactic_role):lex_emb_norm + C(valence):C(dominance) + C(valence):log_frequency + C(valence):lex_emb_norm + C(dominance):log_frequency + C(dominance):lex_emb_norm + log_frequency:lex_emb_norm,1 + C(semantic_role) + C(syntactic_role) + C(valence) + C(dominance),profession,lbfgs,True,1,['ConvergenceWarning: The MLE may be on the boundary of the parameter space.'],True,18916.822330978146,19478.93303485997,-9385.411165489073,16320,0.1789377010551845,0.027003548734521432,0.9283187976768152,0.0,0.026429255057735624,0.01716743234880767,0.08469325789522356,0.018859201097899948,0.0020780000409803654,0.0006382182888901016,0.0042868067097980534,0.0025482222558920425,0.0005619750622319295,0.00035250505989033415,0.00043135802961567863,0.0032354826520663493,4.811957517927137e-06,0.0008867035319984492,0.008086066233628734,0.3024916321709455,0.008137539819122753,0.0022316889748049185,0.0014761319473309685,0.00017461256057744329,0.0007555528979922487,0.10460991559178899,0.011375196050990835,0.006857743918217056,0.03511020772151677,0.003443376769289677,0.0027750393866775224,0.5073686600034472,0.010927912637361575,0.060910681450153326,0.005567601797994769,0.0048169778861640086
/mnt/hum01-rds/Nikolaev_Dmitry/flos-code/model_selection_data/runs/he_she_odds_results__Qwen_Qwen3-4B-Base__30e60832,he_she_odds_results__Qwen_Qwen3-4B-Base__30e60832,/mnt/hum01-rds/Nikolaev_Dmitry/flos-code/modelling_data/he_she_odds_results__Qwen_Qwen3-4B-Base.csv,Qwen_Qwen3-4B-Base,selected_mixed_random_slopes__full,/mnt/hum01-rds/Nikolaev_Dmitry/flos-code/model_selection_data/runs/he_she_odds_results__Qwen_Qwen3-4B-Base__30e60832/models/selected_mixed_random_slopes__full,random_slopes,log_he_she_odds ~ C(tense) + C(semantic_role) + C(syntactic_role) + C(valence) + C(dominance) + log_frequency + lex_emb_norm + C(tense):C(semantic_role) + C(tense):C(syntactic_role) + C(tense):C(valence) + C(tense):C(dominance) + C(tense):log_frequency + C(tense):lex_emb_norm + C(semantic_role):C(syntactic_role) + C(semantic_role):C(valence) + C(semantic_role):C(dominance) + C(semantic_role):log_frequency + C(semantic_role):lex_emb_norm + C(syntactic_role):C(valence) + C(syntactic_role):C(dominance) + C(syntactic_role):log_frequency + C(syntactic_role):lex_emb_norm + C(valence):C(dominance) + C(valence):log_frequency + C(valence):lex_emb_norm + C(dominance):log_frequency + C(dominance):lex_emb_norm + log_frequency:lex_emb_norm,1 + C(semantic_role) + C(syntactic_role) + C(valence) + C(dominance),profession,lbfgs,True,1,['ConvergenceWarning: The MLE may be on the boundary of the parameter space.'],True,18916.822330978146,19478.93303485997,-9385.411165489073,16320,0.1789377010551845,0.027003548734521432,0.9283187976768152,0.0,0.026429255057735624,0.01716743234880767,0.08469325789522356,0.018859201097899948,0.0020780000409803654,0.0006382182888901016,0.0042868067097980534,0.0025482222558920425,0.0005619750622319295,0.00035250505989033415,0.00043135802961567863,0.0032354826520663493,4.811957517927137e-06,0.0008867035319984492,0.008086066233628734,0.3024916321709455,0.008137539819122753,0.0022316889748049185,0.0014761319473309685,0.00017461256057744329,0.0007555528979922487,0.10460991559178899,0.011375196050990835,0.006857743918217056,0.03511020772151677,0.003443376769289677,0.0027750393866775224,0.5073686600034472,0.010927912637361575,0.060910681450153326,0.005567601797994769,0.0048169778861640086
/mnt/hum01-rds/Nikolaev_Dmitry/flos-code/model_selection_data/runs/he_she_odds_results__Qwen_Qwen3-4B-Base__30e60832,he_she_odds_results__Qwen_Qwen3-4B-Base__30e60832,/mnt/hum01-rds/Nikolaev_Dmitry/flos-code/modelling_data/he_she_odds_results__Qwen_Qwen3-4B-Base.csv,Qwen_Qwen3-4B-Base,selected_mixed_random_slopes__candidate__0__C_tense_C_dominance,/mnt/hum01-rds/Nikolaev_Dmitry/flos-code/model_selection_data/runs/he_she_odds_results__Qwen_Qwen3-4B-Base__30e60832/models/selected_mixed_random_slopes__candidate__0__C_tense_C_dominance,random_slopes,log_he_she_odds ~ C(tense) + C(semantic_role) + C(syntactic_role) + C(valence) + C(dominance) + log_frequency + lex_emb_norm + C(tense):C(semantic_role) + C(tense):C(syntactic_role) + C(tense):C(valence) + C(tense):log_frequency + C(tense):lex_emb_norm + C(semantic_role):C(syntactic_role) + C(semantic_role):C(valence) + C(semantic_role):C(dominance) + C(semantic_role):log_frequency + C(semantic_role):lex_emb_norm + C(syntactic_role):C(valence) + C(syntactic_role):C(dominance) + C(syntactic_role):log_frequency + C(syntactic_role):lex_emb_norm + C(valence):C(dominance) + C(valence):log_frequency + C(valence):lex_emb_norm + C(dominance):log_frequency + C(dominance):lex_emb_norm + log_frequency:lex_emb_norm,1 + C(semantic_role) + C(syntactic_role) + C(valence) + C(dominance),profession,lbfgs,True,1,['ConvergenceWarning: The MLE may be on the boundary of the parameter space.'],True,18918.387599366688,19441.99757010592,-9391.193799683344,16320,0.17906588273862215,0.02695295773331904,0.928267425749372,1.7750458018086617e-30,0.029861393801862215,0.01716743234973846,0.08469325789912825,0.018859201098613217,0.0007855574005031323,0.0006382182888901472,0.0042868067097978965,0.002548222255892065,,0.00035250505989034065,0.00043135802961568595,0.003235482652066344,4.811957517925802e-06,0.0008867035319984441,0.008086066233628854,0.30254224031300997,0.008137539819123192,0.0022316889748309862,0.0014761319473600236,0.0001746125605722122,0.000755552897985791,0.10462758553366878,0.011375196050991762,0.006857743918789898,0.03511020772391676,0.0034433767695856814,0.002775039386520269,0.5074673334925638,0.010926895297206312,0.06091044711092845,0.005566461727476774,0.004815824459937261
/mnt/hum01-rds/Nikolaev_Dmitry/flos-code/model_selection_data/runs/he_she_odds_results__Qwen_Qwen3-4B-Base__30e60832,he_she_odds_results__Qwen_Qwen3-4B-Base__30e60832,/mnt/hum01-rds/Nikolaev_Dmitry/flos-code/modelling_data/he_she_odds_results__Qwen_Qwen3-4B-Base.csv,Qwen_Qwen3-4B-Base,selected_mixed_random_slopes__candidate__0__C_tense_lex_emb_norm,/mnt/hum01-rds/Nikolaev_Dmitry/flos-code/model_selection_data/runs/he_she_odds_results__Qwen_Qwen3-4B-Base__30e60832/models/selected_mixed_random_slopes__candidate__0__C_tense_lex_emb_norm,random_slopes,log_he_she_odds ~ C(tense) + C(semantic_role) + C(syntactic_role) + C(valence) + C(dominance) + log_frequency + lex_emb_norm + C(tense):C(semantic_role) + C(tense):C(syntactic_role) + C(tense):C(valence) + C(tense):C(dominance) + C(tense):log_frequency + C(semantic_role):C(syntactic_role) + C(semantic_role):C(valence) + C(semantic_role):C(dominance) + C(semantic_role):log_frequency + C(semantic_role):lex_emb_norm + C(syntactic_role):C(valence) + C(syntactic_role):C(dominance) + C(syntactic_role):log_frequency + C(syntactic_role):lex_emb_norm + C(valence):C(dominance) + C(valence):log_frequency + C(valence):lex_emb_norm + C(dominance):log_frequency + C(dominance):lex_emb_norm + log_frequency:lex_emb_norm,1 + C(semantic_role) + C(syntactic_role) + C(valence) + C(dominance),profession,lbfgs,True,1,['ConvergenceWarning: The MLE may be on the boundary of the parameter space.'],True,18919.00450251199,19442.614473251222,-9391.502251255995,16320,0.17907272873162078,0.02695066702970897,0.9282634591653082,7.889092452482941e-31,0.014358330215425322,0.017167432348948502,0.0846932578959759,0.01885920109800424,0.0020780000409973518,0.0006382182888901044,0.00428680670979794,0.002548222255892172,0.0005619750622318857,0.0003525050598903279,0.0004313580296156558,0.0032354826520664018,4.81195751792875e-06,0.0008867035319984881,0.008086066233628786,0.3082920518126572,0.015340577457591707,0.002231688974805743,0.0014761319473239175,0.00017461256057787173,0.0007555528979924635,0.10023123516916853,,0.00685774391848232,0.03511020772269078,0.0034433767694221824,0.0027750393866089974,0.5074498115503098,0.010926637697302526,0.06091073188641318,0.005566358419967032,0.004815731657874234
/mnt/hum01-rds/Nikolaev_Dmitry/flos-code/model_selection_data/runs/he_she_odds_results__Qwen_Qwen3-4B-Base__30e60832,he_she_odds_results__Qwen_Qwen3-4B-Base__30e60832,/mnt/hum01-rds/Nikolaev_Dmitry/flos-code/modelling_data/he_she_odds_results__Qwen_Qwen3-4B-Base.csv,Qwen_Qwen3-4B-Base,selected_mixed_random_slopes__candidate__0__C_semantic_role_C_syntactic_role,/mnt/hum01-rds/Nikolaev_Dmitry/flos-code/model_selection_data/runs/he_she_odds_results__Qwen_Qwen3-4B-Base__30e60832/models/selected_mixed_random_slopes__candidate__0__C_semantic_role_C_syntactic_role,random_slopes,log_he_she_odds ~ C(tense) + C(semantic_role) + C(syntactic_role) + C(valence) + C(dominance) + log_frequency + lex_emb_norm + C(tense):C(semantic_role) + C(tense):C(syntactic_role) + C(tense):C(valence) + C(tense):C(dominance) + C(tense):log_frequency + C(tense):lex_emb_norm + C(semantic_role):C(valence) + C(semantic_role):C(dominance) + C(semantic_role):log_frequency + C(semantic_role):lex_emb_norm + C(syntactic_role):C(valence) + C(syntactic_role):C(dominance) + C(syntactic_role):log_frequency + C(syntactic_role):lex_emb_norm + C(valence):C(dominance) + C(valence):log_frequency + C(valence):lex_emb_norm + C(dominance):log_frequency + C(dominance):lex_emb_norm + log_frequency:lex_emb_norm,1 + C(semantic_role) + C(syntactic_role) + C(valence) + C(dominance),profession,lbfgs,True,1,['ConvergenceWarning: The MLE may be on the boundary of the parameter space.'],True,18925.5348656532,19479.945422906505,-9390.7674328266,16320,0.1790564225757505,0.026956290209278325,0.9282724065041181,1.9722731131207353e-31,0.02642925505773683,0.01444436912326998,0.09111999112271871,0.018859201098499912,0.0020780000410993184,0.0006382182888900972,0.0042868067097981,0.0025482222558921978,0.0005619750622318403,,0.000431358029615657,0.0032354826520663653,4.8119575179272705e-06,0.0008867035319984709,0.008086066233628756,0.30254961526559904,0.008137539819123246,0.0022316889747907398,0.0014761319473007772,0.0001746125605804604,0.0007555528979961359,0.10463016050218502,0.01137519605099007,0.0068577439184337044,0.035110207722309494,0.0034433767693991513,0.0027750393866206864,0.507481712946746,0.010927199537798145,0.06091016504377015,0.005566582192005963,0.004815945795746197
/mnt/hum01-rds/Nikolaev_Dmitry/flos-code/model_selection_data/runs/he_she_odds_results__Qwen_Qwen3-4B-Base__30e60832,he_she_odds_results__Qwen_Qwen3-4B-Base__30e60832,/mnt/hum01-rds/Nikolaev_Dmitry/flos-code/modelling_data/he_she_odds_results__Qwen_Qwen3-4B-Base.csv,Qwen_Qwen3-4B-Base,selected_mixed_random_slopes__candidate__0__C_tense_log_frequency,/mnt/hum01-rds/Nikolaev_Dmitry/flos-code/model_selection_data/runs/he_she_odds_results__Qwen_Qwen3-4B-Base__30e60832/models/selected_mixed_random_slopes__candidate__0__C_tense_log_frequency,random_slopes,log_he_she_odds ~ C(tense) + C(semantic_role) + C(syntactic_role) + C(valence) + C(dominance) + log_frequency + lex_emb_norm + C(tense):C(semantic_role) + C(tense):C(syntactic_role) + C(tense):C(valence) + C(tense):C(dominance) + C(tense):lex_emb_norm + C(semantic_role):C(syntactic_role) + C(semantic_role):C(valence) + C(semantic_role):C(dominance) + C(semantic_role):log_frequency + C(semantic_role):lex_emb_norm + C(syntactic_role):C(valence) + C(syntactic_role):C(dominance) + C(syntactic_role):log_frequency + C(syntactic_role):lex_emb_norm + C(valence):C(dominance) + C(valence):log_frequency + C(valence):lex_emb_norm + C(dominance):log_frequency + C(dominance):lex_emb_norm + log_frequency:lex_emb_norm,1 + C(semantic_role) + C(syntactic_role) + C(valence) + C(dominance),profession,lbfgs,True,1,['ConvergenceWarning: The MLE may be on the boundary of the parameter space.'],True,18927.462287105183,19451.072257844415,-9395.731143552592,16320,0.17916646014628507,0.02691801043332793,0.9282102212340589,1.9722731131207353e-31,0.030203378332732886,0.017167432349690412,0.08469325789888255,0.018859201098569676,0.0020780000411139616,0.0006382182888900946,0.0042868067097980396,0.0025482222558922416,0.0005619750622318742,0.00035250505989033767,0.0004313580296156647,0.003235482652066428,4.811957517926189e-06,0.0008867035319984431,0.008086066233628899,0.2775346312455864,,0.002231688974781874,0.0014761319472934452,0.0001746125605822449,0.0007555528979980897,0.11607309757979362,0.03394790839884934,0.006857743918667696,0.03511020772343161,0.0034433767695204133,0.0027750393865532026,0.5068410125370505,0.010925188016317654,0.060911351939533113,0.005565422275304329,0.004814499052185474
/mnt/hum01-rds/Nikolaev_Dmitry/flos-code/model_selection_data/runs/he_she_odds_results__Qwen_Qwen3-4B-Base__30e60832,he_she_odds_results__Qwen_Qwen3-4B-Base__30e60832,/mnt/hum01-rds/Nikolaev_Dmitry/flos-code/modelling_data/he_she_odds_results__Qwen_Qwen3-4B-Base.csv,Qwen_Qwen3-4B-Base,selected_mixed_random_slopes__candidate__0__C_semantic_role_C_valence,/mnt/hum01-rds/Nikolaev_Dmitry/flos-code/model_selection_data/runs/he_she_odds_results__Qwen_Qwen3-4B-Base__30e60832/models/selected_mixed_random_slopes__candidate__0__C_semantic_role_C_valence,random_slopes,log_he_she_odds ~ C(tense) + C(semantic_role) + C(syntactic_role) + C(valence) + C(dominance) + log_frequency + lex_emb_norm + C(tense):C(semantic_role) + C(tense):C(syntactic_role) + C(tense):C(valence) + C(tense):C(dominance) + C(tense):log_frequency + C(tense):lex_emb_norm + C(semantic_role):C(syntactic_role) + C(semantic_role):C(dominance) + C(semantic_role):log_frequency + C(semantic_role):lex_emb_norm + C(syntactic_role):C(valence) + C(syntactic_role):C(dominance) + C(syntactic_role):log_frequency + C(syntactic_role):lex_emb_norm + C(valence):C(dominance) + C(valence):log_frequency + C(valence):lex_emb_norm + C(dominance):log_frequency + C(dominance):lex_emb_norm + log_frequency:lex_emb_norm,1 + C(semantic_role) + C(syntactic_role) + C(valence) + C(dominance),profession,lbfgs,True,1,['ConvergenceWarning: The MLE may be on the boundary of the parameter space.'],True,18927.93027509103,19482.340832344333,-9391.965137545514,16320,0.17908281028883788,0.02694031741276033,0.9282695981678394,1.7750458018086617e-30,0.026429255057736283,0.020453470161177725,0.0846932578959409,0.022296428636353293,0.0020780000410166475,0.0006382182888900993,0.004286806709798212,0.00254822225589203,0.0005619750622319089,0.00035250505989035643,,0.0032354826520663853,4.811957517923696e-06,0.0008867035319984075,0.00808606623362887,0.3019648649433164,0.008137539819123017,0.0022316889747187223,0.0014761319471792629,0.0001746125605953123,0.0007555528980139801,0.10442599467939279,0.011375196050990728,0.006857743918187886,0.03511020772116226,0.003443376769271697,0.0027750393866839518,0.5063416725543592,0.01092946269279209,0.06088100738332864,0.005563912150558737,0.004818277875037129
/mnt/hum01-rds/Nikolaev_Dmitry/flos-code/model_selection_data/runs/he_she_odds_results__Qwen_Qwen3-4B-Base__30e60832,he_she_odds_results__Qwen_Qwen3-4B-Base__30e60832,/mnt/hum01-rds/Nikolaev_Dmitry/flos-code/modelling_data/he_she_odds_results__Qwen_Qwen3-4B-Base.csv,Qwen_Qwen3-4B-Base,selected_mixed_random_slopes__candidate__0__C_tense_C_semantic_role,/mnt/hum01-rds/Nikolaev_Dmitry/flos-code/model_selection_data/runs/he_she_odds_results__Qwen_Qwen3-4B-Base__30e60832/models/selected_mixed_random_slopes__candidate__0__C_tense_C_semantic_role,random_slopes,log_he_she_odds ~ C(tense) + C(semantic_role) + C(syntactic_role) + C(valence) + C(dominance) + log_frequency + lex_emb_norm + C(tense):C(syntactic_role) + C(tense):C(valence) + C(tense):C(dominance) + C(tense):log_frequency + C(tense):lex_emb_norm + C(semantic_role):C(syntactic_role) + C(semantic_role):C(valence) + C(semantic_role):C(dominance) + C(semantic_role):log_frequency + C(semantic_role):lex_emb_norm + C(syntactic_role):C(valence) + C(syntactic_role):C(dominance) + C(syntactic_role):log_frequency + C(syntactic_role):lex_emb_norm + C(valence):C(dominance) + C(valence):log_frequency + C(valence):lex_emb_norm + C(dominance):log_frequency + C(dominance):lex_emb_norm + log_frequency:lex_emb_norm,1 + C(semantic_role) + C(syntactic_role) + C(valence) + C(dominance),profession,lbfgs,True,1,['ConvergenceWarning: The MLE may be on the boundary of the parameter space.'],True,18933.147120998474,19456.757091737705,-9398.573560499237,16320,0.17922864843202657,0.026890256765583057,0.9281958134358104,1.9722731131207353e-31,0.026912103915592404,0.019265264802703533,0.0846932578973975,0.01885920109829144,0.002078000041056477,,0.004286806709797994,0.00254822225589201,0.0005619750622318569,0.0003525050598903296,0.00043135802961566166,0.003235482652066381,4.811957517926449e-06,0.0008867035319984591,0.00808606623362895,0.30249728101906415,0.008137539819122366,0.002231688974843205,0.0014761319473904286,0.00017461256056963833,0.000755552897982484,0.10461188790917196,0.01137519605099043,0.006857743918633206,0.03511020772334267,0.003443376769507013,0.0027750393865622882,0.5073796738162066,0.010930624271985805,0.060976906572450244,0.00556252060828782,0.004812964375958082
/mnt/hum01-rds/Nikolaev_Dmitry/flos-code/model_selection_data/runs/he_she_odds_results__Qwen_Qwen3-4B-Base__30e60832,he_she_odds_results__Qwen_Qwen3-4B-Base__30e60832,/mnt/hum01-rds/Nikolaev_Dmitry/flos-code/modelling_data/he_she_odds_results__Qwen_Qwen3-4B-Base.csv,Qwen_Qwen3-4B-Base,selected_mixed_random_slopes__candidate__0__C_syntactic_role_C_dominance,/mnt/hum01-rds/Nikolaev_Dmitry/flos-code/model_selection_data/runs/he_she_odds_results__Qwen_Qwen3-4B-Base__30e60832/models/selected_mixed_random_slopes__candidate__0__C_syntactic_role_C_dominance,random_slopes,log_he_she_odds ~ C(tense) + C(semantic_role) + C(syntactic_role) + C(valence) + C(dominance) + log_frequency + lex_emb_norm + C(tense):C(semantic_role) + C(tense):C(syntactic_role) + C(tense):C(valence) + C(tense):C(dominance) + C(tense):log_frequency + C(tense):lex_emb_norm + C(semantic_role):C(syntactic_role) + C(semantic_role):C(valence) + C(semantic_role):C(dominance) + C(semantic_role):log_frequency + C(semantic_role):lex_emb_norm + C(syntactic_role):C(valence) + C(syntactic_role):log_frequency + C(syntactic_role):lex_emb_norm + C(valence):C(dominance) + C(valence):log_frequency + C(valence):lex_emb_norm + C(dominance):log_frequency + C(dominance):lex_emb_norm + log_frequency:lex_emb_norm,1 + C(semantic_role) + C(syntactic_role) + C(valence) + C(dominance),profession,lbfgs,True,1,['ConvergenceWarning: The MLE may be on the boundary of the parameter space.'],True,18941.755480048683,19496.166037301988,-9398.877740024342,16320,0.1792363684325377,0.026878697924370087,0.9282189415981326,1.9722731131207353e-31,0.02642925505774089,0.01716743234833753,0.07498230713425033,0.018859201097535475,0.003940973374142952,0.0006382182888900786,0.004286806709797943,0.002548222255892072,0.0005619750622318133,0.0003525050598903677,0.00043135802961564475,0.0032354826520664365,4.811957517925754e-06,,0.008086066233628899,0.30271393963867965,0.008137539819122457,0.002231688974758903,0.0014761319472449486,0.00017461256058692198,0.000755552898003769,0.10468753475665334,0.011375196050992293,0.006857743918145199,0.03511020772093187,0.0034433767692490093,0.002775039386697626,0.5078021151006482,0.01093012580362351,0.06088975168888957,0.005566373966756846,0.004813989571989734
/mnt/hum01-rds/Nikolaev_Dmitry/flos-code/model_selection_data/runs/he_she_odds_results__Qwen_Qwen3-4B-Base__30e60832,he_she_odds_results__Qwen_Qwen3-4B-Base__30e60832,/mnt/hum01-rds/Nikolaev_Dmitry/flos-code/modelling_data/he_she_odds_results__Qwen_Qwen3-4B-Base.csv,Qwen_Qwen3-4B-Base,selected_mixed_random_slopes__candidate__0__C_tense_C_valence,/mnt/hum01-rds/Nikolaev_Dmitry/flos-code/model_selection_data/runs/he_she_odds_results__Qwen_Qwen3-4B-Base__30e60832/models/selected_mixed_random_slopes__candidate__0__C_tense_C_valence,random_slopes,log_he_she_odds ~ C(tense) + C(semantic_role) + C(syntactic_role) + C(valence) + C(dominance) + log_frequency + lex_emb_norm + C(tense):C(semantic_role) + C(tense):C(syntactic_role) + C(tense):C(dominance) + C(tense):log_frequency + C(tense):lex_emb_norm + C(semantic_role):C(syntactic_role) + C(semantic_role):C(valence) + C(semantic_role):C(dominance) + C(semantic_role):log_frequency + C(semantic_role):lex_emb_norm + C(syntactic_role):C(valence) + C(syntactic_role):C(dominance) + C(syntactic_role):log_frequency + C(syntactic_role):lex_emb_norm + C(valence):C(dominance) + C(valence):log_frequency + C(valence):lex_emb_norm + C(dominance):log_frequency + C(dominance):lex_emb_norm + log_frequency:lex_emb_norm,1 + C(semantic_role) + C(syntactic_role) + C(valence) + C(dominance),profession,lbfgs,True,1,['ConvergenceWarning: The MLE may be on the boundary of the parameter space.'],True,18972.175876986294,19495.785847725525,-9418.087938493147,16320,0.17966321476631536,0.0267117689385329,0.9280476995572361,1.9722731131207353e-31,0.025866449890578593,0.017167432349702513,0.08469325789891002,0.02913072064794949,0.0020780000411169276,0.0006382182888900526,0.004286806709798065,,0.0005619750622319563,0.0003525050598903459,0.0004313580296156401,0.0032354826520664794,4.811957517925727e-06,0.000886703531998438,0.008086066233628961,0.3032131178376653,0.008137539819122144,0.0022316889748755365,0.0014761319474376805,0.00017461256056306029,0.000755552897974238,0.10486182500388336,0.011375196050990589,0.006857743918740635,0.03511020772375184,0.0034433767695588573,0.0027750393865320264,0.5087755069178019,0.010924515551426624,0.060903769655162955,0.005559718511988668,0.004811303895278023
/mnt/hum01-rds/Nikolaev_Dmitry/flos-code/model_selection_data/runs/he_she_odds_results__Qwen_Qwen3-4B-Base__30e60832,he_she_odds_results__Qwen_Qwen3-4B-Base__30e60832,/mnt/hum01-rds/Nikolaev_Dmitry/flos-code/modelling_data/he_she_odds_results__Qwen_Qwen3-4B-Base.csv,Qwen_Qwen3-4B-Base,selected_mixed_random_slopes__candidate__0__C_semantic_role_C_dominance,/mnt/hum01-rds/Nikolaev_Dmitry/flos-code/model_selection_data/runs/he_she_odds_results__Qwen_Qwen3-4B-Base__30e60832/models/selected_mixed_random_slopes__candidate__0__C_semantic_role_C_dominance,random_slopes,log_he_she_odds ~ C(tense) + C(semantic_role) + C(syntactic_role) + C(valence) + C(dominance) + log_frequency + lex_emb_norm + C(tense):C(semantic_role) + C(tense):C(syntactic_role) + C(tense):C(valence) + C(tense):C(dominance) + C(tense):log_frequency + C(tense):lex_emb_norm + C(semantic_role):C(syntactic_role) + C(semantic_role):C(valence) + C(semantic_role):log_frequency + C(semantic_role):lex_emb_norm + C(syntactic_role):C(valence) + C(syntactic_role):C(dominance) + C(syntactic_role):log_frequency + C(syntactic_role):lex_emb_norm + C(valence):C(dominance) + C(valence):log_frequency + C(valence):lex_emb_norm + C(dominance):log_frequency + C(dominance):lex_emb_norm + log_frequency:lex_emb_norm,1 + C(semantic_role) + C(syntactic_role) + C(valence) + C(dominance),profession,lbfgs,True,1,['ConvergenceWarning: The MLE may be on the boundary of the parameter space.'],True,19012.88212882768,19567.292686080986,-9434.44106441384,16320,0.18002748497820875,0.02657580816300501,0.9278769983257334,7.889092452482941e-31,0.026429255057739003,0.009640120034561139,0.08469325789537999,0.01885920109794,0.00016242610422921217,0.0006382182888901033,0.0042868067097980335,0.0025482222558919285,0.000561975062231959,0.0003525050598903583,0.0004313580296156281,,4.811957517925122e-06,0.0008867035319984261,0.008086066233628937,0.3030387780003749,0.008137539819121959,0.00223168897490718,0.0014761319474801843,0.00017461256055702952,0.0007555528979666077,0.10480095333143195,0.011375196050991366,0.006857743918401534,0.03511020772223309,0.0034433767693811696,0.002775039386629466,0.5084355314457567,0.010918267140705913,0.060878874386913764,0.0055542271957011195,0.004811589931271252
/mnt/hum01-rds/Nikolaev_Dmitry/flos-code/model_selection_data/runs/he_she_odds_results__Qwen_Qwen3-4B-Base__30e60832,he_she_odds_results__Qwen_Qwen3-4B-Base__30e60832,/mnt/hum01-rds/Nikolaev_Dmitry/flos-code/modelling_data/he_she_odds_results__Qwen_Qwen3-4B-Base.csv,Qwen_Qwen3-4B-Base,selected_mixed_random_slopes__candidate__0__C_tense_C_syntactic_role,/mnt/hum01-rds/Nikolaev_Dmitry/flos-code/model_selection_data/runs/he_she_odds_results__Qwen_Qwen3-4B-Base__30e60832/models/selected_mixed_random_slopes__candidate__0__C_tense_C_syntactic_role,random_slopes,log_he_she_odds ~ C(tense) + C(semantic_role) + C(syntactic_role) + C(valence) + C(dominance) + log_frequency + lex_emb_norm + C(tense):C(semantic_role) + C(tense):C(valence) + C(tense):C(dominance) + C(tense):log_frequency + C(tense):lex_emb_norm + C(semantic_role):C(syntactic_role) + C(semantic_role):C(valence) + C(semantic_role):C(dominance) + C(semantic_role):log_frequency + C(semantic_role):lex_emb_norm + C(syntactic_role):C(valence) + C(syntactic_role):C(dominance) + C(syntactic_role):log_frequency + C(syntactic_role):lex_emb_norm + C(valence):C(dominance) + C(valence):log_frequency + C(valence):lex_emb_norm + C(dominance):log_frequency + C(dominance):lex_emb_norm + log_frequency:lex_emb_norm,1 + C(semantic_role) + C(syntactic_role) + C(valence) + C(dominance),profession,lbfgs,True,1,['ConvergenceWarning: The MLE may be on the boundary of the parameter space.'],True,19019.875267077237,19543.48523781647,-9441.937633538619,16320,0.1801945597985716,0.026498174216199103,0.9278412864735671,0.0,0.027403624923372356,0.017167432349021936,0.11117827382706104,0.01885920109805366,0.002078000041009621,0.0006382182888901015,,0.002548222255892139,0.0005619750622318597,0.0003525050598903523,0.0004313580296156607,0.0032354826520663905,4.8119575179268774e-06,0.0008867035319984498,0.008086066233628746,0.3030677951364223,0.008137539819122413,0.0022316889747715654,0.00147613194728486,0.0001746125605845214,0.0007555528980011301,0.10481108480510155,0.011375196050991073,0.006857743918632593,0.03511020772327331,0.0034433767694976884,0.0027750393865653244,0.5084921158595768,0.010922829215040269,0.06090232525241914,0.0055581897775291555,0.004805828134745855
/mnt/hum01-rds/Nikolaev_Dmitry/flos-code/model_selection_data/runs/he_she_odds_results__Qwen_Qwen3-4B-Base__30e60832,he_she_odds_results__Qwen_Qwen3-4B-Base__30e60832,/mnt/hum01-rds/Nikolaev_Dmitry/flos-code/modelling_data/he_she_odds_results__Qwen_Qwen3-4B-Base.csv,Qwen_Qwen3-4B-Base,selected_mixed_random_slopes__candidate__0__C_valence_C_dominance,/mnt/hum01-rds/Nikolaev_Dmitry/flos-code/model_selection_data/runs/he_she_odds_results__Qwen_Qwen3-4B-Base__30e60832/models/selected_mixed_random_slopes__candidate__0__C_valence_C_dominance,random_slopes,log_he_she_odds ~ C(tense) + C(semantic_role) + C(syntactic_role) + C(valence) + C(dominance) + log_frequency + lex_emb_norm + C(tense):C(semantic_role) + C(tense):C(syntactic_role) + C(tense):C(valence) + C(tense):C(dominance) + C(tense):log_frequency + C(tense):lex_emb_norm + C(semantic_role):C(syntactic_role) + C(semantic_role):C(valence) + C(semantic_role):C(dominance) + C(semantic_role):log_frequency + C(semantic_role):lex_emb_norm + C(syntactic_role):C(valence) + C(syntactic_role):C(dominance) + C(syntactic_role):log_frequency + C(syntactic_role):lex_emb_norm + C(valence):log_frequency + C(valence):lex_emb_norm + C(dominance):log_frequency + C(dominance):lex_emb_norm + log_frequency:lex_emb_norm,1 + C(semantic_role) + C(syntactic_role) + C(valence) + C(dominance),profession,lbfgs,True,1,['ConvergenceWarning: The MLE may be on the boundary of the parameter space.'],True,19158.78530497552,19713.195862228826,-9507.39265248776,16320,0.18166065406640075,0.025905795032495866,0.9272908364807223,1.7750458018086617e-30,0.02642925505773826,0.017167432348783086,0.0846932578951185,0.007295208735750033,4.0090762803496086e-05,0.0006382182888901173,0.004286806709797969,0.002548222255892154,0.0005619750622318681,0.00035250505989033426,0.0004313580296156597,0.0032354826520663766,4.8119575179278905e-06,0.0008867035319984625,,0.3035031788434592,0.008137539819123314,0.0022316889749291863,0.0014761319474970278,0.00017461256055260245,0.0007555528979604651,0.10496310168747093,0.01137519605099051,0.00685774391851705,0.035110207722676666,0.003443376769441442,0.0027750393865962754,0.509341182305943,0.010914094259207226,0.060931918649283184,0.005545975353946954,0.0047926905157085345
/mnt/hum01-rds/Nikolaev_Dmitry/flos-code/model_selection_data/runs/he_she_odds_results__Qwen_Qwen3-4B-Base__30e60832,he_she_odds_results__Qwen_Qwen3-4B-Base__30e60832,/mnt/hum01-rds/Nikolaev_Dmitry/flos-code/modelling_data/he_she_odds_results__Qwen_Qwen3-4B-Base.csv,Qwen_Qwen3-4B-Base,selected_mixed_random_slopes__random_intercept_baseline,/mnt/hum01-rds/Nikolaev_Dmitry/flos-code/model_selection_data/runs/he_she_odds_results__Qwen_Qwen3-4B-Base__30e60832/models/selected_mixed_random_slopes__random_intercept_baseline,random_intercept_baseline,log_he_she_odds ~ C(tense) + C(semantic_role) + C(syntactic_role) + C(valence) + C(dominance) + log_frequency + lex_emb_norm + C(tense):C(semantic_role) + C(tense):C(syntactic_role) + C(tense):C(valence) + C(tense):C(dominance) + C(tense):log_frequency + C(tense):lex_emb_norm + C(semantic_role):C(syntactic_role) + C(semantic_role):C(valence) + C(semantic_role):C(dominance) + C(semantic_role):log_frequency + C(semantic_role):lex_emb_norm + C(syntactic_role):C(valence) + C(syntactic_role):C(dominance) + C(syntactic_role):log_frequency + C(syntactic_role):lex_emb_norm + C(valence):C(dominance) + C(valence):log_frequency + C(valence):lex_emb_norm + C(dominance):log_frequency + C(dominance):lex_emb_norm + log_frequency:lex_emb_norm,1,profession,lbfgs,True,0,[],False,20420.205641210836,20874.514292293403,-10151.102820605418,16320,0.19954238098105076,0.028679083633314274,0.9190992317043584,1.926047962031968e-34,0.026429255057734725,0.017167432349258886,0.08469325789702037,0.01885920109824881,0.0020780000410490643,0.0006382182888900799,0.004286806709797915,0.0025482222558919593,0.0005619750622319097,0.0003525050598903942,0.00043135802961556565,0.00323548265206661,4.811957517918551e-06,0.0008867035319983758,0.00808606623362923,0.38752238177482157,0.0081375398191239,0.0022316889748514226,0.001476131947393613,0.0001746125605680562,0.0007555528979804383,0.13891253816639465,0.011375196050989545,0.006857743918546736,0.03511020772284088,0.003443376769461157,0.0027750393865861056,1.1085414993062688,,,,
/mnt/hum01-rds/Nikolaev_Dmitry/flos-code/model_selection_data/runs/he_she_odds_results__Qwen_Qwen3-8B-Base__3794e0cc,he_she_odds_results__Qwen_Qwen3-8B-Base__3794e0cc,/mnt/hum01-rds/Nikolaev_Dmitry/flos-code/modelling_data/he_she_odds_results__Qwen_Qwen3-8B-Base.csv,Qwen_Qwen3-8B-Base,selected_mixed_random_slopes__candidate__0__C_dominance_log_frequency,/mnt/hum01-rds/Nikolaev_Dmitry/flos-code/model_selection_data/runs/he_she_odds_results__Qwen_Qwen3-8B-Base__3794e0cc/models/selected_mixed_random_slopes__candidate__0__C_dominance_log_frequency,random_slopes,log_he_she_odds ~ C(tense) + C(semantic_role) + C(syntactic_role) + C(valence) + C(dominance) + log_frequency + lex_emb_norm + C(tense):C(semantic_role) + C(tense):C(syntactic_role) + C(tense):C(valence) + C(tense):C(dominance) + C(tense):log_frequency + C(tense):lex_emb_norm + C(semantic_role):C(syntactic_role) + C(semantic_role):C(valence) + C(semantic_role):C(dominance) + C(semantic_role):log_frequency + C(semantic_role):lex_emb_norm + C(syntactic_role):C(valence) + C(syntactic_role):C(dominance) + C(syntactic_role):log_frequency + C(syntactic_role):lex_emb_norm + C(valence):C(dominance) + C(valence):log_frequency + C(valence):lex_emb_norm + C(dominance):lex_emb_norm + log_frequency:lex_emb_norm,1 + C(semantic_role) + C(syntactic_role) + C(valence) + C(dominance),profession,lbfgs,True,1,['ConvergenceWarning: The MLE may be on the boundary of the parameter space.'],True,22066.672203397553,22621.082760650857,-10961.336101698776,16320,0.21727200302386895,0.03269189241457277,0.9172279384996338,1.2326706957004595e-32,0.0371086364109472,0.01242843614162053,0.01874334686911619,0.011272598205237017,0.0021860811762400355,0.0007279635789356233,0.0029590854559734016,0.0022386837148808112,0.001169135130518615,0.0020238175806154023,0.001790139791602874,2.36719054031032e-05,0.002101813720347707,0.001415867265721681,3.9604396055799595e-05,0.3328791041732679,0.020369993282582086,0.0002610242572589879,0.062252110336745756,0.0033131170159900023,,0.06490604894467127,0.06595564419695708,0.007782025169243645,0.049999755956943066,0.0006578055782186174,0.00029009221082205137,0.7849559112147194,0.014743980393215433,0.05098984209742379,0.019627228962510474,0.00806808717249138
/mnt/hum01-rds/Nikolaev_Dmitry/flos-code/model_selection_data/runs/he_she_odds_results__Qwen_Qwen3-8B-Base__3794e0cc,he_she_odds_results__Qwen_Qwen3-8B-Base__3794e0cc,/mnt/hum01-rds/Nikolaev_Dmitry/flos-code/modelling_data/he_she_odds_results__Qwen_Qwen3-8B-Base.csv,Qwen_Qwen3-8B-Base,selected_mixed_random_slopes__candidate__0__C_valence_lex_emb_norm,/mnt/hum01-rds/Nikolaev_Dmitry/flos-code/model_selection_data/runs/he_she_odds_results__Qwen_Qwen3-8B-Base__3794e0cc/models/selected_mixed_random_slopes__candidate__0__C_valence_lex_emb_norm,random_slopes,log_he_she_odds ~ C(tense) + C(semantic_role) + C(syntactic_role) + C(valence) + C(dominance) + log_frequency + lex_emb_norm + C(tense):C(semantic_role) + C(tense):C(syntactic_role) + C(tense):C(valence) + C(tense):C(dominance) + C(tense):log_frequency + C(tense):lex_emb_norm + C(semantic_role):C(syntactic_role) + C(semantic_role):C(valence) + C(semantic_role):C(dominance) + C(semantic_role):log_frequency + C(semantic_role):lex_emb_norm + C(syntactic_role):C(valence) + C(syntactic_role):C(dominance) + C(syntactic_role):log_frequency + C(syntactic_role):lex_emb_norm + C(valence):C(dominance) + C(valence):log_frequency + C(dominance):log_frequency + C(dominance):lex_emb_norm + log_frequency:lex_emb_norm,1 + C(semantic_role) + C(syntactic_role) + C(valence) + C(dominance),profession,lbfgs,True,1,['ConvergenceWarning: The MLE may be on the boundary of the parameter space.'],True,22066.69077579095,22621.101333044255,-10961.345387895475,16320,0.21727195953590225,0.03778118406013009,0.9177381690986489,4.930682782801838e-32,0.03710863641095039,0.014054501447232184,0.017757155034049274,0.013556572875427686,0.0020650052476945333,0.0007279635789356271,0.0029590854559733786,0.0022386837148807887,0.0011691351305186126,0.002023817580615367,0.0017901397916028755,2.367190540310192e-05,0.002101813720347711,0.0014158672657216666,3.960439605579473e-05,0.4268804250606534,0.020369993282586908,0.0008580750831434184,0.06857775809149563,0.001766256205199266,8.483883775825241e-05,0.027934924134814527,0.06595564419697032,0.011715726848336511,0.05728580578546577,,0.0007449922506383514,0.7849702528590388,0.014755331754564142,0.05098388349591174,0.01965650027229083,0.008060359690143232
/mnt/hum01-rds/Nikolaev_Dmitry/flos-code/model_selection_data/runs/he_she_odds_results__Qwen_Qwen3-8B-Base__3794e0cc,he_she_odds_results__Qwen_Qwen3-8B-Base__3794e0cc,/mnt/hum01-rds/Nikolaev_Dmitry/flos-code/modelling_data/he_she_odds_results__Qwen_Qwen3-8B-Base.csv,Qwen_Qwen3-8B-Base,selected_mixed_random_slopes__candidate__0__C_semantic_role_log_frequency,/mnt/hum01-rds/Nikolaev_Dmitry/flos-code/model_selection_data/runs/he_she_odds_results__Qwen_Qwen3-8B-Base__3794e0cc/models/selected_mixed_random_slopes__candidate__0__C_semantic_role_log_frequency,random_slopes,log_he_she_odds ~ C(tense) + C(semantic_role) + C(syntactic_role) + C(valence) + C(dominance) + log_frequency + lex_emb_norm + C(tense):C(semantic_role) + C(tense):C(syntactic_role) + C(tense):C(valence) + C(tense):C(dominance) + C(tense):log_frequency + C(tense):lex_emb_norm + C(semantic_role):C(syntactic_role) + C(semantic_role):C(valence) + C(semantic_role):C(dominance) + C(semantic_role):lex_emb_norm + C(syntactic_role):C(valence) + C(syntactic_role):C(dominance) + C(syntactic_role):log_frequency + C(syntactic_role):lex_emb_norm + C(valence):C(dominance) + C(valence):log_frequency + C(valence):lex_emb_norm + C(dominance):log_frequency + C(dominance):lex_emb_norm + log_frequency:lex_emb_norm,1 + C(semantic_role) + C(syntactic_role) + C(valence) + C(dominance),profession,lbfgs,True,1,['ConvergenceWarning: The MLE may be on the boundary of the parameter space.'],True,22066.69551686049,22621.106074113795,-10961.347758430245,16320,0.21727196469321378,0.031015274103290014,0.9171577398253428,1.1094036261304136e-31,0.03710863641094862,0.011717508467558849,0.018773427754078156,0.010575892960625246,0.002040509796224243,0.0007279635789356277,0.0029590854559733747,0.002238683714880815,0.001169135130518622,0.0020238175806154214,0.0017901397916028543,2.3671905403099252e-05,0.002101813720347728,0.001415867265721638,3.960439605579465e-05,0.25323682427468514,0.020369993282584563,,0.06197877394478391,0.005506333813910374,6.252744824127543e-05,0.1010065762297857,0.06595564419696577,0.004795371973667392,0.04971226896745903,0.0020420155066083485,0.0006924942156900213,0.784912356611336,0.014768683140832057,0.05099026241322905,0.019643597080300133,0.0080607287054166
/mnt/hum01-rds/Nikolaev_Dmitry/flos-code/model_selection_data/runs/he_she_odds_results__Qwen_Qwen3-8B-Base__3794e0cc,he_she_odds_results__Qwen_Qwen3-8B-Base__3794e0cc,/mnt/hum01-rds/Nikolaev_Dmitry/flos-code/modelling_data/he_she_odds_results__Qwen_Qwen3-8B-Base.csv,Qwen_Qwen3-8B-Base,selected_mixed_random_slopes__candidate__0__C_dominance_lex_emb_norm,/mnt/hum01-rds/Nikolaev_Dmitry/flos-code/model_selection_data/runs/he_she_odds_results__Qwen_Qwen3-8B-Base__3794e0cc/models/selected_mixed_random_slopes__candidate__0__C_dominance_lex_emb_norm,random_slopes,log_he_she_odds ~ C(tense) + C(semantic_role) + C(syntactic_role) + C(valence) + C(dominance) + log_frequency + lex_emb_norm + C(tense):C(semantic_role) + C(tense):C(syntactic_role) + C(tense):C(valence) + C(tense):C(dominance) + C(tense):log_frequency + C(tense):lex_emb_norm + C(semantic_role):C(syntactic_role) + C(semantic_role):C(valence) + C(semantic_role):C(dominance) + C(semantic_role):log_frequency + C(semantic_role):lex_emb_norm + C(syntactic_role):C(valence) + C(syntactic_role):C(dominance) + C(syntactic_role):log_frequency + C(syntactic_role):lex_emb_norm + C(valence):C(dominance) + C(valence):log_frequency + C(valence):lex_emb_norm + C(dominance):log_frequency + log_frequency:lex_emb_norm,1 + C(semantic_role) + C(syntactic_role) + C(valence) + C(dominance),profession,lbfgs,True,1,['ConvergenceWarning: The MLE may be on the boundary of the parameter space.'],True,22066.756178880227,22621.16673613353,-10961.378089440113,16320,0.21727194697177443,0.032105555766326885,0.9171872808574134,0.0,0.037108636410948824,0.011958245455876983,0.02109462491198371,0.01158935183953117,0.003126012410366997,0.0007279635789356292,0.002959085455973375,0.002238683714880785,0.0011691351305186167,0.002023817580615407,0.0017901397916028647,2.367190540310107e-05,0.0021018137203476918,0.0014158672657216666,3.960439605579567e-05,0.32869501094715414,0.020369993282583678,0.00020575576328805975,0.05875628032314393,0.0031690693359539847,6.088356619507773e-05,0.06828830366001765,0.06595564419696354,0.00709928936200408,0.04330503855103613,0.0005239185715268399,,0.7859365410153936,0.014744071329992487,0.05101660993803207,0.019626572031277323,0.008092187600658317
/mnt/hum01-rds/Nikolaev_Dmitry/flos-code/model_selection_data/runs/he_she_odds_results__Qwen_Qwen3-8B-Base__3794e0cc,he_she_odds_results__Qwen_Qwen3-8B-Base__3794e0cc,/mnt/hum01-rds/Nikolaev_Dmitry/flos-code/modelling_data/he_she_odds_results__Qwen_Qwen3-8B-Base.csv,Qwen_Qwen3-8B-Base,selected_mixed_random_slopes__candidate__0__C_valence_log_frequency,/mnt/hum01-rds/Nikolaev_Dmitry/flos-code/model_selection_data/runs/he_she_odds_results__Qwen_Qwen3-8B-Base__3794e0cc/models/selected_mixed_random_slopes__candidate__0__C_valence_log_frequency,random_slopes,log_he_she_odds ~ C(tense) + C(semantic_role) + C(syntactic_role) + C(valence) + C(dominance) + log_frequency + lex_emb_norm + C(tense):C(semantic_role) + C(tense):C(syntactic_role) + C(tense):C(valence) + C(tense):C(dominance) + C(tense):log_frequency + C(tense):lex_emb_norm + C(semantic_role):C(syntactic_role) + C(semantic_role):C(valence) + C(semantic_role):C(dominance) + C(semantic_role):log_frequency + C(semantic_role):lex_emb_norm + C(syntactic_role):C(valence) + C(syntactic_role):C(dominance) + C(syntactic_role):log_frequency + C(syntactic_role):lex_emb_norm + C(valence):C(dominance) + C(valence):lex_emb_norm + C(dominance):log_frequency + C(dominance):lex_emb_norm + log_frequency:lex_emb_norm,1 + C(semantic_role) + C(syntactic_role) + C(valence) + C(dominance),profession,lbfgs,True,1,['ConvergenceWarning: The MLE may be on the boundary of the parameter space.'],True,22067.035318949114,22621.44587620242,-10961.517659474557,16320,0.21727123880612648,0.04796472409375503,0.9191850536349576,1.2326706957004595e-32,0.037108636410949844,0.014241302553936385,0.017700466173431625,0.013853152200581365,0.002073396836908372,0.0007279635789356158,0.0029590854559733734,0.002238683714880824,0.0011691351305186117,0.002023817580615406,0.001790139791602862,2.367190540310064e-05,0.0021018137203477083,0.0014158672657216586,3.960439605579565e-05,0.6821236309145616,0.020369993282583963,0.0030664299340624735,0.07225066529026751,,3.717293294063279e-05,0.001640275411009686,0.06595564419696388,0.018025310008143842,0.060640882353617226,0.0017578221099270614,0.0005851476020704372,0.7825368930550097,0.01484591257411587,0.05098114229430231,0.01988405874894335,0.008063331524153512
/mnt/hum01-rds/Nikolaev_Dmitry/flos-code/model_selection_data/runs/he_she_odds_results__Qwen_Qwen3-8B-Base__3794e0cc,he_she_odds_results__Qwen_Qwen3-8B-Base__3794e0cc,/mnt/hum01-rds/Nikolaev_Dmitry/flos-code/modelling_data/he_she_odds_results__Qwen_Qwen3-8B-Base.csv,Qwen_Qwen3-8B-Base,selected_mixed_random_slopes__candidate__0__log_frequency_lex_emb_norm,/mnt/hum01-rds/Nikolaev_Dmitry/flos-code/model_selection_data/runs/he_she_odds_results__Qwen_Qwen3-8B-Base__3794e0cc/models/selected_mixed_random_slopes__candidate__0__log_frequency_lex_emb_norm,random_slopes,log_he_she_odds ~ C(tense) + C(semantic_role) + C(syntactic_role) + C(valence) + C(dominance) + log_frequency + lex_emb_norm + C(tense):C(semantic_role) + C(tense):C(syntactic_role) + C(tense):C(valence) + C(tense):C(dominance) + C(tense):log_frequency + C(tense):lex_emb_norm + C(semantic_role):C(syntactic_role) + C(semantic_role):C(valence) + C(semantic_role):C(dominance) + C(semantic_role):log_frequency + C(semantic_role):lex_emb_norm + C(syntactic_role):C(valence) + C(syntactic_role):C(dominance) + C(syntactic_role):log_frequency + C(syntactic_role):lex_emb_norm + C(valence):C(dominance) + C(valence):log_frequency + C(valence):lex_emb_norm + C(dominance):log_frequency + C(dominance):lex_emb_norm,1 + C(semantic_role) + C(syntactic_role) + C(valence) + C(dominance),profession,lbfgs,True,1,['ConvergenceWarning: The MLE may be on the boundary of the parameter space.'],True,22067.037798879697,22621.448356133,-10961.518899439849,16320,0.21727188628674884,0.03096655870409137,0.9175014880021787,1.9722731131207353e-31,0.0371086364109485,0.012537784642832082,0.018223712628598045,0.011200696105721303,0.00199403431895958,0.0007279635789356306,0.0029590854559734237,0.002238683714880748,0.001169135130518622,0.002023817580615421,0.0017901397916028725,2.3671905403101695e-05,0.0021018137203477386,0.0014158672657216453,3.960439605579572e-05,0.007574132532523105,0.020369993282585156,0.00034595369420455655,0.06710527734519502,0.0035109458843814558,0.00011006153324744262,0.029270249728158997,0.06595564419696276,0.008296389071462688,0.05513561118848163,0.0007637442844447365,0.0008613273164889752,,0.014738348404961545,0.05096741491185573,0.019621598941002176,0.00805482154552527
/mnt/hum01-rds/Nikolaev_Dmitry/flos-code/model_selection_data/runs/he_she_odds_results__Qwen_Qwen3-8B-Base__3794e0cc,he_she_odds_results__Qwen_Qwen3-8B-Base__3794e0cc,/mnt/hum01-rds/Nikolaev_Dmitry/flos-code/modelling_data/he_she_odds_results__Qwen_Qwen3-8B-Base.csv,Qwen_Qwen3-8B-Base,selected_mixed_random_slopes__candidate__0__C_semantic_role_C_dominance,/mnt/hum01-rds/Nikolaev_Dmitry/flos-code/model_selection_data/runs/he_she_odds_results__Qwen_Qwen3-8B-Base__3794e0cc/models/selected_mixed_random_slopes__candidate__0__C_semantic_role_C_dominance,random_slopes,log_he_she_odds ~ C(tense) + C(semantic_role) + C(syntactic_role) + C(valence) + C(dominance) + log_frequency + lex_emb_norm + C(tense):C(semantic_role) + C(tense):C(syntactic_role) + C(tense):C(valence) + C(tense):C(dominance) + C(tense):log_frequency + C(tense):lex_emb_norm + C(semantic_role):C(syntactic_role) + C(semantic_role):C(valence) + C(semantic_role):log_frequency + C(semantic_role):lex_emb_norm + C(syntactic_role):C(valence) + C(syntactic_role):C(dominance) + C(syntactic_role):log_frequency + C(syntactic_role):lex_emb_norm + C(valence):C(dominance) + C(valence):log_frequency + C(valence):lex_emb_norm + C(dominance):log_frequency + C(dominance):lex_emb_norm + log_frequency:lex_emb_norm,1 + C(semantic_role) + C(syntactic_role) + C(valence) + C(dominance),profession,lbfgs,True,1,['ConvergenceWarning: The MLE may be on the boundary of the parameter space.'],True,22067.238171381236,22621.64872863454,-10961.619085690618,16320,0.21728004597031034,0.03304095438570875,0.9172510845719788,1.2326706957004595e-32,0.0371086364109534,0.013174741519082427,0.01822371262877472,0.011200696105437034,0.0017510528970256052,0.0007279635789356044,0.0029590854559733803,0.0022386837148808112,0.0011691351305186124,0.002023817580615379,0.0017901397916028617,,0.0021018137203477096,0.0014158672657216653,3.9604396055798105e-05,0.3391117310549465,0.02036999328258466,0.00034595369415621523,0.06710527734478508,0.003510945884563103,0.0001100615332429535,0.0626077049646761,0.06595564419697052,0.008296389071071325,0.055135611187861165,0.0007637442845848096,0.000861327316468027,0.7850446004591667,0.014742440483924644,0.05098350018784576,0.019625564497083556,0.008060344212443298
/mnt/hum01-rds/Nikolaev_Dmitry/flos-code/model_selection_data/runs/he_she_odds_results__Qwen_Qwen3-8B-Base__3794e0cc,he_she_odds_results__Qwen_Qwen3-8B-Base__3794e0cc,/mnt/hum01-rds/Nikolaev_Dmitry/flos-code/modelling_data/he_she_odds_results__Qwen_Qwen3-8B-Base.csv,Qwen_Qwen3-8B-Base,selected_mixed_random_slopes__candidate__0__C_semantic_role_lex_emb_norm,/mnt/hum01-rds/Nikolaev_Dmitry/flos-code/model_selection_data/runs/he_she_odds_results__Qwen_Qwen3-8B-Base__3794e0cc/models/selected_mixed_random_slopes__candidate__0__C_semantic_role_lex_emb_norm,random_slopes,log_he_she_odds ~ C(tense) + C(semantic_role) + C(syntactic_role) + C(valence) + C(dominance) + log_frequency + lex_emb_norm + C(tense):C(semantic_role) + C(tense):C(syntactic_role) + C(tense):C(valence) + C(tense):C(dominance) + C(tense):log_frequency + C(tense):lex_emb_norm + C(semantic_role):C(syntactic_role) + C(semantic_role):C(valence) + C(semantic_role):C(dominance) + C(semantic_role):log_frequency + C(syntactic_role):C(valence) + C(syntactic_role):C(dominance) + C(syntactic_role):log_frequency + C(syntactic_role):lex_emb_norm + C(valence):C(dominance) + C(valence):log_frequency + C(valence):lex_emb_norm + C(dominance):log_frequency + C(dominance):lex_emb_norm + log_frequency:lex_emb_norm,1 + C(semantic_role) + C(syntactic_role) + C(valence) + C(dominance),profession,lbfgs,True,1,['ConvergenceWarning: The MLE may be on the boundary of the parameter space.'],True,22067.2764883856,22621.687045638904,-10961.6382441928,16320,0.21727212091116427,0.02911564461347875,0.9178194254902203,3.081676739251149e-33,0.03710863641095136,0.005934870624085019,0.023699296562676768,0.006046691979761134,0.0024502829982751217,0.0007279635789356159,0.002959085455973355,0.0022386837148808247,0.0011691351305186167,0.0020238175806154023,0.0017901397916028755,2.3671905403100774e-05,0.0021018137203477334,0.001415867265721626,3.9604396055793334e-05,0.11651353087898722,0.020369993282585364,0.0014574189819177978,0.05209710857845247,0.010999411066039756,6.841425446541396e-06,0.2837044397862485,0.0659556441969697,,0.03437302111167688,0.010166868894742985,0.0002793586406158184,0.7861555029080667,0.015051311361931255,0.051097307838511394,0.019812514963819153,0.008063213185751093
/mnt/hum01-rds/Nikolaev_Dmitry/flos-code/model_selection_data/runs/he_she_odds_results__Qwen_Qwen3-8B-Base__3794e0cc,he_she_odds_results__Qwen_Qwen3-8B-Base__3794e0cc,/mnt/hum01-rds/Nikolaev_Dmitry/flos-code/modelling_data/he_she_odds_results__Qwen_Qwen3-8B-Base.csv,Qwen_Qwen3-8B-Base,selected_mixed_random_slopes__candidate__0__C_valence_C_dominance,/mnt/hum01-rds/Nikolaev_Dmitry/flos-code/model_selection_data/runs/he_she_odds_results__Qwen_Qwen3-8B-Base__3794e0cc/models/selected_mixed_random_slopes__candidate__0__C_valence_C_dominance,random_slopes,log_he_she_odds ~ C(tense) + C(semantic_role) + C(syntactic_role) + C(valence) + C(dominance) + log_frequency + lex_emb_norm + C(tense):C(semantic_role) + C(tense):C(syntactic_role) + C(tense):C(valence) + C(tense):C(dominance) + C(tense):log_frequency + C(tense):lex_emb_norm + C(semantic_role):C(syntactic_role) + C(semantic_role):C(valence) + C(semantic_role):C(dominance) + C(semantic_role):log_frequency + C(semantic_role):lex_emb_norm + C(syntactic_role):C(valence) + C(syntactic_role):C(dominance) + C(syntactic_role):log_frequency + C(syntactic_role):lex_emb_norm + C(valence):log_frequency + C(valence):lex_emb_norm + C(dominance):log_frequency + C(dominance):lex_emb_norm + log_frequency:lex_emb_norm,1 + C(semantic_role) + C(syntactic_role) + C(valence) + C(dominance),profession,lbfgs,True,1,['ConvergenceWarning: The MLE may be on the boundary of the parameter space.'],True,22067.63704181838,22622.047599071684,-10961.81852090919,16320,0.2172854022322027,0.03303874149554244,0.9172494281983342,0.0,0.03710863641094699,0.012537784642856719,0.0182237126286645,0.011982963502118981,0.001682741254486652,0.0007279635789356232,0.002959085455973334,0.002238683714880852,0.0011691351305186215,0.0020238175806153854,0.001790139791602907,2.3671905403105466e-05,0.002101813720347705,0.0014158672657216648,,0.33910632490495707,0.02036999328258404,0.0003459536941507348,0.06710527734479514,0.0035109458845853834,0.00011006153324297089,0.06260572913237691,0.06595564419696073,0.008296389071204233,0.05513561118798303,0.0007637442845345371,0.0008613273164725724,0.7850298861730233,0.014742529186053973,0.05098350525676832,0.01962572008016015,0.008060293151823128
/mnt/hum01-rds/Nikolaev_Dmitry/flos-code/model_selection_data/runs/he_she_odds_results__Qwen_Qwen3-8B-Base__3794e0cc,he_she_odds_results__Qwen_Qwen3-8B-Base__3794e0cc,/mnt/hum01-rds/Nikolaev_Dmitry/flos-code/modelling_data/he_she_odds_results__Qwen_Qwen3-8B-Base.csv,Qwen_Qwen3-8B-Base,selected_mixed_random_slopes__candidate__0__C_syntactic_role_lex_emb_norm,/mnt/hum01-rds/Nikolaev_Dmitry/flos-code/model_selection_data/runs/he_she_odds_results__Qwen_Qwen3-8B-Base__3794e0cc/models/selected_mixed_random_slopes__candidate__0__C_syntactic_role_lex_emb_norm,random_slopes,log_he_she_odds ~ C(tense) + C(semantic_role) + C(syntactic_role) + C(valence) + C(dominance) + log_frequency + lex_emb_norm + C(tense):C(semantic_role) + C(tense):C(syntactic_role) + C(tense):C(valence) + C(tense):C(dominance) + C(tense):log_frequency + C(tense):lex_emb_norm + C(semantic_role):C(syntactic_role) + C(semantic_role):C(valence) + C(semantic_role):C(dominance) + C(semantic_role):log_frequency + C(semantic_role):lex_emb_norm + C(syntactic_role):C(valence) + C(syntactic_role):C(dominance) + C(syntactic_role):log_frequency + C(valence):C(dominance) + C(valence):log_frequency + C(valence):lex_emb_norm + C(dominance):log_frequency + C(dominance):lex_emb_norm + log_frequency:lex_emb_norm,1 + C(semantic_role) + C(syntactic_role) + C(valence) + C(dominance),profession,lbfgs,True,1,['ConvergenceWarning: The MLE may be on the boundary of the parameter space.'],True,22067.946800592763,22622.357357846067,-10961.973400296381,16320,0.21727193186170052,0.029158685604799953,0.917063868593336,0.0,0.03710863641095033,0.00934536013242988,0.050648889402601684,0.009967646628044126,0.0035971911736756026,0.0007279635789356215,0.002959085455973399,0.0022386837148808346,0.0011691351305186206,0.002023817580615417,0.0017901397916028643,2.367190540310072e-05,0.002101813720347746,0.0014158672657216388,3.9604396055796634e-05,0.2889949413088512,0.020369993282583886,3.928224648244398e-05,0.012697278059867475,0.004760568623552492,0.0002076684487862319,0.09170577665558896,0.06595564419696574,0.002620446352175362,,0.0018720711390032352,0.0001123798524498086,0.7855181026874309,0.014801938520268313,0.05304952869828344,0.019633502506678023,0.008119318307161444
/mnt/hum01-rds/Nikolaev_Dmitry/flos-code/model_selection_data/runs/he_she_odds_results__Qwen_Qwen3-8B-Base__3794e0cc,he_she_odds_results__Qwen_Qwen3-8B-Base__3794e0cc,/mnt/hum01-rds/Nikolaev_Dmitry/flos-code/modelling_data/he_she_odds_results__Qwen_Qwen3-8B-Base.csv,Qwen_Qwen3-8B-Base,selected_mixed_random_slopes,/mnt/hum01-rds/Nikolaev_Dmitry/flos-code/model_selection_data/runs/he_she_odds_results__Qwen_Qwen3-8B-Base__3794e0cc/models/selected_mixed_random_slopes,random_slopes,log_he_she_odds ~ C(tense) + C(semantic_role) + C(syntactic_role) + C(valence) + C(dominance) + log_frequency + lex_emb_norm + C(tense):C(semantic_role) + C(tense):C(syntactic_role) + C(tense):C(valence) + C(tense):C(dominance) + C(tense):log_frequency + C(tense):lex_emb_norm + C(semantic_role):C(syntactic_role) + C(semantic_role):C(valence) + C(semantic_role):C(dominance) + C(semantic_role):log_frequency + C(semantic_role):lex_emb_norm + C(syntactic_role):C(valence) + C(syntactic_role):C(dominance) + C(syntactic_role):log_frequency + C(syntactic_role):lex_emb_norm + C(valence):C(dominance) + C(valence):log_frequency + C(valence):lex_emb_norm + C(dominance):log_frequency + C(dominance):lex_emb_norm + log_frequency:lex_emb_norm,1 + C(semantic_role) + C(syntactic_role) + C(valence) + C(dominance),profession,lbfgs,True,1,['ConvergenceWarning: The MLE may be on the boundary of the parameter space.'],True,22068.645526288805,22630.756230170628,-10961.322763144402,16320,0.21727208864237874,0.033044255520128,0.9172535387383385,0.0,0.03710863641095169,0.01253778464271103,0.018223712628640754,0.011200696105579258,0.0019940343189626666,0.0007279635789356216,0.0029590854559733877,0.0022386837148808143,0.0011691351305186078,0.002023817580615417,0.0017901397916028647,2.3671905403098788e-05,0.0021018137203477386,0.0014158672657216306,3.960439605579156e-05,0.33912131206640184,0.020369993282587096,0.00034595369418043956,0.06710527734505152,0.0035109458844749036,0.00011006153324581322,0.06261120665063374,0.0659556441969723,0.008296389071287385,0.05513561118831611,0.0007637442845102455,0.000861327316483859,0.7850706777936307,0.014742319147109901,0.05098345132324774,0.01962531891690856,0.008060421349494824
/mnt/hum01-rds/Nikolaev_Dmitry/flos-code/model_selection_data/runs/he_she_odds_results__Qwen_Qwen3-8B-Base__3794e0cc,he_she_odds_results__Qwen_Qwen3-8B-Base__3794e0cc,/mnt/hum01-rds/Nikolaev_Dmitry/flos-code/modelling_data/he_she_odds_results__Qwen_Qwen3-8B-Base.csv,Qwen_Qwen3-8B-Base,selected_mixed_random_slopes__full,/mnt/hum01-rds/Nikolaev_Dmitry/flos-code/model_selection_data/runs/he_she_odds_results__Qwen_Qwen3-8B-Base__3794e0cc/models/selected_mixed_random_slopes__full,random_slopes,log_he_she_odds ~ C(tense) + C(semantic_role) + C(syntactic_role) + C(valence) + C(dominance) + log_frequency + lex_emb_norm + C(tense):C(semantic_role) + C(tense):C(syntactic_role) + C(tense):C(valence) + C(tense):C(dominance) + C(tense):log_frequency + C(tense):lex_emb_norm + C(semantic_role):C(syntactic_role) + C(semantic_role):C(valence) + C(semantic_role):C(dominance) + C(semantic_role):log_frequency + C(semantic_role):lex_emb_norm + C(syntactic_role):C(valence) + C(syntactic_role):C(dominance) + C(syntactic_role):log_frequency + C(syntactic_role):lex_emb_norm + C(valence):C(dominance) + C(valence):log_frequency + C(valence):lex_emb_norm + C(dominance):log_frequency + C(dominance):lex_emb_norm + log_frequency:lex_emb_norm,1 + C(semantic_role) + C(syntactic_role) + C(valence) + C(dominance),profession,lbfgs,True,1,['ConvergenceWarning: The MLE may be on the boundary of the parameter space.'],True,22068.645526288805,22630.756230170628,-10961.322763144402,16320,0.21727208864237874,0.033044255520128,0.9172535387383385,0.0,0.03710863641095169,0.01253778464271103,0.018223712628640754,0.011200696105579258,0.0019940343189626666,0.0007279635789356216,0.0029590854559733877,0.0022386837148808143,0.0011691351305186078,0.002023817580615417,0.0017901397916028647,2.3671905403098788e-05,0.0021018137203477386,0.0014158672657216306,3.960439605579156e-05,0.33912131206640184,0.020369993282587096,0.00034595369418043956,0.06710527734505152,0.0035109458844749036,0.00011006153324581322,0.06261120665063374,0.0659556441969723,0.008296389071287385,0.05513561118831611,0.0007637442845102455,0.000861327316483859,0.7850706777936307,0.014742319147109901,0.05098345132324774,0.01962531891690856,0.008060421349494824
/mnt/hum01-rds/Nikolaev_Dmitry/flos-code/model_selection_data/runs/he_she_odds_results__Qwen_Qwen3-8B-Base__3794e0cc,he_she_odds_results__Qwen_Qwen3-8B-Base__3794e0cc,/mnt/hum01-rds/Nikolaev_Dmitry/flos-code/modelling_data/he_she_odds_results__Qwen_Qwen3-8B-Base.csv,Qwen_Qwen3-8B-Base,selected_mixed_random_slopes__candidate__0__C_syntactic_role_log_frequency,/mnt/hum01-rds/Nikolaev_Dmitry/flos-code/model_selection_data/runs/he_she_odds_results__Qwen_Qwen3-8B-Base__3794e0cc/models/selected_mixed_random_slopes__candidate__0__C_syntactic_role_log_frequency,random_slopes,log_he_she_odds ~ C(tense) + C(semantic_role) + C(syntactic_role) + C(valence) + C(dominance) + log_frequency + lex_emb_norm + C(tense):C(semantic_role) + C(tense):C(syntactic_role) + C(tense):C(valence) + C(tense):C(dominance) + C(tense):log_frequency + C(tense):lex_emb_norm + C(semantic_role):C(syntactic_role) + C(semantic_role):C(valence) + C(semantic_role):C(dominance) + C(semantic_role):log_frequency + C(semantic_role):lex_emb_norm + C(syntactic_role):C(valence) + C(syntactic_role):C(dominance) + C(syntactic_role):lex_emb_norm + C(valence):C(dominance) + C(valence):log_frequency + C(valence):lex_emb_norm + C(dominance):log_frequency + C(dominance):lex_emb_norm + log_frequency:lex_emb_norm,1 + C(semantic_role) + C(syntactic_role) + C(valence) + C(dominance),profession,lbfgs,True,1,['ConvergenceWarning: The MLE may be on the boundary of the parameter space.'],True,22069.557893976133,22623.968451229437,-10962.778946988066,16320,0.2172719965355405,0.030165539726000213,0.9172877044065225,0.0,0.037108636410950295,0.0106436998184529,0.03492116177110998,0.010481352667593943,0.0028604827848607104,0.000727963578935623,0.002959085455973345,0.0022386837148808043,0.001169135130518615,0.0020238175806154045,0.0017901397916028656,2.3671905403100916e-05,0.002101813720347711,0.0014158672657216562,3.960439605579359e-05,0.25171909546776683,0.02036999328258549,0.0006432639240799813,,0.005853029716864352,0.0011286871231765256,0.10082141656399746,0.06595564419696948,0.001558141179375407,0.0048034569765389,0.0022933871173437103,0.0005021624005765017,0.7819733102996472,0.014874296815361775,0.05570455977125672,0.019635942119807945,0.00819927289415088
/mnt/hum01-rds/Nikolaev_Dmitry/flos-code/model_selection_data/runs/he_she_odds_results__Qwen_Qwen3-8B-Base__3794e0cc,he_she_odds_results__Qwen_Qwen3-8B-Base__3794e0cc,/mnt/hum01-rds/Nikolaev_Dmitry/flos-code/modelling_data/he_she_odds_results__Qwen_Qwen3-8B-Base.csv,Qwen_Qwen3-8B-Base,selected_mixed_random_slopes__candidate__0__C_tense_C_semantic_role,/mnt/hum01-rds/Nikolaev_Dmitry/flos-code/model_selection_data/runs/he_she_odds_results__Qwen_Qwen3-8B-Base__3794e0cc/models/selected_mixed_random_slopes__candidate__0__C_tense_C_semantic_role,random_slopes,log_he_she_odds ~ C(tense) + C(semantic_role) + C(syntactic_role) + C(valence) + C(dominance) + log_frequency + lex_emb_norm + C(tense):C(syntactic_role) + C(tense):C(valence) + C(tense):C(dominance) + C(tense):log_frequency + C(tense):lex_emb_norm + C(semantic_role):C(syntactic_role) + C(semantic_role):C(valence) + C(semantic_role):C(dominance) + C(semantic_role):log_frequency + C(semantic_role):lex_emb_norm + C(syntactic_role):C(valence) + C(syntactic_role):C(dominance) + C(syntactic_role):log_frequency + C(syntactic_role):lex_emb_norm + C(valence):C(dominance) + C(valence):log_frequency + C(valence):lex_emb_norm + C(dominance):log_frequency + C(dominance):lex_emb_norm + log_frequency:lex_emb_norm,1 + C(semantic_role) + C(syntactic_role) + C(valence) + C(dominance),profession,lbfgs,True,1,['ConvergenceWarning: The MLE may be on the boundary of the parameter space.'],True,22085.842533585324,22609.452504324556,-10974.921266792662,16320,0.21763826013329607,0.03290424617716613,0.9171198280525248,1.2326706957004595e-32,0.04003209170928159,0.01214350076973958,0.018223712628520423,0.011200696105886806,0.0019940343189522513,,0.002959085455973441,0.0022386837148807683,0.001169135130518613,0.002023817580615408,0.0017901397916028467,2.3671905403101905e-05,0.002101813720347729,0.001415867265721648,3.960439605579851e-05,0.3391635619124284,0.020369993282584747,0.0003459536941669388,0.06710527734497532,0.003510945884527105,0.00011006153324484549,0.06262664880008494,0.06595564419696695,0.008296389071411853,0.055135611188417095,0.0007637442844635988,0.0008613273164868171,0.7851856731036835,0.014741012105504792,0.05097852193675232,0.01962357930409896,0.008058050883181084
/mnt/hum01-rds/Nikolaev_Dmitry/flos-code/model_selection_data/runs/he_she_odds_results__Qwen_Qwen3-8B-Base__3794e0cc,he_she_odds_results__Qwen_Qwen3-8B-Base__3794e0cc,/mnt/hum01-rds/Nikolaev_Dmitry/flos-code/modelling_data/he_she_odds_results__Qwen_Qwen3-8B-Base.csv,Qwen_Qwen3-8B-Base,selected_mixed_random_slopes__candidate__0__C_tense_log_frequency,/mnt/hum01-rds/Nikolaev_Dmitry/flos-code/model_selection_data/runs/he_she_odds_results__Qwen_Qwen3-8B-Base__3794e0cc/models/selected_mixed_random_slopes__candidate__0__C_tense_log_frequency,random_slopes,log_he_she_odds ~ C(tense) + C(semantic_role) + C(syntactic_role) + C(valence) + C(dominance) + log_frequency + lex_emb_norm + C(tense):C(semantic_role) + C(tense):C(syntactic_role) + C(tense):C(valence) + C(tense):C(dominance) + C(tense):lex_emb_norm + C(semantic_role):C(syntactic_role) + C(semantic_role):C(valence) + C(semantic_role):C(dominance) + C(semantic_role):log_frequency + C(semantic_role):lex_emb_norm + C(syntactic_role):C(valence) + C(syntactic_role):C(dominance) + C(syntactic_role):log_frequency + C(syntactic_role):lex_emb_norm + C(valence):C(dominance) + C(valence):log_frequency + C(valence):lex_emb_norm + C(dominance):log_frequency + C(dominance):lex_emb_norm + log_frequency:lex_emb_norm,1 + C(semantic_role) + C(syntactic_role) + C(valence) + C(dominance),profession,lbfgs,True,1,['ConvergenceWarning: The MLE may be on the boundary of the parameter space.'],True,22087.29710873295,22610.90707947218,-10975.648554366475,16320,0.2176578924378192,0.03289721646100291,0.917111839204092,4.930682782801838e-32,0.028237262070152834,0.012537784642780502,0.01822371262861512,0.011200696105661198,0.0019940343189612194,0.0007279635789356187,0.002959085455973402,0.002238683714880808,0.0011691351305186113,0.0020238175806154106,0.0017901397916028738,2.3671905403102065e-05,0.0021018137203477265,0.0014158672657216358,3.960439605579538e-05,0.35056755876853457,,0.000345953694187942,0.06710527734506729,0.0035109458844442077,0.00011006153324595309,0.058554212189448555,0.017322767924438043,0.008296389071296671,0.05513561118828216,0.0007637442845053198,0.000861327316481931,0.7852468398638984,0.014740649136125656,0.050977851765724266,0.019622944303879945,0.008057951754772539
/mnt/hum01-rds/Nikolaev_Dmitry/flos-code/model_selection_data/runs/he_she_odds_results__Qwen_Qwen3-8B-Base__3794e0cc,he_she_odds_results__Qwen_Qwen3-8B-Base__3794e0cc,/mnt/hum01-rds/Nikolaev_Dmitry/flos-code/modelling_data/he_she_odds_results__Qwen_Qwen3-8B-Base.csv,Qwen_Qwen3-8B-Base,selected_mixed_random_slopes__candidate__0__C_syntactic_role_C_dominance,/mnt/hum01-rds/Nikolaev_Dmitry/flos-code/model_selection_data/runs/he_she_odds_results__Qwen_Qwen3-8B-Base__3794e0cc/models/selected_mixed_random_slopes__candidate__0__C_syntactic_role_C_dominance,random_slopes,log_he_she_odds ~ C(tense) + C(semantic_role) + C(syntactic_role) + C(valence) + C(dominance) + log_frequency + lex_emb_norm + C(tense):C(semantic_role) + C(tense):C(syntactic_role) + C(tense):C(valence) + C(tense):C(dominance) + C(tense):log_frequency + C(tense):lex_emb_norm + C(semantic_role):C(syntactic_role) + C(semantic_role):C(valence) + C(semantic_role):C(dominance) + C(semantic_role):log_frequency + C(semantic_role):lex_emb_norm + C(syntactic_role):C(valence) + C(syntactic_role):log_frequency + C(syntactic_role):lex_emb_norm + C(valence):C(dominance) + C(valence):log_frequency + C(valence):lex_emb_norm + C(dominance):log_frequency + C(dominance):lex_emb_norm + log_frequency:lex_emb_norm,1 + C(semantic_role) + C(syntactic_role) + C(valence) + C(dominance),profession,lbfgs,True,1,['ConvergenceWarning: The MLE may be on the boundary of the parameter space.'],True,22102.0546059802,22656.465163233504,-10979.0273029901,16320,0.21774892737208054,0.032863825946838045,0.9170778892341032,4.930682782801838e-32,0.03710863641095042,0.012537784642959083,0.012830249027310198,0.011200696105872019,0.0005257880507164973,0.0007279635789356099,0.0029590854559733122,0.002238683714880853,0.0011691351305186137,0.0020238175806153737,0.00179013979160287,2.3671905403100757e-05,0.002101813720347702,,3.960439605579469e-05,0.33936398150612224,0.02036999328258261,0.000345953694187767,0.06710527734504661,0.003510945884444355,0.00011006153324596613,0.0626999141896385,0.06595564419696341,0.0082963890715328,0.05513561118844703,0.000763744284416831,0.0008613273164899086,0.7857311907219896,0.014737612489620244,0.05098320652211135,0.019620044730955095,0.008055569213335187
/mnt/hum01-rds/Nikolaev_Dmitry/flos-code/model_selection_data/runs/he_she_odds_results__Qwen_Qwen3-8B-Base__3794e0cc,he_she_odds_results__Qwen_Qwen3-8B-Base__3794e0cc,/mnt/hum01-rds/Nikolaev_Dmitry/flos-code/modelling_data/he_she_odds_results__Qwen_Qwen3-8B-Base.csv,Qwen_Qwen3-8B-Base,selected_mixed_random_slopes__candidate__0__C_tense_C_dominance,/mnt/hum01-rds/Nikolaev_Dmitry/flos-code/model_selection_data/runs/he_she_odds_results__Qwen_Qwen3-8B-Base__3794e0cc/models/selected_mixed_random_slopes__candidate__0__C_tense_C_dominance,random_slopes,log_he_she_odds ~ C(tense) + C(semantic_role) + C(syntactic_role) + C(valence) + C(dominance) + log_frequency + lex_emb_norm + C(tense):C(semantic_role) + C(tense):C(syntactic_role) + C(tense):C(valence) + C(tense):log_frequency + C(tense):lex_emb_norm + C(semantic_role):C(syntactic_role) + C(semantic_role):C(valence) + C(semantic_role):C(dominance) + C(semantic_role):log_frequency + C(semantic_role):lex_emb_norm + C(syntactic_role):C(valence) + C(syntactic_role):C(dominance) + C(syntactic_role):log_frequency + C(syntactic_role):lex_emb_norm + C(valence):C(dominance) + C(valence):log_frequency + C(valence):lex_emb_norm + C(dominance):log_frequency + C(dominance):lex_emb_norm + log_frequency:lex_emb_norm,1 + C(semantic_role) + C(syntactic_role) + C(valence) + C(dominance),profession,lbfgs,True,1,['ConvergenceWarning: The MLE may be on the boundary of the parameter space.'],True,22102.488934380468,22626.0989051197,-10983.244467190234,16320,0.217862444447784,0.03280935692733536,0.917036518458071,1.2326706957004595e-32,0.039372729962787026,0.012537784642646798,0.01822371262872255,0.011200696105511256,0.002020179838493902,0.0007279635789356257,0.0029590854559733717,0.0022386837148808372,,0.002023817580615386,0.00179013979160289,2.3671905403101316e-05,0.0021018137203476874,0.0014158672657216692,3.960439605580142e-05,0.33778442257764646,0.020369993282585337,0.0003459536941436251,0.06710527734485332,0.003510945884617113,0.00011006153324358857,0.06212306644027516,0.0659556441969708,0.008296389071107742,0.05513561118806019,0.000763744284574981,0.000861327316475561,0.7814325936691988,0.01474443658605938,0.05096287089606705,0.019622739195063875,0.008043030429492776
/mnt/hum01-rds/Nikolaev_Dmitry/flos-code/model_selection_data/runs/he_she_odds_results__Qwen_Qwen3-8B-Base__3794e0cc,he_she_odds_results__Qwen_Qwen3-8B-Base__3794e0cc,/mnt/hum01-rds/Nikolaev_Dmitry/flos-code/modelling_data/he_she_odds_results__Qwen_Qwen3-8B-Base.csv,Qwen_Qwen3-8B-Base,selected_mixed_random_slopes__candidate__0__C_tense_lex_emb_norm,/mnt/hum01-rds/Nikolaev_Dmitry/flos-code/model_selection_data/runs/he_she_odds_results__Qwen_Qwen3-8B-Base__3794e0cc/models/selected_mixed_random_slopes__candidate__0__C_tense_lex_emb_norm,random_slopes,log_he_she_odds ~ C(tense) + C(semantic_role) + C(syntactic_role) + C(valence) + C(dominance) + log_frequency + lex_emb_norm + C(tense):C(semantic_role) + C(tense):C(syntactic_role) + C(tense):C(valence) + C(tense):C(dominance) + C(tense):log_frequency + C(semantic_role):C(syntactic_role) + C(semantic_role):C(valence) + C(semantic_role):C(dominance) + C(semantic_role):log_frequency + C(semantic_role):lex_emb_norm + C(syntactic_role):C(valence) + C(syntactic_role):C(dominance) + C(syntactic_role):log_frequency + C(syntactic_role):lex_emb_norm + C(valence):C(dominance) + C(valence):log_frequency + C(valence):lex_emb_norm + C(dominance):log_frequency + C(dominance):lex_emb_norm + log_frequency:lex_emb_norm,1 + C(semantic_role) + C(syntactic_role) + C(valence) + C(dominance),profession,lbfgs,True,1,['ConvergenceWarning: The MLE may be on the boundary of the parameter space.'],True,22106.36508886458,22629.97505960381,-10985.18254443229,16320,0.21791518683324226,0.0328067634444771,0.9170006595493452,4.930682782801838e-32,0.012670074133921594,0.012537784642696866,0.018223712628695137,0.01120069610557054,0.001994034318967416,0.0007279635789356155,0.0029590854559733534,0.0022386837148808186,0.0011691351305186143,0.002023817580615387,0.0017901397916028788,2.367190540310248e-05,0.002101813720347711,0.001415867265721663,3.960439605579472e-05,0.32474586803763517,0.005505691645264452,0.0003459536942233709,0.06710527734528698,0.0035109458843087726,0.00011006153324858947,0.07034771935542479,,0.008296389071540004,0.0551356111884981,0.0007637442844154093,0.0008613273164908314,0.7857368854773193,0.014737579272947785,0.05099041628517764,0.019611028471305924,0.008048498365084254
/mnt/hum01-rds/Nikolaev_Dmitry/flos-code/model_selection_data/runs/he_she_odds_results__Qwen_Qwen3-8B-Base__3794e0cc,he_she_odds_results__Qwen_Qwen3-8B-Base__3794e0cc,/mnt/hum01-rds/Nikolaev_Dmitry/flos-code/modelling_data/he_she_odds_results__Qwen_Qwen3-8B-Base.csv,Qwen_Qwen3-8B-Base,selected_mixed_random_slopes__candidate__0__C_semantic_role_C_valence,/mnt/hum01-rds/Nikolaev_Dmitry/flos-code/model_selection_data/runs/he_she_odds_results__Qwen_Qwen3-8B-Base__3794e0cc/models/selected_mixed_random_slopes__candidate__0__C_semantic_role_C_valence,random_slopes,log_he_she_odds ~ C(tense) + C(semantic_role) + C(syntactic_role) + C(valence) + C(dominance) + log_frequency + lex_emb_norm + C(tense):C(semantic_role) + C(tense):C(syntactic_role) + C(tense):C(valence) + C(tense):C(dominance) + C(tense):log_frequency + C(tense):lex_emb_norm + C(semantic_role):C(syntactic_role) + C(semantic_role):C(dominance) + C(semantic_role):log_frequency + C(semantic_role):lex_emb_norm + C(syntactic_role):C(valence) + C(syntactic_role):C(dominance) + C(syntactic_role):log_frequency + C(syntactic_role):lex_emb_norm + C(valence):C(dominance) + C(valence):log_frequency + C(valence):lex_emb_norm + C(dominance):log_frequency + C(dominance):lex_emb_norm + log_frequency:lex_emb_norm,1 + C(semantic_role) + C(syntactic_role) + C(valence) + C(dominance),profession,lbfgs,True,1,['ConvergenceWarning: The MLE may be on the boundary of the parameter space.'],True,22111.401776476734,22665.81233373004,-10983.700888238367,16320,0.21787518916579382,0.03282481021830078,0.9170081102836023,1.2326706957004595e-32,0.03710863641094727,0.018604950317839142,0.018223712628638318,0.01696794277748661,0.0019940343189632534,0.0007279635789356302,0.0029590854559733855,0.0022386837148807735,0.0011691351305186163,0.0020238175806154175,,2.3671905403101102e-05,0.0021018137203477083,0.001415867265721648,3.9604396055798186e-05,0.33935125819672335,0.020369993282584552,0.0003459536942511742,0.06710527734548134,0.00351094588420211,0.00011006153325065079,0.06269526242058968,0.06595564419696172,0.00829638907161662,0.05513561118865148,0.0007637442843887713,0.0008613273164949385,0.7856965585520173,0.01473711746485423,0.050994259140727534,0.0196097132771324,0.008048576935893188
/mnt/hum01-rds/Nikolaev_Dmitry/flos-code/model_selection_data/runs/he_she_odds_results__Qwen_Qwen3-8B-Base__3794e0cc,he_she_odds_results__Qwen_Qwen3-8B-Base__3794e0cc,/mnt/hum01-rds/Nikolaev_Dmitry/flos-code/modelling_data/he_she_odds_results__Qwen_Qwen3-8B-Base.csv,Qwen_Qwen3-8B-Base,selected_mixed_random_slopes__candidate__0__C_semantic_role_C_syntactic_role,/mnt/hum01-rds/Nikolaev_Dmitry/flos-code/model_selection_data/runs/he_she_odds_results__Qwen_Qwen3-8B-Base__3794e0cc/models/selected_mixed_random_slopes__candidate__0__C_semantic_role_C_syntactic_role,random_slopes,log_he_she_odds ~ C(tense) + C(semantic_role) + C(syntactic_role) + C(valence) + C(dominance) + log_frequency + lex_emb_norm + C(tense):C(semantic_role) + C(tense):C(syntactic_role) + C(tense):C(valence) + C(tense):C(dominance) + C(tense):log_frequency + C(tense):lex_emb_norm + C(semantic_role):C(valence) + C(semantic_role):C(dominance) + C(semantic_role):log_frequency + C(semantic_role):lex_emb_norm + C(syntactic_role):C(valence) + C(syntactic_role):C(dominance) + C(syntactic_role):log_frequency + C(syntactic_role):lex_emb_norm + C(valence):C(dominance) + C(valence):log_frequency + C(valence):lex_emb_norm + C(dominance):log_frequency + C(dominance):lex_emb_norm + log_frequency:lex_emb_norm,1 + C(semantic_role) + C(syntactic_role) + C(valence) + C(dominance),profession,lbfgs,True,1,['ConvergenceWarning: The MLE may be on the boundary of the parameter space.'],True,22117.234928936872,22671.645486190177,-10986.617464468436,16320,0.2179539211460365,0.03278995343616892,0.9169915179522788,0.0,0.03710863641095105,0.007395840668740637,0.025910828263129064,0.011200696105896005,0.0019940343189544536,0.0007279635789356186,0.0029590854559733747,0.00223868371488078,0.001169135130518621,,0.001790139791602859,2.3671905403101665e-05,0.0021018137203477386,0.0014158672657216497,3.960439605579631e-05,0.3393666701489369,0.020369993282584792,0.0003459536941796683,0.06710527734499556,0.0035109458844750432,0.00011006153324523547,0.06270089719506128,0.06595564419696547,0.008296389071508448,0.055135611188429044,0.0007637442844255263,0.0008613273164880048,0.7857385090762848,0.014737685218563982,0.05098677740685143,0.019611586105606735,0.008048749940475925
/mnt/hum01-rds/Nikolaev_Dmitry/flos-code/model_selection_data/runs/he_she_odds_results__Qwen_Qwen3-8B-Base__3794e0cc,he_she_odds_results__Qwen_Qwen3-8B-Base__3794e0cc,/mnt/hum01-rds/Nikolaev_Dmitry/flos-code/modelling_data/he_she_odds_results__Qwen_Qwen3-8B-Base.csv,Qwen_Qwen3-8B-Base,selected_mixed_random_slopes__candidate__0__C_syntactic_role_C_valence,/mnt/hum01-rds/Nikolaev_Dmitry/flos-code/model_selection_data/runs/he_she_odds_results__Qwen_Qwen3-8B-Base__3794e0cc/models/selected_mixed_random_slopes__candidate__0__C_syntactic_role_C_valence,random_slopes,log_he_she_odds ~ C(tense) + C(semantic_role) + C(syntactic_role) + C(valence) + C(dominance) + log_frequency + lex_emb_norm + C(tense):C(semantic_role) + C(tense):C(syntactic_role) + C(tense):C(valence) + C(tense):C(dominance) + C(tense):log_frequency + C(tense):lex_emb_norm + C(semantic_role):C(syntactic_role) + C(semantic_role):C(valence) + C(semantic_role):C(dominance) + C(semantic_role):log_frequency + C(semantic_role):lex_emb_norm + C(syntactic_role):C(dominance) + C(syntactic_role):log_frequency + C(syntactic_role):lex_emb_norm + C(valence):C(dominance) + C(valence):log_frequency + C(valence):lex_emb_norm + C(dominance):log_frequency + C(dominance):lex_emb_norm + log_frequency:lex_emb_norm,1 + C(semantic_role) + C(syntactic_role) + C(valence) + C(dominance),profession,lbfgs,True,1,['ConvergenceWarning: The MLE may be on the boundary of the parameter space.'],True,22119.181430247438,22673.591987500742,-10987.590715123719,16320,0.2179801881245821,0.03277938702525073,0.9169832855465307,0.0,0.03710863641095087,0.012537784642824033,0.026070677510055464,0.0062987088084402836,0.0019940343189635687,0.000727963578935614,0.002959085455973376,0.0022386837148808364,0.0011691351305186163,0.0020238175806153976,0.0017901397916028669,2.36719054031038e-05,,0.0014158672657216848,3.960439605579847e-05,0.33937172051183506,0.020369993282582637,0.0003459536942122979,0.06710527734523074,0.0035109458843507013,0.00011006153324774638,0.06270274368440056,0.06595564419696212,0.008296389071492835,0.055135611188442804,0.0007637442844319727,0.0008613273164871383,0.7857522559030784,0.014737547514596053,0.0509847141839106,0.019611479962081388,0.008049006625083857
/mnt/hum01-rds/Nikolaev_Dmitry/flos-code/model_selection_data/runs/he_she_odds_results__Qwen_Qwen3-8B-Base__3794e0cc,he_she_odds_results__Qwen_Qwen3-8B-Base__3794e0cc,/mnt/hum01-rds/Nikolaev_Dmitry/flos-code/modelling_data/he_she_odds_results__Qwen_Qwen3-8B-Base.csv,Qwen_Qwen3-8B-Base,selected_mixed_random_slopes__candidate__0__C_tense_C_valence,/mnt/hum01-rds/Nikolaev_Dmitry/flos-code/model_selection_data/runs/he_she_odds_results__Qwen_Qwen3-8B-Base__3794e0cc/models/selected_mixed_random_slopes__candidate__0__C_tense_C_valence,random_slopes,log_he_she_odds ~ C(tense) + C(semantic_role) + C(syntactic_role) + C(valence) + C(dominance) + log_frequency + lex_emb_norm + C(tense):C(semantic_role) + C(tense):C(syntactic_role) + C(tense):C(dominance) + C(tense):log_frequency + C(tense):lex_emb_norm + C(semantic_role):C(syntactic_role) + C(semantic_role):C(valence) + C(semantic_role):C(dominance) + C(semantic_role):log_frequency + C(semantic_role):lex_emb_norm + C(syntactic_role):C(valence) + C(syntactic_role):C(dominance) + C(syntactic_role):log_frequency + C(syntactic_role):lex_emb_norm + C(valence):C(dominance) + C(valence):log_frequency + C(valence):lex_emb_norm + C(dominance):log_frequency + C(dominance):lex_emb_norm + log_frequency:lex_emb_norm,1 + C(semantic_role) + C(syntactic_role) + C(valence) + C(dominance),profession,lbfgs,True,1,['ConvergenceWarning: The MLE may be on the boundary of the parameter space.'],True,22135.36548628568,22658.97545702491,-10999.68274314284,16320,0.21830648912003514,0.032647778692172114,0.9168672920949159,1.2326706957004595e-32,0.04789919691808136,0.012537784643121698,0.018223712628457244,0.014316266391925776,0.0019940343189454603,0.0007279635789356222,0.0029590854559733734,,0.001169135130518611,0.002023817580615418,0.0017901397916028573,2.3671905403100042e-05,0.002101813720347724,0.0014158672657216523,3.960439605579846e-05,0.33861033750297137,0.020369993282581832,0.00034595369425517963,0.06710527734550084,0.0035109458841867474,0.00011006153325093743,0.062424522133057166,0.06595564419695686,0.00829638907192387,0.055135611188977175,0.0007637442842761267,0.000861327316507165,0.7836800108881723,0.014734398968846688,0.05099368056968621,0.019607287046993233,0.008051001933833802
/mnt/hum01-rds/Nikolaev_Dmitry/flos-code/model_selection_data/runs/he_she_odds_results__Qwen_Qwen3-8B-Base__3794e0cc,he_she_odds_results__Qwen_Qwen3-8B-Base__3794e0cc,/mnt/hum01-rds/Nikolaev_Dmitry/flos-code/modelling_data/he_she_odds_results__Qwen_Qwen3-8B-Base.csv,Qwen_Qwen3-8B-Base,selected_mixed_random_slopes__candidate__0__C_tense_C_syntactic_role,/mnt/hum01-rds/Nikolaev_Dmitry/flos-code/model_selection_data/runs/he_she_odds_results__Qwen_Qwen3-8B-Base__3794e0cc/models/selected_mixed_random_slopes__candidate__0__C_tense_C_syntactic_role,random_slopes,log_he_she_odds ~ C(tense) + C(semantic_role) + C(syntactic_role) + C(valence) + C(dominance) + log_frequency + lex_emb_norm + C(tense):C(semantic_role) + C(tense):C(valence) + C(tense):C(dominance) + C(tense):log_frequency + C(tense):lex_emb_norm + C(semantic_role):C(syntactic_role) + C(semantic_role):C(valence) + C(semantic_role):C(dominance) + C(semantic_role):log_frequency + C(semantic_role):lex_emb_norm + C(syntactic_role):C(valence) + C(syntactic_role):C(dominance) + C(syntactic_role):log_frequency + C(syntactic_role):lex_emb_norm + C(valence):C(dominance) + C(valence):log_frequency + C(valence):lex_emb_norm + C(dominance):log_frequency + C(dominance):lex_emb_norm + log_frequency:lex_emb_norm,1 + C(semantic_role) + C(syntactic_role) + C(valence) + C(dominance),profession,lbfgs,True,1,['ConvergenceWarning: The MLE may be on the boundary of the parameter space.'],True,22157.753640953655,22681.363611692886,-11010.876820476828,16320,0.21860921441255987,0.03254074633968571,0.9167269856435681,1.2326706957004595e-32,0.03496262014093346,0.012537784643006542,0.023303919908840384,0.011200696105929027,0.001994034318953498,0.0007279635789356221,,0.002238683714880828,0.001169135130518615,0.0020238175806153785,0.0017901397916028855,2.3671905403104104e-05,0.002101813720347718,0.001415867265721659,3.9604396055794804e-05,0.33822037007744205,0.02036999328258494,0.00034595369423189205,0.06710527734533828,0.003510945884276724,0.00011006153324957514,0.062282140503638325,0.0659556441969675,0.008296389071627297,0.05513561118854459,0.0007637442843824286,0.0008613273164943214,0.782618800831931,0.014728972190950112,0.05100190151193594,0.019604993782438573,0.008049965673767843
/mnt/hum01-rds/Nikolaev_Dmitry/flos-code/model_selection_data/runs/he_she_odds_results__Qwen_Qwen3-8B-Base__3794e0cc,he_she_odds_results__Qwen_Qwen3-8B-Base__3794e0cc,/mnt/hum01-rds/Nikolaev_Dmitry/flos-code/modelling_data/he_she_odds_results__Qwen_Qwen3-8B-Base.csv,Qwen_Qwen3-8B-Base,selected_mixed_random_slopes__random_intercept_baseline,/mnt/hum01-rds/Nikolaev_Dmitry/flos-code/model_selection_data/runs/he_she_odds_results__Qwen_Qwen3-8B-Base__3794e0cc/models/selected_mixed_random_slopes__random_intercept_baseline,random_intercept_baseline,log_he_she_odds ~ C(tense) + C(semantic_role) + C(syntactic_role) + C(valence) + C(dominance) + log_frequency + lex_emb_norm + C(tense):C(semantic_role) + C(tense):C(syntactic_role) + C(tense):C(valence) + C(tense):C(dominance) + C(tense):log_frequency + C(tense):lex_emb_norm + C(semantic_role):C(syntactic_role) + C(semantic_role):C(valence) + C(semantic_role):C(dominance) + C(semantic_role):log_frequency + C(semantic_role):lex_emb_norm + C(syntactic_role):C(valence) + C(syntactic_role):C(dominance) + C(syntactic_role):log_frequency + C(syntactic_role):lex_emb_norm + C(valence):C(dominance) + C(valence):log_frequency + C(valence):lex_emb_norm + C(dominance):log_frequency + C(dominance):lex_emb_norm + log_frequency:lex_emb_norm,1,profession,lbfgs,True,0,[],False,23474.02372539282,23928.332376475388,-11678.01186269641,16320,0.24067602891478765,0.03758364784370279,0.9084473149722269,4.930682782801838e-32,0.037108636410952765,0.012537784642913873,0.018223712628583914,0.011200696105820739,0.001994034318957801,0.0007279635789356188,0.0029590854559735326,0.0022386837148808255,0.0011691351305186117,0.0020238175806154535,0.0017901397916028525,2.3671905403099757e-05,0.0021018137203477733,0.001415867265721632,3.9604396055793144e-05,0.9763122558938508,0.020369993282580948,0.0003459536941988683,0.06710527734511666,0.003510945884400974,0.00011006153324650369,0.3544351029557463,0.06595564419696352,0.008296389071513083,0.055135611188442665,0.0007637442844236362,0.0008613273164878977,2.598093302737501,,,,
/mnt/hum01-rds/Nikolaev_Dmitry/flos-code/model_selection_data/runs/he_she_odds_results__allenai_Olmo-3-1025-7B__9ed18bc1,he_she_odds_results__allenai_Olmo-3-1025-7B__9ed18bc1,/mnt/hum01-rds/Nikolaev_Dmitry/flos-code/modelling_data/he_she_odds_results__allenai_Olmo-3-1025-7B.csv,allenai_Olmo-3-1025-7B,selected_mixed_random_slopes__candidate__0__C_syntactic_role_log_frequency,/mnt/hum01-rds/Nikolaev_Dmitry/flos-code/model_selection_data/runs/he_she_odds_results__allenai_Olmo-3-1025-7B__9ed18bc1/models/selected_mixed_random_slopes__candidate__0__C_syntactic_role_log_frequency,random_slopes,log_he_she_odds ~ C(tense) + C(semantic_role) + C(syntactic_role) + C(valence) + C(dominance) + log_frequency + lex_emb_norm + C(tense):C(semantic_role) + C(tense):C(syntactic_role) + C(tense):C(valence) + C(tense):C(dominance) + C(tense):log_frequency + C(tense):lex_emb_norm + C(semantic_role):C(syntactic_role) + C(semantic_role):C(valence) + C(semantic_role):C(dominance) + C(semantic_role):log_frequency + C(semantic_role):lex_emb_norm + C(syntactic_role):C(valence) + C(syntactic_role):C(dominance) + C(syntactic_role):lex_emb_norm + C(valence):C(dominance) + C(valence):log_frequency + C(valence):lex_emb_norm + C(dominance):log_frequency + C(dominance):lex_emb_norm + log_frequency:lex_emb_norm,1 + C(semantic_role) + C(syntactic_role) + C(valence) + C(dominance),profession,lbfgs,False,4,"['ConvergenceWarning: Maximum Likelihood optimization failed to converge. Check mle_retvals', 'ConvergenceWarning: MixedLM optimization failed, trying a different optimizer may help.', 'ConvergenceWarning: Gradient optimization failed, |grad| = 54.354260', 'ConvergenceWarning: The Hessian matrix at the estimated parameter values is not positive definite.']",True,16931.217176472128,17485.627733725432,-8393.608588236064,16320,0.1545272472102972,0.018444919671611038,0.9673987400021099,0.0,0.010925588020115791,0.009772357919375457,0.005133507208147713,0.01800290113922338,0.002354566735664322,0.002261804348686529,0.0030180578704106834,0.0014400025455044876,0.0019570567054361825,0.007193374851980804,5.591494196396581e-05,4.287739749163363e-05,0.0022540270469647503,0.000401081356151622,6.608703870563382e-05,0.2404765774484079,0.005607914186738625,0.0028334694895672742,,0.0027667114970817007,0.0006763908855176746,0.650247460990294,0.003151210719740526,0.0012124917880053335,0.012002539458914215,2.1116633383043015e-06,0.00014099748460848677,1.624351977381476,0.20938891454061873,0.0757401656709513,0.23354891161244468,0.17988377422770058
/mnt/hum01-rds/Nikolaev_Dmitry/flos-code/model_selection_data/runs/he_she_odds_results__allenai_Olmo-3-1025-7B__9ed18bc1,he_she_odds_results__allenai_Olmo-3-1025-7B__9ed18bc1,/mnt/hum01-rds/Nikolaev_Dmitry/flos-code/modelling_data/he_she_odds_results__allenai_Olmo-3-1025-7B.csv,allenai_Olmo-3-1025-7B,selected_mixed_random_slopes__candidate__0__C_semantic_role_log_frequency,/mnt/hum01-rds/Nikolaev_Dmitry/flos-code/model_selection_data/runs/he_she_odds_results__allenai_Olmo-3-1025-7B__9ed18bc1/models/selected_mixed_random_slopes__candidate__0__C_semantic_role_log_frequency,random_slopes,log_he_she_odds ~ C(tense) + C(semantic_role) + C(syntactic_role) + C(valence) + C(dominance) + log_frequency + lex_emb_norm + C(tense):C(semantic_role) + C(tense):C(syntactic_role) + C(tense):C(valence) + C(tense):C(dominance) + C(tense):log_frequency + C(tense):lex_emb_norm + C(semantic_role):C(syntactic_role) + C(semantic_role):C(valence) + C(semantic_role):C(dominance) + C(semantic_role):lex_emb_norm + C(syntactic_role):C(valence) + C(syntactic_role):C(dominance) + C(syntactic_role):log_frequency + C(syntactic_role):lex_emb_norm + C(valence):C(dominance) + C(valence):log_frequency + C(valence):lex_emb_norm + C(dominance):log_frequency + C(dominance):lex_emb_norm + log_frequency:lex_emb_norm,1 + C(semantic_role) + C(syntactic_role) + C(valence) + C(dominance),profession,lbfgs,False,4,"['ConvergenceWarning: Maximum Likelihood optimization failed to converge. Check mle_retvals', 'ConvergenceWarning: MixedLM optimization failed, trying a different optimizer may help.', 'ConvergenceWarning: Gradient optimization failed, |grad| = 55.899814', 'ConvergenceWarning: The Hessian matrix at the estimated parameter values is not positive definite.']",True,16931.244582841202,17485.655140094506,-8393.622291420601,16320,0.1544828264176152,0.014376123233066852,0.9673375866100228,0.0,0.010925588020116003,0.004982765472516818,0.01827721481841401,0.011484241206355557,0.0010699003302018673,0.0022618043486865597,0.0030180578704107073,0.001440002545504444,0.0019570567054362294,0.007193374851980811,5.5914941963964065e-05,4.287739749163156e-05,0.0022540270469647576,0.00040108135615162665,6.60870387056346e-05,0.482857922002633,0.00560791418673897,,0.014319666496467508,3.009546701439101e-06,1.424137730525499e-05,0.3765141310973323,0.0031512107197401744,0.00013114831877263916,0.003251463649959891,0.000565653611945948,0.0006224342380485937,1.37107371505829,0.2079141098561294,0.08340463823386116,0.23363580359283986,0.17994165210441043
/mnt/hum01-rds/Nikolaev_Dmitry/flos-code/model_selection_data/runs/he_she_odds_results__allenai_Olmo-3-1025-7B__9ed18bc1,he_she_odds_results__allenai_Olmo-3-1025-7B__9ed18bc1,/mnt/hum01-rds/Nikolaev_Dmitry/flos-code/modelling_data/he_she_odds_results__allenai_Olmo-3-1025-7B.csv,allenai_Olmo-3-1025-7B,selected_mixed_random_slopes__candidate__0__C_semantic_role_lex_emb_norm,/mnt/hum01-rds/Nikolaev_Dmitry/flos-code/model_selection_data/runs/he_she_odds_results__allenai_Olmo-3-1025-7B__9ed18bc1/models/selected_mixed_random_slopes__candidate__0__C_semantic_role_lex_emb_norm,random_slopes,log_he_she_odds ~ C(tense) + C(semantic_role) + C(syntactic_role) + C(valence) + C(dominance) + log_frequency + lex_emb_norm + C(tense):C(semantic_role) + C(tense):C(syntactic_role) + C(tense):C(valence) + C(tense):C(dominance) + C(tense):log_frequency + C(tense):lex_emb_norm + C(semantic_role):C(syntactic_role) + C(semantic_role):C(valence) + C(semantic_role):C(dominance) + C(semantic_role):log_frequency + C(syntactic_role):C(valence) + C(syntactic_role):C(dominance) + C(syntactic_role):log_frequency + C(syntactic_role):lex_emb_norm + C(valence):C(dominance) + C(valence):log_frequency + C(valence):lex_emb_norm + C(dominance):log_frequency + C(dominance):lex_emb_norm + log_frequency:lex_emb_norm,1 + C(semantic_role) + C(syntactic_role) + C(valence) + C(dominance),profession,lbfgs,True,1,['ConvergenceWarning: The Hessian matrix at the estimated parameter values is not positive definite.'],True,16931.306256880926,17485.71681413423,-8393.653128440463,16320,0.15448267871156704,0.014684202786784525,0.9673511920571608,3.081676739251149e-33,0.01092558802011612,0.01009206400881955,0.017841812472882232,0.011939323221912889,0.00115169966997202,0.0022618043486865233,0.0030180578704107003,0.0014400025455044967,0.001957056705436154,0.007193374851980768,5.591494196396938e-05,4.287739749163446e-05,0.0022540270469647503,0.0004010813561516198,6.608703870563072e-05,0.4714195350750963,0.005607914186739199,0.00043356689915682666,0.014049987463436626,1.0268409973113703e-05,8.503763619062414e-06,0.3703023175601094,0.003151210719740328,,0.0031813509752675185,0.0006044529021412004,0.0006460276453188257,1.3710509261467216,0.20834092553337008,0.08340766454197544,0.23364258120932807,0.17994654974652902
/mnt/hum01-rds/Nikolaev_Dmitry/flos-code/model_selection_data/runs/he_she_odds_results__allenai_Olmo-3-1025-7B__9ed18bc1,he_she_odds_results__allenai_Olmo-3-1025-7B__9ed18bc1,/mnt/hum01-rds/Nikolaev_Dmitry/flos-code/modelling_data/he_she_odds_results__allenai_Olmo-3-1025-7B.csv,allenai_Olmo-3-1025-7B,selected_mixed_random_slopes__candidate__0__C_syntactic_role_lex_emb_norm,/mnt/hum01-rds/Nikolaev_Dmitry/flos-code/model_selection_data/runs/he_she_odds_results__allenai_Olmo-3-1025-7B__9ed18bc1/models/selected_mixed_random_slopes__candidate__0__C_syntactic_role_lex_emb_norm,random_slopes,log_he_she_odds ~ C(tense) + C(semantic_role) + C(syntactic_role) + C(valence) + C(dominance) + log_frequency + lex_emb_norm + C(tense):C(semantic_role) + C(tense):C(syntactic_role) + C(tense):C(valence) + C(tense):C(dominance) + C(tense):log_frequency + C(tense):lex_emb_norm + C(semantic_role):C(syntactic_role) + C(semantic_role):C(valence) + C(semantic_role):C(dominance) + C(semantic_role):log_frequency + C(semantic_role):lex_emb_norm + C(syntactic_role):C(valence) + C(syntactic_role):C(dominance) + C(syntactic_role):log_frequency + C(valence):C(dominance) + C(valence):log_frequency + C(valence):lex_emb_norm + C(dominance):log_frequency + C(dominance):lex_emb_norm + log_frequency:lex_emb_norm,1 + C(semantic_role) + C(syntactic_role) + C(valence) + C(dominance),profession,lbfgs,True,1,['ConvergenceWarning: The Hessian matrix at the estimated parameter values is not positive definite.'],True,16931.325534318632,17485.736091571936,-8393.662767159316,16320,0.1544950638021714,0.021088457172190173,0.9675457614956937,3.081676739251149e-33,0.010925588020115435,0.008614328542113536,0.012351736103754955,0.013752146207914779,0.0014955581899613376,0.002261804348686544,0.0030180578704106726,0.0014400025455043985,0.0019570567054362155,0.007193374851980785,5.591494196396868e-05,4.2877397491631105e-05,0.0022540270469647303,0.00040108135615162665,6.608703870563225e-05,0.5749032544168695,0.005607914186739125,0.000989723066760698,0.022423876090191603,6.287095847935117e-05,9.03433366297214e-05,0.2641164957852497,0.0031512107197399788,0.00036950171572232884,,0.0019984715777323745,0.0013930211626759783,1.4426251825868945,0.20944143208226892,0.08100984866775326,0.23362435434812676,0.17993479976126253
/mnt/hum01-rds/Nikolaev_Dmitry/flos-code/model_selection_data/runs/he_she_odds_results__allenai_Olmo-3-1025-7B__9ed18bc1,he_she_odds_results__allenai_Olmo-3-1025-7B__9ed18bc1,/mnt/hum01-rds/Nikolaev_Dmitry/flos-code/modelling_data/he_she_odds_results__allenai_Olmo-3-1025-7B.csv,allenai_Olmo-3-1025-7B,selected_mixed_random_slopes__candidate__0__C_dominance_lex_emb_norm,/mnt/hum01-rds/Nikolaev_Dmitry/flos-code/model_selection_data/runs/he_she_odds_results__allenai_Olmo-3-1025-7B__9ed18bc1/models/selected_mixed_random_slopes__candidate__0__C_dominance_lex_emb_norm,random_slopes,log_he_she_odds ~ C(tense) + C(semantic_role) + C(syntactic_role) + C(valence) + C(dominance) + log_frequency + lex_emb_norm + C(tense):C(semantic_role) + C(tense):C(syntactic_role) + C(tense):C(valence) + C(tense):C(dominance) + C(tense):log_frequency + C(tense):lex_emb_norm + C(semantic_role):C(syntactic_role) + C(semantic_role):C(valence) + C(semantic_role):C(dominance) + C(semantic_role):log_frequency + C(semantic_role):lex_emb_norm + C(syntactic_role):C(valence) + C(syntactic_role):C(dominance) + C(syntactic_role):log_frequency + C(syntactic_role):lex_emb_norm + C(valence):C(dominance) + C(valence):log_frequency + C(valence):lex_emb_norm + C(dominance):log_frequency + log_frequency:lex_emb_norm,1 + C(semantic_role) + C(syntactic_role) + C(valence) + C(dominance),profession,lbfgs,False,4,"['ConvergenceWarning: Maximum Likelihood optimization failed to converge. Check mle_retvals', 'ConvergenceWarning: MixedLM optimization failed, trying a different optimizer may help.', 'ConvergenceWarning: Gradient optimization failed, |grad| = 55.882796', 'ConvergenceWarning: The Hessian matrix at the estimated parameter values is not positive definite.']",True,16931.33934190101,17485.749899154314,-8393.669670950505,16320,0.15448270328870176,0.012929852516315943,0.9672955541778077,1.2326706957004595e-32,0.010925588020115529,0.007952888169882419,0.018265806332318845,0.01148421359820493,0.0005677200956504017,0.0022618043486865446,0.0030180578704106834,0.0014400025455044672,0.0019570567054361496,0.007193374851980808,5.591494196396739e-05,4.287739749163085e-05,0.002254027046964725,0.00040108135615161196,6.608703870563048e-05,0.4515285116379542,0.005607914186739292,0.001333448869388495,0.013534405654058862,3.757713829803959e-05,0.00012431268990157972,0.4053762919917999,0.0031512107197400768,0.0008042760593632989,0.0036445627405870787,0.00037245194032748356,,1.3689092384836063,0.2094569367612333,0.0834098405906158,0.23364747010572015,0.1791604052706805
/mnt/hum01-rds/Nikolaev_Dmitry/flos-code/model_selection_data/runs/he_she_odds_results__allenai_Olmo-3-1025-7B__9ed18bc1,he_she_odds_results__allenai_Olmo-3-1025-7B__9ed18bc1,/mnt/hum01-rds/Nikolaev_Dmitry/flos-code/modelling_data/he_she_odds_results__allenai_Olmo-3-1025-7B.csv,allenai_Olmo-3-1025-7B,selected_mixed_random_slopes__candidate__0__C_valence_lex_emb_norm,/mnt/hum01-rds/Nikolaev_Dmitry/flos-code/model_selection_data/runs/he_she_odds_results__allenai_Olmo-3-1025-7B__9ed18bc1/models/selected_mixed_random_slopes__candidate__0__C_valence_lex_emb_norm,random_slopes,log_he_she_odds ~ C(tense) + C(semantic_role) + C(syntactic_role) + C(valence) + C(dominance) + log_frequency + lex_emb_norm + C(tense):C(semantic_role) + C(tense):C(syntactic_role) + C(tense):C(valence) + C(tense):C(dominance) + C(tense):log_frequency + C(tense):lex_emb_norm + C(semantic_role):C(syntactic_role) + C(semantic_role):C(valence) + C(semantic_role):C(dominance) + C(semantic_role):log_frequency + C(semantic_role):lex_emb_norm + C(syntactic_role):C(valence) + C(syntactic_role):C(dominance) + C(syntactic_role):log_frequency + C(syntactic_role):lex_emb_norm + C(valence):C(dominance) + C(valence):log_frequency + C(dominance):log_frequency + C(dominance):lex_emb_norm + log_frequency:lex_emb_norm,1 + C(semantic_role) + C(syntactic_role) + C(valence) + C(dominance),profession,lbfgs,False,4,"['ConvergenceWarning: Maximum Likelihood optimization failed to converge. Check mle_retvals', 'ConvergenceWarning: MixedLM optimization failed, trying a different optimizer may help.', 'ConvergenceWarning: Gradient optimization failed, |grad| = 55.882281', 'ConvergenceWarning: The Hessian matrix at the estimated parameter values is not positive definite.']",True,16931.358108698914,17485.76866595222,-8393.679054349457,16320,0.15448260163227961,0.012733415181262865,0.9672900095541894,1.2326706957004595e-32,0.010925588020117769,0.007933967405782005,0.018322411163016857,0.009897882449547861,0.0010580627008228405,0.002261804348686495,0.0030180578704107034,0.001440002545504528,0.0019570567054360928,0.007193374851980808,5.591494196396297e-05,4.287739749163184e-05,0.0022540270469647346,0.00040108135615160665,6.60870387056329e-05,0.4474571839775951,0.0056079141867404585,0.0013442561763806838,0.013466752028940373,0.0002825760034659592,9.140105542366537e-07,0.41565998577149027,0.0031512107197404155,0.0008194835612488182,0.0037083583599725445,,0.0004785222355942401,1.3715075706771545,0.2094585344829551,0.08341070634640894,0.2329484774949793,0.17995155376901928
/mnt/hum01-rds/Nikolaev_Dmitry/flos-code/model_selection_data/runs/he_she_odds_results__allenai_Olmo-3-1025-7B__9ed18bc1,he_she_odds_results__allenai_Olmo-3-1025-7B__9ed18bc1,/mnt/hum01-rds/Nikolaev_Dmitry/flos-code/modelling_data/he_she_odds_results__allenai_Olmo-3-1025-7B.csv,allenai_Olmo-3-1025-7B,selected_mixed_random_slopes__candidate__0__C_valence_log_frequency,/mnt/hum01-rds/Nikolaev_Dmitry/flos-code/model_selection_data/runs/he_she_odds_results__allenai_Olmo-3-1025-7B__9ed18bc1/models/selected_mixed_random_slopes__candidate__0__C_valence_log_frequency,random_slopes,log_he_she_odds ~ C(tense) + C(semantic_role) + C(syntactic_role) + C(valence) + C(dominance) + log_frequency + lex_emb_norm + C(tense):C(semantic_role) + C(tense):C(syntactic_role) + C(tense):C(valence) + C(tense):C(dominance) + C(tense):log_frequency + C(tense):lex_emb_norm + C(semantic_role):C(syntactic_role) + C(semantic_role):C(valence) + C(semantic_role):C(dominance) + C(semantic_role):log_frequency + C(semantic_role):lex_emb_norm + C(syntactic_role):C(valence) + C(syntactic_role):C(dominance) + C(syntactic_role):log_frequency + C(syntactic_role):lex_emb_norm + C(valence):C(dominance) + C(valence):lex_emb_norm + C(dominance):log_frequency + C(dominance):lex_emb_norm + log_frequency:lex_emb_norm,1 + C(semantic_role) + C(syntactic_role) + C(valence) + C(dominance),profession,lbfgs,True,1,['ConvergenceWarning: The Hessian matrix at the estimated parameter values is not positive definite.'],True,16931.465473812743,17485.876031066047,-8393.732736906371,16320,0.15448230078160696,0.013919662268139444,0.9673346643001894,3.081676739251149e-33,0.01092558802011489,0.008009841275354897,0.018079410503731012,0.01128764540309222,0.0011056512984405503,0.002261804348686563,0.0030180578704106804,0.0014400025455043569,0.0019570567054361917,0.0071933748519808285,5.5914941963964e-05,4.2877397491635645e-05,0.0022540270469647615,0.00040108135615162215,6.608703870563271e-05,0.46872060305151697,0.005607914186738659,0.0012679762315340982,0.013990966410214687,,7.579532630450375e-06,0.3827069504516826,0.0031512107197400213,0.0007335803714097444,0.0033209930126916185,0.0006024607810959608,0.0006002764364604248,1.3710062404795638,0.20946682800707886,0.08341550523290776,0.2336404677681283,0.17995924154372042
/mnt/hum01-rds/Nikolaev_Dmitry/flos-code/model_selection_data/runs/he_she_odds_results__allenai_Olmo-3-1025-7B__9ed18bc1,he_she_odds_results__allenai_Olmo-3-1025-7B__9ed18bc1,/mnt/hum01-rds/Nikolaev_Dmitry/flos-code/modelling_data/he_she_odds_results__allenai_Olmo-3-1025-7B.csv,allenai_Olmo-3-1025-7B,selected_mixed_random_slopes__candidate__0__C_dominance_log_frequency,/mnt/hum01-rds/Nikolaev_Dmitry/flos-code/model_selection_data/runs/he_she_odds_results__allenai_Olmo-3-1025-7B__9ed18bc1/models/selected_mixed_random_slopes__candidate__0__C_dominance_log_frequency,random_slopes,log_he_she_odds ~ C(tense) + C(semantic_role) + C(syntactic_role) + C(valence) + C(dominance) + log_frequency + lex_emb_norm + C(tense):C(semantic_role) + C(tense):C(syntactic_role) + C(tense):C(valence) + C(tense):C(dominance) + C(tense):log_frequency + C(tense):lex_emb_norm + C(semantic_role):C(syntactic_role) + C(semantic_role):C(valence) + C(semantic_role):C(dominance) + C(semantic_role):log_frequency + C(semantic_role):lex_emb_norm + C(syntactic_role):C(valence) + C(syntactic_role):C(dominance) + C(syntactic_role):log_frequency + C(syntactic_role):lex_emb_norm + C(valence):C(dominance) + C(valence):log_frequency + C(valence):lex_emb_norm + C(dominance):lex_emb_norm + log_frequency:lex_emb_norm,1 + C(semantic_role) + C(syntactic_role) + C(valence) + C(dominance),profession,lbfgs,True,1,['ConvergenceWarning: The Hessian matrix at the estimated parameter values is not positive definite.'],True,16931.467652981897,17485.8782102352,-8393.733826490949,16320,0.15448229503329342,0.013771812372096676,0.9673298751232995,1.2326706957004595e-32,0.01092558802011691,0.008045624127487036,0.017965241535733086,0.011810368475714266,0.0012050126275912735,0.0022618043486864903,0.003018057870410717,0.0014400025455044718,0.0019570567054361054,0.007193374851980773,5.5914941963966775e-05,4.2877397491638064e-05,0.002254027046964721,0.0004010813561516064,6.60870387056271e-05,0.4613483795501526,0.005607914186739997,0.0012948982865677602,0.013802175415552871,2.0978181626077718e-05,,0.38599677543509275,0.0031512107197400794,0.0007425503008319479,0.003361634039067419,0.0005077950468168493,0.000542512277095421,1.3709770731565685,0.20946699546668007,0.08341560254461718,0.23366035935188642,0.17995378455013852
/mnt/hum01-rds/Nikolaev_Dmitry/flos-code/model_selection_data/runs/he_she_odds_results__allenai_Olmo-3-1025-7B__9ed18bc1,he_she_odds_results__allenai_Olmo-3-1025-7B__9ed18bc1,/mnt/hum01-rds/Nikolaev_Dmitry/flos-code/modelling_data/he_she_odds_results__allenai_Olmo-3-1025-7B.csv,allenai_Olmo-3-1025-7B,selected_mixed_random_slopes__candidate__0__log_frequency_lex_emb_norm,/mnt/hum01-rds/Nikolaev_Dmitry/flos-code/model_selection_data/runs/he_she_odds_results__allenai_Olmo-3-1025-7B__9ed18bc1/models/selected_mixed_random_slopes__candidate__0__log_frequency_lex_emb_norm,random_slopes,log_he_she_odds ~ C(tense) + C(semantic_role) + C(syntactic_role) + C(valence) + C(dominance) + log_frequency + lex_emb_norm + C(tense):C(semantic_role) + C(tense):C(syntactic_role) + C(tense):C(valence) + C(tense):C(dominance) + C(tense):log_frequency + C(tense):lex_emb_norm + C(semantic_role):C(syntactic_role) + C(semantic_role):C(valence) + C(semantic_role):C(dominance) + C(semantic_role):log_frequency + C(semantic_role):lex_emb_norm + C(syntactic_role):C(valence) + C(syntactic_role):C(dominance) + C(syntactic_role):log_frequency + C(syntactic_role):lex_emb_norm + C(valence):C(dominance) + C(valence):log_frequency + C(valence):lex_emb_norm + C(dominance):log_frequency + C(dominance):lex_emb_norm,1 + C(semantic_role) + C(syntactic_role) + C(valence) + C(dominance),profession,lbfgs,True,1,['ConvergenceWarning: The Hessian matrix at the estimated parameter values is not positive definite.'],True,16931.63562759143,17486.046184844734,-8393.817813795715,16320,0.1544843364011561,0.010991533256983895,0.9672448789784976,1.9722731131207353e-31,0.010925588020115456,0.008035241634251039,0.017998681485425678,0.011773720106606489,0.0011217646212531107,0.0022618043486865576,0.0030180578704106786,0.0014400025455043952,0.0019570567054361518,0.007193374851980853,5.59149419639582e-05,4.287739749162932e-05,0.0022540270469647897,0.0004010813561516159,6.608703870563698e-05,0.005847471595601767,0.005607914186738876,0.0012870638429016339,0.013857401142175775,1.8168236994912647e-05,5.282937222678566e-06,0.014740986634436416,0.0031512107197400117,0.0007399440981687009,0.0033496913818389998,0.0005141018833020515,0.0005905361835790245,,0.2094156596845893,0.08313152140639032,0.23343223356254417,0.18008164727583628
/mnt/hum01-rds/Nikolaev_Dmitry/flos-code/model_selection_data/runs/he_she_odds_results__allenai_Olmo-3-1025-7B__9ed18bc1,he_she_odds_results__allenai_Olmo-3-1025-7B__9ed18bc1,/mnt/hum01-rds/Nikolaev_Dmitry/flos-code/modelling_data/he_she_odds_results__allenai_Olmo-3-1025-7B.csv,allenai_Olmo-3-1025-7B,selected_mixed_random_slopes__candidate__0__C_semantic_role_C_dominance,/mnt/hum01-rds/Nikolaev_Dmitry/flos-code/model_selection_data/runs/he_she_odds_results__allenai_Olmo-3-1025-7B__9ed18bc1/models/selected_mixed_random_slopes__candidate__0__C_semantic_role_C_dominance,random_slopes,log_he_she_odds ~ C(tense) + C(semantic_role) + C(syntactic_role) + C(valence) + C(dominance) + log_frequency + lex_emb_norm + C(tense):C(semantic_role) + C(tense):C(syntactic_role) + C(tense):C(valence) + C(tense):C(dominance) + C(tense):log_frequency + C(tense):lex_emb_norm + C(semantic_role):C(syntactic_role) + C(semantic_role):C(valence) + C(semantic_role):log_frequency + C(semantic_role):lex_emb_norm + C(syntactic_role):C(valence) + C(syntactic_role):C(dominance) + C(syntactic_role):log_frequency + C(syntactic_role):lex_emb_norm + C(valence):C(dominance) + C(valence):log_frequency + C(valence):lex_emb_norm + C(dominance):log_frequency + C(dominance):lex_emb_norm + log_frequency:lex_emb_norm,1 + C(semantic_role) + C(syntactic_role) + C(valence) + C(dominance),profession,lbfgs,True,1,['ConvergenceWarning: The Hessian matrix at the estimated parameter values is not positive definite.'],True,16933.026263982465,17487.43682123577,-8394.513131991233,16320,0.15449641973672176,0.013805335216644869,0.9673324398117776,1.2326706957004595e-32,0.010925588020115937,0.008727305201357116,0.017998681485751587,0.011773720106089989,0.0013892983357875457,0.002261804348686532,0.0030180578704106517,0.0014400025455044714,0.0019570567054362047,0.007193374851980804,5.5914941963964505e-05,,0.002254027046964746,0.0004010813561516335,6.608703870563411e-05,0.4629529923897379,0.005607914186739029,0.0012870638428154602,0.013857401142580885,1.8168236969058125e-05,5.282937228855883e-06,0.38481190787058844,0.003151210719740362,0.0007399440980362656,0.0033496913814954244,0.0005141018835384379,0.0005905361837290945,1.3699947402227324,0.20956666870918172,0.08346397277775601,0.23375943800358764,0.18004831121199674
/mnt/hum01-rds/Nikolaev_Dmitry/flos-code/model_selection_data/runs/he_she_odds_results__allenai_Olmo-3-1025-7B__9ed18bc1,he_she_odds_results__allenai_Olmo-3-1025-7B__9ed18bc1,/mnt/hum01-rds/Nikolaev_Dmitry/flos-code/modelling_data/he_she_odds_results__allenai_Olmo-3-1025-7B.csv,allenai_Olmo-3-1025-7B,selected_mixed_random_slopes,/mnt/hum01-rds/Nikolaev_Dmitry/flos-code/model_selection_data/runs/he_she_odds_results__allenai_Olmo-3-1025-7B__9ed18bc1/models/selected_mixed_random_slopes,random_slopes,log_he_she_odds ~ C(tense) + C(semantic_role) + C(syntactic_role) + C(valence) + C(dominance) + log_frequency + lex_emb_norm + C(tense):C(semantic_role) + C(tense):C(syntactic_role) + C(tense):C(valence) + C(tense):C(dominance) + C(tense):log_frequency + C(tense):lex_emb_norm + C(semantic_role):C(syntactic_role) + C(semantic_role):C(valence) + C(semantic_role):C(dominance) + C(semantic_role):log_frequency + C(semantic_role):lex_emb_norm + C(syntactic_role):C(valence) + C(syntactic_role):C(dominance) + C(syntactic_role):log_frequency + C(syntactic_role):lex_emb_norm + C(valence):C(dominance) + C(valence):log_frequency + C(valence):lex_emb_norm + C(dominance):log_frequency + C(dominance):lex_emb_norm + log_frequency:lex_emb_norm,1 + C(semantic_role) + C(syntactic_role) + C(valence) + C(dominance),profession,lbfgs,True,1,['ConvergenceWarning: The Hessian matrix at the estimated parameter values is not positive definite.'],True,16933.468570155383,17495.579274037205,-8393.734285077691,16320,0.15448229212562165,0.013812191717510086,0.9673312587040727,3.081676739251149e-33,0.01092558802011631,0.008035241633723041,0.017998681486134566,0.011773720105470661,0.0011217646210748542,0.002261804348686532,0.003018057870410699,0.0014400025455044588,0.001957056705436197,0.00719337485198079,5.591494196396803e-05,4.287739749163316e-05,0.0022540270469647637,0.0004010813561516227,6.608703870563105e-05,0.46325205387962837,0.005607914186739244,0.0012870638430823806,0.013857401141498782,1.816823703955531e-05,5.282937208233042e-06,0.38514679849187233,0.003151210719740264,0.0007399440983794744,0.003349691382282138,0.0005141018829704733,0.0005905361833836765,1.3709918149806681,0.2094670674408974,0.08341564377117201,0.2336604515770269,0.17995946348792397
/mnt/hum01-rds/Nikolaev_Dmitry/flos-code/model_selection_data/runs/he_she_odds_results__allenai_Olmo-3-1025-7B__9ed18bc1,he_she_odds_results__allenai_Olmo-3-1025-7B__9ed18bc1,/mnt/hum01-rds/Nikolaev_Dmitry/flos-code/modelling_data/he_she_odds_results__allenai_Olmo-3-1025-7B.csv,allenai_Olmo-3-1025-7B,selected_mixed_random_slopes__full,/mnt/hum01-rds/Nikolaev_Dmitry/flos-code/model_selection_data/runs/he_she_odds_results__allenai_Olmo-3-1025-7B__9ed18bc1/models/selected_mixed_random_slopes__full,random_slopes,log_he_she_odds ~ C(tense) + C(semantic_role) + C(syntactic_role) + C(valence) + C(dominance) + log_frequency + lex_emb_norm + C(tense):C(semantic_role) + C(tense):C(syntactic_role) + C(tense):C(valence) + C(tense):C(dominance) + C(tense):log_frequency + C(tense):lex_emb_norm + C(semantic_role):C(syntactic_role) + C(semantic_role):C(valence) + C(semantic_role):C(dominance) + C(semantic_role):log_frequency + C(semantic_role):lex_emb_norm + C(syntactic_role):C(valence) + C(syntactic_role):C(dominance) + C(syntactic_role):log_frequency + C(syntactic_role):lex_emb_norm + C(valence):C(dominance) + C(valence):log_frequency + C(valence):lex_emb_norm + C(dominance):log_frequency + C(dominance):lex_emb_norm + log_frequency:lex_emb_norm,1 + C(semantic_role) + C(syntactic_role) + C(valence) + C(dominance),profession,lbfgs,True,1,['ConvergenceWarning: The Hessian matrix at the estimated parameter values is not positive definite.'],True,16933.468570155383,17495.579274037205,-8393.734285077691,16320,0.15448229212562165,0.013812191717510086,0.9673312587040727,3.081676739251149e-33,0.01092558802011631,0.008035241633723041,0.017998681486134566,0.011773720105470661,0.0011217646210748542,0.002261804348686532,0.003018057870410699,0.0014400025455044588,0.001957056705436197,0.00719337485198079,5.591494196396803e-05,4.287739749163316e-05,0.0022540270469647637,0.0004010813561516227,6.608703870563105e-05,0.46325205387962837,0.005607914186739244,0.0012870638430823806,0.013857401141498782,1.816823703955531e-05,5.282937208233042e-06,0.38514679849187233,0.003151210719740264,0.0007399440983794744,0.003349691382282138,0.0005141018829704733,0.0005905361833836765,1.3709918149806681,0.2094670674408974,0.08341564377117201,0.2336604515770269,0.17995946348792397
/mnt/hum01-rds/Nikolaev_Dmitry/flos-code/model_selection_data/runs/he_she_odds_results__allenai_Olmo-3-1025-7B__9ed18bc1,he_she_odds_results__allenai_Olmo-3-1025-7B__9ed18bc1,/mnt/hum01-rds/Nikolaev_Dmitry/flos-code/modelling_data/he_she_odds_results__allenai_Olmo-3-1025-7B.csv,allenai_Olmo-3-1025-7B,selected_mixed_random_slopes__candidate__0__C_semantic_role_C_valence,/mnt/hum01-rds/Nikolaev_Dmitry/flos-code/model_selection_data/runs/he_she_odds_results__allenai_Olmo-3-1025-7B__9ed18bc1/models/selected_mixed_random_slopes__candidate__0__C_semantic_role_C_valence,random_slopes,log_he_she_odds ~ C(tense) + C(semantic_role) + C(syntactic_role) + C(valence) + C(dominance) + log_frequency + lex_emb_norm + C(tense):C(semantic_role) + C(tense):C(syntactic_role) + C(tense):C(valence) + C(tense):C(dominance) + C(tense):log_frequency + C(tense):lex_emb_norm + C(semantic_role):C(syntactic_role) + C(semantic_role):C(dominance) + C(semantic_role):log_frequency + C(semantic_role):lex_emb_norm + C(syntactic_role):C(valence) + C(syntactic_role):C(dominance) + C(syntactic_role):log_frequency + C(syntactic_role):lex_emb_norm + C(valence):C(dominance) + C(valence):log_frequency + C(valence):lex_emb_norm + C(dominance):log_frequency + C(dominance):lex_emb_norm + log_frequency:lex_emb_norm,1 + C(semantic_role) + C(syntactic_role) + C(valence) + C(dominance),profession,lbfgs,True,1,['ConvergenceWarning: The Hessian matrix at the estimated parameter values is not positive definite.'],True,16933.499878508097,17487.9104357614,-8394.749939254049,16320,0.1545007154876344,0.013803251036179019,0.9673327990339917,3.081676739251149e-33,0.010925588020115846,0.008827865365392354,0.017998681485639025,0.012729251780511184,0.0011217646211995334,0.0022618043486865606,0.0030180578704106504,0.0014400025455044334,0.0019570567054361413,0.007193374851980866,,4.287739749163377e-05,0.002254027046964738,0.0004010813561516259,6.608703870562684e-05,0.46286210837344566,0.005607914186738673,0.0012870638430129361,0.01385740114183555,1.8168237018923825e-05,5.282937214728557e-06,0.38471014299742545,0.0031512107197403582,0.000739944098144763,0.0033496913817460173,0.0005141018833471775,0.0005905361836107942,1.369691739990105,0.20959696068422828,0.08347867244724952,0.23378954288250106,0.18007533295901418
/mnt/hum01-rds/Nikolaev_Dmitry/flos-code/model_selection_data/runs/he_she_odds_results__allenai_Olmo-3-1025-7B__9ed18bc1,he_she_odds_results__allenai_Olmo-3-1025-7B__9ed18bc1,/mnt/hum01-rds/Nikolaev_Dmitry/flos-code/modelling_data/he_she_odds_results__allenai_Olmo-3-1025-7B.csv,allenai_Olmo-3-1025-7B,selected_mixed_random_slopes__candidate__0__C_valence_C_dominance,/mnt/hum01-rds/Nikolaev_Dmitry/flos-code/model_selection_data/runs/he_she_odds_results__allenai_Olmo-3-1025-7B__9ed18bc1/models/selected_mixed_random_slopes__candidate__0__C_valence_C_dominance,random_slopes,log_he_she_odds ~ C(tense) + C(semantic_role) + C(syntactic_role) + C(valence) + C(dominance) + log_frequency + lex_emb_norm + C(tense):C(semantic_role) + C(tense):C(syntactic_role) + C(tense):C(valence) + C(tense):C(dominance) + C(tense):log_frequency + C(tense):lex_emb_norm + C(semantic_role):C(syntactic_role) + C(semantic_role):C(valence) + C(semantic_role):C(dominance) + C(semantic_role):log_frequency + C(semantic_role):lex_emb_norm + C(syntactic_role):C(valence) + C(syntactic_role):C(dominance) + C(syntactic_role):log_frequency + C(syntactic_role):lex_emb_norm + C(valence):log_frequency + C(valence):lex_emb_norm + C(dominance):log_frequency + C(dominance):lex_emb_norm + log_frequency:lex_emb_norm,1 + C(semantic_role) + C(syntactic_role) + C(valence) + C(dominance),profession,lbfgs,True,1,['ConvergenceWarning: The Hessian matrix at the estimated parameter values is not positive definite.'],True,16933.869391348882,17488.279948602187,-8394.934695674441,16320,0.1545040671094114,0.013801625138514675,0.9673330793333462,1.2326706957004595e-32,0.01092558802011592,0.008035241634021091,0.017998681485700288,0.010777194393680911,0.0008293966410082384,0.0022618043486865233,0.003018057870410681,0.0014400025455043948,0.001957056705436153,0.007193374851980751,5.591494196396935e-05,4.287739749163601e-05,0.0022540270469647195,0.00040108135615160687,,0.46279121583632526,0.005607914186739399,0.0012870638427601058,0.013857401142680522,1.8168236960589706e-05,5.282937232783081e-06,0.38463076534576834,0.0031512107197398482,0.0007399440980632868,0.0033496913815548343,0.0005141018834886017,0.0005905361836977482,1.3694553922190795,0.20962059711159037,0.08349014281037324,0.23381303328793315,0.1800964177602351
/mnt/hum01-rds/Nikolaev_Dmitry/flos-code/model_selection_data/runs/he_she_odds_results__allenai_Olmo-3-1025-7B__9ed18bc1,he_she_odds_results__allenai_Olmo-3-1025-7B__9ed18bc1,/mnt/hum01-rds/Nikolaev_Dmitry/flos-code/modelling_data/he_she_odds_results__allenai_Olmo-3-1025-7B.csv,allenai_Olmo-3-1025-7B,selected_mixed_random_slopes__candidate__0__C_tense_lex_emb_norm,/mnt/hum01-rds/Nikolaev_Dmitry/flos-code/model_selection_data/runs/he_she_odds_results__allenai_Olmo-3-1025-7B__9ed18bc1/models/selected_mixed_random_slopes__candidate__0__C_tense_lex_emb_norm,random_slopes,log_he_she_odds ~ C(tense) + C(semantic_role) + C(syntactic_role) + C(valence) + C(dominance) + log_frequency + lex_emb_norm + C(tense):C(semantic_role) + C(tense):C(syntactic_role) + C(tense):C(valence) + C(tense):C(dominance) + C(tense):log_frequency + C(semantic_role):C(syntactic_role) + C(semantic_role):C(valence) + C(semantic_role):C(dominance) + C(semantic_role):log_frequency + C(semantic_role):lex_emb_norm + C(syntactic_role):C(valence) + C(syntactic_role):C(dominance) + C(syntactic_role):log_frequency + C(syntactic_role):lex_emb_norm + C(valence):C(dominance) + C(valence):log_frequency + C(valence):lex_emb_norm + C(dominance):log_frequency + C(dominance):lex_emb_norm + log_frequency:lex_emb_norm,1 + C(semantic_role) + C(syntactic_role) + C(valence) + C(dominance),profession,lbfgs,True,1,['ConvergenceWarning: The Hessian matrix at the estimated parameter values is not positive definite.'],True,16944.677586265927,17468.28755700516,-8404.338793132963,16320,0.15467476638822447,0.013719065391589135,0.9673473871507396,3.081676739251149e-33,0.011165890554701257,0.008035241634132604,0.01799868148529476,0.011773720106469706,0.0011217646212466883,0.0022618043486864877,0.003018057870410687,0.001440002545504569,0.0019570567054360945,0.0071933748519807435,5.591494196397599e-05,4.287739749163632e-05,0.00225402704696469,0.000401081356151606,6.608703870562245e-05,0.4477373210806427,0.008987326708131826,0.0012870638429233056,0.013857401141950828,1.8168237002754237e-05,5.282937219639576e-06,0.40221606429111384,,0.0007399440981238405,0.003349691381663825,0.0005141018833930049,0.0005905361836408793,1.357484820683294,0.21082682938456873,0.08407597751705492,0.23501177514874022,0.18117253656136978
/mnt/hum01-rds/Nikolaev_Dmitry/flos-code/model_selection_data/runs/he_she_odds_results__allenai_Olmo-3-1025-7B__9ed18bc1,he_she_odds_results__allenai_Olmo-3-1025-7B__9ed18bc1,/mnt/hum01-rds/Nikolaev_Dmitry/flos-code/modelling_data/he_she_odds_results__allenai_Olmo-3-1025-7B.csv,allenai_Olmo-3-1025-7B,selected_mixed_random_slopes__candidate__0__C_syntactic_role_C_dominance,/mnt/hum01-rds/Nikolaev_Dmitry/flos-code/model_selection_data/runs/he_she_odds_results__allenai_Olmo-3-1025-7B__9ed18bc1/models/selected_mixed_random_slopes__candidate__0__C_syntactic_role_C_dominance,random_slopes,log_he_she_odds ~ C(tense) + C(semantic_role) + C(syntactic_role) + C(valence) + C(dominance) + log_frequency + lex_emb_norm + C(tense):C(semantic_role) + C(tense):C(syntactic_role) + C(tense):C(valence) + C(tense):C(dominance) + C(tense):log_frequency + C(tense):lex_emb_norm + C(semantic_role):C(syntactic_role) + C(semantic_role):C(valence) + C(semantic_role):C(dominance) + C(semantic_role):log_frequency + C(semantic_role):lex_emb_norm + C(syntactic_role):C(valence) + C(syntactic_role):log_frequency + C(syntactic_role):lex_emb_norm + C(valence):C(dominance) + C(valence):log_frequency + C(valence):lex_emb_norm + C(dominance):log_frequency + C(dominance):lex_emb_norm + log_frequency:lex_emb_norm,1 + C(semantic_role) + C(syntactic_role) + C(valence) + C(dominance),profession,lbfgs,True,1,['ConvergenceWarning: The Hessian matrix at the estimated parameter values is not positive definite.'],True,16946.034204140597,17500.4447613939,-8401.017102070298,16320,0.1546144496140423,0.013748182551826126,0.9673423242881414,0.0,0.010925588020115342,0.008035241634062504,0.015029916981402389,0.011773720106287666,0.0004809315613000387,0.0022618043486865766,0.003018057870410677,0.0014400025455044026,0.001957056705436162,0.007193374851980808,5.591494196396117e-05,4.2877397491629946e-05,0.0022540270469647693,,6.608703870563404e-05,0.46046451949142375,0.0056079141867382476,0.0012870638427125436,0.013857401142829948,1.816823695217569e-05,5.282937235378988e-06,0.3820267632187609,0.003151210719740326,0.0007399440979524107,0.003349691381308214,0.0005141018836822401,0.000590536183813701,1.3616997265185273,0.2104000631256,0.08386860329308879,0.2345876676252247,0.18079178151563285
/mnt/hum01-rds/Nikolaev_Dmitry/flos-code/model_selection_data/runs/he_she_odds_results__allenai_Olmo-3-1025-7B__9ed18bc1,he_she_odds_results__allenai_Olmo-3-1025-7B__9ed18bc1,/mnt/hum01-rds/Nikolaev_Dmitry/flos-code/modelling_data/he_she_odds_results__allenai_Olmo-3-1025-7B.csv,allenai_Olmo-3-1025-7B,selected_mixed_random_slopes__candidate__0__C_tense_log_frequency,/mnt/hum01-rds/Nikolaev_Dmitry/flos-code/model_selection_data/runs/he_she_odds_results__allenai_Olmo-3-1025-7B__9ed18bc1/models/selected_mixed_random_slopes__candidate__0__C_tense_log_frequency,random_slopes,log_he_she_odds ~ C(tense) + C(semantic_role) + C(syntactic_role) + C(valence) + C(dominance) + log_frequency + lex_emb_norm + C(tense):C(semantic_role) + C(tense):C(syntactic_role) + C(tense):C(valence) + C(tense):C(dominance) + C(tense):lex_emb_norm + C(semantic_role):C(syntactic_role) + C(semantic_role):C(valence) + C(semantic_role):C(dominance) + C(semantic_role):log_frequency + C(semantic_role):lex_emb_norm + C(syntactic_role):C(valence) + C(syntactic_role):C(dominance) + C(syntactic_role):log_frequency + C(syntactic_role):lex_emb_norm + C(valence):C(dominance) + C(valence):log_frequency + C(valence):lex_emb_norm + C(dominance):log_frequency + C(dominance):lex_emb_norm + log_frequency:lex_emb_norm,1 + C(semantic_role) + C(syntactic_role) + C(valence) + C(dominance),profession,lbfgs,False,4,"['ConvergenceWarning: Maximum Likelihood optimization failed to converge. Check mle_retvals', 'ConvergenceWarning: MixedLM optimization failed, trying a different optimizer may help.', 'ConvergenceWarning: Gradient optimization failed, |grad| = 55.801915', 'ConvergenceWarning: The Hessian matrix at the estimated parameter values is not positive definite.']",True,16951.888617201068,17475.4985879403,-8407.944308600534,16320,0.15474026518977704,0.013687514941068207,0.9673528938517136,1.2326706957004595e-32,0.007217957518399997,0.008035241633709066,0.017998681486084914,0.011773720105445988,0.0011217646210533872,0.0022618043486864843,0.003018057870410682,0.0014400025455044833,0.001957056705436112,0.007193374851980797,5.591494196396961e-05,4.287739749163591e-05,0.0022540270469647372,0.00040108135615161527,6.608703870562721e-05,0.49428195778855166,,0.0012870638424817803,0.013857401143558398,1.8168236898948035e-05,5.282937252120182e-06,0.36321704796215265,0.006231583869174973,0.0007399440979726594,0.003349691381338274,0.0005141018836384825,0.0005905361837874543,1.3529261430139887,0.21129093330529825,0.08430162522900984,0.23547297705869136,0.18158663232997121
/mnt/hum01-rds/Nikolaev_Dmitry/flos-code/model_selection_data/runs/he_she_odds_results__allenai_Olmo-3-1025-7B__9ed18bc1,he_she_odds_results__allenai_Olmo-3-1025-7B__9ed18bc1,/mnt/hum01-rds/Nikolaev_Dmitry/flos-code/modelling_data/he_she_odds_results__allenai_Olmo-3-1025-7B.csv,allenai_Olmo-3-1025-7B,selected_mixed_random_slopes__candidate__0__C_tense_C_valence,/mnt/hum01-rds/Nikolaev_Dmitry/flos-code/model_selection_data/runs/he_she_odds_results__allenai_Olmo-3-1025-7B__9ed18bc1/models/selected_mixed_random_slopes__candidate__0__C_tense_C_valence,random_slopes,log_he_she_odds ~ C(tense) + C(semantic_role) + C(syntactic_role) + C(valence) + C(dominance) + log_frequency + lex_emb_norm + C(tense):C(semantic_role) + C(tense):C(syntactic_role) + C(tense):C(dominance) + C(tense):log_frequency + C(tense):lex_emb_norm + C(semantic_role):C(syntactic_role) + C(semantic_role):C(valence) + C(semantic_role):C(dominance) + C(semantic_role):log_frequency + C(semantic_role):lex_emb_norm + C(syntactic_role):C(valence) + C(syntactic_role):C(dominance) + C(syntactic_role):log_frequency + C(syntactic_role):lex_emb_norm + C(valence):C(dominance) + C(valence):log_frequency + C(valence):lex_emb_norm + C(dominance):log_frequency + C(dominance):lex_emb_norm + log_frequency:lex_emb_norm,1 + C(semantic_role) + C(syntactic_role) + C(valence) + C(dominance),profession,lbfgs,False,4,"['ConvergenceWarning: Maximum Likelihood optimization failed to converge. Check mle_retvals', 'ConvergenceWarning: MixedLM optimization failed, trying a different optimizer may help.', 'ConvergenceWarning: Gradient optimization failed, |grad| = 55.760011', 'ConvergenceWarning: The Hessian matrix at the estimated parameter values is not positive definite.']",True,16971.76341113486,17495.37338187409,-8417.88170556743,16320,0.15492094283096994,0.01360084959145384,0.9673681317641151,0.0,0.011603644541019031,0.008035241634234684,0.017998681485286175,0.01742776671325807,0.0011217646212618876,0.00226180434868651,0.003018057870410674,,0.001957056705436084,0.007193374851980788,5.591494196396799e-05,4.28773974916362e-05,0.0022540270469647524,0.00040108135615161153,6.608703870562659e-05,0.45408557047356346,0.0056079141867393465,0.0012870638427323535,0.013857401142755868,1.8168236955211203e-05,5.2829372351771005e-06,0.374899346322359,0.0031512107197403452,0.0007399440979189213,0.0033496913812047454,0.0005141018837419517,0.0005905361838454264,1.3404493510635176,0.212574794722345,0.08492654399345664,0.2367487530306038,0.18273230935687715
/mnt/hum01-rds/Nikolaev_Dmitry/flos-code/model_selection_data/runs/he_she_odds_results__allenai_Olmo-3-1025-7B__9ed18bc1,he_she_odds_results__allenai_Olmo-3-1025-7B__9ed18bc1,/mnt/hum01-rds/Nikolaev_Dmitry/flos-code/modelling_data/he_she_odds_results__allenai_Olmo-3-1025-7B.csv,allenai_Olmo-3-1025-7B,selected_mixed_random_slopes__candidate__0__C_tense_C_dominance,/mnt/hum01-rds/Nikolaev_Dmitry/flos-code/model_selection_data/runs/he_she_odds_results__allenai_Olmo-3-1025-7B__9ed18bc1/models/selected_mixed_random_slopes__candidate__0__C_tense_C_dominance,random_slopes,log_he_she_odds ~ C(tense) + C(semantic_role) + C(syntactic_role) + C(valence) + C(dominance) + log_frequency + lex_emb_norm + C(tense):C(semantic_role) + C(tense):C(syntactic_role) + C(tense):C(valence) + C(tense):log_frequency + C(tense):lex_emb_norm + C(semantic_role):C(syntactic_role) + C(semantic_role):C(valence) + C(semantic_role):C(dominance) + C(semantic_role):log_frequency + C(semantic_role):lex_emb_norm + C(syntactic_role):C(valence) + C(syntactic_role):C(dominance) + C(syntactic_role):log_frequency + C(syntactic_role):lex_emb_norm + C(valence):C(dominance) + C(valence):log_frequency + C(valence):lex_emb_norm + C(dominance):log_frequency + C(dominance):lex_emb_norm + log_frequency:lex_emb_norm,1 + C(semantic_role) + C(syntactic_role) + C(valence) + C(dominance),profession,lbfgs,True,1,['ConvergenceWarning: The Hessian matrix at the estimated parameter values is not positive definite.'],True,17002.03991179433,17525.649882533562,-8433.019955897165,16320,0.15519660965437992,0.013469645848375766,0.9673915152821296,3.081676739251149e-33,0.010353874908033198,0.008035241633890876,0.017998681486054168,0.011773720105678294,0.00011799828913978542,0.0022618043486865498,0.003018057870410671,0.001440002545504414,,0.007193374851980788,5.5914941963961564e-05,4.287739749162854e-05,0.002254027046964744,0.000401081356151622,6.608703870563553e-05,0.4484488278487669,0.005607914186738461,0.0012870638428708068,0.013857401142376968,1.8168236984160516e-05,5.282937225102717e-06,0.36861584527219865,0.003151210719739966,0.0007399440981162743,0.003349691381690407,0.0005141018833989419,0.0005905361836480748,1.3216873907871487,0.21454394455983586,0.08588702047331818,0.23870533903565622,0.18448995281996158
/mnt/hum01-rds/Nikolaev_Dmitry/flos-code/model_selection_data/runs/he_she_odds_results__allenai_Olmo-3-1025-7B__9ed18bc1,he_she_odds_results__allenai_Olmo-3-1025-7B__9ed18bc1,/mnt/hum01-rds/Nikolaev_Dmitry/flos-code/modelling_data/he_she_odds_results__allenai_Olmo-3-1025-7B.csv,allenai_Olmo-3-1025-7B,selected_mixed_random_slopes__candidate__0__C_syntactic_role_C_valence,/mnt/hum01-rds/Nikolaev_Dmitry/flos-code/model_selection_data/runs/he_she_odds_results__allenai_Olmo-3-1025-7B__9ed18bc1/models/selected_mixed_random_slopes__candidate__0__C_syntactic_role_C_valence,random_slopes,log_he_she_odds ~ C(tense) + C(semantic_role) + C(syntactic_role) + C(valence) + C(dominance) + log_frequency + lex_emb_norm + C(tense):C(semantic_role) + C(tense):C(syntactic_role) + C(tense):C(valence) + C(tense):C(dominance) + C(tense):log_frequency + C(tense):lex_emb_norm + C(semantic_role):C(syntactic_role) + C(semantic_role):C(valence) + C(semantic_role):C(dominance) + C(semantic_role):log_frequency + C(semantic_role):lex_emb_norm + C(syntactic_role):C(dominance) + C(syntactic_role):log_frequency + C(syntactic_role):lex_emb_norm + C(valence):C(dominance) + C(valence):log_frequency + C(valence):lex_emb_norm + C(dominance):log_frequency + C(dominance):lex_emb_norm + log_frequency:lex_emb_norm,1 + C(semantic_role) + C(syntactic_role) + C(valence) + C(dominance),profession,lbfgs,True,1,['ConvergenceWarning: The Hessian matrix at the estimated parameter values is not positive definite.'],True,17013.172903120576,17567.58346037388,-8434.586451560288,16320,0.15522516509232842,0.013456124967442583,0.9673939467520456,0.0,0.010925588020115017,0.008035241633870628,0.011395250792507751,0.006576585499876154,0.0011217646211167437,0.0022618043486865983,0.0030180578704106682,0.001440002545504375,0.001957056705436172,0.0071933748519808485,5.591494196396391e-05,4.287739749163146e-05,,0.00040108135615161896,6.60870387056311e-05,0.4478703028984459,0.005607914186738382,0.001287063842800196,0.013857401142509577,1.8168236969415962e-05,5.282937229677381e-06,0.36797172768730535,0.0031512107197401843,0.0007399440980674044,0.003349691381568309,0.0005141018834855813,0.00059053618369486,1.3197626189912102,0.2147486364364812,0.08598699886656495,0.2389087137191563,0.18467268886053642
/mnt/hum01-rds/Nikolaev_Dmitry/flos-code/model_selection_data/runs/he_she_odds_results__allenai_Olmo-3-1025-7B__9ed18bc1,he_she_odds_results__allenai_Olmo-3-1025-7B__9ed18bc1,/mnt/hum01-rds/Nikolaev_Dmitry/flos-code/modelling_data/he_she_odds_results__allenai_Olmo-3-1025-7B.csv,allenai_Olmo-3-1025-7B,selected_mixed_random_slopes__candidate__0__C_tense_C_semantic_role,/mnt/hum01-rds/Nikolaev_Dmitry/flos-code/model_selection_data/runs/he_she_odds_results__allenai_Olmo-3-1025-7B__9ed18bc1/models/selected_mixed_random_slopes__candidate__0__C_tense_C_semantic_role,random_slopes,log_he_she_odds ~ C(tense) + C(semantic_role) + C(syntactic_role) + C(valence) + C(dominance) + log_frequency + lex_emb_norm + C(tense):C(syntactic_role) + C(tense):C(valence) + C(tense):C(dominance) + C(tense):log_frequency + C(tense):lex_emb_norm + C(semantic_role):C(syntactic_role) + C(semantic_role):C(valence) + C(semantic_role):C(dominance) + C(semantic_role):log_frequency + C(semantic_role):lex_emb_norm + C(syntactic_role):C(valence) + C(syntactic_role):C(dominance) + C(syntactic_role):log_frequency + C(syntactic_role):lex_emb_norm + C(valence):C(dominance) + C(valence):log_frequency + C(valence):lex_emb_norm + C(dominance):log_frequency + C(dominance):lex_emb_norm + log_frequency:lex_emb_norm,1 + C(semantic_role) + C(syntactic_role) + C(valence) + C(dominance),profession,lbfgs,True,1,['ConvergenceWarning: The Hessian matrix at the estimated parameter values is not positive definite.'],True,17035.64217249924,17559.25214323847,-8449.82108624962,16320,0.1555031652563156,0.013325172767187034,0.9674177084851898,3.081676739251149e-33,0.015064781900520505,0.005716031886563427,0.01799868148517556,0.011773720106757375,0.0011217646212772965,,0.003018057870410674,0.001440002545504397,0.001957056705436128,0.007193374851980773,5.591494196396811e-05,4.287739749163599e-05,0.002254027046964723,0.0004010813561516087,6.608703870562523e-05,0.4422900237674657,0.005607914186739607,0.0012870638430334677,0.013857401141657082,1.8168237026746398e-05,5.282937213412313e-06,0.3617663855213672,0.003151210719740133,0.0007399440981567853,0.003349691381738428,0.000514101883342509,0.0005905361836070941,1.3012051244164589,0.21674843047769857,0.08696511525535561,0.24089552943845147,0.18645827495126094
/mnt/hum01-rds/Nikolaev_Dmitry/flos-code/model_selection_data/runs/he_she_odds_results__allenai_Olmo-3-1025-7B__9ed18bc1,he_she_odds_results__allenai_Olmo-3-1025-7B__9ed18bc1,/mnt/hum01-rds/Nikolaev_Dmitry/flos-code/modelling_data/he_she_odds_results__allenai_Olmo-3-1025-7B.csv,allenai_Olmo-3-1025-7B,selected_mixed_random_slopes__candidate__0__C_tense_C_syntactic_role,/mnt/hum01-rds/Nikolaev_Dmitry/flos-code/model_selection_data/runs/he_she_odds_results__allenai_Olmo-3-1025-7B__9ed18bc1/models/selected_mixed_random_slopes__candidate__0__C_tense_C_syntactic_role,random_slopes,log_he_she_odds ~ C(tense) + C(semantic_role) + C(syntactic_role) + C(valence) + C(dominance) + log_frequency + lex_emb_norm + C(tense):C(semantic_role) + C(tense):C(valence) + C(tense):C(dominance) + C(tense):log_frequency + C(tense):lex_emb_norm + C(semantic_role):C(syntactic_role) + C(semantic_role):C(valence) + C(semantic_role):C(dominance) + C(semantic_role):log_frequency + C(semantic_role):lex_emb_norm + C(syntactic_role):C(valence) + C(syntactic_role):C(dominance) + C(syntactic_role):log_frequency + C(syntactic_role):lex_emb_norm + C(valence):C(dominance) + C(valence):log_frequency + C(valence):lex_emb_norm + C(dominance):log_frequency + C(dominance):lex_emb_norm + log_frequency:lex_emb_norm,1 + C(semantic_role) + C(syntactic_role) + C(valence) + C(dominance),profession,lbfgs,True,1,['ConvergenceWarning: The Hessian matrix at the estimated parameter values is not positive definite.'],True,17084.987189405365,17608.597160144596,-8474.493594702682,16320,0.15595450406499045,0.013115155735698169,0.9674566326041565,0.0,0.011229714068462345,0.008035241634051423,0.019753835771476567,0.01177372010624906,0.0011217646212017566,0.0022618043486865086,,0.001440002545504446,0.0019570567054361734,0.00719337485198078,5.5914941963971444e-05,4.287739749163586e-05,0.0022540270469647355,0.0004010813561516097,6.608703870562401e-05,0.43342727776065076,0.005607914186739012,0.0012870638430093806,0.01385740114171069,1.8168237023562256e-05,5.282937213317731e-06,0.351939779608294,0.0031512107197402273,0.0007399440981935376,0.003349691381855695,0.0005141018832731226,0.0005905361835631873,1.2717629906720966,0.22002238009145916,0.08857165671791158,0.24414780849748716,0.1893826797930678
/mnt/hum01-rds/Nikolaev_Dmitry/flos-code/model_selection_data/runs/he_she_odds_results__allenai_Olmo-3-1025-7B__9ed18bc1,he_she_odds_results__allenai_Olmo-3-1025-7B__9ed18bc1,/mnt/hum01-rds/Nikolaev_Dmitry/flos-code/modelling_data/he_she_odds_results__allenai_Olmo-3-1025-7B.csv,allenai_Olmo-3-1025-7B,selected_mixed_random_slopes__candidate__0__C_semantic_role_C_syntactic_role,/mnt/hum01-rds/Nikolaev_Dmitry/flos-code/model_selection_data/runs/he_she_odds_results__allenai_Olmo-3-1025-7B__9ed18bc1/models/selected_mixed_random_slopes__candidate__0__C_semantic_role_C_syntactic_role,random_slopes,log_he_she_odds ~ C(tense) + C(semantic_role) + C(syntactic_role) + C(valence) + C(dominance) + log_frequency + lex_emb_norm + C(tense):C(semantic_role) + C(tense):C(syntactic_role) + C(tense):C(valence) + C(tense):C(dominance) + C(tense):log_frequency + C(tense):lex_emb_norm + C(semantic_role):C(valence) + C(semantic_role):C(dominance) + C(semantic_role):log_frequency + C(semantic_role):lex_emb_norm + C(syntactic_role):C(valence) + C(syntactic_role):C(dominance) + C(syntactic_role):log_frequency + C(syntactic_role):lex_emb_norm + C(valence):C(dominance) + C(valence):log_frequency + C(valence):lex_emb_norm + C(dominance):log_frequency + C(dominance):lex_emb_norm + log_frequency:lex_emb_norm,1 + C(semantic_role) + C(syntactic_role) + C(valence) + C(dominance),profession,lbfgs,False,4,"['ConvergenceWarning: Maximum Likelihood optimization failed to converge. Check mle_retvals', 'ConvergenceWarning: MixedLM optimization failed, trying a different optimizer may help.', 'ConvergenceWarning: Gradient optimization failed, |grad| = 55.303961', 'ConvergenceWarning: The Hessian matrix at the estimated parameter values is not positive definite.']",True,17190.92088120131,17745.331438454614,-8523.460440600655,16320,0.15685436649775175,0.012705686631345352,0.9675355006764624,3.081676739251149e-33,0.01092558802011547,0.00165423264230952,0.007257662260479292,0.011773720105976188,0.001121764621167308,0.0022618043486865584,0.0030180578704106613,0.0014400025455044618,0.001957056705436151,,5.5914941963964776e-05,4.287739749162977e-05,0.0022540270469647416,0.00040108135615162736,6.608703870563373e-05,0.4164568710178838,0.0056079141867393266,0.0012870638429176547,0.01385740114211763,1.816823699830413e-05,5.282937220518985e-06,0.3332263375748965,0.0031512107197401154,0.0007399440981617597,0.003349691381785911,0.0005141018833159853,0.00059053618359278,1.2154985165273833,0.22665134229334485,0.09184388938609528,0.25073133370833267,0.19530813952651277
/mnt/hum01-rds/Nikolaev_Dmitry/flos-code/model_selection_data/runs/he_she_odds_results__allenai_Olmo-3-1025-7B__9ed18bc1,he_she_odds_results__allenai_Olmo-3-1025-7B__9ed18bc1,/mnt/hum01-rds/Nikolaev_Dmitry/flos-code/modelling_data/he_she_odds_results__allenai_Olmo-3-1025-7B.csv,allenai_Olmo-3-1025-7B,selected_mixed_random_slopes__random_intercept_baseline,/mnt/hum01-rds/Nikolaev_Dmitry/flos-code/model_selection_data/runs/he_she_odds_results__allenai_Olmo-3-1025-7B__9ed18bc1/models/selected_mixed_random_slopes__random_intercept_baseline,random_intercept_baseline,log_he_she_odds ~ C(tense) + C(semantic_role) + C(syntactic_role) + C(valence) + C(dominance) + log_frequency + lex_emb_norm + C(tense):C(semantic_role) + C(tense):C(syntactic_role) + C(tense):C(valence) + C(tense):C(dominance) + C(tense):log_frequency + C(tense):lex_emb_norm + C(semantic_role):C(syntactic_role) + C(semantic_role):C(valence) + C(semantic_role):C(dominance) + C(semantic_role):log_frequency + C(semantic_role):lex_emb_norm + C(syntactic_role):C(valence) + C(syntactic_role):C(dominance) + C(syntactic_role):log_frequency + C(syntactic_role):lex_emb_norm + C(valence):C(dominance) + C(valence):log_frequency + C(valence):lex_emb_norm + C(dominance):log_frequency + C(dominance):lex_emb_norm + log_frequency:lex_emb_norm,1,profession,lbfgs,True,0,[],False,17985.535578403476,18439.844229486043,-8933.767789201738,16320,0.17178830359485495,0.019181923732539907,0.9368994799577847,1.9722731131207353e-31,0.010925588020115487,0.008035241633912978,0.017998681485798872,0.011773720105902543,0.0011217646211405545,0.0022618043486865727,0.0030180578704106613,0.0014400025455043905,0.0019570567054362268,0.007193374851981006,5.591494196395072e-05,4.287739749161909e-05,0.0022540270469648266,0.00040108135615165777,6.608703870564524e-05,0.031757147509206204,0.005607914186739384,0.0012870638428995364,0.013857401142120791,1.8168236996159306e-05,5.2829372219207884e-06,1.252051537983257e-05,0.0031512107197399206,0.0007399440981658999,0.0033496913817857655,0.0005141018833213297,0.0005905361835944721,0.03887665854633443,,,,
/mnt/hum01-rds/Nikolaev_Dmitry/flos-code/model_selection_data/runs/he_she_odds_results__allenai_Olmo-3-1125-32B__a787c097,he_she_odds_results__allenai_Olmo-3-1125-32B__a787c097,/mnt/hum01-rds/Nikolaev_Dmitry/flos-code/modelling_data/he_she_odds_results__allenai_Olmo-3-1125-32B.csv,allenai_Olmo-3-1125-32B,selected_mixed_random_slopes__candidate__0__C_tense_lex_emb_norm,/mnt/hum01-rds/Nikolaev_Dmitry/flos-code/model_selection_data/runs/he_she_odds_results__allenai_Olmo-3-1125-32B__a787c097/models/selected_mixed_random_slopes__candidate__0__C_tense_lex_emb_norm,random_slopes,log_he_she_odds ~ C(tense) + C(semantic_role) + C(syntactic_role) + C(valence) + C(dominance) + log_frequency + lex_emb_norm + C(tense):C(semantic_role) + C(tense):C(syntactic_role) + C(tense):C(valence) + C(tense):C(dominance) + C(tense):log_frequency + C(semantic_role):C(syntactic_role) + C(semantic_role):C(valence) + C(semantic_role):C(dominance) + C(semantic_role):log_frequency + C(semantic_role):lex_emb_norm + C(syntactic_role):C(valence) + C(syntactic_role):C(dominance) + C(syntactic_role):log_frequency + C(syntactic_role):lex_emb_norm + C(valence):C(dominance) + C(valence):log_frequency + C(valence):lex_emb_norm + C(dominance):log_frequency + C(dominance):lex_emb_norm + log_frequency:lex_emb_norm,1 + C(semantic_role) + C(syntactic_role) + C(valence) + C(dominance),profession,lbfgs,True,1,['ConvergenceWarning: The MLE may be on the boundary of the parameter space.'],True,25182.33894164482,25705.94891238405,-12523.16947082241,16320,0.26320957171189285,0.05677849116405035,0.9133459260245679,4.930682782801838e-32,0.032970381473689386,0.0036082462045258397,0.06437497126471986,0.0028369395814223453,0.0003175006525899561,0.00037337010510744,0.003916637310936474,0.004397376079176456,0.007989686256400877,0.008245693797652944,0.0005894531938155242,9.53734594503177e-05,0.0024686627932140937,0.0025077105587766216,0.0001250140763934016,0.7317091152756966,0.005184204736724005,1.2113149836678e-06,0.0009063218439313524,0.00014660664928979033,2.797022300507676e-06,0.6365406523693935,,9.964547971713627e-05,3.4719313889723354e-05,0.00011239316517403021,0.0005593631710490934,2.5302851464117895,0.009546385288614111,0.05280991153098176,0.015209751832402847,0.0072467212547887615
/mnt/hum01-rds/Nikolaev_Dmitry/flos-code/model_selection_data/runs/he_she_odds_results__allenai_Olmo-3-1125-32B__a787c097,he_she_odds_results__allenai_Olmo-3-1125-32B__a787c097,/mnt/hum01-rds/Nikolaev_Dmitry/flos-code/modelling_data/he_she_odds_results__allenai_Olmo-3-1125-32B.csv,allenai_Olmo-3-1125-32B,selected_mixed_random_slopes__candidate__0__C_semantic_role_log_frequency,/mnt/hum01-rds/Nikolaev_Dmitry/flos-code/model_selection_data/runs/he_she_odds_results__allenai_Olmo-3-1125-32B__a787c097/models/selected_mixed_random_slopes__candidate__0__C_semantic_role_log_frequency,random_slopes,log_he_she_odds ~ C(tense) + C(semantic_role) + C(syntactic_role) + C(valence) + C(dominance) + log_frequency + lex_emb_norm + C(tense):C(semantic_role) + C(tense):C(syntactic_role) + C(tense):C(valence) + C(tense):C(dominance) + C(tense):log_frequency + C(tense):lex_emb_norm + C(semantic_role):C(syntactic_role) + C(semantic_role):C(valence) + C(semantic_role):C(dominance) + C(semantic_role):lex_emb_norm + C(syntactic_role):C(valence) + C(syntactic_role):C(dominance) + C(syntactic_role):log_frequency + C(syntactic_role):lex_emb_norm + C(valence):C(dominance) + C(valence):log_frequency + C(valence):lex_emb_norm + C(dominance):log_frequency + C(dominance):lex_emb_norm + log_frequency:lex_emb_norm,1 + C(semantic_role) + C(syntactic_role) + C(valence) + C(dominance),profession,lbfgs,True,1,['ConvergenceWarning: The MLE may be on the boundary of the parameter space.'],True,25188.390303326247,25742.80086057955,-12522.195151663123,16320,0.26317779921234347,0.05673916900023936,0.9133525149231597,4.930682782801838e-32,0.03392499810535648,0.0035606396645341937,0.06425452282213974,0.00281159927683363,0.0003157683502992215,0.0003733701051074365,0.0039166373109363216,0.004397376079176314,0.00798968625640076,0.008245693797652956,0.0005894531938155183,9.537345945031815e-05,0.0024686627932140716,0.0025077105587766164,0.00012501407639340205,0.751939744473924,0.00413210267642596,,0.0009463350627741603,0.00013106000357656446,3.265884689843047e-06,0.6139533050239422,0.0008673908393338915,8.67122640107614e-05,3.9597887543169866e-05,0.00010403195423089075,0.0005554880139272296,2.530279704926199,0.009546902354751648,0.05281054780694023,0.01521009136550579,0.007247005685077595
/mnt/hum01-rds/Nikolaev_Dmitry/flos-code/model_selection_data/runs/he_she_odds_results__allenai_Olmo-3-1125-32B__a787c097,he_she_odds_results__allenai_Olmo-3-1125-32B__a787c097,/mnt/hum01-rds/Nikolaev_Dmitry/flos-code/modelling_data/he_she_odds_results__allenai_Olmo-3-1125-32B.csv,allenai_Olmo-3-1125-32B,selected_mixed_random_slopes__candidate__0__C_dominance_log_frequency,/mnt/hum01-rds/Nikolaev_Dmitry/flos-code/model_selection_data/runs/he_she_odds_results__allenai_Olmo-3-1125-32B__a787c097/models/selected_mixed_random_slopes__candidate__0__C_dominance_log_frequency,random_slopes,log_he_she_odds ~ C(tense) + C(semantic_role) + C(syntactic_role) + C(valence) + C(dominance) + log_frequency + lex_emb_norm + C(tense):C(semantic_role) + C(tense):C(syntactic_role) + C(tense):C(valence) + C(tense):C(dominance) + C(tense):log_frequency + C(tense):lex_emb_norm + C(semantic_role):C(syntactic_role) + C(semantic_role):C(valence) + C(semantic_role):C(dominance) + C(semantic_role):log_frequency + C(semantic_role):lex_emb_norm + C(syntactic_role):C(valence) + C(syntactic_role):C(dominance) + C(syntactic_role):log_frequency + C(syntactic_role):lex_emb_norm + C(valence):C(dominance) + C(valence):log_frequency + C(valence):lex_emb_norm + C(dominance):lex_emb_norm + log_frequency:lex_emb_norm,1 + C(semantic_role) + C(syntactic_role) + C(valence) + C(dominance),profession,lbfgs,True,1,['ConvergenceWarning: The MLE may be on the boundary of the parameter space.'],True,25188.391434196616,25742.80199144992,-12522.195717098308,16320,0.26317780224079645,0.05683607268767925,0.913361159564585,1.2326706957004595e-32,0.033924998105355805,0.0036193055040583608,0.0645017126818525,0.002876044301844979,0.0003393959458832113,0.0003733701051074295,0.0039166373109364525,0.00439737607917625,0.007989686256400697,0.008245693797652881,0.0005894531938155113,9.537345945031563e-05,0.0024686627932140478,0.002507710558776645,0.0001250140763934044,0.7352152038105145,0.004132102676425982,1.8366543549613203e-06,0.000865190338925048,0.00017215629638015913,,0.6228938548328711,0.0008673908393340979,0.00010276572024923171,2.993644026619788e-05,0.0001258514558007051,0.0006085817265513428,2.5302824911440025,0.00954667980410756,0.05281041065818673,0.015210196186277893,0.007247477328185823
/mnt/hum01-rds/Nikolaev_Dmitry/flos-code/model_selection_data/runs/he_she_odds_results__allenai_Olmo-3-1125-32B__a787c097,he_she_odds_results__allenai_Olmo-3-1125-32B__a787c097,/mnt/hum01-rds/Nikolaev_Dmitry/flos-code/modelling_data/he_she_odds_results__allenai_Olmo-3-1125-32B.csv,allenai_Olmo-3-1125-32B,selected_mixed_random_slopes__candidate__0__C_syntactic_role_lex_emb_norm,/mnt/hum01-rds/Nikolaev_Dmitry/flos-code/model_selection_data/runs/he_she_odds_results__allenai_Olmo-3-1125-32B__a787c097/models/selected_mixed_random_slopes__candidate__0__C_syntactic_role_lex_emb_norm,random_slopes,log_he_she_odds ~ C(tense) + C(semantic_role) + C(syntactic_role) + C(valence) + C(dominance) + log_frequency + lex_emb_norm + C(tense):C(semantic_role) + C(tense):C(syntactic_role) + C(tense):C(valence) + C(tense):C(dominance) + C(tense):log_frequency + C(tense):lex_emb_norm + C(semantic_role):C(syntactic_role) + C(semantic_role):C(valence) + C(semantic_role):C(dominance) + C(semantic_role):log_frequency + C(semantic_role):lex_emb_norm + C(syntactic_role):C(valence) + C(syntactic_role):C(dominance) + C(syntactic_role):log_frequency + C(valence):C(dominance) + C(valence):log_frequency + C(valence):lex_emb_norm + C(dominance):log_frequency + C(dominance):lex_emb_norm + log_frequency:lex_emb_norm,1 + C(semantic_role) + C(syntactic_role) + C(valence) + C(dominance),profession,lbfgs,True,1,['ConvergenceWarning: The MLE may be on the boundary of the parameter space.'],True,25188.393121074158,25742.803678327462,-12522.196560537079,16320,0.2631777956508838,0.05646523037896154,0.9133283217720525,4.930682782801838e-32,0.03392499810535467,0.003571198837084219,0.06315022010475381,0.0027917079908916795,0.00031140108276570303,0.00037337010510742833,0.003916637310936489,0.004397376079176267,0.007989686256400548,0.00824569379765288,0.0005894531938155006,9.537345945030984e-05,0.002468662793214063,0.0025077105587766662,0.0001250140763934101,0.7333222798214469,0.004132102676426057,2.323386989400662e-06,0.0007172698445885471,0.0001610948854490677,2.06424606161181e-06,0.6339710239764738,0.0008673908393338138,0.00011520669796238279,,0.00013542814314945135,0.0005793038679129194,2.5302766128391125,0.009546818627041678,0.05281618094700946,0.015210181598970545,0.007247037651081442
/mnt/hum01-rds/Nikolaev_Dmitry/flos-code/model_selection_data/runs/he_she_odds_results__allenai_Olmo-3-1125-32B__a787c097,he_she_odds_results__allenai_Olmo-3-1125-32B__a787c097,/mnt/hum01-rds/Nikolaev_Dmitry/flos-code/modelling_data/he_she_odds_results__allenai_Olmo-3-1125-32B.csv,allenai_Olmo-3-1125-32B,selected_mixed_random_slopes__candidate__0__C_valence_lex_emb_norm,/mnt/hum01-rds/Nikolaev_Dmitry/flos-code/model_selection_data/runs/he_she_odds_results__allenai_Olmo-3-1125-32B__a787c097/models/selected_mixed_random_slopes__candidate__0__C_valence_lex_emb_norm,random_slopes,log_he_she_odds ~ C(tense) + C(semantic_role) + C(syntactic_role) + C(valence) + C(dominance) + log_frequency + lex_emb_norm + C(tense):C(semantic_role) + C(tense):C(syntactic_role) + C(tense):C(valence) + C(tense):C(dominance) + C(tense):log_frequency + C(tense):lex_emb_norm + C(semantic_role):C(syntactic_role) + C(semantic_role):C(valence) + C(semantic_role):C(dominance) + C(semantic_role):log_frequency + C(semantic_role):lex_emb_norm + C(syntactic_role):C(valence) + C(syntactic_role):C(dominance) + C(syntactic_role):log_frequency + C(syntactic_role):lex_emb_norm + C(valence):C(dominance) + C(valence):log_frequency + C(dominance):log_frequency + C(dominance):lex_emb_norm + log_frequency:lex_emb_norm,1 + C(semantic_role) + C(syntactic_role) + C(valence) + C(dominance),profession,lbfgs,True,1,['ConvergenceWarning: The MLE may be on the boundary of the parameter space.'],True,25188.424763239425,25742.83532049273,-12522.212381619713,16320,0.2631780074951269,0.058979577301695896,0.913606116318581,1.2326706957004595e-32,0.033924998105356714,0.0038232084732428735,0.06561025515599825,0.0033207928804199873,0.0003706047761792361,0.0003733701051074416,0.003916637310936463,0.004397376079176304,0.007989686256400707,0.008245693797652855,0.0005894531938155216,9.537345945031332e-05,0.002468662793214063,0.0025077105587766662,0.00012501407639340398,0.7884234319711774,0.0041321026764258645,1.731551841244822e-06,0.0011172423332298852,3.756218434866889e-05,1.3216920628308129e-05,0.5508445658700865,0.0008673908393340751,3.2464302684590696e-05,0.00013873979243705695,,0.00040683893553549393,2.52999193248146,0.009539076034944936,0.052776593178077785,0.015238819090823676,0.007253185898631126
/mnt/hum01-rds/Nikolaev_Dmitry/flos-code/model_selection_data/runs/he_she_odds_results__allenai_Olmo-3-1125-32B__a787c097,he_she_odds_results__allenai_Olmo-3-1125-32B__a787c097,/mnt/hum01-rds/Nikolaev_Dmitry/flos-code/modelling_data/he_she_odds_results__allenai_Olmo-3-1125-32B.csv,allenai_Olmo-3-1125-32B,selected_mixed_random_slopes__candidate__0__C_semantic_role_lex_emb_norm,/mnt/hum01-rds/Nikolaev_Dmitry/flos-code/model_selection_data/runs/he_she_odds_results__allenai_Olmo-3-1125-32B__a787c097/models/selected_mixed_random_slopes__candidate__0__C_semantic_role_lex_emb_norm,random_slopes,log_he_she_odds ~ C(tense) + C(semantic_role) + C(syntactic_role) + C(valence) + C(dominance) + log_frequency + lex_emb_norm + C(tense):C(semantic_role) + C(tense):C(syntactic_role) + C(tense):C(valence) + C(tense):C(dominance) + C(tense):log_frequency + C(tense):lex_emb_norm + C(semantic_role):C(syntactic_role) + C(semantic_role):C(valence) + C(semantic_role):C(dominance) + C(semantic_role):log_frequency + C(syntactic_role):C(valence) + C(syntactic_role):C(dominance) + C(syntactic_role):log_frequency + C(syntactic_role):lex_emb_norm + C(valence):C(dominance) + C(valence):log_frequency + C(valence):lex_emb_norm + C(dominance):log_frequency + C(dominance):lex_emb_norm + log_frequency:lex_emb_norm,1 + C(semantic_role) + C(syntactic_role) + C(valence) + C(dominance),profession,lbfgs,True,1,['ConvergenceWarning: The MLE may be on the boundary of the parameter space.'],True,25188.435702373623,25742.846259626927,-12522.217851186811,16320,0.2631779243231653,0.059064767031994724,0.9136067137728556,1.2326706957004595e-32,0.03392499810535465,0.004118710093877734,0.0656262518540005,0.0031054630209619767,0.0003356801108477395,0.00037337010510743695,0.003916637310936482,0.004397376079176395,0.007989686256400659,0.008245693797652952,0.000589453193815542,9.537345945032132e-05,0.002468662793214087,0.00250771055877662,0.00012501407639339365,0.7891144277095501,0.004132102676426243,2.0515782435481222e-05,0.0011201045162472062,7.624692664788066e-05,5.577850107832987e-06,0.5501429329299705,0.0008673908393342287,,0.00014053271100900237,2.130266007363928e-05,0.0005030454484562384,2.530394166393544,0.009561437825751976,0.05281057444881044,0.01521597951439947,0.007247129353604752
/mnt/hum01-rds/Nikolaev_Dmitry/flos-code/model_selection_data/runs/he_she_odds_results__allenai_Olmo-3-1125-32B__a787c097,he_she_odds_results__allenai_Olmo-3-1125-32B__a787c097,/mnt/hum01-rds/Nikolaev_Dmitry/flos-code/modelling_data/he_she_odds_results__allenai_Olmo-3-1125-32B.csv,allenai_Olmo-3-1125-32B,selected_mixed_random_slopes__candidate__0__C_valence_log_frequency,/mnt/hum01-rds/Nikolaev_Dmitry/flos-code/model_selection_data/runs/he_she_odds_results__allenai_Olmo-3-1125-32B__a787c097/models/selected_mixed_random_slopes__candidate__0__C_valence_log_frequency,random_slopes,log_he_she_odds ~ C(tense) + C(semantic_role) + C(syntactic_role) + C(valence) + C(dominance) + log_frequency + lex_emb_norm + C(tense):C(semantic_role) + C(tense):C(syntactic_role) + C(tense):C(valence) + C(tense):C(dominance) + C(tense):log_frequency + C(tense):lex_emb_norm + C(semantic_role):C(syntactic_role) + C(semantic_role):C(valence) + C(semantic_role):C(dominance) + C(semantic_role):log_frequency + C(semantic_role):lex_emb_norm + C(syntactic_role):C(valence) + C(syntactic_role):C(dominance) + C(syntactic_role):log_frequency + C(syntactic_role):lex_emb_norm + C(valence):C(dominance) + C(valence):lex_emb_norm + C(dominance):log_frequency + C(dominance):lex_emb_norm + log_frequency:lex_emb_norm,1 + C(semantic_role) + C(syntactic_role) + C(valence) + C(dominance),profession,lbfgs,True,1,['ConvergenceWarning: The MLE may be on the boundary of the parameter space.'],True,25188.439044505445,25742.84960175875,-12522.219522252723,16320,0.26317820238223605,0.05679809818091852,0.9134206736147095,1.1094036261304136e-31,0.033924998105354646,0.00339900199100318,0.06314783751618078,0.002390129630787807,0.0002683798933518307,0.00037337010510742145,0.003916637310936387,0.004397376079176281,0.007989686256400815,0.008245693797652928,0.0005894531938155287,9.537345945032263e-05,0.0024686627932140825,0.0025077105587766233,0.0001250140763933967,0.8368381188665271,0.00413210267642596,1.4385587873797812e-05,0.0013565717302968844,,3.1902914146403845e-05,0.5713951113184875,0.0008673908393339148,4.902696675713654e-05,9.978133157159639e-05,1.0414442578890166e-05,0.0004506868485586411,2.531278689627112,0.0095412783514089,0.05278447436634081,0.015244532374203736,0.007252013590895617
/mnt/hum01-rds/Nikolaev_Dmitry/flos-code/model_selection_data/runs/he_she_odds_results__allenai_Olmo-3-1125-32B__a787c097,he_she_odds_results__allenai_Olmo-3-1125-32B__a787c097,/mnt/hum01-rds/Nikolaev_Dmitry/flos-code/modelling_data/he_she_odds_results__allenai_Olmo-3-1125-32B.csv,allenai_Olmo-3-1125-32B,selected_mixed_random_slopes__candidate__0__C_syntactic_role_log_frequency,/mnt/hum01-rds/Nikolaev_Dmitry/flos-code/model_selection_data/runs/he_she_odds_results__allenai_Olmo-3-1125-32B__a787c097/models/selected_mixed_random_slopes__candidate__0__C_syntactic_role_log_frequency,random_slopes,log_he_she_odds ~ C(tense) + C(semantic_role) + C(syntactic_role) + C(valence) + C(dominance) + log_frequency + lex_emb_norm + C(tense):C(semantic_role) + C(tense):C(syntactic_role) + C(tense):C(valence) + C(tense):C(dominance) + C(tense):log_frequency + C(tense):lex_emb_norm + C(semantic_role):C(syntactic_role) + C(semantic_role):C(valence) + C(semantic_role):C(dominance) + C(semantic_role):log_frequency + C(semantic_role):lex_emb_norm + C(syntactic_role):C(valence) + C(syntactic_role):C(dominance) + C(syntactic_role):lex_emb_norm + C(valence):C(dominance) + C(valence):log_frequency + C(valence):lex_emb_norm + C(dominance):log_frequency + C(dominance):lex_emb_norm + log_frequency:lex_emb_norm,1 + C(semantic_role) + C(syntactic_role) + C(valence) + C(dominance),profession,lbfgs,True,1,['ConvergenceWarning: The MLE may be on the boundary of the parameter space.'],True,25188.48603139419,25742.896588647494,-12522.243015697095,16320,0.26317774516798254,0.057637745926146434,0.9134770458306591,4.930682782801838e-32,0.03392499810535502,0.003776729381118148,0.07001184907492601,0.003044239103090819,0.00034558218328219014,0.00037337010510743516,0.0039166373109366945,0.00439737607917639,0.007989686256400492,0.008245693797652876,0.0005894531938155136,9.537345945031301e-05,0.002468662793214049,0.00250771055877666,0.0001250140763934074,0.6572558231923538,0.0041321026764259555,2.4388931300908723e-05,,0.00030276391799523213,2.1407011822995252e-07,0.6668549346883493,0.000867390839334245,0.0001517758086475842,0.00015483262874851263,0.0001911205982819509,0.0006225644583242967,2.5302297779244673,0.009549732123658809,0.0529688879383399,0.015214819074576467,0.0072479880560246835
/mnt/hum01-rds/Nikolaev_Dmitry/flos-code/model_selection_data/runs/he_she_odds_results__allenai_Olmo-3-1125-32B__a787c097,he_she_odds_results__allenai_Olmo-3-1125-32B__a787c097,/mnt/hum01-rds/Nikolaev_Dmitry/flos-code/modelling_data/he_she_odds_results__allenai_Olmo-3-1125-32B.csv,allenai_Olmo-3-1125-32B,selected_mixed_random_slopes__candidate__0__C_dominance_lex_emb_norm,/mnt/hum01-rds/Nikolaev_Dmitry/flos-code/model_selection_data/runs/he_she_odds_results__allenai_Olmo-3-1125-32B__a787c097/models/selected_mixed_random_slopes__candidate__0__C_dominance_lex_emb_norm,random_slopes,log_he_she_odds ~ C(tense) + C(semantic_role) + C(syntactic_role) + C(valence) + C(dominance) + log_frequency + lex_emb_norm + C(tense):C(semantic_role) + C(tense):C(syntactic_role) + C(tense):C(valence) + C(tense):C(dominance) + C(tense):log_frequency + C(tense):lex_emb_norm + C(semantic_role):C(syntactic_role) + C(semantic_role):C(valence) + C(semantic_role):C(dominance) + C(semantic_role):log_frequency + C(semantic_role):lex_emb_norm + C(syntactic_role):C(valence) + C(syntactic_role):C(dominance) + C(syntactic_role):log_frequency + C(syntactic_role):lex_emb_norm + C(valence):C(dominance) + C(valence):log_frequency + C(valence):lex_emb_norm + C(dominance):log_frequency + log_frequency:lex_emb_norm,1 + C(semantic_role) + C(syntactic_role) + C(valence) + C(dominance),profession,lbfgs,True,1,['ConvergenceWarning: The MLE may be on the boundary of the parameter space.'],True,25188.709539053874,25743.12009630718,-12522.354769526937,16320,0.263178234645483,0.05971902762923597,0.9136945358423455,1.2326706957004595e-32,0.03392499810535668,0.0037884355040488315,0.06643303762446812,0.0034995973691155785,0.0007591551314679796,0.0003733701051074476,0.003916637310936466,0.00439737607917635,0.007989686256400872,0.008245693797652914,0.0005894531938155069,9.537345945032008e-05,0.0024686627932140443,0.0025077105587766086,0.00012501407639340436,0.8070454126841019,0.004132102676425789,8.643061794110261e-07,0.0012687274900754736,1.62466268833467e-05,0.00022534835831370032,0.5249478595776541,0.0008673908393341328,4.073629441019389e-05,0.00024551366757747463,1.3838328447046115e-05,,2.530267951584487,0.009544846856799483,0.05281151714740722,0.01524421059504304,0.0073361114928808145
/mnt/hum01-rds/Nikolaev_Dmitry/flos-code/model_selection_data/runs/he_she_odds_results__allenai_Olmo-3-1125-32B__a787c097,he_she_odds_results__allenai_Olmo-3-1125-32B__a787c097,/mnt/hum01-rds/Nikolaev_Dmitry/flos-code/modelling_data/he_she_odds_results__allenai_Olmo-3-1125-32B.csv,allenai_Olmo-3-1125-32B,selected_mixed_random_slopes__candidate__0__log_frequency_lex_emb_norm,/mnt/hum01-rds/Nikolaev_Dmitry/flos-code/model_selection_data/runs/he_she_odds_results__allenai_Olmo-3-1125-32B__a787c097/models/selected_mixed_random_slopes__candidate__0__log_frequency_lex_emb_norm,random_slopes,log_he_she_odds ~ C(tense) + C(semantic_role) + C(syntactic_role) + C(valence) + C(dominance) + log_frequency + lex_emb_norm + C(tense):C(semantic_role) + C(tense):C(syntactic_role) + C(tense):C(valence) + C(tense):C(dominance) + C(tense):log_frequency + C(tense):lex_emb_norm + C(semantic_role):C(syntactic_role) + C(semantic_role):C(valence) + C(semantic_role):C(dominance) + C(semantic_role):log_frequency + C(semantic_role):lex_emb_norm + C(syntactic_role):C(valence) + C(syntactic_role):C(dominance) + C(syntactic_role):log_frequency + C(syntactic_role):lex_emb_norm + C(valence):C(dominance) + C(valence):log_frequency + C(valence):lex_emb_norm + C(dominance):log_frequency + C(dominance):lex_emb_norm,1 + C(semantic_role) + C(syntactic_role) + C(valence) + C(dominance),profession,lbfgs,True,1,['ConvergenceWarning: The MLE may be on the boundary of the parameter space.'],True,25189.121859995706,25743.53241724901,-12522.560929997853,16320,0.2631785025565935,0.04964515168915268,0.9131432286175933,1.9722731131207353e-31,0.03392499810535368,0.0036082462045400714,0.06437497126482528,0.0028369395814377804,0.0003175006525913854,0.000373370105107428,0.0039166373109364725,0.0043973760791763674,0.00798968625640062,0.008245693797652907,0.0005894531938154888,9.537345945031076e-05,0.0024686627932140473,0.00250771055877666,0.00012501407639340907,0.00043870780310028445,0.004132102676426167,1.2113149853083575e-06,0.0009063218438675829,0.00014660664931402944,2.7970222994787495e-06,0.011856590473014473,0.000867390839334099,9.964547973556449e-05,3.47193138749496e-05,0.00011239316520051752,0.0005593631710672135,,0.009541394125679446,0.05280478338862643,0.01521012058273874,0.00724284855257767
/mnt/hum01-rds/Nikolaev_Dmitry/flos-code/model_selection_data/runs/he_she_odds_results__allenai_Olmo-3-1125-32B__a787c097,he_she_odds_results__allenai_Olmo-3-1125-32B__a787c097,/mnt/hum01-rds/Nikolaev_Dmitry/flos-code/modelling_data/he_she_odds_results__allenai_Olmo-3-1125-32B.csv,allenai_Olmo-3-1125-32B,selected_mixed_random_slopes__candidate__0__C_semantic_role_C_dominance,/mnt/hum01-rds/Nikolaev_Dmitry/flos-code/model_selection_data/runs/he_she_odds_results__allenai_Olmo-3-1125-32B__a787c097/models/selected_mixed_random_slopes__candidate__0__C_semantic_role_C_dominance,random_slopes,log_he_she_odds ~ C(tense) + C(semantic_role) + C(syntactic_role) + C(valence) + C(dominance) + log_frequency + lex_emb_norm + C(tense):C(semantic_role) + C(tense):C(syntactic_role) + C(tense):C(valence) + C(tense):C(dominance) + C(tense):log_frequency + C(tense):lex_emb_norm + C(semantic_role):C(syntactic_role) + C(semantic_role):C(valence) + C(semantic_role):log_frequency + C(semantic_role):lex_emb_norm + C(syntactic_role):C(valence) + C(syntactic_role):C(dominance) + C(syntactic_role):log_frequency + C(syntactic_role):lex_emb_norm + C(valence):C(dominance) + C(valence):log_frequency + C(valence):lex_emb_norm + C(dominance):log_frequency + C(dominance):lex_emb_norm + log_frequency:lex_emb_norm,1 + C(semantic_role) + C(syntactic_role) + C(valence) + C(dominance),profession,lbfgs,True,1,['ConvergenceWarning: The MLE may be on the boundary of the parameter space.'],True,25190.360871150508,25744.771428403812,-12523.180435575254,16320,0.2632099292003629,0.056778375898849716,0.913345806869301,4.930682782801838e-32,0.03392499810535652,0.00296265915416626,0.06437497126563263,0.0028369395815937325,0.0005502267392297342,0.00037337010510743955,0.0039166373109365115,0.004397376079176369,0.007989686256400796,0.00824569379765289,0.0005894531938155002,,0.0024686627932140395,0.002507710558776638,0.00012501407639340495,0.7430524434563472,0.00413210267642593,1.211314985313707e-06,0.0009063218438668364,0.00014660664931420277,2.7970222994575936e-06,0.6186854516515309,0.0008673908393339987,9.964547970388589e-05,3.471931390197152e-05,0.0001123931651549234,0.0005593631710357252,2.530285223493292,0.009546381655844264,0.052809904357942236,0.015209748887292797,0.0072467180620452406
/mnt/hum01-rds/Nikolaev_Dmitry/flos-code/model_selection_data/runs/he_she_odds_results__allenai_Olmo-3-1125-32B__a787c097,he_she_odds_results__allenai_Olmo-3-1125-32B__a787c097,/mnt/hum01-rds/Nikolaev_Dmitry/flos-code/modelling_data/he_she_odds_results__allenai_Olmo-3-1125-32B.csv,allenai_Olmo-3-1125-32B,selected_mixed_random_slopes,/mnt/hum01-rds/Nikolaev_Dmitry/flos-code/model_selection_data/runs/he_she_odds_results__allenai_Olmo-3-1125-32B__a787c097/models/selected_mixed_random_slopes,random_slopes,log_he_she_odds ~ C(tense) + C(semantic_role) + C(syntactic_role) + C(valence) + C(dominance) + log_frequency + lex_emb_norm + C(tense):C(semantic_role) + C(tense):C(syntactic_role) + C(tense):C(valence) + C(tense):C(dominance) + C(tense):log_frequency + C(tense):lex_emb_norm + C(semantic_role):C(syntactic_role) + C(semantic_role):C(valence) + C(semantic_role):C(dominance) + C(semantic_role):log_frequency + C(semantic_role):lex_emb_norm + C(syntactic_role):C(valence) + C(syntactic_role):C(dominance) + C(syntactic_role):log_frequency + C(syntactic_role):lex_emb_norm + C(valence):C(dominance) + C(valence):log_frequency + C(valence):lex_emb_norm + C(dominance):log_frequency + C(dominance):lex_emb_norm + log_frequency:lex_emb_norm,1 + C(semantic_role) + C(syntactic_role) + C(valence) + C(dominance),profession,lbfgs,True,1,['ConvergenceWarning: The MLE may be on the boundary of the parameter space.'],True,25190.389699040184,25752.500402922007,-12522.194849520092,16320,0.26317779778113565,0.05678873992090182,0.9133565106964492,1.2326706957004595e-32,0.033924998105355514,0.0036082462045214122,0.06437497126468,0.0028369395814157672,0.00031750065258952514,0.0003733701051074416,0.003916637310936431,0.0043973760791764125,0.007989686256400735,0.008245693797652961,0.0005894531938155118,9.537345945031592e-05,0.0024686627932140716,0.0025077105587766398,0.00012501407639340954,0.7430503447424353,0.004132102676426193,1.2113149864598138e-06,0.0009063218438240661,0.0001466066493310529,2.7970222987483954e-06,0.6186835095368299,0.0008673908393341067,9.964547974570592e-05,3.471931386563736e-05,0.00011239316521504026,0.0005593631710770773,2.530278246398212,0.009546705801063307,0.05281054008863956,0.01521001475338371,0.007247006074167724
/mnt/hum01-rds/Nikolaev_Dmitry/flos-code/model_selection_data/runs/he_she_odds_results__allenai_Olmo-3-1125-32B__a787c097,he_she_odds_results__allenai_Olmo-3-1125-32B__a787c097,/mnt/hum01-rds/Nikolaev_Dmitry/flos-code/modelling_data/he_she_odds_results__allenai_Olmo-3-1125-32B.csv,allenai_Olmo-3-1125-32B,selected_mixed_random_slopes__full,/mnt/hum01-rds/Nikolaev_Dmitry/flos-code/model_selection_data/runs/he_she_odds_results__allenai_Olmo-3-1125-32B__a787c097/models/selected_mixed_random_slopes__full,random_slopes,log_he_she_odds ~ C(tense) + C(semantic_role) + C(syntactic_role) + C(valence) + C(dominance) + log_frequency + lex_emb_norm + C(tense):C(semantic_role) + C(tense):C(syntactic_role) + C(tense):C(valence) + C(tense):C(dominance) + C(tense):log_frequency + C(tense):lex_emb_norm + C(semantic_role):C(syntactic_role) + C(semantic_role):C(valence) + C(semantic_role):C(dominance) + C(semantic_role):log_frequency + C(semantic_role):lex_emb_norm + C(syntactic_role):C(valence) + C(syntactic_role):C(dominance) + C(syntactic_role):log_frequency + C(syntactic_role):lex_emb_norm + C(valence):C(dominance) + C(valence):log_frequency + C(valence):lex_emb_norm + C(dominance):log_frequency + C(dominance):lex_emb_norm + log_frequency:lex_emb_norm,1 + C(semantic_role) + C(syntactic_role) + C(valence) + C(dominance),profession,lbfgs,True,1,['ConvergenceWarning: The MLE may be on the boundary of the parameter space.'],True,25190.389699040184,25752.500402922007,-12522.194849520092,16320,0.26317779778113565,0.05678873992090182,0.9133565106964492,1.2326706957004595e-32,0.033924998105355514,0.0036082462045214122,0.06437497126468,0.0028369395814157672,0.00031750065258952514,0.0003733701051074416,0.003916637310936431,0.0043973760791764125,0.007989686256400735,0.008245693797652961,0.0005894531938155118,9.537345945031592e-05,0.0024686627932140716,0.0025077105587766398,0.00012501407639340954,0.7430503447424353,0.004132102676426193,1.2113149864598138e-06,0.0009063218438240661,0.0001466066493310529,2.7970222987483954e-06,0.6186835095368299,0.0008673908393341067,9.964547974570592e-05,3.471931386563736e-05,0.00011239316521504026,0.0005593631710770773,2.530278246398212,0.009546705801063307,0.05281054008863956,0.01521001475338371,0.007247006074167724
/mnt/hum01-rds/Nikolaev_Dmitry/flos-code/model_selection_data/runs/he_she_odds_results__allenai_Olmo-3-1125-32B__a787c097,he_she_odds_results__allenai_Olmo-3-1125-32B__a787c097,/mnt/hum01-rds/Nikolaev_Dmitry/flos-code/modelling_data/he_she_odds_results__allenai_Olmo-3-1125-32B.csv,allenai_Olmo-3-1125-32B,selected_mixed_random_slopes__candidate__0__C_valence_C_dominance,/mnt/hum01-rds/Nikolaev_Dmitry/flos-code/model_selection_data/runs/he_she_odds_results__allenai_Olmo-3-1125-32B__a787c097/models/selected_mixed_random_slopes__candidate__0__C_valence_C_dominance,random_slopes,log_he_she_odds ~ C(tense) + C(semantic_role) + C(syntactic_role) + C(valence) + C(dominance) + log_frequency + lex_emb_norm + C(tense):C(semantic_role) + C(tense):C(syntactic_role) + C(tense):C(valence) + C(tense):C(dominance) + C(tense):log_frequency + C(tense):lex_emb_norm + C(semantic_role):C(syntactic_role) + C(semantic_role):C(valence) + C(semantic_role):C(dominance) + C(semantic_role):log_frequency + C(semantic_role):lex_emb_norm + C(syntactic_role):C(valence) + C(syntactic_role):C(dominance) + C(syntactic_role):log_frequency + C(syntactic_role):lex_emb_norm + C(valence):log_frequency + C(valence):lex_emb_norm + C(dominance):log_frequency + C(dominance):lex_emb_norm + log_frequency:lex_emb_norm,1 + C(semantic_role) + C(syntactic_role) + C(valence) + C(dominance),profession,lbfgs,True,1,['ConvergenceWarning: The MLE may be on the boundary of the parameter space.'],True,25190.973432385916,25745.38398963922,-12523.486716192958,16320,0.2632199152054773,0.05677515648566494,0.913342477758478,4.930682782801838e-32,0.03392499810535384,0.0036082462045229145,0.06437497126470781,0.003566271109733452,0.0001291225939780793,0.0003733701051074306,0.003916637310936626,0.004397376079176427,0.0079896862564006,0.008245693797652904,0.0005894531938155191,9.537345945031592e-05,0.0024686627932140885,0.0025077105587766302,,0.7430530889238358,0.004132102676426344,1.2113149874462873e-06,0.0009063218437835352,0.00014660664934622894,2.7970222980952373e-06,0.6186860490268847,0.0008673908393341171,9.964547974676362e-05,3.4719313864785254e-05,0.00011239316521675027,0.0005593631710785554,2.5302873694010586,0.009546279930130698,0.05280970307024011,0.015209666737018016,0.0072466289866830805
/mnt/hum01-rds/Nikolaev_Dmitry/flos-code/model_selection_data/runs/he_she_odds_results__allenai_Olmo-3-1125-32B__a787c097,he_she_odds_results__allenai_Olmo-3-1125-32B__a787c097,/mnt/hum01-rds/Nikolaev_Dmitry/flos-code/modelling_data/he_she_odds_results__allenai_Olmo-3-1125-32B.csv,allenai_Olmo-3-1125-32B,selected_mixed_random_slopes__candidate__0__C_tense_C_semantic_role,/mnt/hum01-rds/Nikolaev_Dmitry/flos-code/model_selection_data/runs/he_she_odds_results__allenai_Olmo-3-1125-32B__a787c097/models/selected_mixed_random_slopes__candidate__0__C_tense_C_semantic_role,random_slopes,log_he_she_odds ~ C(tense) + C(semantic_role) + C(syntactic_role) + C(valence) + C(dominance) + log_frequency + lex_emb_norm + C(tense):C(syntactic_role) + C(tense):C(valence) + C(tense):C(dominance) + C(tense):log_frequency + C(tense):lex_emb_norm + C(semantic_role):C(syntactic_role) + C(semantic_role):C(valence) + C(semantic_role):C(dominance) + C(semantic_role):log_frequency + C(semantic_role):lex_emb_norm + C(syntactic_role):C(valence) + C(syntactic_role):C(dominance) + C(syntactic_role):log_frequency + C(syntactic_role):lex_emb_norm + C(valence):C(dominance) + C(valence):log_frequency + C(valence):lex_emb_norm + C(dominance):log_frequency + C(dominance):lex_emb_norm + log_frequency:lex_emb_norm,1 + C(semantic_role) + C(syntactic_role) + C(valence) + C(dominance),profession,lbfgs,True,1,['ConvergenceWarning: The MLE may be on the boundary of the parameter space.'],True,25191.95556357401,25715.565534313242,-12527.977781787005,16320,0.2633663887489703,0.0567280296416816,0.9132934922206372,4.930682782801838e-32,0.029783750199305948,0.003660759714424246,0.06437497126469632,0.0028369395814079063,0.00031750065258924725,,0.003916637310936557,0.004397376079176585,0.00798968625640059,0.008245693797652866,0.0005894531938155168,9.537345945031277e-05,0.002468662793214051,0.00250771055877667,0.00012501407639340398,0.7430618932850659,0.004132102676426085,1.2113149880036269e-06,0.0009063218437614347,0.00014660664935447842,2.7970222977202986e-06,0.6186941966454172,0.0008673908393344136,9.9645479754625e-05,3.4719313859251655e-05,0.00011239316522786269,0.0005593631710856799,2.530316639324165,0.009544728397629636,0.05280655646725555,0.01520849113274512,0.007245349777676688
/mnt/hum01-rds/Nikolaev_Dmitry/flos-code/model_selection_data/runs/he_she_odds_results__allenai_Olmo-3-1125-32B__a787c097,he_she_odds_results__allenai_Olmo-3-1125-32B__a787c097,/mnt/hum01-rds/Nikolaev_Dmitry/flos-code/modelling_data/he_she_odds_results__allenai_Olmo-3-1125-32B.csv,allenai_Olmo-3-1125-32B,selected_mixed_random_slopes__candidate__0__C_tense_log_frequency,/mnt/hum01-rds/Nikolaev_Dmitry/flos-code/model_selection_data/runs/he_she_odds_results__allenai_Olmo-3-1125-32B__a787c097/models/selected_mixed_random_slopes__candidate__0__C_tense_log_frequency,random_slopes,log_he_she_odds ~ C(tense) + C(semantic_role) + C(syntactic_role) + C(valence) + C(dominance) + log_frequency + lex_emb_norm + C(tense):C(semantic_role) + C(tense):C(syntactic_role) + C(tense):C(valence) + C(tense):C(dominance) + C(tense):lex_emb_norm + C(semantic_role):C(syntactic_role) + C(semantic_role):C(valence) + C(semantic_role):C(dominance) + C(semantic_role):log_frequency + C(semantic_role):lex_emb_norm + C(syntactic_role):C(valence) + C(syntactic_role):C(dominance) + C(syntactic_role):log_frequency + C(syntactic_role):lex_emb_norm + C(valence):C(dominance) + C(valence):log_frequency + C(valence):lex_emb_norm + C(dominance):log_frequency + C(dominance):lex_emb_norm + log_frequency:lex_emb_norm,1 + C(semantic_role) + C(syntactic_role) + C(valence) + C(dominance),profession,lbfgs,True,1,['ConvergenceWarning: The MLE may be on the boundary of the parameter space.'],True,25192.045587153698,25715.65555789293,-12528.022793576849,16320,0.2633678572237569,0.05672755813009464,0.9132929995214494,1.1094036261304136e-31,0.03973554824543072,0.003608246204275074,0.06437497126318509,0.0028369395811211,0.00031750065255886314,0.0003733701051074261,0.003916637310936392,0.004397376079176298,0.007989686256400773,0.008245693797652904,0.0005894531938155335,9.53734594503193e-05,0.002468662793214076,0.002507710558776658,0.00012501407639339685,0.755566122340258,,1.211314986003608e-06,0.0009063218438400925,0.0001466066493245955,2.797022299020237e-06,0.6120528573206037,0.003238764905366109,9.964547978971208e-05,3.4719313827957345e-05,0.00011239316527843686,0.0005593631711210626,2.530316903943657,0.009544712246142319,0.05280652320628325,0.015208479636236382,0.007245337229484787
/mnt/hum01-rds/Nikolaev_Dmitry/flos-code/model_selection_data/runs/he_she_odds_results__allenai_Olmo-3-1125-32B__a787c097,he_she_odds_results__allenai_Olmo-3-1125-32B__a787c097,/mnt/hum01-rds/Nikolaev_Dmitry/flos-code/modelling_data/he_she_odds_results__allenai_Olmo-3-1125-32B.csv,allenai_Olmo-3-1125-32B,selected_mixed_random_slopes__candidate__0__C_semantic_role_C_valence,/mnt/hum01-rds/Nikolaev_Dmitry/flos-code/model_selection_data/runs/he_she_odds_results__allenai_Olmo-3-1125-32B__a787c097/models/selected_mixed_random_slopes__candidate__0__C_semantic_role_C_valence,random_slopes,log_he_she_odds ~ C(tense) + C(semantic_role) + C(syntactic_role) + C(valence) + C(dominance) + log_frequency + lex_emb_norm + C(tense):C(semantic_role) + C(tense):C(syntactic_role) + C(tense):C(valence) + C(tense):C(dominance) + C(tense):log_frequency + C(tense):lex_emb_norm + C(semantic_role):C(syntactic_role) + C(semantic_role):C(dominance) + C(semantic_role):log_frequency + C(semantic_role):lex_emb_norm + C(syntactic_role):C(valence) + C(syntactic_role):C(dominance) + C(syntactic_role):log_frequency + C(syntactic_role):lex_emb_norm + C(valence):C(dominance) + C(valence):log_frequency + C(valence):lex_emb_norm + C(dominance):log_frequency + C(dominance):lex_emb_norm + log_frequency:lex_emb_norm,1 + C(semantic_role) + C(syntactic_role) + C(valence) + C(dominance),profession,lbfgs,True,1,['ConvergenceWarning: The MLE may be on the boundary of the parameter space.'],True,25200.568627497443,25754.979184750748,-12528.284313748722,16320,0.2633763892905554,0.05672481897620673,0.9132901361982916,1.1094036261304136e-31,0.033924998105354355,0.0021207305036580484,0.06437497126392754,0.0015402202213535422,0.0003175006525729809,0.0003733701051074232,0.00391663731093633,0.0043973760791762,0.007989686256400766,0.008245693797652933,,9.53734594503269e-05,0.0024686627932140742,0.002507710558776637,0.00012501407639339146,0.7430624306099124,0.00413210267642618,1.2113149857717275e-06,0.0009063218438507665,0.00014660664932074187,2.7970222992162214e-06,0.6186946938697279,0.0008673908393339042,9.964547975415995e-05,3.471931385890522e-05,0.00011239316522740751,0.0005593631710859982,2.5303184255795523,0.009544618162289515,0.052806329355285654,0.015208412951067063,0.007245264432751265
/mnt/hum01-rds/Nikolaev_Dmitry/flos-code/model_selection_data/runs/he_she_odds_results__allenai_Olmo-3-1125-32B__a787c097,he_she_odds_results__allenai_Olmo-3-1125-32B__a787c097,/mnt/hum01-rds/Nikolaev_Dmitry/flos-code/modelling_data/he_she_odds_results__allenai_Olmo-3-1125-32B.csv,allenai_Olmo-3-1125-32B,selected_mixed_random_slopes__candidate__0__C_tense_C_syntactic_role,/mnt/hum01-rds/Nikolaev_Dmitry/flos-code/model_selection_data/runs/he_she_odds_results__allenai_Olmo-3-1125-32B__a787c097/models/selected_mixed_random_slopes__candidate__0__C_tense_C_syntactic_role,random_slopes,log_he_she_odds ~ C(tense) + C(semantic_role) + C(syntactic_role) + C(valence) + C(dominance) + log_frequency + lex_emb_norm + C(tense):C(semantic_role) + C(tense):C(valence) + C(tense):C(dominance) + C(tense):log_frequency + C(tense):lex_emb_norm + C(semantic_role):C(syntactic_role) + C(semantic_role):C(valence) + C(semantic_role):C(dominance) + C(semantic_role):log_frequency + C(semantic_role):lex_emb_norm + C(syntactic_role):C(valence) + C(syntactic_role):C(dominance) + C(syntactic_role):log_frequency + C(syntactic_role):lex_emb_norm + C(valence):C(dominance) + C(valence):log_frequency + C(valence):lex_emb_norm + C(dominance):log_frequency + C(dominance):lex_emb_norm + log_frequency:lex_emb_norm,1 + C(semantic_role) + C(syntactic_role) + C(valence) + C(dominance),profession,lbfgs,True,1,['ConvergenceWarning: The MLE may be on the boundary of the parameter space.'],True,25232.53538354946,25756.145354288692,-12548.26769177473,16320,0.26402922942857737,0.056516749377097615,0.9130683167050228,1.2326706957004595e-32,0.040897059242262015,0.003608246204487222,0.04263321532586088,0.002836939581376931,0.0003175006525858395,0.00037337010510743625,,0.0043973760791763935,0.007989686256400721,0.008245693797652895,0.0005894531938155028,9.537345945031064e-05,0.0024686627932140413,0.002507710558776646,0.00012501407639340617,0.7430702955278952,0.004132102676426059,1.2113149852972942e-06,0.0009063218438650564,0.00014660664931416247,2.7970222994511846e-06,0.6187019720997867,0.0008673908393339018,9.964547974074691e-05,3.471931386990181e-05,0.00011239316520788808,0.0005593631710719948,2.5303445723105216,0.009537120909079736,0.05279164374948415,0.015202677267672776,0.007239505338150909
/mnt/hum01-rds/Nikolaev_Dmitry/flos-code/model_selection_data/runs/he_she_odds_results__allenai_Olmo-3-1125-32B__a787c097,he_she_odds_results__allenai_Olmo-3-1125-32B__a787c097,/mnt/hum01-rds/Nikolaev_Dmitry/flos-code/modelling_data/he_she_odds_results__allenai_Olmo-3-1125-32B.csv,allenai_Olmo-3-1125-32B,selected_mixed_random_slopes__candidate__0__C_syntactic_role_C_valence,/mnt/hum01-rds/Nikolaev_Dmitry/flos-code/model_selection_data/runs/he_she_odds_results__allenai_Olmo-3-1125-32B__a787c097/models/selected_mixed_random_slopes__candidate__0__C_syntactic_role_C_valence,random_slopes,log_he_she_odds ~ C(tense) + C(semantic_role) + C(syntactic_role) + C(valence) + C(dominance) + log_frequency + lex_emb_norm + C(tense):C(semantic_role) + C(tense):C(syntactic_role) + C(tense):C(valence) + C(tense):C(dominance) + C(tense):log_frequency + C(tense):lex_emb_norm + C(semantic_role):C(syntactic_role) + C(semantic_role):C(valence) + C(semantic_role):C(dominance) + C(semantic_role):log_frequency + C(semantic_role):lex_emb_norm + C(syntactic_role):C(dominance) + C(syntactic_role):log_frequency + C(syntactic_role):lex_emb_norm + C(valence):C(dominance) + C(valence):log_frequency + C(valence):lex_emb_norm + C(dominance):log_frequency + C(dominance):lex_emb_norm + log_frequency:lex_emb_norm,1 + C(semantic_role) + C(syntactic_role) + C(valence) + C(dominance),profession,lbfgs,True,1,['ConvergenceWarning: The MLE may be on the boundary of the parameter space.'],True,25239.334531533445,25793.74508878675,-12547.667265766722,16320,0.2640095906812361,0.05652302746464942,0.9130749768389957,1.2326706957004595e-32,0.03392499810535488,0.003608246204453601,0.079754419645171,0.0006040245696024764,0.000317500652581668,0.00037337010510743896,0.0039166373109364855,0.00439737607917635,0.007989686256400565,0.008245693797652817,0.0005894531938154967,9.537345945031062e-05,,0.002507710558776675,0.00012501407639340696,0.7430710884031766,0.004132102676426013,1.2113149849570599e-06,0.0009063218438804179,0.00014660664930879377,2.79702229969183e-06,0.6187027058212297,0.0008673908393339562,9.964547973229362e-05,3.471931387749668e-05,0.0001123931651955106,0.000559363171063269,2.530347208195503,0.009537301618645794,0.05279197519214835,0.015202910004784189,0.007239711925764519
/mnt/hum01-rds/Nikolaev_Dmitry/flos-code/model_selection_data/runs/he_she_odds_results__allenai_Olmo-3-1125-32B__a787c097,he_she_odds_results__allenai_Olmo-3-1125-32B__a787c097,/mnt/hum01-rds/Nikolaev_Dmitry/flos-code/modelling_data/he_she_odds_results__allenai_Olmo-3-1125-32B.csv,allenai_Olmo-3-1125-32B,selected_mixed_random_slopes__candidate__0__C_syntactic_role_C_dominance,/mnt/hum01-rds/Nikolaev_Dmitry/flos-code/model_selection_data/runs/he_she_odds_results__allenai_Olmo-3-1125-32B__a787c097/models/selected_mixed_random_slopes__candidate__0__C_syntactic_role_C_dominance,random_slopes,log_he_she_odds ~ C(tense) + C(semantic_role) + C(syntactic_role) + C(valence) + C(dominance) + log_frequency + lex_emb_norm + C(tense):C(semantic_role) + C(tense):C(syntactic_role) + C(tense):C(valence) + C(tense):C(dominance) + C(tense):log_frequency + C(tense):lex_emb_norm + C(semantic_role):C(syntactic_role) + C(semantic_role):C(valence) + C(semantic_role):C(dominance) + C(semantic_role):log_frequency + C(semantic_role):lex_emb_norm + C(syntactic_role):C(valence) + C(syntactic_role):log_frequency + C(syntactic_role):lex_emb_norm + C(valence):C(dominance) + C(valence):log_frequency + C(valence):lex_emb_norm + C(dominance):log_frequency + C(dominance):lex_emb_norm + log_frequency:lex_emb_norm,1 + C(semantic_role) + C(syntactic_role) + C(valence) + C(dominance),profession,lbfgs,True,1,['ConvergenceWarning: The MLE may be on the boundary of the parameter space.'],True,25240.13905539576,25794.549612649065,-12548.06952769788,16320,0.2640227477350383,0.05651882185342587,0.9130705140221256,0.0,0.033924998105355146,0.0036082462044887686,0.05053964238136703,0.002836939581377888,0.00012306459132270943,0.0003733701051074373,0.003916637310936392,0.004397376079176329,0.007989686256400738,0.008245693797652928,0.0005894531938155011,9.537345945031092e-05,0.002468662793214079,,0.0001250140763934067,0.7430705427648774,0.0041321026764262235,1.21131498386907e-06,0.0009063218439236862,0.00014660664929278582,2.7970223003752196e-06,0.6187022008689109,0.0008673908393339553,9.964547972537782e-05,3.4719313882639373e-05,0.00011239316518587192,0.0005593631710568781,2.5303453942007397,0.009537179763646854,0.052791752116051076,0.015202754712582502,0.00723957394890918
/mnt/hum01-rds/Nikolaev_Dmitry/flos-code/model_selection_data/runs/he_she_odds_results__allenai_Olmo-3-1125-32B__a787c097,he_she_odds_results__allenai_Olmo-3-1125-32B__a787c097,/mnt/hum01-rds/Nikolaev_Dmitry/flos-code/modelling_data/he_she_odds_results__allenai_Olmo-3-1125-32B.csv,allenai_Olmo-3-1125-32B,selected_mixed_random_slopes__candidate__0__C_tense_C_valence,/mnt/hum01-rds/Nikolaev_Dmitry/flos-code/model_selection_data/runs/he_she_odds_results__allenai_Olmo-3-1125-32B__a787c097/models/selected_mixed_random_slopes__candidate__0__C_tense_C_valence,random_slopes,log_he_she_odds ~ C(tense) + C(semantic_role) + C(syntactic_role) + C(valence) + C(dominance) + log_frequency + lex_emb_norm + C(tense):C(semantic_role) + C(tense):C(syntactic_role) + C(tense):C(dominance) + C(tense):log_frequency + C(tense):lex_emb_norm + C(semantic_role):C(syntactic_role) + C(semantic_role):C(valence) + C(semantic_role):C(dominance) + C(semantic_role):log_frequency + C(semantic_role):lex_emb_norm + C(syntactic_role):C(valence) + C(syntactic_role):C(dominance) + C(syntactic_role):log_frequency + C(syntactic_role):lex_emb_norm + C(valence):C(dominance) + C(valence):log_frequency + C(valence):lex_emb_norm + C(dominance):log_frequency + C(dominance):lex_emb_norm + log_frequency:lex_emb_norm,1 + C(semantic_role) + C(syntactic_role) + C(valence) + C(dominance),profession,lbfgs,True,1,['ConvergenceWarning: The MLE may be on the boundary of the parameter space.'],True,25263.3800492608,25786.99002000003,-12563.6900246304,16320,0.26453400405612054,0.056353642281405665,0.9129013325948592,1.9722731131207353e-31,0.037361250243359526,0.0036082462044151153,0.06437497126407707,0.008960489292183219,0.0003175006525765783,0.00037337010510743804,0.003916637310936465,,0.007989686256400712,0.008245693797652862,0.0005894531938155224,9.537345945031628e-05,0.0024686627932140647,0.002507710558776649,0.00012501407639339945,0.7431593936098946,0.004132102676426179,1.2113149856383755e-06,0.0009063218438512303,0.00014660664931915338,2.7970222992396444e-06,0.618784424353379,0.0008673908393340992,9.96454797552788e-05,3.4719313857514635e-05,0.00011239316522882232,0.0005593631710866737,2.5306407766722328,0.009534499016827852,0.05278456536812223,0.015196704915491178,0.007233723071381103
/mnt/hum01-rds/Nikolaev_Dmitry/flos-code/model_selection_data/runs/he_she_odds_results__allenai_Olmo-3-1125-32B__a787c097,he_she_odds_results__allenai_Olmo-3-1125-32B__a787c097,/mnt/hum01-rds/Nikolaev_Dmitry/flos-code/modelling_data/he_she_odds_results__allenai_Olmo-3-1125-32B.csv,allenai_Olmo-3-1125-32B,selected_mixed_random_slopes__candidate__0__C_semantic_role_C_syntactic_role,/mnt/hum01-rds/Nikolaev_Dmitry/flos-code/model_selection_data/runs/he_she_odds_results__allenai_Olmo-3-1125-32B__a787c097/models/selected_mixed_random_slopes__candidate__0__C_semantic_role_C_syntactic_role,random_slopes,log_he_she_odds ~ C(tense) + C(semantic_role) + C(syntactic_role) + C(valence) + C(dominance) + log_frequency + lex_emb_norm + C(tense):C(semantic_role) + C(tense):C(syntactic_role) + C(tense):C(valence) + C(tense):C(dominance) + C(tense):log_frequency + C(tense):lex_emb_norm + C(semantic_role):C(valence) + C(semantic_role):C(dominance) + C(semantic_role):log_frequency + C(semantic_role):lex_emb_norm + C(syntactic_role):C(valence) + C(syntactic_role):C(dominance) + C(syntactic_role):log_frequency + C(syntactic_role):lex_emb_norm + C(valence):C(dominance) + C(valence):log_frequency + C(valence):lex_emb_norm + C(dominance):log_frequency + C(dominance):lex_emb_norm + log_frequency:lex_emb_norm,1 + C(semantic_role) + C(syntactic_role) + C(valence) + C(dominance),profession,lbfgs,True,1,['ConvergenceWarning: The MLE may be on the boundary of the parameter space.'],True,25357.92851539867,25912.339072651976,-12606.964257699336,16320,0.2659553369682055,0.055884922820396296,0.9124416148182828,1.2326706957004595e-32,0.03392499810535594,5.839900930858883e-05,0.09372720230917254,0.002836939581278232,0.00031750065257513555,0.00037337010510743646,0.003916637310936423,0.004397376079176242,0.007989686256400699,,0.0005894531938155152,9.537345945032094e-05,0.002468662793214049,0.002507710558776638,0.00012501407639340284,0.7431303964936222,0.004132102676426087,1.2113149842489867e-06,0.0009063218439096534,0.0001466066492982779,2.7970223001465766e-06,0.6187575900640124,0.0008673908393339482,9.964547975347539e-05,3.4719313859367624e-05,0.00011239316522621274,0.000559363171085003,2.5305443764860005,0.009522204569161424,0.05278098668401797,0.015186593089465855,0.007223666484423144
/mnt/hum01-rds/Nikolaev_Dmitry/flos-code/model_selection_data/runs/he_she_odds_results__allenai_Olmo-3-1125-32B__a787c097,he_she_odds_results__allenai_Olmo-3-1125-32B__a787c097,/mnt/hum01-rds/Nikolaev_Dmitry/flos-code/modelling_data/he_she_odds_results__allenai_Olmo-3-1125-32B.csv,allenai_Olmo-3-1125-32B,selected_mixed_random_slopes__candidate__0__C_tense_C_dominance,/mnt/hum01-rds/Nikolaev_Dmitry/flos-code/model_selection_data/runs/he_she_odds_results__allenai_Olmo-3-1125-32B__a787c097/models/selected_mixed_random_slopes__candidate__0__C_tense_C_dominance,random_slopes,log_he_she_odds ~ C(tense) + C(semantic_role) + C(syntactic_role) + C(valence) + C(dominance) + log_frequency + lex_emb_norm + C(tense):C(semantic_role) + C(tense):C(syntactic_role) + C(tense):C(valence) + C(tense):log_frequency + C(tense):lex_emb_norm + C(semantic_role):C(syntactic_role) + C(semantic_role):C(valence) + C(semantic_role):C(dominance) + C(semantic_role):log_frequency + C(semantic_role):lex_emb_norm + C(syntactic_role):C(valence) + C(syntactic_role):C(dominance) + C(syntactic_role):log_frequency + C(syntactic_role):lex_emb_norm + C(valence):C(dominance) + C(valence):log_frequency + C(valence):lex_emb_norm + C(dominance):log_frequency + C(dominance):lex_emb_norm + log_frequency:lex_emb_norm,1 + C(semantic_role) + C(syntactic_role) + C(valence) + C(dominance),profession,lbfgs,True,1,['ConvergenceWarning: The MLE may be on the boundary of the parameter space.'],True,25363.469802732405,25887.079773471636,-12613.734901366202,16320,0.26617842767337624,0.055812482665204985,0.9123679193953824,1.2326706957004595e-32,0.01960490332547028,0.003608246204578183,0.06437497126503633,0.0028369395814854584,0.003982432914518251,0.0003733701051074336,0.003916637310936466,0.004397376079176395,,0.00824569379765289,0.0005894531938155006,9.537345945031076e-05,0.002468662793214069,0.0025077105587766324,0.000125014076393408,0.7431394421076212,0.004132102676426091,1.2113149879551292e-06,0.0009063218437638528,0.00014660664935349534,2.7970222977792567e-06,0.6187659609962728,0.0008673908393339943,9.964547974073454e-05,3.471931386982088e-05,0.0001123931652077422,0.0005593631710720576,2.5305744485069344,0.009520261111270308,0.052779187898887324,0.015184558069441677,0.007222180460084892
/mnt/hum01-rds/Nikolaev_Dmitry/flos-code/model_selection_data/runs/he_she_odds_results__allenai_Olmo-3-1125-32B__a787c097,he_she_odds_results__allenai_Olmo-3-1125-32B__a787c097,/mnt/hum01-rds/Nikolaev_Dmitry/flos-code/modelling_data/he_she_odds_results__allenai_Olmo-3-1125-32B.csv,allenai_Olmo-3-1125-32B,selected_mixed_random_slopes__random_intercept_baseline,/mnt/hum01-rds/Nikolaev_Dmitry/flos-code/model_selection_data/runs/he_she_odds_results__allenai_Olmo-3-1125-32B__a787c097/models/selected_mixed_random_slopes__random_intercept_baseline,random_intercept_baseline,log_he_she_odds ~ C(tense) + C(semantic_role) + C(syntactic_role) + C(valence) + C(dominance) + log_frequency + lex_emb_norm + C(tense):C(semantic_role) + C(tense):C(syntactic_role) + C(tense):C(valence) + C(tense):C(dominance) + C(tense):log_frequency + C(tense):lex_emb_norm + C(semantic_role):C(syntactic_role) + C(semantic_role):C(valence) + C(semantic_role):C(dominance) + C(semantic_role):log_frequency + C(semantic_role):lex_emb_norm + C(syntactic_role):C(valence) + C(syntactic_role):C(dominance) + C(syntactic_role):log_frequency + C(syntactic_role):lex_emb_norm + C(valence):C(dominance) + C(valence):log_frequency + C(valence):lex_emb_norm + C(dominance):log_frequency + C(dominance):lex_emb_norm + log_frequency:lex_emb_norm,1,profession,lbfgs,True,0,[],False,26198.453756660107,26652.762407742674,-13040.226878330053,16320,0.28443129552890484,0.0550317880619621,0.906049400462172,1.2326706957004595e-32,0.03392499810535544,0.003608246204481685,0.06437497126446376,0.0028369395813696136,0.000317500652584587,0.0003733701051074371,0.003916637310936408,0.004397376079176172,0.007989686256400579,0.008245693797652987,0.000589453193815544,9.537345945032022e-05,0.0024686627932141336,0.0025077105587766185,0.0001250140763933895,0.5403536623001817,0.0041321026764262365,1.2113149851600738e-06,0.0009063218438731903,0.00014660664931197945,2.7970222995630175e-06,0.432767898739985,0.0008673908393339258,9.964547973899396e-05,3.47193138715435e-05,0.00011239316520540039,0.0005593631710706189,1.855147178035417,,,,
/mnt/hum01-rds/Nikolaev_Dmitry/flos-code/model_selection_data/runs/he_she_odds_results__google_gemma-3-12b-pt__dea67b94,he_she_odds_results__google_gemma-3-12b-pt__dea67b94,/mnt/hum01-rds/Nikolaev_Dmitry/flos-code/modelling_data/he_she_odds_results__google_gemma-3-12b-pt.csv,google_gemma-3-12b-pt,selected_mixed_random_slopes__candidate__0__C_semantic_role_log_frequency,/mnt/hum01-rds/Nikolaev_Dmitry/flos-code/model_selection_data/runs/he_she_odds_results__google_gemma-3-12b-pt__dea67b94/models/selected_mixed_random_slopes__candidate__0__C_semantic_role_log_frequency,random_slopes,log_he_she_odds ~ C(tense) + C(semantic_role) + C(syntactic_role) + C(valence) + C(dominance) + log_frequency + lex_emb_norm + C(tense):C(semantic_role) + C(tense):C(syntactic_role) + C(tense):C(valence) + C(tense):C(dominance) + C(tense):log_frequency + C(tense):lex_emb_norm + C(semantic_role):C(syntactic_role) + C(semantic_role):C(valence) + C(semantic_role):C(dominance) + C(semantic_role):lex_emb_norm + C(syntactic_role):C(valence) + C(syntactic_role):C(dominance) + C(syntactic_role):log_frequency + C(syntactic_role):lex_emb_norm + C(valence):C(dominance) + C(valence):log_frequency + C(valence):lex_emb_norm + C(dominance):log_frequency + C(dominance):lex_emb_norm + log_frequency:lex_emb_norm,1 + C(semantic_role) + C(syntactic_role) + C(valence) + C(dominance),profession,lbfgs,True,1,['ConvergenceWarning: The MLE may be on the boundary of the parameter space.'],True,10766.454203031142,11320.864760284445,-5311.227101515571,16320,0.10831105991094671,0.05043557787364782,0.955669910032659,2.840073282893859e-29,0.0328787521706934,0.0029795341251251453,0.05991917717841923,0.020425737162337754,0.025064475256383903,0.001361197844112928,0.0011216893759927685,0.0007295579267077192,0.0005468818447568346,0.0032444047627827074,0.000268169113657262,0.00016891355759911678,4.966881517338468e-05,0.0013201412616318893,0.00043452995861036265,18.220394139113893,0.026931862423328942,,0.009206069779195082,0.00043356021788490493,0.0006579996071695681,2.960199441518319,0.05276778557060307,0.0124368868260918,0.07939730798668174,0.01706367674139396,0.032035614850371,30.169544607641903,0.0024918087937412614,0.031375120061538454,0.012132914867869111,0.0050801919948619
/mnt/hum01-rds/Nikolaev_Dmitry/flos-code/model_selection_data/runs/he_she_odds_results__google_gemma-3-12b-pt__dea67b94,he_she_odds_results__google_gemma-3-12b-pt__dea67b94,/mnt/hum01-rds/Nikolaev_Dmitry/flos-code/modelling_data/he_she_odds_results__google_gemma-3-12b-pt.csv,google_gemma-3-12b-pt,selected_mixed_random_slopes__candidate__0__C_valence_log_frequency,/mnt/hum01-rds/Nikolaev_Dmitry/flos-code/model_selection_data/runs/he_she_odds_results__google_gemma-3-12b-pt__dea67b94/models/selected_mixed_random_slopes__candidate__0__C_valence_log_frequency,random_slopes,log_he_she_odds ~ C(tense) + C(semantic_role) + C(syntactic_role) + C(valence) + C(dominance) + log_frequency + lex_emb_norm + C(tense):C(semantic_role) + C(tense):C(syntactic_role) + C(tense):C(valence) + C(tense):C(dominance) + C(tense):log_frequency + C(tense):lex_emb_norm + C(semantic_role):C(syntactic_role) + C(semantic_role):C(valence) + C(semantic_role):C(dominance) + C(semantic_role):log_frequency + C(semantic_role):lex_emb_norm + C(syntactic_role):C(valence) + C(syntactic_role):C(dominance) + C(syntactic_role):log_frequency + C(syntactic_role):lex_emb_norm + C(valence):C(dominance) + C(valence):lex_emb_norm + C(dominance):log_frequency + C(dominance):lex_emb_norm + log_frequency:lex_emb_norm,1 + C(semantic_role) + C(syntactic_role) + C(valence) + C(dominance),profession,lbfgs,True,1,['ConvergenceWarning: The MLE may be on the boundary of the parameter space.'],True,10766.507847225032,11320.918404478334,-5311.253923612516,16320,0.1083112683491778,0.04759094356996466,0.9555630028571208,2.840073282893859e-29,0.03287875217069417,0.0025800186457887735,0.055940685817664204,0.01791240956299745,0.025288128725973132,0.0013611978441129035,0.0011216893759927711,0.0007295579267077264,0.0005468818447568323,0.0032444047627826866,0.00026816911365729366,0.00016891355759911835,4.9668815173365055e-05,0.0013201412616319853,0.0004345299586103073,19.1147980293318,0.026931862423328096,7.556211394521383e-05,0.005928301405485511,,0.000743513042296065,2.7045057284749756,0.0527677855706038,0.009882224378109775,0.06521304658204703,0.010325951515778932,0.032846642185170465,30.158905833669888,0.002488681791714685,0.03136622560017196,0.012165691798951671,0.005080047162479369
/mnt/hum01-rds/Nikolaev_Dmitry/flos-code/model_selection_data/runs/he_she_odds_results__google_gemma-3-12b-pt__dea67b94,he_she_odds_results__google_gemma-3-12b-pt__dea67b94,/mnt/hum01-rds/Nikolaev_Dmitry/flos-code/modelling_data/he_she_odds_results__google_gemma-3-12b-pt.csv,google_gemma-3-12b-pt,selected_mixed_random_slopes__candidate__0__C_dominance_log_frequency,/mnt/hum01-rds/Nikolaev_Dmitry/flos-code/model_selection_data/runs/he_she_odds_results__google_gemma-3-12b-pt__dea67b94/models/selected_mixed_random_slopes__candidate__0__C_dominance_log_frequency,random_slopes,log_he_she_odds ~ C(tense) + C(semantic_role) + C(syntactic_role) + C(valence) + C(dominance) + log_frequency + lex_emb_norm + C(tense):C(semantic_role) + C(tense):C(syntactic_role) + C(tense):C(valence) + C(tense):C(dominance) + C(tense):log_frequency + C(tense):lex_emb_norm + C(semantic_role):C(syntactic_role) + C(semantic_role):C(valence) + C(semantic_role):C(dominance) + C(semantic_role):log_frequency + C(semantic_role):lex_emb_norm + C(syntactic_role):C(valence) + C(syntactic_role):C(dominance) + C(syntactic_role):log_frequency + C(syntactic_role):lex_emb_norm + C(valence):C(dominance) + C(valence):log_frequency + C(valence):lex_emb_norm + C(dominance):lex_emb_norm + log_frequency:lex_emb_norm,1 + C(semantic_role) + C(syntactic_role) + C(valence) + C(dominance),profession,lbfgs,True,1,['ConvergenceWarning: The MLE may be on the boundary of the parameter space.'],True,10766.91632186278,11321.326879116083,-5311.45816093139,16320,0.10831153840366842,0.05431800797739313,0.9559058658471865,2.840073282893859e-29,0.03287875217068889,0.0028592813797514048,0.05806710262411073,0.020160432846929994,0.021647222979813353,0.001361197844112954,0.0011216893759927694,0.000729557926707725,0.0005468818447568373,0.0032444047627827382,0.0002681691136572587,0.0001689135575991245,4.9668815173381114e-05,0.0013201412616319424,0.0004345299586103275,17.66693613831097,0.02693186242332435,6.5106789086772625e-06,0.007604923128260452,0.0003492048773289575,,3.107366576207902,0.0527677855705934,0.011656583201240923,0.07268147758681646,0.016295341628901325,0.02051909311893738,30.10132217732233,0.0024883850853670516,0.03138598786805991,0.012139409750332557,0.0051677619708395415
/mnt/hum01-rds/Nikolaev_Dmitry/flos-code/model_selection_data/runs/he_she_odds_results__google_gemma-3-12b-pt__dea67b94,he_she_odds_results__google_gemma-3-12b-pt__dea67b94,/mnt/hum01-rds/Nikolaev_Dmitry/flos-code/modelling_data/he_she_odds_results__google_gemma-3-12b-pt.csv,google_gemma-3-12b-pt,selected_mixed_random_slopes__candidate__0__C_syntactic_role_log_frequency,/mnt/hum01-rds/Nikolaev_Dmitry/flos-code/model_selection_data/runs/he_she_odds_results__google_gemma-3-12b-pt__dea67b94/models/selected_mixed_random_slopes__candidate__0__C_syntactic_role_log_frequency,random_slopes,log_he_she_odds ~ C(tense) + C(semantic_role) + C(syntactic_role) + C(valence) + C(dominance) + log_frequency + lex_emb_norm + C(tense):C(semantic_role) + C(tense):C(syntactic_role) + C(tense):C(valence) + C(tense):C(dominance) + C(tense):log_frequency + C(tense):lex_emb_norm + C(semantic_role):C(syntactic_role) + C(semantic_role):C(valence) + C(semantic_role):C(dominance) + C(semantic_role):log_frequency + C(semantic_role):lex_emb_norm + C(syntactic_role):C(valence) + C(syntactic_role):C(dominance) + C(syntactic_role):lex_emb_norm + C(valence):C(dominance) + C(valence):log_frequency + C(valence):lex_emb_norm + C(dominance):log_frequency + C(dominance):lex_emb_norm + log_frequency:lex_emb_norm,1 + C(semantic_role) + C(syntactic_role) + C(valence) + C(dominance),profession,lbfgs,True,1,['ConvergenceWarning: The MLE may be on the boundary of the parameter space.'],True,10767.491825857956,11321.902383111259,-5311.745912928978,16320,0.10831116002247058,0.04890221077738111,0.95592476013134,1.2622547923972706e-29,0.0328787521706974,0.0023749747213331323,0.04118338903284909,0.016214374492713818,0.024842717440548175,0.0013611978441129386,0.001121689375992767,0.0007295579267077116,0.0005468818447568397,0.0032444047627826944,0.00026816911365725436,0.00016891355759910938,4.966881517338661e-05,0.0013201412616319656,0.0004345299586103652,20.344890640055773,0.02693186242332937,0.00017999649163426629,,0.0002222193963240929,0.0005780241558240613,2.387409726608394,0.05276778557060975,0.008617032434909109,0.02193098377120719,0.006536208335957828,0.031237957728900163,30.174135392624805,0.002495869581504012,0.03238517320504164,0.012253642428921081,0.005081436940320936
/mnt/hum01-rds/Nikolaev_Dmitry/flos-code/model_selection_data/runs/he_she_odds_results__google_gemma-3-12b-pt__dea67b94,he_she_odds_results__google_gemma-3-12b-pt__dea67b94,/mnt/hum01-rds/Nikolaev_Dmitry/flos-code/modelling_data/he_she_odds_results__google_gemma-3-12b-pt.csv,google_gemma-3-12b-pt,selected_mixed_random_slopes__candidate__0__C_valence_lex_emb_norm,/mnt/hum01-rds/Nikolaev_Dmitry/flos-code/model_selection_data/runs/he_she_odds_results__google_gemma-3-12b-pt__dea67b94/models/selected_mixed_random_slopes__candidate__0__C_valence_lex_emb_norm,random_slopes,log_he_she_odds ~ C(tense) + C(semantic_role) + C(syntactic_role) + C(valence) + C(dominance) + log_frequency + lex_emb_norm + C(tense):C(semantic_role) + C(tense):C(syntactic_role) + C(tense):C(valence) + C(tense):C(dominance) + C(tense):log_frequency + C(tense):lex_emb_norm + C(semantic_role):C(syntactic_role) + C(semantic_role):C(valence) + C(semantic_role):C(dominance) + C(semantic_role):log_frequency + C(semantic_role):lex_emb_norm + C(syntactic_role):C(valence) + C(syntactic_role):C(dominance) + C(syntactic_role):log_frequency + C(syntactic_role):lex_emb_norm + C(valence):C(dominance) + C(valence):log_frequency + C(dominance):log_frequency + C(dominance):lex_emb_norm + log_frequency:lex_emb_norm,1 + C(semantic_role) + C(syntactic_role) + C(valence) + C(dominance),profession,lbfgs,True,1,['ConvergenceWarning: The MLE may be on the boundary of the parameter space.'],True,10767.763833995064,11322.174391248367,-5311.881916997532,16320,0.10831143723872838,0.03881952657345758,0.9558393881855147,3.1556369809931764e-30,0.032878752170688,0.0013879932219186787,0.030707162447578686,0.0039062763495470365,0.026018716128687086,0.0013611978441128848,0.001121689375992773,0.0007295579267077327,0.0005468818447568387,0.0032444047627826844,0.0002681691136572573,0.00016891355759911597,4.966881517338242e-05,0.0013201412616319539,0.00043452995861035615,20.323993549011924,0.02693186242332644,0.00020982049792288778,0.002576698902831881,0.0009317696778292521,0.0007975220842997938,1.995536980297924,0.05276778557059389,0.006420057927745581,0.028244905840521115,,0.03403379175720848,30.188094686484813,0.00250636770885943,0.03174185200886131,0.012652840350937788,0.005080214929893393
/mnt/hum01-rds/Nikolaev_Dmitry/flos-code/model_selection_data/runs/he_she_odds_results__google_gemma-3-12b-pt__dea67b94,he_she_odds_results__google_gemma-3-12b-pt__dea67b94,/mnt/hum01-rds/Nikolaev_Dmitry/flos-code/modelling_data/he_she_odds_results__google_gemma-3-12b-pt.csv,google_gemma-3-12b-pt,selected_mixed_random_slopes,/mnt/hum01-rds/Nikolaev_Dmitry/flos-code/model_selection_data/runs/he_she_odds_results__google_gemma-3-12b-pt__dea67b94/models/selected_mixed_random_slopes,random_slopes,log_he_she_odds ~ C(tense) + C(semantic_role) + C(syntactic_role) + C(valence) + C(dominance) + log_frequency + lex_emb_norm + C(tense):C(semantic_role) + C(tense):C(syntactic_role) + C(tense):C(valence) + C(tense):C(dominance) + C(tense):log_frequency + C(tense):lex_emb_norm + C(semantic_role):C(syntactic_role) + C(semantic_role):C(valence) + C(semantic_role):C(dominance) + C(semantic_role):log_frequency + C(semantic_role):lex_emb_norm + C(syntactic_role):C(valence) + C(syntactic_role):C(dominance) + C(syntactic_role):log_frequency + C(syntactic_role):lex_emb_norm + C(valence):C(dominance) + C(valence):log_frequency + C(valence):lex_emb_norm + C(dominance):log_frequency + C(dominance):lex_emb_norm + log_frequency:lex_emb_norm,1 + C(semantic_role) + C(syntactic_role) + C(valence) + C(dominance),profession,lbfgs,True,1,['ConvergenceWarning: The MLE may be on the boundary of the parameter space.'],True,10768.416636138398,11330.527340020219,-5311.208318069199,16320,0.1083113611479399,0.04929738131544537,0.9555753394071476,1.2622547923972706e-29,0.03287875217069866,0.0027232882288521134,0.05895568179423763,0.019928138833085873,0.02521309995525683,0.0013611978441130253,0.0011216893759927779,0.000729557926707713,0.0005468818447568267,0.00324440476278264,0.00026816911365725284,0.0001689135575991182,4.966881517338256e-05,0.0013201412616319413,0.0004345299586103327,18.48899510062988,0.026931862423329112,3.028017224848483e-05,0.00835717067903051,0.00028244270793314824,0.0007142865603463904,2.8853792257917954,0.05276778557061078,0.010785622806560832,0.07587968613771669,0.01563310929418339,0.032573839807006,30.181152804433793,0.002487002586727259,0.03139003304576136,0.01213041414530548,0.005078724590027748
/mnt/hum01-rds/Nikolaev_Dmitry/flos-code/model_selection_data/runs/he_she_odds_results__google_gemma-3-12b-pt__dea67b94,he_she_odds_results__google_gemma-3-12b-pt__dea67b94,/mnt/hum01-rds/Nikolaev_Dmitry/flos-code/modelling_data/he_she_odds_results__google_gemma-3-12b-pt.csv,google_gemma-3-12b-pt,selected_mixed_random_slopes__full,/mnt/hum01-rds/Nikolaev_Dmitry/flos-code/model_selection_data/runs/he_she_odds_results__google_gemma-3-12b-pt__dea67b94/models/selected_mixed_random_slopes__full,random_slopes,log_he_she_odds ~ C(tense) + C(semantic_role) + C(syntactic_role) + C(valence) + C(dominance) + log_frequency + lex_emb_norm + C(tense):C(semantic_role) + C(tense):C(syntactic_role) + C(tense):C(valence) + C(tense):C(dominance) + C(tense):log_frequency + C(tense):lex_emb_norm + C(semantic_role):C(syntactic_role) + C(semantic_role):C(valence) + C(semantic_role):C(dominance) + C(semantic_role):log_frequency + C(semantic_role):lex_emb_norm + C(syntactic_role):C(valence) + C(syntactic_role):C(dominance) + C(syntactic_role):log_frequency + C(syntactic_role):lex_emb_norm + C(valence):C(dominance) + C(valence):log_frequency + C(valence):lex_emb_norm + C(dominance):log_frequency + C(dominance):lex_emb_norm + log_frequency:lex_emb_norm,1 + C(semantic_role) + C(syntactic_role) + C(valence) + C(dominance),profession,lbfgs,True,1,['ConvergenceWarning: The MLE may be on the boundary of the parameter space.'],True,10768.416636138398,11330.527340020219,-5311.208318069199,16320,0.1083113611479399,0.04929738131544537,0.9555753394071476,1.2622547923972706e-29,0.03287875217069866,0.0027232882288521134,0.05895568179423763,0.019928138833085873,0.02521309995525683,0.0013611978441130253,0.0011216893759927779,0.000729557926707713,0.0005468818447568267,0.00324440476278264,0.00026816911365725284,0.0001689135575991182,4.966881517338256e-05,0.0013201412616319413,0.0004345299586103327,18.48899510062988,0.026931862423329112,3.028017224848483e-05,0.00835717067903051,0.00028244270793314824,0.0007142865603463904,2.8853792257917954,0.05276778557061078,0.010785622806560832,0.07587968613771669,0.01563310929418339,0.032573839807006,30.181152804433793,0.002487002586727259,0.03139003304576136,0.01213041414530548,0.005078724590027748
/mnt/hum01-rds/Nikolaev_Dmitry/flos-code/model_selection_data/runs/he_she_odds_results__google_gemma-3-12b-pt__dea67b94,he_she_odds_results__google_gemma-3-12b-pt__dea67b94,/mnt/hum01-rds/Nikolaev_Dmitry/flos-code/modelling_data/he_she_odds_results__google_gemma-3-12b-pt.csv,google_gemma-3-12b-pt,selected_mixed_random_slopes__candidate__0__log_frequency_lex_emb_norm,/mnt/hum01-rds/Nikolaev_Dmitry/flos-code/model_selection_data/runs/he_she_odds_results__google_gemma-3-12b-pt__dea67b94/models/selected_mixed_random_slopes__candidate__0__log_frequency_lex_emb_norm,random_slopes,log_he_she_odds ~ C(tense) + C(semantic_role) + C(syntactic_role) + C(valence) + C(dominance) + log_frequency + lex_emb_norm + C(tense):C(semantic_role) + C(tense):C(syntactic_role) + C(tense):C(valence) + C(tense):C(dominance) + C(tense):log_frequency + C(tense):lex_emb_norm + C(semantic_role):C(syntactic_role) + C(semantic_role):C(valence) + C(semantic_role):C(dominance) + C(semantic_role):log_frequency + C(semantic_role):lex_emb_norm + C(syntactic_role):C(valence) + C(syntactic_role):C(dominance) + C(syntactic_role):log_frequency + C(syntactic_role):lex_emb_norm + C(valence):C(dominance) + C(valence):log_frequency + C(valence):lex_emb_norm + C(dominance):log_frequency + C(dominance):lex_emb_norm,1 + C(semantic_role) + C(syntactic_role) + C(valence) + C(dominance),profession,lbfgs,True,1,['ConvergenceWarning: The MLE may be on the boundary of the parameter space.'],True,10768.555046863272,11322.965604116574,-5312.277523431636,16320,0.10831109995920937,0.022638135277839637,0.9544494216106322,7.889092452482941e-31,0.032878752170692895,0.002723288228219933,0.05895568178305594,0.019928138827670683,0.02521309995759271,0.001361197844112923,0.0011216893759927635,0.0007295579267077168,0.0005468818447568308,0.0032444047627827465,0.0002681691136572644,0.00016891355759912125,4.966881517338391e-05,0.0013201412616319376,0.00043452995861035354,0.00445585535036122,0.02693186242332554,3.0280172275097923e-05,0.008357170677332349,0.00028244270767096284,0.0007142865605075185,0.07615772792208403,0.05276778557059955,0.010785622805494596,0.07587968612680883,0.015633109290087124,0.03257383980925909,,0.0024906536275741777,0.031387366023979256,0.012138363168729025,0.0050752457578350195
/mnt/hum01-rds/Nikolaev_Dmitry/flos-code/model_selection_data/runs/he_she_odds_results__google_gemma-3-12b-pt__dea67b94,he_she_odds_results__google_gemma-3-12b-pt__dea67b94,/mnt/hum01-rds/Nikolaev_Dmitry/flos-code/modelling_data/he_she_odds_results__google_gemma-3-12b-pt.csv,google_gemma-3-12b-pt,selected_mixed_random_slopes__candidate__0__C_syntactic_role_C_valence,/mnt/hum01-rds/Nikolaev_Dmitry/flos-code/model_selection_data/runs/he_she_odds_results__google_gemma-3-12b-pt__dea67b94/models/selected_mixed_random_slopes__candidate__0__C_syntactic_role_C_valence,random_slopes,log_he_she_odds ~ C(tense) + C(semantic_role) + C(syntactic_role) + C(valence) + C(dominance) + log_frequency + lex_emb_norm + C(tense):C(semantic_role) + C(tense):C(syntactic_role) + C(tense):C(valence) + C(tense):C(dominance) + C(tense):log_frequency + C(tense):lex_emb_norm + C(semantic_role):C(syntactic_role) + C(semantic_role):C(valence) + C(semantic_role):C(dominance) + C(semantic_role):log_frequency + C(semantic_role):lex_emb_norm + C(syntactic_role):C(dominance) + C(syntactic_role):log_frequency + C(syntactic_role):lex_emb_norm + C(valence):C(dominance) + C(valence):log_frequency + C(valence):lex_emb_norm + C(dominance):log_frequency + C(dominance):lex_emb_norm + log_frequency:lex_emb_norm,1 + C(semantic_role) + C(syntactic_role) + C(valence) + C(dominance),profession,lbfgs,True,1,['ConvergenceWarning: The MLE may be on the boundary of the parameter space.'],True,10768.910928746627,11323.32148599993,-5312.455464373314,16320,0.10832802024757268,0.04928304799388776,0.9555732190199058,0.0,0.03287875217069332,0.002723288228226619,0.06094817964068586,0.018795894539922888,0.025213099957601678,0.0013611978441129503,0.0011216893759927753,0.0007295579267077173,0.0005468818447568333,0.0032444047627827387,0.0002681691136572914,0.0001689135575991187,,0.001320141261631964,0.00043452995861034005,18.487398130262676,0.026931862423325466,3.028017229783316e-05,0.008357170675970289,0.00028244270745391787,0.0007142865606427848,2.8851736827479653,0.052767785570600204,0.010785622805129645,0.07587968612361776,0.015633109288708733,0.03257383981007206,30.178585782476766,0.0024870256002007016,0.031390290644567165,0.012130799464762669,0.00507864300578946
/mnt/hum01-rds/Nikolaev_Dmitry/flos-code/model_selection_data/runs/he_she_odds_results__google_gemma-3-12b-pt__dea67b94,he_she_odds_results__google_gemma-3-12b-pt__dea67b94,/mnt/hum01-rds/Nikolaev_Dmitry/flos-code/modelling_data/he_she_odds_results__google_gemma-3-12b-pt.csv,google_gemma-3-12b-pt,selected_mixed_random_slopes__candidate__0__C_syntactic_role_lex_emb_norm,/mnt/hum01-rds/Nikolaev_Dmitry/flos-code/model_selection_data/runs/he_she_odds_results__google_gemma-3-12b-pt__dea67b94/models/selected_mixed_random_slopes__candidate__0__C_syntactic_role_lex_emb_norm,random_slopes,log_he_she_odds ~ C(tense) + C(semantic_role) + C(syntactic_role) + C(valence) + C(dominance) + log_frequency + lex_emb_norm + C(tense):C(semantic_role) + C(tense):C(syntactic_role) + C(tense):C(valence) + C(tense):C(dominance) + C(tense):log_frequency + C(tense):lex_emb_norm + C(semantic_role):C(syntactic_role) + C(semantic_role):C(valence) + C(semantic_role):C(dominance) + C(semantic_role):log_frequency + C(semantic_role):lex_emb_norm + C(syntactic_role):C(valence) + C(syntactic_role):C(dominance) + C(syntactic_role):log_frequency + C(valence):C(dominance) + C(valence):log_frequency + C(valence):lex_emb_norm + C(dominance):log_frequency + C(dominance):lex_emb_norm + log_frequency:lex_emb_norm,1 + C(semantic_role) + C(syntactic_role) + C(valence) + C(dominance),profession,lbfgs,True,1,['ConvergenceWarning: The MLE may be on the boundary of the parameter space.'],True,10769.010022796225,11323.420580049527,-5312.505011398112,16320,0.10831119563802964,0.03901927216627988,0.9559477679183676,3.1556369809931764e-30,0.03287875217068833,0.0013834712002924316,0.004829504029542032,0.00657083795653854,0.023617610215311557,0.0013611978441128662,0.0011216893759927683,0.0007295579267077294,0.0005468818447568263,0.0032444047627826897,0.00026816911365725837,0.00016891355759912196,4.966881517338461e-05,0.0013201412616319274,0.0004345299586103437,20.619954714332078,0.026931862423325265,0.0002108805271174453,0.00016534434023300658,0.00037472206903209067,0.000559510781126395,1.8695412039309045,0.052767785570593084,0.0064045971340389325,,0.0008702438083141471,0.029710254443599208,30.185751363036317,0.0025072112837922927,0.033910347628686076,0.01243552492087037,0.005081624213032591
/mnt/hum01-rds/Nikolaev_Dmitry/flos-code/model_selection_data/runs/he_she_odds_results__google_gemma-3-12b-pt__dea67b94,he_she_odds_results__google_gemma-3-12b-pt__dea67b94,/mnt/hum01-rds/Nikolaev_Dmitry/flos-code/modelling_data/he_she_odds_results__google_gemma-3-12b-pt.csv,google_gemma-3-12b-pt,selected_mixed_random_slopes__candidate__0__C_semantic_role_lex_emb_norm,/mnt/hum01-rds/Nikolaev_Dmitry/flos-code/model_selection_data/runs/he_she_odds_results__google_gemma-3-12b-pt__dea67b94/models/selected_mixed_random_slopes__candidate__0__C_semantic_role_lex_emb_norm,random_slopes,log_he_she_odds ~ C(tense) + C(semantic_role) + C(syntactic_role) + C(valence) + C(dominance) + log_frequency + lex_emb_norm + C(tense):C(semantic_role) + C(tense):C(syntactic_role) + C(tense):C(valence) + C(tense):C(dominance) + C(tense):log_frequency + C(tense):lex_emb_norm + C(semantic_role):C(syntactic_role) + C(semantic_role):C(valence) + C(semantic_role):C(dominance) + C(semantic_role):log_frequency + C(syntactic_role):C(valence) + C(syntactic_role):C(dominance) + C(syntactic_role):log_frequency + C(syntactic_role):lex_emb_norm + C(valence):C(dominance) + C(valence):log_frequency + C(valence):lex_emb_norm + C(dominance):log_frequency + C(dominance):lex_emb_norm + log_frequency:lex_emb_norm,1 + C(semantic_role) + C(syntactic_role) + C(valence) + C(dominance),profession,lbfgs,True,1,['ConvergenceWarning: The MLE may be on the boundary of the parameter space.'],True,10769.877457743976,11324.288014997279,-5312.938728871988,16320,0.10831145798971838,0.03887764631848966,0.9558460013333966,0.0,0.032878752170687434,0.00017310020787751377,0.03574490073221203,0.008741426638557865,0.02942826574086999,0.0013611978441128555,0.001121689375992763,0.0007295579267077359,0.0005468818447568318,0.0032444047627827014,0.00026816911365724606,0.00016891355759912296,4.966881517337786e-05,0.0013201412616319639,0.0004345299586103526,20.410364518628615,0.026931862423324068,0.0020085223535776992,0.0034906080428985403,0.00014104234047122662,0.0011836057865144982,1.955994818850651,0.05276778557059103,,0.03611570002298861,0.002426922755653748,0.04030595883466602,30.180871209839374,0.002851254612979671,0.03159563386912251,0.012317162712813013,0.005093296179914944
/mnt/hum01-rds/Nikolaev_Dmitry/flos-code/model_selection_data/runs/he_she_odds_results__google_gemma-3-12b-pt__dea67b94,he_she_odds_results__google_gemma-3-12b-pt__dea67b94,/mnt/hum01-rds/Nikolaev_Dmitry/flos-code/modelling_data/he_she_odds_results__google_gemma-3-12b-pt.csv,google_gemma-3-12b-pt,selected_mixed_random_slopes__candidate__0__C_dominance_lex_emb_norm,/mnt/hum01-rds/Nikolaev_Dmitry/flos-code/model_selection_data/runs/he_she_odds_results__google_gemma-3-12b-pt__dea67b94/models/selected_mixed_random_slopes__candidate__0__C_dominance_lex_emb_norm,random_slopes,log_he_she_odds ~ C(tense) + C(semantic_role) + C(syntactic_role) + C(valence) + C(dominance) + log_frequency + lex_emb_norm + C(tense):C(semantic_role) + C(tense):C(syntactic_role) + C(tense):C(valence) + C(tense):C(dominance) + C(tense):log_frequency + C(tense):lex_emb_norm + C(semantic_role):C(syntactic_role) + C(semantic_role):C(valence) + C(semantic_role):C(dominance) + C(semantic_role):log_frequency + C(semantic_role):lex_emb_norm + C(syntactic_role):C(valence) + C(syntactic_role):C(dominance) + C(syntactic_role):log_frequency + C(syntactic_role):lex_emb_norm + C(valence):C(dominance) + C(valence):log_frequency + C(valence):lex_emb_norm + C(dominance):log_frequency + log_frequency:lex_emb_norm,1 + C(semantic_role) + C(syntactic_role) + C(valence) + C(dominance),profession,lbfgs,True,1,['ConvergenceWarning: The MLE may be on the boundary of the parameter space.'],True,10772.14228413513,11326.552841388433,-5314.071142067565,16320,0.10831141651136918,0.09633840153095032,0.9587935050014925,2.840073282893859e-29,0.032878752170689765,0.004192640416184129,0.050556053320811374,0.022225811990649165,0.0020459376888675137,0.0013611978441129438,0.0011216893759927698,0.0007295579267077235,0.0005468818447568356,0.003244404762782751,0.00026816911365727344,0.00016891355759912367,4.966881517337235e-05,0.0013201412616319788,0.0004345299586103746,16.54138955777377,0.02693186242332778,4.233038510642143e-06,0.006498130953307356,0.0004652176098811931,0.0017301671961653276,4.074239376352242,0.05276778557059723,0.01533270545941065,0.060967180036823374,0.018937706817368505,,30.175621743826742,0.002501077082286886,0.03137336476143969,0.012128479504749884,0.0061767649259284
/mnt/hum01-rds/Nikolaev_Dmitry/flos-code/model_selection_data/runs/he_she_odds_results__google_gemma-3-12b-pt__dea67b94,he_she_odds_results__google_gemma-3-12b-pt__dea67b94,/mnt/hum01-rds/Nikolaev_Dmitry/flos-code/modelling_data/he_she_odds_results__google_gemma-3-12b-pt.csv,google_gemma-3-12b-pt,selected_mixed_random_slopes__candidate__0__C_semantic_role_C_dominance,/mnt/hum01-rds/Nikolaev_Dmitry/flos-code/model_selection_data/runs/he_she_odds_results__google_gemma-3-12b-pt__dea67b94/models/selected_mixed_random_slopes__candidate__0__C_semantic_role_C_dominance,random_slopes,log_he_she_odds ~ C(tense) + C(semantic_role) + C(syntactic_role) + C(valence) + C(dominance) + log_frequency + lex_emb_norm + C(tense):C(semantic_role) + C(tense):C(syntactic_role) + C(tense):C(valence) + C(tense):C(dominance) + C(tense):log_frequency + C(tense):lex_emb_norm + C(semantic_role):C(syntactic_role) + C(semantic_role):C(valence) + C(semantic_role):log_frequency + C(semantic_role):lex_emb_norm + C(syntactic_role):C(valence) + C(syntactic_role):C(dominance) + C(syntactic_role):log_frequency + C(syntactic_role):lex_emb_norm + C(valence):C(dominance) + C(valence):log_frequency + C(valence):lex_emb_norm + C(dominance):log_frequency + C(dominance):lex_emb_norm + log_frequency:lex_emb_norm,1 + C(semantic_role) + C(syntactic_role) + C(valence) + C(dominance),profession,lbfgs,True,1,['ConvergenceWarning: The MLE may be on the boundary of the parameter space.'],True,10774.897658371774,11329.308215625077,-5315.448829185887,16320,0.1083682231677006,0.0492308977165771,0.9555658098974543,1.2622547923972706e-29,0.0328787521706876,0.0035627490131891755,0.05895568177618818,0.01992813882426173,0.0276523534670251,0.0013611978441128566,0.0011216893759927581,0.0007295579267077314,0.0005468818447568294,0.0032444047627827135,0.0002681691136572619,,4.966881517337852e-05,0.001320141261631958,0.00043452995861031885,18.469605756036362,0.026931862423322957,3.028017228930104e-05,0.008357170676514985,0.00028244270753856126,0.0007142865605911336,2.8828835603914507,0.0527677855705902,0.010785622803947287,0.07587968611176533,0.01563310928422796,0.032573839812570435,30.149985651042503,0.0024903678417164798,0.03135408866254302,0.012134319470924755,0.005078842246385013
/mnt/hum01-rds/Nikolaev_Dmitry/flos-code/model_selection_data/runs/he_she_odds_results__google_gemma-3-12b-pt__dea67b94,he_she_odds_results__google_gemma-3-12b-pt__dea67b94,/mnt/hum01-rds/Nikolaev_Dmitry/flos-code/modelling_data/he_she_odds_results__google_gemma-3-12b-pt.csv,google_gemma-3-12b-pt,selected_mixed_random_slopes__candidate__0__C_semantic_role_C_valence,/mnt/hum01-rds/Nikolaev_Dmitry/flos-code/model_selection_data/runs/he_she_odds_results__google_gemma-3-12b-pt__dea67b94/models/selected_mixed_random_slopes__candidate__0__C_semantic_role_C_valence,random_slopes,log_he_she_odds ~ C(tense) + C(semantic_role) + C(syntactic_role) + C(valence) + C(dominance) + log_frequency + lex_emb_norm + C(tense):C(semantic_role) + C(tense):C(syntactic_role) + C(tense):C(valence) + C(tense):C(dominance) + C(tense):log_frequency + C(tense):lex_emb_norm + C(semantic_role):C(syntactic_role) + C(semantic_role):C(dominance) + C(semantic_role):log_frequency + C(semantic_role):lex_emb_norm + C(syntactic_role):C(valence) + C(syntactic_role):C(dominance) + C(syntactic_role):log_frequency + C(syntactic_role):lex_emb_norm + C(valence):C(dominance) + C(valence):log_frequency + C(valence):lex_emb_norm + C(dominance):log_frequency + C(dominance):lex_emb_norm + log_frequency:lex_emb_norm,1 + C(semantic_role) + C(syntactic_role) + C(valence) + C(dominance),profession,lbfgs,True,1,['ConvergenceWarning: The MLE may be on the boundary of the parameter space.'],True,10779.879082674597,11334.2896399279,-5317.939541337299,16320,0.10840149607514485,0.04922338874144329,0.9555733784102111,2.840073282893859e-29,0.03287875217069654,0.0018258974510955593,0.05895568179975412,0.022686888345768142,0.02521309995412684,0.0013611978441129369,0.0011216893759927692,0.0007295579267077257,0.0005468818447568317,0.0032444047627826827,,0.00016891355759911846,4.9668815173387985e-05,0.0013201412616319515,0.00043452995861038255,18.49000194742696,0.02693186242332894,3.0280172247330065e-05,0.008357170679139837,0.0002824427079464407,0.0007142865603398719,2.8855088141974656,0.05276778557060836,0.010785622807270802,0.07587968614507808,0.015633109296941096,0.03257383980547772,30.182771240550295,0.0024877556796008664,0.03135064837862691,0.012127076177609854,0.005080007673116628
/mnt/hum01-rds/Nikolaev_Dmitry/flos-code/model_selection_data/runs/he_she_odds_results__google_gemma-3-12b-pt__dea67b94,he_she_odds_results__google_gemma-3-12b-pt__dea67b94,/mnt/hum01-rds/Nikolaev_Dmitry/flos-code/modelling_data/he_she_odds_results__google_gemma-3-12b-pt.csv,google_gemma-3-12b-pt,selected_mixed_random_slopes__candidate__0__C_valence_C_dominance,/mnt/hum01-rds/Nikolaev_Dmitry/flos-code/model_selection_data/runs/he_she_odds_results__google_gemma-3-12b-pt__dea67b94/models/selected_mixed_random_slopes__candidate__0__C_valence_C_dominance,random_slopes,log_he_she_odds ~ C(tense) + C(semantic_role) + C(syntactic_role) + C(valence) + C(dominance) + log_frequency + lex_emb_norm + C(tense):C(semantic_role) + C(tense):C(syntactic_role) + C(tense):C(valence) + C(tense):C(dominance) + C(tense):log_frequency + C(tense):lex_emb_norm + C(semantic_role):C(syntactic_role) + C(semantic_role):C(valence) + C(semantic_role):C(dominance) + C(semantic_role):log_frequency + C(semantic_role):lex_emb_norm + C(syntactic_role):C(valence) + C(syntactic_role):C(dominance) + C(syntactic_role):log_frequency + C(syntactic_role):lex_emb_norm + C(valence):log_frequency + C(valence):lex_emb_norm + C(dominance):log_frequency + C(dominance):lex_emb_norm + log_frequency:lex_emb_norm,1 + C(semantic_role) + C(syntactic_role) + C(valence) + C(dominance),profession,lbfgs,True,1,['ConvergenceWarning: The MLE may be on the boundary of the parameter space.'],True,10788.225034959236,11342.635592212539,-5322.112517479618,16320,0.10845752168617365,0.0491911730064495,0.9555523230279429,0.0,0.03287875217069151,0.0027232882285412666,0.05895568178891324,0.016675066447457358,0.029179957976837895,0.0013611978441129995,0.001121689375992773,0.0007295579267077248,0.0005468818447568354,0.0032444047627826745,0.0002681691136572741,0.00016891355759912125,4.966881517337813e-05,0.001320141261631938,,18.484907274390086,0.026931862423328245,3.028017223035671e-05,0.008357170680236496,0.0002824427081115979,0.0007142865602391067,2.8848530878325813,0.05276778557059987,0.010785622806842098,0.07587968614083368,0.015633109295307198,0.03257383980637864,30.17458190243101,0.0024868249748390293,0.03135446037351459,0.0121284867074956,0.0050797569103886685
/mnt/hum01-rds/Nikolaev_Dmitry/flos-code/model_selection_data/runs/he_she_odds_results__google_gemma-3-12b-pt__dea67b94,he_she_odds_results__google_gemma-3-12b-pt__dea67b94,/mnt/hum01-rds/Nikolaev_Dmitry/flos-code/modelling_data/he_she_odds_results__google_gemma-3-12b-pt.csv,google_gemma-3-12b-pt,selected_mixed_random_slopes__candidate__0__C_tense_C_semantic_role,/mnt/hum01-rds/Nikolaev_Dmitry/flos-code/model_selection_data/runs/he_she_odds_results__google_gemma-3-12b-pt__dea67b94/models/selected_mixed_random_slopes__candidate__0__C_tense_C_semantic_role,random_slopes,log_he_she_odds ~ C(tense) + C(semantic_role) + C(syntactic_role) + C(valence) + C(dominance) + log_frequency + lex_emb_norm + C(tense):C(syntactic_role) + C(tense):C(valence) + C(tense):C(dominance) + C(tense):log_frequency + C(tense):lex_emb_norm + C(semantic_role):C(syntactic_role) + C(semantic_role):C(valence) + C(semantic_role):C(dominance) + C(semantic_role):log_frequency + C(semantic_role):lex_emb_norm + C(syntactic_role):C(valence) + C(syntactic_role):C(dominance) + C(syntactic_role):log_frequency + C(syntactic_role):lex_emb_norm + C(valence):C(dominance) + C(valence):log_frequency + C(valence):lex_emb_norm + C(dominance):log_frequency + C(dominance):lex_emb_norm + log_frequency:lex_emb_norm,1 + C(semantic_role) + C(syntactic_role) + C(valence) + C(dominance),profession,lbfgs,True,1,['ConvergenceWarning: The MLE may be on the boundary of the parameter space.'],True,10799.000359475118,11322.61033021435,-5331.500179737559,16320,0.10858402492477068,0.04915099759393105,0.9554863419133931,3.1556369809931764e-30,0.03249321270259537,0.006537081541056084,0.058955681785490016,0.019928138828873287,0.02521309995706108,,0.0011216893759927646,0.0007295579267077315,0.0005468818447568322,0.0032444047627826745,0.0002681691136572601,0.0001689135575991117,4.966881517337764e-05,0.0013201412616319322,0.00043452995861035626,18.481718530695595,0.026931862423325577,3.0280172275184445e-05,0.008357170677320235,0.000282442707674835,0.0007142865605018387,2.8844426616593006,0.052767785570592,0.010785622805226538,0.07587968612406862,0.015633109289109538,0.03257383980976717,30.169456204234233,0.0024856254315619697,0.03131934856706063,0.012117948761788861,0.005076599896984829
/mnt/hum01-rds/Nikolaev_Dmitry/flos-code/model_selection_data/runs/he_she_odds_results__google_gemma-3-12b-pt__dea67b94,he_she_odds_results__google_gemma-3-12b-pt__dea67b94,/mnt/hum01-rds/Nikolaev_Dmitry/flos-code/modelling_data/he_she_odds_results__google_gemma-3-12b-pt.csv,google_gemma-3-12b-pt,selected_mixed_random_slopes__candidate__0__C_tense_C_dominance,/mnt/hum01-rds/Nikolaev_Dmitry/flos-code/model_selection_data/runs/he_she_odds_results__google_gemma-3-12b-pt__dea67b94/models/selected_mixed_random_slopes__candidate__0__C_tense_C_dominance,random_slopes,log_he_she_odds ~ C(tense) + C(semantic_role) + C(syntactic_role) + C(valence) + C(dominance) + log_frequency + lex_emb_norm + C(tense):C(semantic_role) + C(tense):C(syntactic_role) + C(tense):C(valence) + C(tense):log_frequency + C(tense):lex_emb_norm + C(semantic_role):C(syntactic_role) + C(semantic_role):C(valence) + C(semantic_role):C(dominance) + C(semantic_role):log_frequency + C(semantic_role):lex_emb_norm + C(syntactic_role):C(valence) + C(syntactic_role):C(dominance) + C(syntactic_role):log_frequency + C(syntactic_role):lex_emb_norm + C(valence):C(dominance) + C(valence):log_frequency + C(valence):lex_emb_norm + C(dominance):log_frequency + C(dominance):lex_emb_norm + log_frequency:lex_emb_norm,1 + C(semantic_role) + C(syntactic_role) + C(valence) + C(dominance),profession,lbfgs,True,1,['ConvergenceWarning: The MLE may be on the boundary of the parameter space.'],True,10799.525946420501,11323.135917159732,-5331.7629732102505,16320,0.10858748209590592,0.049160862912253966,0.9554823685508098,1.2622547923972706e-29,0.03269183038368253,0.002723288228204783,0.05895568178305984,0.019928138827527763,0.02543605555300837,0.001361197844112853,0.0011216893759927722,0.000729557926707706,,0.0032444047627827022,0.0002681691136572783,0.00016891355759911554,4.9668815173386745e-05,0.0013201412616319563,0.0004345299586103233,18.48756868760296,0.026931862423326902,3.0280172235275695e-05,0.00835717067992678,0.0002824427080598642,0.0007142865602756032,2.8851956354486754,0.052767785570606324,0.010785622806494165,0.0758796861373886,0.015633109293903175,0.03257383980725853,30.17885994425882,0.0024860726486691546,0.03132812146415548,0.01211885664712042,0.0050763663229439525
/mnt/hum01-rds/Nikolaev_Dmitry/flos-code/model_selection_data/runs/he_she_odds_results__google_gemma-3-12b-pt__dea67b94,he_she_odds_results__google_gemma-3-12b-pt__dea67b94,/mnt/hum01-rds/Nikolaev_Dmitry/flos-code/modelling_data/he_she_odds_results__google_gemma-3-12b-pt.csv,google_gemma-3-12b-pt,selected_mixed_random_slopes__candidate__0__C_tense_C_valence,/mnt/hum01-rds/Nikolaev_Dmitry/flos-code/model_selection_data/runs/he_she_odds_results__google_gemma-3-12b-pt__dea67b94/models/selected_mixed_random_slopes__candidate__0__C_tense_C_valence,random_slopes,log_he_she_odds ~ C(tense) + C(semantic_role) + C(syntactic_role) + C(valence) + C(dominance) + log_frequency + lex_emb_norm + C(tense):C(semantic_role) + C(tense):C(syntactic_role) + C(tense):C(dominance) + C(tense):log_frequency + C(tense):lex_emb_norm + C(semantic_role):C(syntactic_role) + C(semantic_role):C(valence) + C(semantic_role):C(dominance) + C(semantic_role):log_frequency + C(semantic_role):lex_emb_norm + C(syntactic_role):C(valence) + C(syntactic_role):C(dominance) + C(syntactic_role):log_frequency + C(syntactic_role):lex_emb_norm + C(valence):C(dominance) + C(valence):log_frequency + C(valence):lex_emb_norm + C(dominance):log_frequency + C(dominance):lex_emb_norm + log_frequency:lex_emb_norm,1 + C(semantic_role) + C(syntactic_role) + C(valence) + C(dominance),profession,lbfgs,True,1,['ConvergenceWarning: The MLE may be on the boundary of the parameter space.'],True,10812.892160616175,11336.502131355406,-5338.446080308087,16320,0.1086772165389185,0.04913407149292422,0.955439698147071,2.840073282893859e-29,0.038935190676130924,0.0027232882279009476,0.05895568177758987,0.020578067419741258,0.025213099958757715,0.0013611978441129542,0.001121689375992771,,0.0005468818447568313,0.003244404762782681,0.0002681691136572557,0.00016891355759914096,4.966881517338808e-05,0.001320141261631924,0.0004345299586103569,18.489777438263836,0.026931862423322094,3.0280172324056363e-05,0.00835717067428324,0.00028244270720343453,0.0007142865607914485,2.8854799172684595,0.052767785570588664,0.010785622804192345,0.07587968611391414,0.01563310928518947,0.03257383981195093,30.182410354687278,0.002484516562616088,0.03134647958152113,0.012129974990427145,0.005077997422446608
/mnt/hum01-rds/Nikolaev_Dmitry/flos-code/model_selection_data/runs/he_she_odds_results__google_gemma-3-12b-pt__dea67b94,he_she_odds_results__google_gemma-3-12b-pt__dea67b94,/mnt/hum01-rds/Nikolaev_Dmitry/flos-code/modelling_data/he_she_odds_results__google_gemma-3-12b-pt.csv,google_gemma-3-12b-pt,selected_mixed_random_slopes__candidate__0__C_tense_lex_emb_norm,/mnt/hum01-rds/Nikolaev_Dmitry/flos-code/model_selection_data/runs/he_she_odds_results__google_gemma-3-12b-pt__dea67b94/models/selected_mixed_random_slopes__candidate__0__C_tense_lex_emb_norm,random_slopes,log_he_she_odds ~ C(tense) + C(semantic_role) + C(syntactic_role) + C(valence) + C(dominance) + log_frequency + lex_emb_norm + C(tense):C(semantic_role) + C(tense):C(syntactic_role) + C(tense):C(valence) + C(tense):C(dominance) + C(tense):log_frequency + C(semantic_role):C(syntactic_role) + C(semantic_role):C(valence) + C(semantic_role):C(dominance) + C(semantic_role):log_frequency + C(semantic_role):lex_emb_norm + C(syntactic_role):C(valence) + C(syntactic_role):C(dominance) + C(syntactic_role):log_frequency + C(syntactic_role):lex_emb_norm + C(valence):C(dominance) + C(valence):log_frequency + C(valence):lex_emb_norm + C(dominance):log_frequency + C(dominance):lex_emb_norm + log_frequency:lex_emb_norm,1 + C(semantic_role) + C(syntactic_role) + C(valence) + C(dominance),profession,lbfgs,True,1,['ConvergenceWarning: The MLE may be on the boundary of the parameter space.'],True,10826.144325772737,11349.754296511968,-5345.0721628863685,16320,0.10876635941762443,0.0490755590306725,0.955421066940577,0.0,0.002235098810015475,0.002723288228499836,0.0589556817881427,0.019928138830069574,0.02521309995656472,0.0013611978441128777,0.0011216893759927657,0.0007295579267077298,0.0005468818447568321,0.0032444047627826333,0.00026816911365726726,0.00016891355759911085,4.966881517338595e-05,0.0013201412616319224,0.00043452995861032573,18.391551017855505,0.01371872929049695,3.02801722799594e-05,0.008357170677075445,0.00028244270762775407,0.0007142865605346137,2.9380189053835606,,0.010785622805767944,0.07587968612981268,0.015633109291147175,0.03257383980868067,30.179543710226138,0.0024848120243282285,0.031344365450099,0.012123050079439795,0.005077187467668422
/mnt/hum01-rds/Nikolaev_Dmitry/flos-code/model_selection_data/runs/he_she_odds_results__google_gemma-3-12b-pt__dea67b94,he_she_odds_results__google_gemma-3-12b-pt__dea67b94,/mnt/hum01-rds/Nikolaev_Dmitry/flos-code/modelling_data/he_she_odds_results__google_gemma-3-12b-pt.csv,google_gemma-3-12b-pt,selected_mixed_random_slopes__candidate__0__C_syntactic_role_C_dominance,/mnt/hum01-rds/Nikolaev_Dmitry/flos-code/model_selection_data/runs/he_she_odds_results__google_gemma-3-12b-pt__dea67b94/models/selected_mixed_random_slopes__candidate__0__C_syntactic_role_C_dominance,random_slopes,log_he_she_odds ~ C(tense) + C(semantic_role) + C(syntactic_role) + C(valence) + C(dominance) + log_frequency + lex_emb_norm + C(tense):C(semantic_role) + C(tense):C(syntactic_role) + C(tense):C(valence) + C(tense):C(dominance) + C(tense):log_frequency + C(tense):lex_emb_norm + C(semantic_role):C(syntactic_role) + C(semantic_role):C(valence) + C(semantic_role):C(dominance) + C(semantic_role):log_frequency + C(semantic_role):lex_emb_norm + C(syntactic_role):C(valence) + C(syntactic_role):log_frequency + C(syntactic_role):lex_emb_norm + C(valence):C(dominance) + C(valence):log_frequency + C(valence):lex_emb_norm + C(dominance):log_frequency + C(dominance):lex_emb_norm + log_frequency:lex_emb_norm,1 + C(semantic_role) + C(syntactic_role) + C(valence) + C(dominance),profession,lbfgs,True,1,['ConvergenceWarning: The MLE may be on the boundary of the parameter space.'],True,10832.581697801652,11386.992255054955,-5344.290848900826,16320,0.10875586940306724,0.049084062112500035,0.9554258789071813,1.2622547923972706e-29,0.0328787521706902,0.0027232882287951906,0.04920882040980846,0.019928138832591688,0.018991330114864046,0.0013611978441128816,0.0011216893759927635,0.0007295579267077384,0.0005468818447568272,0.0032444047627827014,0.00026816911365727474,0.00016891355759911814,4.966881517337871e-05,,0.0004345299586103434,18.491306910248248,0.026931862423328064,3.0280172251805936e-05,0.00835717067881094,0.0002824427078977498,0.0007142865603675683,2.8856767706498996,0.05276778557059838,0.010785622805725878,0.07587968612938152,0.01563310929096257,0.03257383980880417,30.184868876150517,0.002484406512425126,0.03134676953504582,0.012122799548744444,0.00507735685097105
/mnt/hum01-rds/Nikolaev_Dmitry/flos-code/model_selection_data/runs/he_she_odds_results__google_gemma-3-12b-pt__dea67b94,he_she_odds_results__google_gemma-3-12b-pt__dea67b94,/mnt/hum01-rds/Nikolaev_Dmitry/flos-code/modelling_data/he_she_odds_results__google_gemma-3-12b-pt.csv,google_gemma-3-12b-pt,selected_mixed_random_slopes__candidate__0__C_tense_C_syntactic_role,/mnt/hum01-rds/Nikolaev_Dmitry/flos-code/model_selection_data/runs/he_she_odds_results__google_gemma-3-12b-pt__dea67b94/models/selected_mixed_random_slopes__candidate__0__C_tense_C_syntactic_role,random_slopes,log_he_she_odds ~ C(tense) + C(semantic_role) + C(syntactic_role) + C(valence) + C(dominance) + log_frequency + lex_emb_norm + C(tense):C(semantic_role) + C(tense):C(valence) + C(tense):C(dominance) + C(tense):log_frequency + C(tense):lex_emb_norm + C(semantic_role):C(syntactic_role) + C(semantic_role):C(valence) + C(semantic_role):C(dominance) + C(semantic_role):log_frequency + C(semantic_role):lex_emb_norm + C(syntactic_role):C(valence) + C(syntactic_role):C(dominance) + C(syntactic_role):log_frequency + C(syntactic_role):lex_emb_norm + C(valence):C(dominance) + C(valence):log_frequency + C(valence):lex_emb_norm + C(dominance):log_frequency + C(dominance):lex_emb_norm + log_frequency:lex_emb_norm,1 + C(semantic_role) + C(syntactic_role) + C(valence) + C(dominance),profession,lbfgs,True,1,['ConvergenceWarning: The MLE may be on the boundary of the parameter space.'],True,10842.55620935894,11366.166180098171,-5353.27810467947,16320,0.10887663725312159,0.049039144289370014,0.9553983618531332,1.2622547923972706e-29,0.031574833490576604,0.0027232882279852443,0.05962422256121822,0.01992813882569352,0.02521309995847904,0.0013611978441129087,,0.0007295579267077296,0.0005468818447568332,0.003244404762782719,0.00026816911365726677,0.00016891355759912082,4.96688151733794e-05,0.0013201412616319597,0.0004345299586103486,18.510893292200066,0.026931862423327735,3.028017232150378e-05,0.008357170674516114,0.0002824427072283023,0.0007142865607838173,2.8881975353558755,0.05276778557060192,0.010785622803944007,0.07587968611186427,0.015633109284243715,0.03257383981258639,30.216352466544407,0.0024859263719929038,0.031340041155080815,0.012123202525777093,0.005077323976845182
/mnt/hum01-rds/Nikolaev_Dmitry/flos-code/model_selection_data/runs/he_she_odds_results__google_gemma-3-12b-pt__dea67b94,he_she_odds_results__google_gemma-3-12b-pt__dea67b94,/mnt/hum01-rds/Nikolaev_Dmitry/flos-code/modelling_data/he_she_odds_results__google_gemma-3-12b-pt.csv,google_gemma-3-12b-pt,selected_mixed_random_slopes__candidate__0__C_tense_log_frequency,/mnt/hum01-rds/Nikolaev_Dmitry/flos-code/model_selection_data/runs/he_she_odds_results__google_gemma-3-12b-pt__dea67b94/models/selected_mixed_random_slopes__candidate__0__C_tense_log_frequency,random_slopes,log_he_she_odds ~ C(tense) + C(semantic_role) + C(syntactic_role) + C(valence) + C(dominance) + log_frequency + lex_emb_norm + C(tense):C(semantic_role) + C(tense):C(syntactic_role) + C(tense):C(valence) + C(tense):C(dominance) + C(tense):lex_emb_norm + C(semantic_role):C(syntactic_role) + C(semantic_role):C(valence) + C(semantic_role):C(dominance) + C(semantic_role):log_frequency + C(semantic_role):lex_emb_norm + C(syntactic_role):C(valence) + C(syntactic_role):C(dominance) + C(syntactic_role):log_frequency + C(syntactic_role):lex_emb_norm + C(valence):C(dominance) + C(valence):log_frequency + C(valence):lex_emb_norm + C(dominance):log_frequency + C(dominance):lex_emb_norm + log_frequency:lex_emb_norm,1 + C(semantic_role) + C(syntactic_role) + C(valence) + C(dominance),profession,lbfgs,True,1,['ConvergenceWarning: The MLE may be on the boundary of the parameter space.'],True,10878.574245101714,11402.184215840945,-5371.287122550857,16320,0.10911978096874866,0.04897681676596869,0.9552612446872801,0.0,0.019441201460631437,0.0027232882282947047,0.05895568178452715,0.01992813882834536,0.025213099957303118,0.0013611978441129921,0.0011216893759927703,0.000729557926707715,0.0005468818447568281,0.0032444047627826866,0.0002681691136572449,0.00016891355759912963,4.96688151733842e-05,0.0013201412616319606,0.00043452995861038087,18.054700180902326,,3.0280172214581183e-05,0.008357170681168482,0.0002824427082635751,0.0007142865601420265,3.0199607500505667,0.0275794050008181,0.0107856228069556,0.07587968614174498,0.01563310929573764,0.03257383980610663,30.210976444347654,0.0024803870315712076,0.03137990911198203,0.012126066163627425,0.005075309735024836
/mnt/hum01-rds/Nikolaev_Dmitry/flos-code/model_selection_data/runs/he_she_odds_results__google_gemma-3-12b-pt__dea67b94,he_she_odds_results__google_gemma-3-12b-pt__dea67b94,/mnt/hum01-rds/Nikolaev_Dmitry/flos-code/modelling_data/he_she_odds_results__google_gemma-3-12b-pt.csv,google_gemma-3-12b-pt,selected_mixed_random_slopes__candidate__0__C_semantic_role_C_syntactic_role,/mnt/hum01-rds/Nikolaev_Dmitry/flos-code/model_selection_data/runs/he_she_odds_results__google_gemma-3-12b-pt__dea67b94/models/selected_mixed_random_slopes__candidate__0__C_semantic_role_C_syntactic_role,random_slopes,log_he_she_odds ~ C(tense) + C(semantic_role) + C(syntactic_role) + C(valence) + C(dominance) + log_frequency + lex_emb_norm + C(tense):C(semantic_role) + C(tense):C(syntactic_role) + C(tense):C(valence) + C(tense):C(dominance) + C(tense):log_frequency + C(tense):lex_emb_norm + C(semantic_role):C(valence) + C(semantic_role):C(dominance) + C(semantic_role):log_frequency + C(semantic_role):lex_emb_norm + C(syntactic_role):C(valence) + C(syntactic_role):C(dominance) + C(syntactic_role):log_frequency + C(syntactic_role):lex_emb_norm + C(valence):C(dominance) + C(valence):log_frequency + C(valence):lex_emb_norm + C(dominance):log_frequency + C(dominance):lex_emb_norm + log_frequency:lex_emb_norm,1 + C(semantic_role) + C(syntactic_role) + C(valence) + C(dominance),profession,lbfgs,True,1,['ConvergenceWarning: The MLE may be on the boundary of the parameter space.'],True,10928.542493535933,11482.953050789236,-5392.271246767967,16320,0.1094037521309543,0.048722332530887494,0.9552263890819442,1.2622547923972706e-29,0.03287875217069347,0.007237044210803687,0.07600695880976795,0.019928138816831142,0.025213099962337417,0.0013611978441128746,0.001121689375992768,0.000729557926707711,0.0005468818447568313,,0.0002681691136572547,0.00016891355759911315,4.966881517338088e-05,0.0013201412616319333,0.00043452995861034156,18.472691013607854,0.0269318624233261,3.0280172290297963e-05,0.00835717067641962,0.00028244270752708585,0.0007142865605959609,2.883280688887903,0.0527677855706003,0.010785622803128737,0.07587968610336453,0.015633109281043406,0.03257383981434182,30.154945025197556,0.002474216081418538,0.03134281651116128,0.012127604670599312,0.005076087970460985
/mnt/hum01-rds/Nikolaev_Dmitry/flos-code/model_selection_data/runs/he_she_odds_results__google_gemma-3-12b-pt__dea67b94,he_she_odds_results__google_gemma-3-12b-pt__dea67b94,/mnt/hum01-rds/Nikolaev_Dmitry/flos-code/modelling_data/he_she_odds_results__google_gemma-3-12b-pt.csv,google_gemma-3-12b-pt,selected_mixed_random_slopes__random_intercept_baseline,/mnt/hum01-rds/Nikolaev_Dmitry/flos-code/model_selection_data/runs/he_she_odds_results__google_gemma-3-12b-pt__dea67b94/models/selected_mixed_random_slopes__random_intercept_baseline,random_intercept_baseline,log_he_she_odds ~ C(tense) + C(semantic_role) + C(syntactic_role) + C(valence) + C(dominance) + log_frequency + lex_emb_norm + C(tense):C(semantic_role) + C(tense):C(syntactic_role) + C(tense):C(valence) + C(tense):C(dominance) + C(tense):log_frequency + C(tense):lex_emb_norm + C(semantic_role):C(syntactic_role) + C(semantic_role):C(valence) + C(semantic_role):C(dominance) + C(semantic_role):log_frequency + C(semantic_role):lex_emb_norm + C(syntactic_role):C(valence) + C(syntactic_role):C(dominance) + C(syntactic_role):log_frequency + C(syntactic_role):lex_emb_norm + C(valence):C(dominance) + C(valence):log_frequency + C(valence):lex_emb_norm + C(dominance):log_frequency + C(dominance):lex_emb_norm + log_frequency:lex_emb_norm,1,profession,lbfgs,True,0,[],False,12286.48407345044,12740.792724533007,-6084.24203672522,16320,0.12110329994137589,0.031309812757204965,0.9482763992157592,0.0,0.03287875217069036,0.00272328822823688,0.05895568178349911,0.019928138827816588,0.025213099957554705,0.0013611978441128896,0.0011216893759927664,0.0007295579267077218,0.0005468818447568298,0.0032444047627826654,0.00026816911365726395,0.000168913557599112,4.966881517337982e-05,0.0013201412616319606,0.0004345299586103422,5.285135501625645,0.026931862423320255,3.028017227228583e-05,0.008357170677553124,0.0002824427077018562,0.0007142865604898653,1.0956290302446485,0.052767785570592765,0.010785622805568601,0.07587968612781623,0.01563310929038906,0.032573839809126974,8.858481351150283,,,,
/mnt/hum01-rds/Nikolaev_Dmitry/flos-code/model_selection_data/runs/he_she_odds_results__google_gemma-3-4b-pt__2a3d43bc,he_she_odds_results__google_gemma-3-4b-pt__2a3d43bc,/mnt/hum01-rds/Nikolaev_Dmitry/flos-code/modelling_data/he_she_odds_results__google_gemma-3-4b-pt.csv,google_gemma-3-4b-pt,selected_mixed_random_slopes__candidate__0__C_valence_lex_emb_norm,/mnt/hum01-rds/Nikolaev_Dmitry/flos-code/model_selection_data/runs/he_she_odds_results__google_gemma-3-4b-pt__2a3d43bc/models/selected_mixed_random_slopes__candidate__0__C_valence_lex_emb_norm,random_slopes,log_he_she_odds ~ C(tense) + C(semantic_role) + C(syntactic_role) + C(valence) + C(dominance) + log_frequency + lex_emb_norm + C(tense):C(semantic_role) + C(tense):C(syntactic_role) + C(tense):C(valence) + C(tense):C(dominance) + C(tense):log_frequency + C(tense):lex_emb_norm + C(semantic_role):C(syntactic_role) + C(semantic_role):C(valence) + C(semantic_role):C(dominance) + C(semantic_role):log_frequency + C(semantic_role):lex_emb_norm + C(syntactic_role):C(valence) + C(syntactic_role):C(dominance) + C(syntactic_role):log_frequency + C(syntactic_role):lex_emb_norm + C(valence):C(dominance) + C(valence):log_frequency + C(dominance):log_frequency + C(dominance):lex_emb_norm + log_frequency:lex_emb_norm,1 + C(semantic_role) + C(syntactic_role) + C(valence) + C(dominance),profession,lbfgs,True,1,['ConvergenceWarning: The MLE may be on the boundary of the parameter space.'],True,9150.984215149248,9705.394772402551,-4503.492107574624,16320,0.09842043370504133,0.037991438250799446,0.9534901440075388,3.1556369809931764e-30,0.038115103433684475,0.012664613802872505,0.07028483595594354,0.010111597739085472,0.0003215610791178699,0.00045362819821220845,0.004165956403798525,0.0008709110468148176,0.0007089209361277974,0.0007947454057329719,0.0009519641844273073,9.80440060998968e-05,0.0008719321860325578,4.684424698107931e-06,0.004947726238989042,2.032439221893557,0.013005196593750717,0.0005745210064696097,0.0337530479761966,0.00021875212466470088,0.002106559296058355,0.3306396919355695,0.0382107964578204,0.012371586200596627,0.052842480518132,,0.013171983533032257,3.163614151206575,0.007491069766281025,0.0415563029171635,0.004801195204335267,0.0023503303111750517
/mnt/hum01-rds/Nikolaev_Dmitry/flos-code/model_selection_data/runs/he_she_odds_results__google_gemma-3-4b-pt__2a3d43bc,he_she_odds_results__google_gemma-3-4b-pt__2a3d43bc,/mnt/hum01-rds/Nikolaev_Dmitry/flos-code/modelling_data/he_she_odds_results__google_gemma-3-4b-pt.csv,google_gemma-3-4b-pt,selected_mixed_random_slopes__candidate__0__C_valence_log_frequency,/mnt/hum01-rds/Nikolaev_Dmitry/flos-code/model_selection_data/runs/he_she_odds_results__google_gemma-3-4b-pt__2a3d43bc/models/selected_mixed_random_slopes__candidate__0__C_valence_log_frequency,random_slopes,log_he_she_odds ~ C(tense) + C(semantic_role) + C(syntactic_role) + C(valence) + C(dominance) + log_frequency + lex_emb_norm + C(tense):C(semantic_role) + C(tense):C(syntactic_role) + C(tense):C(valence) + C(tense):C(dominance) + C(tense):log_frequency + C(tense):lex_emb_norm + C(semantic_role):C(syntactic_role) + C(semantic_role):C(valence) + C(semantic_role):C(dominance) + C(semantic_role):log_frequency + C(semantic_role):lex_emb_norm + C(syntactic_role):C(valence) + C(syntactic_role):C(dominance) + C(syntactic_role):log_frequency + C(syntactic_role):lex_emb_norm + C(valence):C(dominance) + C(valence):lex_emb_norm + C(dominance):log_frequency + C(dominance):lex_emb_norm + log_frequency:lex_emb_norm,1 + C(semantic_role) + C(syntactic_role) + C(valence) + C(dominance),profession,lbfgs,True,1,['ConvergenceWarning: The MLE may be on the boundary of the parameter space.'],True,9151.063323591166,9705.473880844469,-4503.531661795583,16320,0.0984205693186674,0.0382525307598477,0.9535087497704652,3.1556369809931764e-30,0.03811510343369776,0.010564337756290816,0.07878136358523444,0.012317009500057827,0.0002812388141861243,0.00045362819821220845,0.004165956403798913,0.0008709110468149086,0.0007089209361277929,0.0007947454057329669,0.000951964184427365,9.804400609991601e-05,0.0008719321860324851,4.6844246981114645e-06,0.0049477262389889115,1.7910944463070748,0.013005196593749739,0.00010271604584659362,0.042357843741611854,,0.0019579675869044145,0.42537879384545674,0.03821079645782502,0.007771201999128051,0.07113396020917015,0.0006083588267205953,0.01254856355324643,3.1653312198994437,0.007495969746820286,0.04156789557868969,0.004816925699624308,0.002350398178149226
/mnt/hum01-rds/Nikolaev_Dmitry/flos-code/model_selection_data/runs/he_she_odds_results__google_gemma-3-4b-pt__2a3d43bc,he_she_odds_results__google_gemma-3-4b-pt__2a3d43bc,/mnt/hum01-rds/Nikolaev_Dmitry/flos-code/modelling_data/he_she_odds_results__google_gemma-3-4b-pt.csv,google_gemma-3-4b-pt,selected_mixed_random_slopes__candidate__0__C_semantic_role_log_frequency,/mnt/hum01-rds/Nikolaev_Dmitry/flos-code/model_selection_data/runs/he_she_odds_results__google_gemma-3-4b-pt__2a3d43bc/models/selected_mixed_random_slopes__candidate__0__C_semantic_role_log_frequency,random_slopes,log_he_she_odds ~ C(tense) + C(semantic_role) + C(syntactic_role) + C(valence) + C(dominance) + log_frequency + lex_emb_norm + C(tense):C(semantic_role) + C(tense):C(syntactic_role) + C(tense):C(valence) + C(tense):C(dominance) + C(tense):log_frequency + C(tense):lex_emb_norm + C(semantic_role):C(syntactic_role) + C(semantic_role):C(valence) + C(semantic_role):C(dominance) + C(semantic_role):lex_emb_norm + C(syntactic_role):C(valence) + C(syntactic_role):C(dominance) + C(syntactic_role):log_frequency + C(syntactic_role):lex_emb_norm + C(valence):C(dominance) + C(valence):log_frequency + C(valence):lex_emb_norm + C(dominance):log_frequency + C(dominance):lex_emb_norm + log_frequency:lex_emb_norm,1 + C(semantic_role) + C(syntactic_role) + C(valence) + C(dominance),profession,lbfgs,True,1,['ConvergenceWarning: The MLE may be on the boundary of the parameter space.'],True,9151.184164658509,9705.594721911812,-4503.5920823292545,16320,0.098420466585308,0.03922638575590318,0.9536596408658748,7.889092452482941e-31,0.03811510343370014,0.009704939802721852,0.07926647874919965,0.012484823340028326,0.0002391794778052902,0.00045362819821221425,0.004165956403798975,0.0008709110468149771,0.000708920936127793,0.0007947454057328837,0.0009519641844274271,9.804400609992545e-05,0.0008719321860324332,4.6844246981130925e-06,0.00494772623898879,1.6494792844677133,0.013005196593750193,,0.04320516887364374,3.1994060477553525e-06,0.0016934537311238558,0.47723803992960173,0.0382107964578245,0.005502905118800363,0.07264830565147022,0.0007360897474887078,0.011610087474836873,3.1627222529848784,0.007540633860685069,0.041510846901754425,0.004818302070689044,0.002355479649655214
/mnt/hum01-rds/Nikolaev_Dmitry/flos-code/model_selection_data/runs/he_she_odds_results__google_gemma-3-4b-pt__2a3d43bc,he_she_odds_results__google_gemma-3-4b-pt__2a3d43bc,/mnt/hum01-rds/Nikolaev_Dmitry/flos-code/modelling_data/he_she_odds_results__google_gemma-3-4b-pt.csv,google_gemma-3-4b-pt,selected_mixed_random_slopes__candidate__0__C_syntactic_role_C_dominance,/mnt/hum01-rds/Nikolaev_Dmitry/flos-code/model_selection_data/runs/he_she_odds_results__google_gemma-3-4b-pt__2a3d43bc/models/selected_mixed_random_slopes__candidate__0__C_syntactic_role_C_dominance,random_slopes,log_he_she_odds ~ C(tense) + C(semantic_role) + C(syntactic_role) + C(valence) + C(dominance) + log_frequency + lex_emb_norm + C(tense):C(semantic_role) + C(tense):C(syntactic_role) + C(tense):C(valence) + C(tense):C(dominance) + C(tense):log_frequency + C(tense):lex_emb_norm + C(semantic_role):C(syntactic_role) + C(semantic_role):C(valence) + C(semantic_role):C(dominance) + C(semantic_role):log_frequency + C(semantic_role):lex_emb_norm + C(syntactic_role):C(valence) + C(syntactic_role):log_frequency + C(syntactic_role):lex_emb_norm + C(valence):C(dominance) + C(valence):log_frequency + C(valence):lex_emb_norm + C(dominance):log_frequency + C(dominance):lex_emb_norm + log_frequency:lex_emb_norm,1 + C(semantic_role) + C(syntactic_role) + C(valence) + C(dominance),profession,lbfgs,True,1,['ConvergenceWarning: The MLE may be on the boundary of the parameter space.'],True,9151.226019705355,9705.636576958657,-4503.613009852677,16320,0.09842186264686983,0.03873264876038602,0.9535357037688962,7.889092452482941e-31,0.03811510343369228,0.011501432734270465,0.07414914308469693,0.011280777175055042,0.00025767605769372624,0.00045362819821220156,0.004165956403798675,0.0008709110468148871,0.0007089209361278002,0.0007947454057329844,0.0009519641844273036,9.804400609989203e-05,0.0008719321860325508,,0.004947726238989027,1.9743189317475482,0.013005196593749824,0.0004295943420874348,0.03567981944707521,0.00012827591878941528,0.0020712637351977064,0.3639808193236601,0.03821079645782161,0.010559033722845858,0.05923539547514875,8.190352177246296e-05,0.012941466412314048,3.163701295185455,0.007495321356863154,0.04153381411722558,0.004799238698112636,0.002350964662982211
/mnt/hum01-rds/Nikolaev_Dmitry/flos-code/model_selection_data/runs/he_she_odds_results__google_gemma-3-4b-pt__2a3d43bc,he_she_odds_results__google_gemma-3-4b-pt__2a3d43bc,/mnt/hum01-rds/Nikolaev_Dmitry/flos-code/modelling_data/he_she_odds_results__google_gemma-3-4b-pt.csv,google_gemma-3-4b-pt,selected_mixed_random_slopes__candidate__0__log_frequency_lex_emb_norm,/mnt/hum01-rds/Nikolaev_Dmitry/flos-code/model_selection_data/runs/he_she_odds_results__google_gemma-3-4b-pt__2a3d43bc/models/selected_mixed_random_slopes__candidate__0__log_frequency_lex_emb_norm,random_slopes,log_he_she_odds ~ C(tense) + C(semantic_role) + C(syntactic_role) + C(valence) + C(dominance) + log_frequency + lex_emb_norm + C(tense):C(semantic_role) + C(tense):C(syntactic_role) + C(tense):C(valence) + C(tense):C(dominance) + C(tense):log_frequency + C(tense):lex_emb_norm + C(semantic_role):C(syntactic_role) + C(semantic_role):C(valence) + C(semantic_role):C(dominance) + C(semantic_role):log_frequency + C(semantic_role):lex_emb_norm + C(syntactic_role):C(valence) + C(syntactic_role):C(dominance) + C(syntactic_role):log_frequency + C(syntactic_role):lex_emb_norm + C(valence):C(dominance) + C(valence):log_frequency + C(valence):lex_emb_norm + C(dominance):log_frequency + C(dominance):lex_emb_norm,1 + C(semantic_role) + C(syntactic_role) + C(valence) + C(dominance),profession,lbfgs,True,1,['ConvergenceWarning: The MLE may be on the boundary of the parameter space.'],True,9151.616148214205,9706.026705467508,-4503.808074107103,16320,0.09842001347386299,0.03526301935594845,0.9535900825675279,1.9722731131207353e-31,0.03811510343369678,0.01150143273396938,0.07483123972022915,0.011280777175255358,0.00029935509462757326,0.00045362819821220953,0.004165956403798835,0.000870911046814897,0.0007089209361277961,0.0007947454057329809,0.0009519641844273196,9.80440060998902e-05,0.0008719321860325483,4.684424698108012e-06,0.004947726238989045,1.9898986900718836e-05,0.013005196593751872,0.0004295943421898844,0.03567981944523152,0.0001282759188274675,0.0020712637352808573,0.019035887441835028,0.03821079645782963,0.010559033723085325,0.05923539547390073,8.190352175779123e-05,0.01294146641241148,,0.007487499843888088,0.04143541825774041,0.004793357306377878,0.002353770988397019
/mnt/hum01-rds/Nikolaev_Dmitry/flos-code/model_selection_data/runs/he_she_odds_results__google_gemma-3-4b-pt__2a3d43bc,he_she_odds_results__google_gemma-3-4b-pt__2a3d43bc,/mnt/hum01-rds/Nikolaev_Dmitry/flos-code/modelling_data/he_she_odds_results__google_gemma-3-4b-pt.csv,google_gemma-3-4b-pt,selected_mixed_random_slopes__candidate__0__C_semantic_role_lex_emb_norm,/mnt/hum01-rds/Nikolaev_Dmitry/flos-code/model_selection_data/runs/he_she_odds_results__google_gemma-3-4b-pt__2a3d43bc/models/selected_mixed_random_slopes__candidate__0__C_semantic_role_lex_emb_norm,random_slopes,log_he_she_odds ~ C(tense) + C(semantic_role) + C(syntactic_role) + C(valence) + C(dominance) + log_frequency + lex_emb_norm + C(tense):C(semantic_role) + C(tense):C(syntactic_role) + C(tense):C(valence) + C(tense):C(dominance) + C(tense):log_frequency + C(tense):lex_emb_norm + C(semantic_role):C(syntactic_role) + C(semantic_role):C(valence) + C(semantic_role):C(dominance) + C(semantic_role):log_frequency + C(syntactic_role):C(valence) + C(syntactic_role):C(dominance) + C(syntactic_role):log_frequency + C(syntactic_role):lex_emb_norm + C(valence):C(dominance) + C(valence):log_frequency + C(valence):lex_emb_norm + C(dominance):log_frequency + C(dominance):lex_emb_norm + log_frequency:lex_emb_norm,1 + C(semantic_role) + C(syntactic_role) + C(valence) + C(dominance),profession,lbfgs,True,1,['ConvergenceWarning: The MLE may be on the boundary of the parameter space.'],True,9152.421405362256,9706.831962615559,-4504.210702681128,16320,0.0984199328071126,0.06951124230511022,0.9561489173736024,3.1556369809931764e-30,0.038115103433695056,0.0018525336522926758,0.11048351012769865,0.021558580193815936,1.437874742189765e-05,0.00045362819821221436,0.004165956403798755,0.0008709110468149017,0.0007089209361277978,0.0007947454057329627,0.000951964184427369,9.804400609991571e-05,0.0008719321860325414,4.684424698109861e-06,0.0049477262389889445,1.3823386957176442,0.013005196593751434,0.000346292598103944,0.05059755578893395,0.00018384994493489894,0.001386371573575816,0.8434383617284974,0.038210796457828794,,0.11394140609283729,0.0054845425628651245,0.008489422375008953,3.1619717971619754,0.007859074379585435,0.041876423527667836,0.004946738100740465,0.0023680226562628405
/mnt/hum01-rds/Nikolaev_Dmitry/flos-code/model_selection_data/runs/he_she_odds_results__google_gemma-3-4b-pt__2a3d43bc,he_she_odds_results__google_gemma-3-4b-pt__2a3d43bc,/mnt/hum01-rds/Nikolaev_Dmitry/flos-code/modelling_data/he_she_odds_results__google_gemma-3-4b-pt.csv,google_gemma-3-4b-pt,selected_mixed_random_slopes__candidate__0__C_syntactic_role_lex_emb_norm,/mnt/hum01-rds/Nikolaev_Dmitry/flos-code/model_selection_data/runs/he_she_odds_results__google_gemma-3-4b-pt__2a3d43bc/models/selected_mixed_random_slopes__candidate__0__C_syntactic_role_lex_emb_norm,random_slopes,log_he_she_odds ~ C(tense) + C(semantic_role) + C(syntactic_role) + C(valence) + C(dominance) + log_frequency + lex_emb_norm + C(tense):C(semantic_role) + C(tense):C(syntactic_role) + C(tense):C(valence) + C(tense):C(dominance) + C(tense):log_frequency + C(tense):lex_emb_norm + C(semantic_role):C(syntactic_role) + C(semantic_role):C(valence) + C(semantic_role):C(dominance) + C(semantic_role):log_frequency + C(semantic_role):lex_emb_norm + C(syntactic_role):C(valence) + C(syntactic_role):C(dominance) + C(syntactic_role):log_frequency + C(valence):C(dominance) + C(valence):log_frequency + C(valence):lex_emb_norm + C(dominance):log_frequency + C(dominance):lex_emb_norm + log_frequency:lex_emb_norm,1 + C(semantic_role) + C(syntactic_role) + C(valence) + C(dominance),profession,lbfgs,True,1,['ConvergenceWarning: The MLE may be on the boundary of the parameter space.'],True,9152.56543079036,9706.975988043663,-4504.28271539518,16320,0.0984202277931952,0.04733107282557158,0.9548734800381025,3.1556369809931764e-30,0.03811510343368923,0.018112294056066878,0.014758558009385803,0.005792934595534457,0.0005127403218803832,0.0004536281982122124,0.0041659564037987065,0.0008709110468149196,0.0007089209361277889,0.0007947454057329585,0.0009519641844273718,9.804400609990504e-05,0.0008719321860325115,4.6844246981103904e-06,0.004947726238988887,2.6762723822091132,0.01300519659374897,0.0014043986884448528,0.009162999244627906,0.0008860762753123853,0.002379873624330574,0.08083050083638293,0.03821079645781627,0.021465177037319597,,0.0015306946313558135,0.014959783127460711,3.1603753935532444,0.007559824142256398,0.04353389373815631,0.004878140490150797,0.0023560357516932556
/mnt/hum01-rds/Nikolaev_Dmitry/flos-code/model_selection_data/runs/he_she_odds_results__google_gemma-3-4b-pt__2a3d43bc,he_she_odds_results__google_gemma-3-4b-pt__2a3d43bc,/mnt/hum01-rds/Nikolaev_Dmitry/flos-code/modelling_data/he_she_odds_results__google_gemma-3-4b-pt.csv,google_gemma-3-4b-pt,selected_mixed_random_slopes,/mnt/hum01-rds/Nikolaev_Dmitry/flos-code/model_selection_data/runs/he_she_odds_results__google_gemma-3-4b-pt__2a3d43bc/models/selected_mixed_random_slopes,random_slopes,log_he_she_odds ~ C(tense) + C(semantic_role) + C(syntactic_role) + C(valence) + C(dominance) + log_frequency + lex_emb_norm + C(tense):C(semantic_role) + C(tense):C(syntactic_role) + C(tense):C(valence) + C(tense):C(dominance) + C(tense):log_frequency + C(tense):lex_emb_norm + C(semantic_role):C(syntactic_role) + C(semantic_role):C(valence) + C(semantic_role):C(dominance) + C(semantic_role):log_frequency + C(semantic_role):lex_emb_norm + C(syntactic_role):C(valence) + C(syntactic_role):C(dominance) + C(syntactic_role):log_frequency + C(syntactic_role):lex_emb_norm + C(valence):C(dominance) + C(valence):log_frequency + C(valence):lex_emb_norm + C(dominance):log_frequency + C(dominance):lex_emb_norm + log_frequency:lex_emb_norm,1 + C(semantic_role) + C(syntactic_role) + C(valence) + C(dominance),profession,lbfgs,True,1,['ConvergenceWarning: The MLE may be on the boundary of the parameter space.'],True,9152.967082735617,9715.077786617438,-4503.483541367808,16320,0.09842024377762881,0.03874579665633751,0.9535214774127166,0.0,0.03811510343369184,0.011501432733200471,0.07483123972419538,0.011280777175782094,0.00029935509458194916,0.000453628198212204,0.004165956403798779,0.0008709110468148809,0.0007089209361277965,0.0007947454057329937,0.0009519641844273042,9.804400609988474e-05,0.000871932186032531,4.684424698108762e-06,0.004947726238989081,1.974269348246767,0.013005196593750412,0.0004295943419958063,0.03567981944875278,0.00012827591875516623,0.0020712637351240435,0.36397379104624894,0.0382107964578231,0.010559033721838987,0.05923539547982634,8.190352183327014e-05,0.012941466411902816,3.163622092806111,0.007492934753650926,0.04152954862816316,0.004799316185423954,0.002351671950231161
/mnt/hum01-rds/Nikolaev_Dmitry/flos-code/model_selection_data/runs/he_she_odds_results__google_gemma-3-4b-pt__2a3d43bc,he_she_odds_results__google_gemma-3-4b-pt__2a3d43bc,/mnt/hum01-rds/Nikolaev_Dmitry/flos-code/modelling_data/he_she_odds_results__google_gemma-3-4b-pt.csv,google_gemma-3-4b-pt,selected_mixed_random_slopes__full,/mnt/hum01-rds/Nikolaev_Dmitry/flos-code/model_selection_data/runs/he_she_odds_results__google_gemma-3-4b-pt__2a3d43bc/models/selected_mixed_random_slopes__full,random_slopes,log_he_she_odds ~ C(tense) + C(semantic_role) + C(syntactic_role) + C(valence) + C(dominance) + log_frequency + lex_emb_norm + C(tense):C(semantic_role) + C(tense):C(syntactic_role) + C(tense):C(valence) + C(tense):C(dominance) + C(tense):log_frequency + C(tense):lex_emb_norm + C(semantic_role):C(syntactic_role) + C(semantic_role):C(valence) + C(semantic_role):C(dominance) + C(semantic_role):log_frequency + C(semantic_role):lex_emb_norm + C(syntactic_role):C(valence) + C(syntactic_role):C(dominance) + C(syntactic_role):log_frequency + C(syntactic_role):lex_emb_norm + C(valence):C(dominance) + C(valence):log_frequency + C(valence):lex_emb_norm + C(dominance):log_frequency + C(dominance):lex_emb_norm + log_frequency:lex_emb_norm,1 + C(semantic_role) + C(syntactic_role) + C(valence) + C(dominance),profession,lbfgs,True,1,['ConvergenceWarning: The MLE may be on the boundary of the parameter space.'],True,9152.967082735617,9715.077786617438,-4503.483541367808,16320,0.09842024377762881,0.03874579665633751,0.9535214774127166,0.0,0.03811510343369184,0.011501432733200471,0.07483123972419538,0.011280777175782094,0.00029935509458194916,0.000453628198212204,0.004165956403798779,0.0008709110468148809,0.0007089209361277965,0.0007947454057329937,0.0009519641844273042,9.804400609988474e-05,0.000871932186032531,4.684424698108762e-06,0.004947726238989081,1.974269348246767,0.013005196593750412,0.0004295943419958063,0.03567981944875278,0.00012827591875516623,0.0020712637351240435,0.36397379104624894,0.0382107964578231,0.010559033721838987,0.05923539547982634,8.190352183327014e-05,0.012941466411902816,3.163622092806111,0.007492934753650926,0.04152954862816316,0.004799316185423954,0.002351671950231161
/mnt/hum01-rds/Nikolaev_Dmitry/flos-code/model_selection_data/runs/he_she_odds_results__google_gemma-3-4b-pt__2a3d43bc,he_she_odds_results__google_gemma-3-4b-pt__2a3d43bc,/mnt/hum01-rds/Nikolaev_Dmitry/flos-code/modelling_data/he_she_odds_results__google_gemma-3-4b-pt.csv,google_gemma-3-4b-pt,selected_mixed_random_slopes__candidate__0__C_dominance_log_frequency,/mnt/hum01-rds/Nikolaev_Dmitry/flos-code/model_selection_data/runs/he_she_odds_results__google_gemma-3-4b-pt__2a3d43bc/models/selected_mixed_random_slopes__candidate__0__C_dominance_log_frequency,random_slopes,log_he_she_odds ~ C(tense) + C(semantic_role) + C(syntactic_role) + C(valence) + C(dominance) + log_frequency + lex_emb_norm + C(tense):C(semantic_role) + C(tense):C(syntactic_role) + C(tense):C(valence) + C(tense):C(dominance) + C(tense):log_frequency + C(tense):lex_emb_norm + C(semantic_role):C(syntactic_role) + C(semantic_role):C(valence) + C(semantic_role):C(dominance) + C(semantic_role):log_frequency + C(semantic_role):lex_emb_norm + C(syntactic_role):C(valence) + C(syntactic_role):C(dominance) + C(syntactic_role):log_frequency + C(syntactic_role):lex_emb_norm + C(valence):C(dominance) + C(valence):log_frequency + C(valence):lex_emb_norm + C(dominance):lex_emb_norm + log_frequency:lex_emb_norm,1 + C(semantic_role) + C(syntactic_role) + C(valence) + C(dominance),profession,lbfgs,True,1,['ConvergenceWarning: The MLE may be on the boundary of the parameter space.'],True,9153.611901644646,9708.022458897949,-4504.805950822323,16320,0.09842031627838918,0.047030633911373985,0.9545711915566167,0.0,0.038115103433685724,0.00935020009910726,0.07980161886607962,0.012097529021452173,3.4955235668099405e-06,0.0004536281982121999,0.004165956403798352,0.0008709110468148236,0.0007089209361278077,0.0007947454057330412,0.000951964184427279,9.804400609988564e-05,0.0008719321860325902,4.68442469810413e-06,0.004947726238989112,1.3330012151898665,0.01300519659375262,1.860962901218915e-05,0.04414655399763969,5.559614382652597e-06,,0.615654738145082,0.038210796457827746,0.0046558874780109364,0.07433185584324131,0.00045856564607517803,0.002602521471653036,3.160779304881367,0.007562485568169739,0.04148602784229336,0.0048056303006018064,0.002609847690856182
/mnt/hum01-rds/Nikolaev_Dmitry/flos-code/model_selection_data/runs/he_she_odds_results__google_gemma-3-4b-pt__2a3d43bc,he_she_odds_results__google_gemma-3-4b-pt__2a3d43bc,/mnt/hum01-rds/Nikolaev_Dmitry/flos-code/modelling_data/he_she_odds_results__google_gemma-3-4b-pt.csv,google_gemma-3-4b-pt,selected_mixed_random_slopes__candidate__0__C_syntactic_role_log_frequency,/mnt/hum01-rds/Nikolaev_Dmitry/flos-code/model_selection_data/runs/he_she_odds_results__google_gemma-3-4b-pt__2a3d43bc/models/selected_mixed_random_slopes__candidate__0__C_syntactic_role_log_frequency,random_slopes,log_he_she_odds ~ C(tense) + C(semantic_role) + C(syntactic_role) + C(valence) + C(dominance) + log_frequency + lex_emb_norm + C(tense):C(semantic_role) + C(tense):C(syntactic_role) + C(tense):C(valence) + C(tense):C(dominance) + C(tense):log_frequency + C(tense):lex_emb_norm + C(semantic_role):C(syntactic_role) + C(semantic_role):C(valence) + C(semantic_role):C(dominance) + C(semantic_role):log_frequency + C(semantic_role):lex_emb_norm + C(syntactic_role):C(valence) + C(syntactic_role):C(dominance) + C(syntactic_role):lex_emb_norm + C(valence):C(dominance) + C(valence):log_frequency + C(valence):lex_emb_norm + C(dominance):log_frequency + C(dominance):lex_emb_norm + log_frequency:lex_emb_norm,1 + C(semantic_role) + C(syntactic_role) + C(valence) + C(dominance),profession,lbfgs,True,1,['ConvergenceWarning: The MLE may be on the boundary of the parameter space.'],True,9154.343922034139,9708.754479287441,-4505.171961017069,16320,0.09842032190032599,0.08412547882878205,0.9576404105978976,7.889092452482941e-31,0.0381151034337024,0.014774520916895831,0.037629354640987184,0.008182042820416183,0.00040434739635630926,0.0004536281982122135,0.004165956403798994,0.0008709110468149745,0.0007089209361277924,0.0007947454057329491,0.0009519641844273285,9.804400609989411e-05,0.0008719321860325032,4.684424698110135e-06,0.004947726238989029,3.5130930617322065,0.013005196593751262,0.0029906680493716497,,0.00237459519739224,0.0027220736316499496,0.06863490519267688,0.0382107964578296,0.022373539143520176,0.00029031137777547694,0.0018078037435761143,0.015115688524397885,3.1617914562251763,0.007634401236166272,0.045898715673984826,0.004971311812669551,0.002357916786830861
/mnt/hum01-rds/Nikolaev_Dmitry/flos-code/model_selection_data/runs/he_she_odds_results__google_gemma-3-4b-pt__2a3d43bc,he_she_odds_results__google_gemma-3-4b-pt__2a3d43bc,/mnt/hum01-rds/Nikolaev_Dmitry/flos-code/modelling_data/he_she_odds_results__google_gemma-3-4b-pt.csv,google_gemma-3-4b-pt,selected_mixed_random_slopes__candidate__0__C_dominance_lex_emb_norm,/mnt/hum01-rds/Nikolaev_Dmitry/flos-code/model_selection_data/runs/he_she_odds_results__google_gemma-3-4b-pt__2a3d43bc/models/selected_mixed_random_slopes__candidate__0__C_dominance_lex_emb_norm,random_slopes,log_he_she_odds ~ C(tense) + C(semantic_role) + C(syntactic_role) + C(valence) + C(dominance) + log_frequency + lex_emb_norm + C(tense):C(semantic_role) + C(tense):C(syntactic_role) + C(tense):C(valence) + C(tense):C(dominance) + C(tense):log_frequency + C(tense):lex_emb_norm + C(semantic_role):C(syntactic_role) + C(semantic_role):C(valence) + C(semantic_role):C(dominance) + C(semantic_role):log_frequency + C(semantic_role):lex_emb_norm + C(syntactic_role):C(valence) + C(syntactic_role):C(dominance) + C(syntactic_role):log_frequency + C(syntactic_role):lex_emb_norm + C(valence):C(dominance) + C(valence):log_frequency + C(valence):lex_emb_norm + C(dominance):log_frequency + log_frequency:lex_emb_norm,1 + C(semantic_role) + C(syntactic_role) + C(valence) + C(dominance),profession,lbfgs,True,1,['ConvergenceWarning: The MLE may be on the boundary of the parameter space.'],True,9155.43211675316,9709.842674006462,-4505.71605837658,16320,0.09842060141518977,0.0726759709268643,0.9563102632747444,3.1556369809931764e-30,0.03811510343368975,0.004660765539613513,0.09420283302539255,0.014451075260299933,0.0028919460639649955,0.0004536281982122093,0.004165956403798763,0.0008709110468149246,0.0007089209361278042,0.0007947454057328984,0.0009519641844273728,9.804400609990134e-05,0.0008719321860324853,4.684424698112174e-06,0.004947726238988922,1.3590831242033012,0.013005196593750408,9.935588808074947e-06,0.04382193706877959,7.54895216114564e-06,3.855022760707106e-06,0.8692521662138284,0.03821079645782185,0.0016304044171468134,0.08808690859089864,0.000989698707331505,,3.162699393704312,0.007607582949099998,0.041584733995538796,0.004810636202670639,0.002796506776567417
/mnt/hum01-rds/Nikolaev_Dmitry/flos-code/model_selection_data/runs/he_she_odds_results__google_gemma-3-4b-pt__2a3d43bc,he_she_odds_results__google_gemma-3-4b-pt__2a3d43bc,/mnt/hum01-rds/Nikolaev_Dmitry/flos-code/modelling_data/he_she_odds_results__google_gemma-3-4b-pt.csv,google_gemma-3-4b-pt,selected_mixed_random_slopes__candidate__0__C_semantic_role_C_dominance,/mnt/hum01-rds/Nikolaev_Dmitry/flos-code/model_selection_data/runs/he_she_odds_results__google_gemma-3-4b-pt__2a3d43bc/models/selected_mixed_random_slopes__candidate__0__C_semantic_role_C_dominance,random_slopes,log_he_she_odds ~ C(tense) + C(semantic_role) + C(syntactic_role) + C(valence) + C(dominance) + log_frequency + lex_emb_norm + C(tense):C(semantic_role) + C(tense):C(syntactic_role) + C(tense):C(valence) + C(tense):C(dominance) + C(tense):log_frequency + C(tense):lex_emb_norm + C(semantic_role):C(syntactic_role) + C(semantic_role):C(valence) + C(semantic_role):log_frequency + C(semantic_role):lex_emb_norm + C(syntactic_role):C(valence) + C(syntactic_role):C(dominance) + C(syntactic_role):log_frequency + C(syntactic_role):lex_emb_norm + C(valence):C(dominance) + C(valence):log_frequency + C(valence):lex_emb_norm + C(dominance):log_frequency + C(dominance):lex_emb_norm + log_frequency:lex_emb_norm,1 + C(semantic_role) + C(syntactic_role) + C(valence) + C(dominance),profession,lbfgs,True,1,['ConvergenceWarning: The MLE may be on the boundary of the parameter space.'],True,9156.385456396907,9710.79601365021,-4506.192728198454,16320,0.09845338683263809,0.03879051815473578,0.9534310425276208,3.1556369809931764e-30,0.03811510343369133,0.010307929450015586,0.07483123971898756,0.011280777175031318,0.00013421505359850208,0.0004536281982122089,0.004165956403798878,0.0008709110468148985,0.0007089209361277993,0.00079474540573293,0.0009519641844273245,,0.0008719321860324968,4.684424698110902e-06,0.004947726238989042,1.9730356588318483,0.013005196593748991,0.00042959434223756353,0.035679819444478296,0.00012827591884459455,0.002071263735319279,0.36379891251404733,0.038210796457817595,0.010559033723605917,0.05923539547211692,8.190352172883049e-05,0.012941466412626364,3.1616514509343765,0.00747435132918576,0.04154124623943563,0.004794889007279364,0.0023512743972886542
/mnt/hum01-rds/Nikolaev_Dmitry/flos-code/model_selection_data/runs/he_she_odds_results__google_gemma-3-4b-pt__2a3d43bc,he_she_odds_results__google_gemma-3-4b-pt__2a3d43bc,/mnt/hum01-rds/Nikolaev_Dmitry/flos-code/modelling_data/he_she_odds_results__google_gemma-3-4b-pt.csv,google_gemma-3-4b-pt,selected_mixed_random_slopes__candidate__0__C_tense_C_semantic_role,/mnt/hum01-rds/Nikolaev_Dmitry/flos-code/model_selection_data/runs/he_she_odds_results__google_gemma-3-4b-pt__2a3d43bc/models/selected_mixed_random_slopes__candidate__0__C_tense_C_semantic_role,random_slopes,log_he_she_odds ~ C(tense) + C(semantic_role) + C(syntactic_role) + C(valence) + C(dominance) + log_frequency + lex_emb_norm + C(tense):C(syntactic_role) + C(tense):C(valence) + C(tense):C(dominance) + C(tense):log_frequency + C(tense):lex_emb_norm + C(semantic_role):C(syntactic_role) + C(semantic_role):C(valence) + C(semantic_role):C(dominance) + C(semantic_role):log_frequency + C(semantic_role):lex_emb_norm + C(syntactic_role):C(valence) + C(syntactic_role):C(dominance) + C(syntactic_role):log_frequency + C(syntactic_role):lex_emb_norm + C(valence):C(dominance) + C(valence):log_frequency + C(valence):lex_emb_norm + C(dominance):log_frequency + C(dominance):lex_emb_norm + log_frequency:lex_emb_norm,1 + C(semantic_role) + C(syntactic_role) + C(valence) + C(dominance),profession,lbfgs,True,1,['ConvergenceWarning: The MLE may be on the boundary of the parameter space.'],True,9180.42513609989,9704.035106839121,-4522.212568049945,16320,0.09864869752155007,0.03864433767213764,0.953408246605984,3.1556369809931764e-30,0.03997928368197772,0.011259658290132426,0.07483123972956053,0.011280777176476006,0.0002993550945204698,,0.004165956403798504,0.0008709110468148596,0.0007089209361278004,0.0007947454057329645,0.0009519641844273484,9.804400609990145e-05,0.0008719321860325191,4.684424698109437e-06,0.004947726238989006,1.9747986434061593,0.013005196593750504,0.0004295943419048813,0.035679819450405784,0.00012827591872147738,0.0020712637350505775,0.36404881610765166,0.03821079645781997,0.01055903372004186,0.059235395488513004,8.190352194123058e-05,0.012941466411171923,3.164467565288092,0.007488101435635922,0.04153674479390317,0.004796223922939304,0.002351540245419502
/mnt/hum01-rds/Nikolaev_Dmitry/flos-code/model_selection_data/runs/he_she_odds_results__google_gemma-3-4b-pt__2a3d43bc,he_she_odds_results__google_gemma-3-4b-pt__2a3d43bc,/mnt/hum01-rds/Nikolaev_Dmitry/flos-code/modelling_data/he_she_odds_results__google_gemma-3-4b-pt.csv,google_gemma-3-4b-pt,selected_mixed_random_slopes__candidate__0__C_semantic_role_C_syntactic_role,/mnt/hum01-rds/Nikolaev_Dmitry/flos-code/model_selection_data/runs/he_she_odds_results__google_gemma-3-4b-pt__2a3d43bc/models/selected_mixed_random_slopes__candidate__0__C_semantic_role_C_syntactic_role,random_slopes,log_he_she_odds ~ C(tense) + C(semantic_role) + C(syntactic_role) + C(valence) + C(dominance) + log_frequency + lex_emb_norm + C(tense):C(semantic_role) + C(tense):C(syntactic_role) + C(tense):C(valence) + C(tense):C(dominance) + C(tense):log_frequency + C(tense):lex_emb_norm + C(semantic_role):C(valence) + C(semantic_role):C(dominance) + C(semantic_role):log_frequency + C(semantic_role):lex_emb_norm + C(syntactic_role):C(valence) + C(syntactic_role):C(dominance) + C(syntactic_role):log_frequency + C(syntactic_role):lex_emb_norm + C(valence):C(dominance) + C(valence):log_frequency + C(valence):lex_emb_norm + C(dominance):log_frequency + C(dominance):lex_emb_norm + log_frequency:lex_emb_norm,1 + C(semantic_role) + C(syntactic_role) + C(valence) + C(dominance),profession,lbfgs,True,1,['ConvergenceWarning: The MLE may be on the boundary of the parameter space.'],True,9194.833018389472,9749.243575642775,-4525.416509194736,16320,0.09868767420082011,0.03863140578098973,0.9533757167590373,3.1556369809931764e-30,0.03811510343369095,0.015257424267811045,0.08400096884054993,0.011280777176263544,0.00029935509453765603,0.0004536281982122124,0.0041659564037986084,0.000870911046814878,0.0007089209361277984,,0.0009519641844273526,9.804400609990545e-05,0.0008719321860325669,4.684424698108138e-06,0.00494772623898898,1.971142558108731,0.013005196593749687,0.0004295943418807932,0.035679819450803535,0.00012827591871287112,0.0020712637350296433,0.36353053646186173,0.03821079645782055,0.010559033720346458,0.059235395486851986,8.190352192160541e-05,0.012941466411286594,3.1586274910798426,0.007487550185456164,0.041520905453709595,0.004797113172575552,0.002350979859676345
/mnt/hum01-rds/Nikolaev_Dmitry/flos-code/model_selection_data/runs/he_she_odds_results__google_gemma-3-4b-pt__2a3d43bc,he_she_odds_results__google_gemma-3-4b-pt__2a3d43bc,/mnt/hum01-rds/Nikolaev_Dmitry/flos-code/modelling_data/he_she_odds_results__google_gemma-3-4b-pt.csv,google_gemma-3-4b-pt,selected_mixed_random_slopes__candidate__0__C_tense_lex_emb_norm,/mnt/hum01-rds/Nikolaev_Dmitry/flos-code/model_selection_data/runs/he_she_odds_results__google_gemma-3-4b-pt__2a3d43bc/models/selected_mixed_random_slopes__candidate__0__C_tense_lex_emb_norm,random_slopes,log_he_she_odds ~ C(tense) + C(semantic_role) + C(syntactic_role) + C(valence) + C(dominance) + log_frequency + lex_emb_norm + C(tense):C(semantic_role) + C(tense):C(syntactic_role) + C(tense):C(valence) + C(tense):C(dominance) + C(tense):log_frequency + C(semantic_role):C(syntactic_role) + C(semantic_role):C(valence) + C(semantic_role):C(dominance) + C(semantic_role):log_frequency + C(semantic_role):lex_emb_norm + C(syntactic_role):C(valence) + C(syntactic_role):C(dominance) + C(syntactic_role):log_frequency + C(syntactic_role):lex_emb_norm + C(valence):C(dominance) + C(valence):log_frequency + C(valence):lex_emb_norm + C(dominance):log_frequency + C(dominance):lex_emb_norm + log_frequency:lex_emb_norm,1 + C(semantic_role) + C(syntactic_role) + C(valence) + C(dominance),profession,lbfgs,True,1,['ConvergenceWarning: The MLE may be on the boundary of the parameter space.'],True,9198.359938530892,9721.969909270123,-4531.179969265446,16320,0.09875845513033767,0.03859804470525202,0.9533460021782494,7.100183207234647e-30,0.008747443378488913,0.011501432734335213,0.0748312397185569,0.011280777175015135,0.00029935509464787413,0.0004536281982122029,0.004165956403798645,0.000870911046814907,0.0007089209361277984,0.0007947454057329254,0.0009519641844273238,9.804400609989053e-05,0.0008719321860324873,4.684424698108832e-06,0.004947726238989045,1.9801796235002904,0.0025102599364238286,0.0004295943421630049,0.035679819445759,0.00012827591881715497,0.0020712637352585123,0.3593339216977737,,0.010559033722966326,0.05923539547470032,8.190352176585779e-05,0.012941466412353742,3.161084833462911,0.0074831499729650875,0.04153558275314171,0.004795807926025375,0.002348588088766829
/mnt/hum01-rds/Nikolaev_Dmitry/flos-code/model_selection_data/runs/he_she_odds_results__google_gemma-3-4b-pt__2a3d43bc,he_she_odds_results__google_gemma-3-4b-pt__2a3d43bc,/mnt/hum01-rds/Nikolaev_Dmitry/flos-code/modelling_data/he_she_odds_results__google_gemma-3-4b-pt.csv,google_gemma-3-4b-pt,selected_mixed_random_slopes__candidate__0__C_syntactic_role_C_valence,/mnt/hum01-rds/Nikolaev_Dmitry/flos-code/model_selection_data/runs/he_she_odds_results__google_gemma-3-4b-pt__2a3d43bc/models/selected_mixed_random_slopes__candidate__0__C_syntactic_role_C_valence,random_slopes,log_he_she_odds ~ C(tense) + C(semantic_role) + C(syntactic_role) + C(valence) + C(dominance) + log_frequency + lex_emb_norm + C(tense):C(semantic_role) + C(tense):C(syntactic_role) + C(tense):C(valence) + C(tense):C(dominance) + C(tense):log_frequency + C(tense):lex_emb_norm + C(semantic_role):C(syntactic_role) + C(semantic_role):C(valence) + C(semantic_role):C(dominance) + C(semantic_role):log_frequency + C(semantic_role):lex_emb_norm + C(syntactic_role):C(dominance) + C(syntactic_role):log_frequency + C(syntactic_role):lex_emb_norm + C(valence):C(dominance) + C(valence):log_frequency + C(valence):lex_emb_norm + C(dominance):log_frequency + C(dominance):lex_emb_norm + log_frequency:lex_emb_norm,1 + C(semantic_role) + C(syntactic_role) + C(valence) + C(dominance),profession,lbfgs,True,1,['ConvergenceWarning: The MLE may be on the boundary of the parameter space.'],True,9199.086916462024,9753.497473715326,-4527.543458231012,16320,0.09871384564609133,0.03861188732636412,0.9533754641247162,7.889092452482941e-31,0.038115103433687375,0.011501432733526487,0.08444910319425737,0.007949990083491046,0.00029935509460157783,0.0004536281982122103,0.004165956403798556,0.0008709110468148797,0.0007089209361277986,0.0007947454057329365,0.0009519641844273306,9.804400609990183e-05,,4.68442469810933e-06,0.004947726238988981,1.9726817731456159,0.013005196593750483,0.00042959434238850404,0.03567981944180693,0.00012827591890017634,0.0020712637354417178,0.3637487460186894,0.038210796457820925,0.01055903372350678,0.05923539547233756,8.190352173433285e-05,0.012941466412585636,3.161086168866292,0.007488236299557008,0.041525733638918434,0.004796946483268248,0.0023496583970404094
/mnt/hum01-rds/Nikolaev_Dmitry/flos-code/model_selection_data/runs/he_she_odds_results__google_gemma-3-4b-pt__2a3d43bc,he_she_odds_results__google_gemma-3-4b-pt__2a3d43bc,/mnt/hum01-rds/Nikolaev_Dmitry/flos-code/modelling_data/he_she_odds_results__google_gemma-3-4b-pt.csv,google_gemma-3-4b-pt,selected_mixed_random_slopes__candidate__0__C_tense_C_dominance,/mnt/hum01-rds/Nikolaev_Dmitry/flos-code/model_selection_data/runs/he_she_odds_results__google_gemma-3-4b-pt__2a3d43bc/models/selected_mixed_random_slopes__candidate__0__C_tense_C_dominance,random_slopes,log_he_she_odds ~ C(tense) + C(semantic_role) + C(syntactic_role) + C(valence) + C(dominance) + log_frequency + lex_emb_norm + C(tense):C(semantic_role) + C(tense):C(syntactic_role) + C(tense):C(valence) + C(tense):log_frequency + C(tense):lex_emb_norm + C(semantic_role):C(syntactic_role) + C(semantic_role):C(valence) + C(semantic_role):C(dominance) + C(semantic_role):log_frequency + C(semantic_role):lex_emb_norm + C(syntactic_role):C(valence) + C(syntactic_role):C(dominance) + C(syntactic_role):log_frequency + C(syntactic_role):lex_emb_norm + C(valence):C(dominance) + C(valence):log_frequency + C(valence):lex_emb_norm + C(dominance):log_frequency + C(dominance):lex_emb_norm + log_frequency:lex_emb_norm,1 + C(semantic_role) + C(syntactic_role) + C(valence) + C(dominance),profession,lbfgs,True,1,['ConvergenceWarning: The MLE may be on the boundary of the parameter space.'],True,9201.62551611851,9725.235486857742,-4532.812758059255,16320,0.09877838176630085,0.038591207864188605,0.9533309669919179,3.1556369809931764e-30,0.03499453316616545,0.011501432731468059,0.0748312397329575,0.011280777176933248,0.00031010994824082823,0.00045362819821220834,0.004165956403798503,0.0008709110468148753,,0.0007947454057329528,0.0009519641844273406,9.804400609990197e-05,0.0008719321860325279,4.684424698108592e-06,0.004947726238988969,1.9714410029449294,0.013005196593750365,0.000429594342287784,0.03567981944358156,0.00012827591886329355,0.0020712637353593032,0.3635728474940903,0.03821079645781856,0.010559033722263668,0.059235395477993294,8.190352180695819e-05,0.012941466412066551,3.1591042142951506,0.007484240578814962,0.04148706679854106,0.004791785925108292,0.0023500884972960357
/mnt/hum01-rds/Nikolaev_Dmitry/flos-code/model_selection_data/runs/he_she_odds_results__google_gemma-3-4b-pt__2a3d43bc,he_she_odds_results__google_gemma-3-4b-pt__2a3d43bc,/mnt/hum01-rds/Nikolaev_Dmitry/flos-code/modelling_data/he_she_odds_results__google_gemma-3-4b-pt.csv,google_gemma-3-4b-pt,selected_mixed_random_slopes__candidate__0__C_semantic_role_C_valence,/mnt/hum01-rds/Nikolaev_Dmitry/flos-code/model_selection_data/runs/he_she_odds_results__google_gemma-3-4b-pt__2a3d43bc/models/selected_mixed_random_slopes__candidate__0__C_semantic_role_C_valence,random_slopes,log_he_she_odds ~ C(tense) + C(semantic_role) + C(syntactic_role) + C(valence) + C(dominance) + log_frequency + lex_emb_norm + C(tense):C(semantic_role) + C(tense):C(syntactic_role) + C(tense):C(valence) + C(tense):C(dominance) + C(tense):log_frequency + C(tense):lex_emb_norm + C(semantic_role):C(syntactic_role) + C(semantic_role):C(dominance) + C(semantic_role):log_frequency + C(semantic_role):lex_emb_norm + C(syntactic_role):C(valence) + C(syntactic_role):C(dominance) + C(syntactic_role):log_frequency + C(syntactic_role):lex_emb_norm + C(valence):C(dominance) + C(valence):log_frequency + C(valence):lex_emb_norm + C(dominance):log_frequency + C(dominance):lex_emb_norm + log_frequency:lex_emb_norm,1 + C(semantic_role) + C(syntactic_role) + C(valence) + C(dominance),profession,lbfgs,True,1,['ConvergenceWarning: The MLE may be on the boundary of the parameter space.'],True,9203.496473491337,9757.90703074464,-4529.748236745669,16320,0.09874092105298825,0.038589732049951204,0.9533758695114882,3.1556369809931764e-30,0.038115103433693905,0.007997942340405665,0.0748312397304058,0.01538208163064834,0.0002993550945135167,0.00045362819821221246,0.004165956403798729,0.000870911046814913,0.0007089209361277896,0.000794745405732993,,9.804400609989384e-05,0.0008719321860325335,4.68442469810993e-06,0.004947726238989029,1.9734696780133083,0.013005196593750257,0.00042959434218283143,0.03567981944543371,0.00012827591882452895,0.002071263735275499,0.3638604372973897,0.03821079645782284,0.010559033721350907,0.059235395482454586,8.190352186280727e-05,0.012941466411714599,3.162344734508079,0.007491581416706126,0.04150685554484378,0.004796922162393518,0.002349464159221077
/mnt/hum01-rds/Nikolaev_Dmitry/flos-code/model_selection_data/runs/he_she_odds_results__google_gemma-3-4b-pt__2a3d43bc,he_she_odds_results__google_gemma-3-4b-pt__2a3d43bc,/mnt/hum01-rds/Nikolaev_Dmitry/flos-code/modelling_data/he_she_odds_results__google_gemma-3-4b-pt.csv,google_gemma-3-4b-pt,selected_mixed_random_slopes__candidate__0__C_tense_C_valence,/mnt/hum01-rds/Nikolaev_Dmitry/flos-code/model_selection_data/runs/he_she_odds_results__google_gemma-3-4b-pt__2a3d43bc/models/selected_mixed_random_slopes__candidate__0__C_tense_C_valence,random_slopes,log_he_she_odds ~ C(tense) + C(semantic_role) + C(syntactic_role) + C(valence) + C(dominance) + log_frequency + lex_emb_norm + C(tense):C(semantic_role) + C(tense):C(syntactic_role) + C(tense):C(dominance) + C(tense):log_frequency + C(tense):lex_emb_norm + C(semantic_role):C(syntactic_role) + C(semantic_role):C(valence) + C(semantic_role):C(dominance) + C(semantic_role):log_frequency + C(semantic_role):lex_emb_norm + C(syntactic_role):C(valence) + C(syntactic_role):C(dominance) + C(syntactic_role):log_frequency + C(syntactic_role):lex_emb_norm + C(valence):C(dominance) + C(valence):log_frequency + C(valence):lex_emb_norm + C(dominance):log_frequency + C(dominance):lex_emb_norm + log_frequency:lex_emb_norm,1 + C(semantic_role) + C(syntactic_role) + C(valence) + C(dominance),profession,lbfgs,True,1,['ConvergenceWarning: The MLE may be on the boundary of the parameter space.'],True,9208.87325230558,9732.483223044812,-4536.43662615279,16320,0.09882250214349463,0.03856623682686044,0.9533145708901988,7.889092452482941e-31,0.04273701140722894,0.011501432733923827,0.07483123972035624,0.013186431554999647,0.0002993550946243997,0.00045362819821220785,0.004165956403798597,,0.0007089209361277924,0.0007947454057329893,0.0009519641844273008,9.804400609987824e-05,0.0008719321860325368,4.684424698107648e-06,0.0049477262389891275,1.9711155521614483,0.013005196593750162,0.00042959434223469224,0.035679819444441915,0.0001282759188437607,0.00207126373531694,0.3635267076174183,0.038210796457814084,0.010559033723073786,0.05923539547387984,8.190352175897716e-05,0.0129414664124041,3.158584352486336,0.007487623783852944,0.04149887849673791,0.00479704869287706,0.002349255664310352
/mnt/hum01-rds/Nikolaev_Dmitry/flos-code/model_selection_data/runs/he_she_odds_results__google_gemma-3-4b-pt__2a3d43bc,he_she_odds_results__google_gemma-3-4b-pt__2a3d43bc,/mnt/hum01-rds/Nikolaev_Dmitry/flos-code/modelling_data/he_she_odds_results__google_gemma-3-4b-pt.csv,google_gemma-3-4b-pt,selected_mixed_random_slopes__candidate__0__C_tense_log_frequency,/mnt/hum01-rds/Nikolaev_Dmitry/flos-code/model_selection_data/runs/he_she_odds_results__google_gemma-3-4b-pt__2a3d43bc/models/selected_mixed_random_slopes__candidate__0__C_tense_log_frequency,random_slopes,log_he_she_odds ~ C(tense) + C(semantic_role) + C(syntactic_role) + C(valence) + C(dominance) + log_frequency + lex_emb_norm + C(tense):C(semantic_role) + C(tense):C(syntactic_role) + C(tense):C(valence) + C(tense):C(dominance) + C(tense):lex_emb_norm + C(semantic_role):C(syntactic_role) + C(semantic_role):C(valence) + C(semantic_role):C(dominance) + C(semantic_role):log_frequency + C(semantic_role):lex_emb_norm + C(syntactic_role):C(valence) + C(syntactic_role):C(dominance) + C(syntactic_role):log_frequency + C(syntactic_role):lex_emb_norm + C(valence):C(dominance) + C(valence):log_frequency + C(valence):lex_emb_norm + C(dominance):log_frequency + C(dominance):lex_emb_norm + log_frequency:lex_emb_norm,1 + C(semantic_role) + C(syntactic_role) + C(valence) + C(dominance),profession,lbfgs,True,1,['ConvergenceWarning: The MLE may be on the boundary of the parameter space.'],True,9213.753144901973,9737.363115641205,-4538.876572450987,16320,0.09885218873022064,0.038586974361522274,0.9532641171565726,7.100183207234647e-30,0.025070899105668603,0.011501432733220218,0.07483123972431953,0.01128077717577152,0.0002993550945826818,0.000453628198212208,0.004165956403798634,0.0008709110468148905,0.0007089209361277998,0.0007947454057329709,0.0009519641844273166,9.804400609988795e-05,0.0008719321860325371,4.684424698108165e-06,0.004947726238989094,1.9457555119447205,,0.0004295943420922307,0.03567981944708053,0.00012827591879069998,0.0020712637352015384,0.3727317593340279,0.003987305475278196,0.01055903372194763,0.05923539547960556,8.190352182722876e-05,0.01294146641194369,3.1628452541920433,0.007480075733511106,0.041476864667908446,0.004794349015319441,0.0023517869638550893
/mnt/hum01-rds/Nikolaev_Dmitry/flos-code/model_selection_data/runs/he_she_odds_results__google_gemma-3-4b-pt__2a3d43bc,he_she_odds_results__google_gemma-3-4b-pt__2a3d43bc,/mnt/hum01-rds/Nikolaev_Dmitry/flos-code/modelling_data/he_she_odds_results__google_gemma-3-4b-pt.csv,google_gemma-3-4b-pt,selected_mixed_random_slopes__candidate__0__C_tense_C_syntactic_role,/mnt/hum01-rds/Nikolaev_Dmitry/flos-code/model_selection_data/runs/he_she_odds_results__google_gemma-3-4b-pt__2a3d43bc/models/selected_mixed_random_slopes__candidate__0__C_tense_C_syntactic_role,random_slopes,log_he_she_odds ~ C(tense) + C(semantic_role) + C(syntactic_role) + C(valence) + C(dominance) + log_frequency + lex_emb_norm + C(tense):C(semantic_role) + C(tense):C(valence) + C(tense):C(dominance) + C(tense):log_frequency + C(tense):lex_emb_norm + C(semantic_role):C(syntactic_role) + C(semantic_role):C(valence) + C(semantic_role):C(dominance) + C(semantic_role):log_frequency + C(semantic_role):lex_emb_norm + C(syntactic_role):C(valence) + C(syntactic_role):C(dominance) + C(syntactic_role):log_frequency + C(syntactic_role):lex_emb_norm + C(valence):C(dominance) + C(valence):log_frequency + C(valence):lex_emb_norm + C(dominance):log_frequency + C(dominance):lex_emb_norm + log_frequency:lex_emb_norm,1 + C(semantic_role) + C(syntactic_role) + C(valence) + C(dominance),profession,lbfgs,True,1,['ConvergenceWarning: The MLE may be on the boundary of the parameter space.'],True,9310.270111929422,9833.880082668653,-4587.135055964711,16320,0.09944519177092287,0.03829356570199311,0.9530014950148658,3.1556369809931764e-30,0.0357144535547408,0.011501432733478504,0.0516745504591558,0.011280777175592569,0.00029935509459825865,0.00045362819821220866,,0.0008709110468148879,0.0007089209361277957,0.0007947454057329345,0.0009519641844273487,9.804400609990872e-05,0.0008719321860324906,4.684424698109716e-06,0.00494772623898895,1.9727964468162194,0.013005196593750133,0.0004295943422263728,0.0356798194446249,0.00012827591884073452,0.002071263735310134,0.3637650022095558,0.03821079645782029,0.010559033722350265,0.059235395477705274,8.190352180252205e-05,0.01294146641211075,3.161269343889333,0.007477898657449645,0.04151487822823966,0.004792105117358678,0.0023435665159432986
/mnt/hum01-rds/Nikolaev_Dmitry/flos-code/model_selection_data/runs/he_she_odds_results__google_gemma-3-4b-pt__2a3d43bc,he_she_odds_results__google_gemma-3-4b-pt__2a3d43bc,/mnt/hum01-rds/Nikolaev_Dmitry/flos-code/modelling_data/he_she_odds_results__google_gemma-3-4b-pt.csv,google_gemma-3-4b-pt,selected_mixed_random_slopes__candidate__0__C_valence_C_dominance,/mnt/hum01-rds/Nikolaev_Dmitry/flos-code/model_selection_data/runs/he_she_odds_results__google_gemma-3-4b-pt__2a3d43bc/models/selected_mixed_random_slopes__candidate__0__C_valence_C_dominance,random_slopes,log_he_she_odds ~ C(tense) + C(semantic_role) + C(syntactic_role) + C(valence) + C(dominance) + log_frequency + lex_emb_norm + C(tense):C(semantic_role) + C(tense):C(syntactic_role) + C(tense):C(valence) + C(tense):C(dominance) + C(tense):log_frequency + C(tense):lex_emb_norm + C(semantic_role):C(syntactic_role) + C(semantic_role):C(valence) + C(semantic_role):C(dominance) + C(semantic_role):log_frequency + C(semantic_role):lex_emb_norm + C(syntactic_role):C(valence) + C(syntactic_role):C(dominance) + C(syntactic_role):log_frequency + C(syntactic_role):lex_emb_norm + C(valence):log_frequency + C(valence):lex_emb_norm + C(dominance):log_frequency + C(dominance):lex_emb_norm + log_frequency:lex_emb_norm,1 + C(semantic_role) + C(syntactic_role) + C(valence) + C(dominance),profession,lbfgs,True,1,['ConvergenceWarning: The MLE may be on the boundary of the parameter space.'],True,9422.137906619348,9976.54846387265,-4639.068953309674,16320,0.10008631079042003,0.03794749855682553,0.9527518918883952,7.889092452482941e-31,0.03811510343369001,0.011501432735204398,0.07483123971422943,0.004303378562047948,0.003353885783781037,0.00045362819821221154,0.004165956403798736,0.0008709110468149358,0.0007089209361277855,0.0007947454057329921,0.0009519641844274304,9.804400609991593e-05,0.0008719321860325079,4.684424698109286e-06,,1.971018723286547,0.013005196593751198,0.00042959434207806086,0.035679819447283385,0.0001282759187860585,0.002071263735190138,0.36351297985759073,0.03821079645782287,0.010559033722088922,0.05923539547875572,8.190352181628332e-05,0.012941466411997235,3.15842968211931,0.007480027854590233,0.04150121609880739,0.004784230960523642,0.0023401700405290297
/mnt/hum01-rds/Nikolaev_Dmitry/flos-code/model_selection_data/runs/he_she_odds_results__google_gemma-3-4b-pt__2a3d43bc,he_she_odds_results__google_gemma-3-4b-pt__2a3d43bc,/mnt/hum01-rds/Nikolaev_Dmitry/flos-code/modelling_data/he_she_odds_results__google_gemma-3-4b-pt.csv,google_gemma-3-4b-pt,selected_mixed_random_slopes__random_intercept_baseline,/mnt/hum01-rds/Nikolaev_Dmitry/flos-code/model_selection_data/runs/he_she_odds_results__google_gemma-3-4b-pt__2a3d43bc/models/selected_mixed_random_slopes__random_intercept_baseline,random_intercept_baseline,log_he_she_odds ~ C(tense) + C(semantic_role) + C(syntactic_role) + C(valence) + C(dominance) + log_frequency + lex_emb_norm + C(tense):C(semantic_role) + C(tense):C(syntactic_role) + C(tense):C(valence) + C(tense):C(dominance) + C(tense):log_frequency + C(tense):lex_emb_norm + C(semantic_role):C(syntactic_role) + C(semantic_role):C(valence) + C(semantic_role):C(dominance) + C(semantic_role):log_frequency + C(semantic_role):lex_emb_norm + C(syntactic_role):C(valence) + C(syntactic_role):C(dominance) + C(syntactic_role):log_frequency + C(syntactic_role):lex_emb_norm + C(valence):C(dominance) + C(valence):log_frequency + C(valence):lex_emb_norm + C(dominance):log_frequency + C(dominance):lex_emb_norm + log_frequency:lex_emb_norm,1,profession,lbfgs,True,0,[],False,11081.15814644139,11535.466797523957,-5481.579073220695,16320,0.11249317556082246,0.04314750615067507,0.946429301441522,7.889092452482941e-31,0.03811510343368583,0.011501432733065767,0.07483123972498004,0.011280777175869228,0.0002993550945735637,0.00045362819821219294,0.004165956403797774,0.0008709110468148057,0.0007089209361278,0.000794745405733133,0.0009519641844272553,9.804400609987562e-05,0.0008719321860326785,4.684424698098895e-06,0.004947726238989132,4.309254200150914,0.013005196593751076,0.00042959434210046937,0.03567981944688957,0.00012827591879407727,0.0020712637352084287,0.6802099018647054,0.03821079645782361,0.010559033721794198,0.05923539548019921,8.190352183571852e-05,0.01294146641188364,6.891148500550486,,,,
/mnt/hum01-rds/Nikolaev_Dmitry/flos-code/model_selection_data/runs/he_she_odds_results__gpt2__8961fea3,he_she_odds_results__gpt2__8961fea3,/mnt/hum01-rds/Nikolaev_Dmitry/flos-code/modelling_data/he_she_odds_results__gpt2.csv,gpt2,selected_mixed_random_slopes__candidate__0__C_semantic_role_log_frequency,/mnt/hum01-rds/Nikolaev_Dmitry/flos-code/model_selection_data/runs/he_she_odds_results__gpt2__8961fea3/models/selected_mixed_random_slopes__candidate__0__C_semantic_role_log_frequency,random_slopes,log_he_she_odds ~ C(tense) + C(semantic_role) + C(syntactic_role) + C(valence) + C(dominance) + log_frequency + lex_emb_norm + C(tense):C(semantic_role) + C(tense):C(syntactic_role) + C(tense):C(valence) + C(tense):C(dominance) + C(tense):log_frequency + C(tense):lex_emb_norm + C(semantic_role):C(syntactic_role) + C(semantic_role):C(valence) + C(semantic_role):C(dominance) + C(semantic_role):lex_emb_norm + C(syntactic_role):C(valence) + C(syntactic_role):C(dominance) + C(syntactic_role):log_frequency + C(syntactic_role):lex_emb_norm + C(valence):C(dominance) + C(valence):log_frequency + C(valence):lex_emb_norm + C(dominance):log_frequency + C(dominance):lex_emb_norm + log_frequency:lex_emb_norm,1 + C(semantic_role) + C(syntactic_role) + C(valence) + C(dominance),profession,lbfgs,True,1,['ConvergenceWarning: The MLE may be on the boundary of the parameter space.'],True,5635.915099282545,6190.325656535848,-2745.9575496412726,16320,0.07904298602503332,0.07850288298431293,0.9560137020760883,1.2326706957004595e-32,0.011154454325635698,0.01865898725061269,0.014696537644136741,0.004139602239496613,0.00018507881108172138,0.0003481837539057947,0.004246407414409038,0.0006516003421896553,0.0007832697624590064,0.002894425195607366,2.4116065865412117e-05,0.0003300417215316411,0.00022678728727056549,5.447066286086871e-06,0.00025478190701770366,0.30677157633543245,0.0010398941728290974,,0.003967393383561334,0.00029087529353422043,0.0002051492862475982,0.033566527314162424,0.015677554035121274,0.001231784291944236,7.275721995039916e-05,9.210424317922681e-05,0.003762851449654606,0.30013299013758105,0.0033324042111330383,0.05736692429312714,0.0021626509363264026,0.0026987871916117107
/mnt/hum01-rds/Nikolaev_Dmitry/flos-code/model_selection_data/runs/he_she_odds_results__gpt2__8961fea3,he_she_odds_results__gpt2__8961fea3,/mnt/hum01-rds/Nikolaev_Dmitry/flos-code/modelling_data/he_she_odds_results__gpt2.csv,gpt2,selected_mixed_random_slopes__candidate__0__C_syntactic_role_lex_emb_norm,/mnt/hum01-rds/Nikolaev_Dmitry/flos-code/model_selection_data/runs/he_she_odds_results__gpt2__8961fea3/models/selected_mixed_random_slopes__candidate__0__C_syntactic_role_lex_emb_norm,random_slopes,log_he_she_odds ~ C(tense) + C(semantic_role) + C(syntactic_role) + C(valence) + C(dominance) + log_frequency + lex_emb_norm + C(tense):C(semantic_role) + C(tense):C(syntactic_role) + C(tense):C(valence) + C(tense):C(dominance) + C(tense):log_frequency + C(tense):lex_emb_norm + C(semantic_role):C(syntactic_role) + C(semantic_role):C(valence) + C(semantic_role):C(dominance) + C(semantic_role):log_frequency + C(semantic_role):lex_emb_norm + C(syntactic_role):C(valence) + C(syntactic_role):C(dominance) + C(syntactic_role):log_frequency + C(valence):C(dominance) + C(valence):log_frequency + C(valence):lex_emb_norm + C(dominance):log_frequency + C(dominance):lex_emb_norm + log_frequency:lex_emb_norm,1 + C(semantic_role) + C(syntactic_role) + C(valence) + C(dominance),profession,lbfgs,True,1,['ConvergenceWarning: The MLE may be on the boundary of the parameter space.'],True,5635.916409226513,6190.326966479815,-2745.9582046132564,16320,0.07904304676592905,0.07686207150339967,0.9559609872531607,0.0,0.011154454325638717,0.018612840056837925,0.013470180169854865,0.0041393998175881744,0.0001973044325157968,0.0003481837539058158,0.0042464074144091665,0.0006516003421896399,0.0007832697624590176,0.002894425195607421,2.41160658654131e-05,0.0003300417215316463,0.00022678728727055372,5.447066286088161e-06,0.00025478190701770464,0.306567919866169,0.0010398941728291605,9.247981894002122e-07,0.004405110729054759,0.0002961677462970581,0.0002167593644978417,0.03170124752500677,0.01567755403512659,0.0011563279216863982,,9.49269231156562e-05,0.0038659951768352666,0.30260721463724216,0.003330636249461388,0.057365366615267956,0.0021626878134712022,0.0026992282043085216
/mnt/hum01-rds/Nikolaev_Dmitry/flos-code/model_selection_data/runs/he_she_odds_results__gpt2__8961fea3,he_she_odds_results__gpt2__8961fea3,/mnt/hum01-rds/Nikolaev_Dmitry/flos-code/modelling_data/he_she_odds_results__gpt2.csv,gpt2,selected_mixed_random_slopes__candidate__0__C_valence_lex_emb_norm,/mnt/hum01-rds/Nikolaev_Dmitry/flos-code/model_selection_data/runs/he_she_odds_results__gpt2__8961fea3/models/selected_mixed_random_slopes__candidate__0__C_valence_lex_emb_norm,random_slopes,log_he_she_odds ~ C(tense) + C(semantic_role) + C(syntactic_role) + C(valence) + C(dominance) + log_frequency + lex_emb_norm + C(tense):C(semantic_role) + C(tense):C(syntactic_role) + C(tense):C(valence) + C(tense):C(dominance) + C(tense):log_frequency + C(tense):lex_emb_norm + C(semantic_role):C(syntactic_role) + C(semantic_role):C(valence) + C(semantic_role):C(dominance) + C(semantic_role):log_frequency + C(semantic_role):lex_emb_norm + C(syntactic_role):C(valence) + C(syntactic_role):C(dominance) + C(syntactic_role):log_frequency + C(syntactic_role):lex_emb_norm + C(valence):C(dominance) + C(valence):log_frequency + C(dominance):log_frequency + C(dominance):lex_emb_norm + log_frequency:lex_emb_norm,1 + C(semantic_role) + C(syntactic_role) + C(valence) + C(dominance),profession,lbfgs,True,1,['ConvergenceWarning: The MLE may be on the boundary of the parameter space.'],True,5635.9810999206675,6190.39165717397,-2745.9905499603337,16320,0.07904365671982713,0.08246364468217322,0.9560595726046477,1.2326706957004595e-32,0.011154454325637648,0.01906943488041671,0.014607640402483059,0.003395026067287121,0.00012976766350176872,0.000348183753905781,0.0042464074144091,0.0006516003421896603,0.0007832697624590102,0.0028944251956073462,2.411606586540346e-05,0.00033004172153161516,0.00022678728727057494,5.447066286085909e-06,0.00025478190701773207,0.30959937939423376,0.0010398941728292303,2.2834885459652383e-09,0.004026818626882077,0.0001829185613082294,0.00017190922552681915,0.03956592920076703,0.015677554035125923,0.0013449776659042458,5.935825936487298e-05,,0.0033543272739899196,0.2907854837186922,0.0033285654791400283,0.05732664067017192,0.0021681583058098222,0.0026968575143510526
/mnt/hum01-rds/Nikolaev_Dmitry/flos-code/model_selection_data/runs/he_she_odds_results__gpt2__8961fea3,he_she_odds_results__gpt2__8961fea3,/mnt/hum01-rds/Nikolaev_Dmitry/flos-code/modelling_data/he_she_odds_results__gpt2.csv,gpt2,selected_mixed_random_slopes__candidate__0__C_dominance_log_frequency,/mnt/hum01-rds/Nikolaev_Dmitry/flos-code/model_selection_data/runs/he_she_odds_results__gpt2__8961fea3/models/selected_mixed_random_slopes__candidate__0__C_dominance_log_frequency,random_slopes,log_he_she_odds ~ C(tense) + C(semantic_role) + C(syntactic_role) + C(valence) + C(dominance) + log_frequency + lex_emb_norm + C(tense):C(semantic_role) + C(tense):C(syntactic_role) + C(tense):C(valence) + C(tense):C(dominance) + C(tense):log_frequency + C(tense):lex_emb_norm + C(semantic_role):C(syntactic_role) + C(semantic_role):C(valence) + C(semantic_role):C(dominance) + C(semantic_role):log_frequency + C(semantic_role):lex_emb_norm + C(syntactic_role):C(valence) + C(syntactic_role):C(dominance) + C(syntactic_role):log_frequency + C(syntactic_role):lex_emb_norm + C(valence):C(dominance) + C(valence):log_frequency + C(valence):lex_emb_norm + C(dominance):lex_emb_norm + log_frequency:lex_emb_norm,1 + C(semantic_role) + C(syntactic_role) + C(valence) + C(dominance),profession,lbfgs,True,1,['ConvergenceWarning: The MLE may be on the boundary of the parameter space.'],True,5636.251134837454,6190.661692090756,-2746.125567418727,16320,0.07904335743139326,0.09024601288912482,0.9566953996647557,1.1094036261304136e-31,0.01115445432563984,0.01869396081079532,0.015072246386781297,0.004098616229874632,0.0001571553897141328,0.00034818375390581154,0.004246407414409193,0.0006516003421896398,0.0007832697624590078,0.00289442519560738,2.411606586540907e-05,0.00033004172153162876,0.00022678728727056305,5.447066286086918e-06,0.0002547819070177161,0.4081523271937494,0.0010398941728293936,2.943651930823935e-06,0.001792744010448943,0.00016316648024781297,,0.05648532950955329,0.015677554035127942,0.0013591781085836902,0.0008899813721974089,2.6828160081385787e-05,0.002168181507772445,0.2983503896248965,0.0033295324690666922,0.057327897310043646,0.0021666638374872103,0.00273398531769446
/mnt/hum01-rds/Nikolaev_Dmitry/flos-code/model_selection_data/runs/he_she_odds_results__gpt2__8961fea3,he_she_odds_results__gpt2__8961fea3,/mnt/hum01-rds/Nikolaev_Dmitry/flos-code/modelling_data/he_she_odds_results__gpt2.csv,gpt2,selected_mixed_random_slopes__candidate__0__C_syntactic_role_C_dominance,/mnt/hum01-rds/Nikolaev_Dmitry/flos-code/model_selection_data/runs/he_she_odds_results__gpt2__8961fea3/models/selected_mixed_random_slopes__candidate__0__C_syntactic_role_C_dominance,random_slopes,log_he_she_odds ~ C(tense) + C(semantic_role) + C(syntactic_role) + C(valence) + C(dominance) + log_frequency + lex_emb_norm + C(tense):C(semantic_role) + C(tense):C(syntactic_role) + C(tense):C(valence) + C(tense):C(dominance) + C(tense):log_frequency + C(tense):lex_emb_norm + C(semantic_role):C(syntactic_role) + C(semantic_role):C(valence) + C(semantic_role):C(dominance) + C(semantic_role):log_frequency + C(semantic_role):lex_emb_norm + C(syntactic_role):C(valence) + C(syntactic_role):log_frequency + C(syntactic_role):lex_emb_norm + C(valence):C(dominance) + C(valence):log_frequency + C(valence):lex_emb_norm + C(dominance):log_frequency + C(dominance):lex_emb_norm + log_frequency:lex_emb_norm,1 + C(semantic_role) + C(syntactic_role) + C(valence) + C(dominance),profession,lbfgs,True,1,['ConvergenceWarning: The MLE may be on the boundary of the parameter space.'],True,5636.288641375722,6190.699198629025,-2746.144320687861,16320,0.0790453425983302,0.07867500470659089,0.9559792430809076,1.2326706957004595e-32,0.011154454325638911,0.018640658282224488,0.014367018746411796,0.004141164572543578,0.0002238645716881462,0.0003481837539058119,0.004246407414409142,0.0006516003421896387,0.0007832697624590121,0.002894425195607379,2.41160658654116e-05,0.0003300417215316372,0.00022678728727056814,,0.0002547819070177162,0.30755984792682395,0.0010398941728291297,8.096604367068961e-07,0.004000065478920873,0.00029645427807622473,0.0002091099485068585,0.03406515637509979,0.015677554035125305,0.0011674774488819911,6.827276435217835e-05,9.535622840446803e-05,0.003780289720825127,0.298936158805834,0.003328375080130606,0.05729344811985103,0.0021639161321347893,0.0026984042009363944
/mnt/hum01-rds/Nikolaev_Dmitry/flos-code/model_selection_data/runs/he_she_odds_results__gpt2__8961fea3,he_she_odds_results__gpt2__8961fea3,/mnt/hum01-rds/Nikolaev_Dmitry/flos-code/modelling_data/he_she_odds_results__gpt2.csv,gpt2,selected_mixed_random_slopes__candidate__0__C_tense_log_frequency,/mnt/hum01-rds/Nikolaev_Dmitry/flos-code/model_selection_data/runs/he_she_odds_results__gpt2__8961fea3/models/selected_mixed_random_slopes__candidate__0__C_tense_log_frequency,random_slopes,log_he_she_odds ~ C(tense) + C(semantic_role) + C(syntactic_role) + C(valence) + C(dominance) + log_frequency + lex_emb_norm + C(tense):C(semantic_role) + C(tense):C(syntactic_role) + C(tense):C(valence) + C(tense):C(dominance) + C(tense):lex_emb_norm + C(semantic_role):C(syntactic_role) + C(semantic_role):C(valence) + C(semantic_role):C(dominance) + C(semantic_role):log_frequency + C(semantic_role):lex_emb_norm + C(syntactic_role):C(valence) + C(syntactic_role):C(dominance) + C(syntactic_role):log_frequency + C(syntactic_role):lex_emb_norm + C(valence):C(dominance) + C(valence):log_frequency + C(valence):lex_emb_norm + C(dominance):log_frequency + C(dominance):lex_emb_norm + log_frequency:lex_emb_norm,1 + C(semantic_role) + C(syntactic_role) + C(valence) + C(dominance),profession,lbfgs,True,1,['ConvergenceWarning: The MLE may be on the boundary of the parameter space.'],True,5636.446398885222,6160.056369624453,-2750.223199442611,16320,0.07908509635450071,0.0786006266138845,0.9559849946447512,1.1094036261304136e-31,0.011045802807903331,0.01864065828228394,0.014691857867026594,0.004141164572574368,0.00018535813815538082,0.0003481837539058103,0.004246407414409153,0.0006516003421896418,0.0007832697624590184,0.002894425195607403,2.4116065865410827e-05,0.0003300417215316402,0.00022678728727055928,5.447066286087952e-06,0.00025478190701770924,0.31631980457911,,8.096604364989053e-07,0.004000065479104901,0.00029645427808091965,0.00020910994851996986,0.036246227062309073,0.01456502169431186,0.0011674774489049589,6.82727642844057e-05,9.535622841193814e-05,0.0037802897209826573,0.29773327026778723,0.0033272127865278125,0.057283636151523175,0.0021635091670044676,0.0026993979632280478
/mnt/hum01-rds/Nikolaev_Dmitry/flos-code/model_selection_data/runs/he_she_odds_results__gpt2__8961fea3,he_she_odds_results__gpt2__8961fea3,/mnt/hum01-rds/Nikolaev_Dmitry/flos-code/modelling_data/he_she_odds_results__gpt2.csv,gpt2,selected_mixed_random_slopes__candidate__0__C_valence_log_frequency,/mnt/hum01-rds/Nikolaev_Dmitry/flos-code/model_selection_data/runs/he_she_odds_results__gpt2__8961fea3/models/selected_mixed_random_slopes__candidate__0__C_valence_log_frequency,random_slopes,log_he_she_odds ~ C(tense) + C(semantic_role) + C(syntactic_role) + C(valence) + C(dominance) + log_frequency + lex_emb_norm + C(tense):C(semantic_role) + C(tense):C(syntactic_role) + C(tense):C(valence) + C(tense):C(dominance) + C(tense):log_frequency + C(tense):lex_emb_norm + C(semantic_role):C(syntactic_role) + C(semantic_role):C(valence) + C(semantic_role):C(dominance) + C(semantic_role):log_frequency + C(semantic_role):lex_emb_norm + C(syntactic_role):C(valence) + C(syntactic_role):C(dominance) + C(syntactic_role):log_frequency + C(syntactic_role):lex_emb_norm + C(valence):C(dominance) + C(valence):lex_emb_norm + C(dominance):log_frequency + C(dominance):lex_emb_norm + log_frequency:lex_emb_norm,1 + C(semantic_role) + C(syntactic_role) + C(valence) + C(dominance),profession,lbfgs,True,1,['ConvergenceWarning: The MLE may be on the boundary of the parameter space.'],True,5636.480547950108,6190.891105203411,-2746.240273975054,16320,0.07904355099677816,0.08300762459332235,0.9561851137396524,0.0,0.011154454325640058,0.01873066694811742,0.014673831392961663,0.003977545268357206,0.0001728295764776305,0.0003481837539058064,0.004246407414409161,0.0006516003421896353,0.0007832697624590143,0.0028944251956074096,2.4116065865412002e-05,0.0003300417215316384,0.00022678728727056066,5.447066286087503e-06,0.00025478190701771325,0.3424229715163274,0.0010398941728293112,1.235301109634481e-05,0.004127219743669836,,6.696572954084662e-05,0.042695416338964225,0.01567755403512833,0.0014994860875362915,5.232580200189133e-05,6.400217357350498e-05,0.003025784721495352,0.2950748736838453,0.0033334481930868184,0.0572436229928333,0.00220973923547994,0.0027061916195549518
/mnt/hum01-rds/Nikolaev_Dmitry/flos-code/model_selection_data/runs/he_she_odds_results__gpt2__8961fea3,he_she_odds_results__gpt2__8961fea3,/mnt/hum01-rds/Nikolaev_Dmitry/flos-code/modelling_data/he_she_odds_results__gpt2.csv,gpt2,selected_mixed_random_slopes__candidate__0__C_semantic_role_lex_emb_norm,/mnt/hum01-rds/Nikolaev_Dmitry/flos-code/model_selection_data/runs/he_she_odds_results__gpt2__8961fea3/models/selected_mixed_random_slopes__candidate__0__C_semantic_role_lex_emb_norm,random_slopes,log_he_she_odds ~ C(tense) + C(semantic_role) + C(syntactic_role) + C(valence) + C(dominance) + log_frequency + lex_emb_norm + C(tense):C(semantic_role) + C(tense):C(syntactic_role) + C(tense):C(valence) + C(tense):C(dominance) + C(tense):log_frequency + C(tense):lex_emb_norm + C(semantic_role):C(syntactic_role) + C(semantic_role):C(valence) + C(semantic_role):C(dominance) + C(semantic_role):log_frequency + C(syntactic_role):C(valence) + C(syntactic_role):C(dominance) + C(syntactic_role):log_frequency + C(syntactic_role):lex_emb_norm + C(valence):C(dominance) + C(valence):log_frequency + C(valence):lex_emb_norm + C(dominance):log_frequency + C(dominance):lex_emb_norm + log_frequency:lex_emb_norm,1 + C(semantic_role) + C(syntactic_role) + C(valence) + C(dominance),profession,lbfgs,True,1,['ConvergenceWarning: The MLE may be on the boundary of the parameter space.'],True,5636.492824168672,6190.903381421975,-2746.246412084336,16320,0.0790432862567265,0.08538044388495256,0.9563402502150874,1.2326706957004595e-32,0.011154454325637697,0.01328002658615603,0.013248873757169634,0.004653015139331614,0.00028458711407663306,0.000348183753905798,0.004246407414409122,0.0006516003421896614,0.0007832697624590094,0.002894425195607353,2.411606586540771e-05,0.00033004172153162925,0.00022678728727056885,5.4470662860864005e-06,0.0002547819070177153,0.33175826130730657,0.0010398941728293285,0.0001910524071638806,0.0044825759743227014,0.00038264192630001697,0.00027014863267221963,0.047728289741881376,0.015677554035125607,,2.3603052979459526e-06,0.0002547620634603593,0.004449917951284326,0.29919766399170405,0.0033983913256037408,0.0573074411877514,0.0021644709847337146,0.002703280488993465
/mnt/hum01-rds/Nikolaev_Dmitry/flos-code/model_selection_data/runs/he_she_odds_results__gpt2__8961fea3,he_she_odds_results__gpt2__8961fea3,/mnt/hum01-rds/Nikolaev_Dmitry/flos-code/modelling_data/he_she_odds_results__gpt2.csv,gpt2,selected_mixed_random_slopes__candidate__0__C_semantic_role_C_valence,/mnt/hum01-rds/Nikolaev_Dmitry/flos-code/model_selection_data/runs/he_she_odds_results__gpt2__8961fea3/models/selected_mixed_random_slopes__candidate__0__C_semantic_role_C_valence,random_slopes,log_he_she_odds ~ C(tense) + C(semantic_role) + C(syntactic_role) + C(valence) + C(dominance) + log_frequency + lex_emb_norm + C(tense):C(semantic_role) + C(tense):C(syntactic_role) + C(tense):C(valence) + C(tense):C(dominance) + C(tense):log_frequency + C(tense):lex_emb_norm + C(semantic_role):C(syntactic_role) + C(semantic_role):C(dominance) + C(semantic_role):log_frequency + C(semantic_role):lex_emb_norm + C(syntactic_role):C(valence) + C(syntactic_role):C(dominance) + C(syntactic_role):log_frequency + C(syntactic_role):lex_emb_norm + C(valence):C(dominance) + C(valence):log_frequency + C(valence):lex_emb_norm + C(dominance):log_frequency + C(dominance):lex_emb_norm + log_frequency:lex_emb_norm,1 + C(semantic_role) + C(syntactic_role) + C(valence) + C(dominance),profession,lbfgs,True,1,['ConvergenceWarning: The MLE may be on the boundary of the parameter space.'],True,5637.573315056972,6191.983872310275,-2746.786657528486,16320,0.07905195988340816,0.07882006219354426,0.9558823811966664,1.2326706957004595e-32,0.01115445432563861,0.01787449687367887,0.014691857867062445,0.004514111647125933,0.0001853581381543251,0.000348183753905809,0.004246407414409118,0.000651600342189648,0.0007832697624590106,0.0028944251956073736,,0.0003300417215316372,0.0002267872872705682,5.447066286086738e-06,0.0002547819070177165,0.3015375889185869,0.0010398941728292353,8.096604367464365e-07,0.004000065478805995,0.0002964542780741469,0.00020910994850067082,0.03520573015353376,0.01567755403512654,0.0011674774488992367,6.827276431300666e-05,9.535622840932536e-05,0.0037802897209238437,0.2905062391956064,0.0033268710304918906,0.05728391166623921,0.0021606492395405043,0.0026960670873852764
/mnt/hum01-rds/Nikolaev_Dmitry/flos-code/model_selection_data/runs/he_she_odds_results__gpt2__8961fea3,he_she_odds_results__gpt2__8961fea3,/mnt/hum01-rds/Nikolaev_Dmitry/flos-code/modelling_data/he_she_odds_results__gpt2.csv,gpt2,selected_mixed_random_slopes,/mnt/hum01-rds/Nikolaev_Dmitry/flos-code/model_selection_data/runs/he_she_odds_results__gpt2__8961fea3/models/selected_mixed_random_slopes,random_slopes,log_he_she_odds ~ C(tense) + C(semantic_role) + C(syntactic_role) + C(valence) + C(dominance) + log_frequency + lex_emb_norm + C(tense):C(semantic_role) + C(tense):C(syntactic_role) + C(tense):C(valence) + C(tense):C(dominance) + C(tense):log_frequency + C(tense):lex_emb_norm + C(semantic_role):C(syntactic_role) + C(semantic_role):C(valence) + C(semantic_role):C(dominance) + C(semantic_role):log_frequency + C(semantic_role):lex_emb_norm + C(syntactic_role):C(valence) + C(syntactic_role):C(dominance) + C(syntactic_role):log_frequency + C(syntactic_role):lex_emb_norm + C(valence):C(dominance) + C(valence):log_frequency + C(valence):lex_emb_norm + C(dominance):log_frequency + C(dominance):lex_emb_norm + log_frequency:lex_emb_norm,1 + C(semantic_role) + C(syntactic_role) + C(valence) + C(dominance),profession,lbfgs,True,1,['ConvergenceWarning: The MLE may be on the boundary of the parameter space.'],True,5637.913991011155,6200.024694892976,-2745.9569955055777,16320,0.07904299639131686,0.07861243006452177,0.9560174289721138,1.2326706957004595e-32,0.011154454325638063,0.018640658282324883,0.014691857866581151,0.004141164572594071,0.0001853581381702198,0.0003481837539058093,0.004246407414409107,0.0006516003421896452,0.0007832697624590182,0.0028944251956073814,2.4116065865412412e-05,0.00033004172153164394,0.00022678728727056272,5.4470662860870926e-06,0.0002547819070177039,0.3083400128802207,0.0010398941728292784,8.096604368016023e-07,0.004000065478786255,0.0002964542780731666,0.00020910994849826506,0.03391958421156409,0.015677554035127404,0.0011674774489071119,6.82727642820926e-05,9.535622841183293e-05,0.0037802897209857113,0.3000309348084233,0.0033323048649828825,0.057366788624930394,0.002162633329734747,0.0026986395057657844
/mnt/hum01-rds/Nikolaev_Dmitry/flos-code/model_selection_data/runs/he_she_odds_results__gpt2__8961fea3,he_she_odds_results__gpt2__8961fea3,/mnt/hum01-rds/Nikolaev_Dmitry/flos-code/modelling_data/he_she_odds_results__gpt2.csv,gpt2,selected_mixed_random_slopes__full,/mnt/hum01-rds/Nikolaev_Dmitry/flos-code/model_selection_data/runs/he_she_odds_results__gpt2__8961fea3/models/selected_mixed_random_slopes__full,random_slopes,log_he_she_odds ~ C(tense) + C(semantic_role) + C(syntactic_role) + C(valence) + C(dominance) + log_frequency + lex_emb_norm + C(tense):C(semantic_role) + C(tense):C(syntactic_role) + C(tense):C(valence) + C(tense):C(dominance) + C(tense):log_frequency + C(tense):lex_emb_norm + C(semantic_role):C(syntactic_role) + C(semantic_role):C(valence) + C(semantic_role):C(dominance) + C(semantic_role):log_frequency + C(semantic_role):lex_emb_norm + C(syntactic_role):C(valence) + C(syntactic_role):C(dominance) + C(syntactic_role):log_frequency + C(syntactic_role):lex_emb_norm + C(valence):C(dominance) + C(valence):log_frequency + C(valence):lex_emb_norm + C(dominance):log_frequency + C(dominance):lex_emb_norm + log_frequency:lex_emb_norm,1 + C(semantic_role) + C(syntactic_role) + C(valence) + C(dominance),profession,lbfgs,True,1,['ConvergenceWarning: The MLE may be on the boundary of the parameter space.'],True,5637.913991011155,6200.024694892976,-2745.9569955055777,16320,0.07904299639131686,0.07861243006452177,0.9560174289721138,1.2326706957004595e-32,0.011154454325638063,0.018640658282324883,0.014691857866581151,0.004141164572594071,0.0001853581381702198,0.0003481837539058093,0.004246407414409107,0.0006516003421896452,0.0007832697624590182,0.0028944251956073814,2.4116065865412412e-05,0.00033004172153164394,0.00022678728727056272,5.4470662860870926e-06,0.0002547819070177039,0.3083400128802207,0.0010398941728292784,8.096604368016023e-07,0.004000065478786255,0.0002964542780731666,0.00020910994849826506,0.03391958421156409,0.015677554035127404,0.0011674774489071119,6.82727642820926e-05,9.535622841183293e-05,0.0037802897209857113,0.3000309348084233,0.0033323048649828825,0.057366788624930394,0.002162633329734747,0.0026986395057657844
/mnt/hum01-rds/Nikolaev_Dmitry/flos-code/model_selection_data/runs/he_she_odds_results__gpt2__8961fea3,he_she_odds_results__gpt2__8961fea3,/mnt/hum01-rds/Nikolaev_Dmitry/flos-code/modelling_data/he_she_odds_results__gpt2.csv,gpt2,selected_mixed_random_slopes__candidate__0__C_dominance_lex_emb_norm,/mnt/hum01-rds/Nikolaev_Dmitry/flos-code/model_selection_data/runs/he_she_odds_results__gpt2__8961fea3/models/selected_mixed_random_slopes__candidate__0__C_dominance_lex_emb_norm,random_slopes,log_he_she_odds ~ C(tense) + C(semantic_role) + C(syntactic_role) + C(valence) + C(dominance) + log_frequency + lex_emb_norm + C(tense):C(semantic_role) + C(tense):C(syntactic_role) + C(tense):C(valence) + C(tense):C(dominance) + C(tense):log_frequency + C(tense):lex_emb_norm + C(semantic_role):C(syntactic_role) + C(semantic_role):C(valence) + C(semantic_role):C(dominance) + C(semantic_role):log_frequency + C(semantic_role):lex_emb_norm + C(syntactic_role):C(valence) + C(syntactic_role):C(dominance) + C(syntactic_role):log_frequency + C(syntactic_role):lex_emb_norm + C(valence):C(dominance) + C(valence):log_frequency + C(valence):lex_emb_norm + C(dominance):log_frequency + log_frequency:lex_emb_norm,1 + C(semantic_role) + C(syntactic_role) + C(valence) + C(dominance),profession,lbfgs,True,1,['ConvergenceWarning: The MLE may be on the boundary of the parameter space.'],True,5638.088788102526,6192.499345355829,-2747.044394051263,16320,0.0790433480053037,0.15200169263139668,0.9603795843479701,6.933772663315085e-33,0.011154454325638498,0.020587383029983863,0.031192839658842564,0.0027642755124736708,0.0006100290190622686,0.00034818375390580146,0.00424640741440916,0.0006516003421896335,0.0007832697624590152,0.0028944251956073744,2.4116065865407855e-05,0.0003300417215316264,0.00022678728727056307,5.447066286087427e-06,0.0002547819070177176,0.47720121458550036,0.0010398941728292218,1.1019916128350899e-05,0.000877334773444981,0.00010142689195783564,7.730674706200954e-05,0.16197783039591987,0.01567755403512691,0.0020543647009933154,0.009442939715926633,8.339130014606144e-05,,0.2990533829059591,0.003339553217470687,0.057749330105921884,0.002183430171705493,0.002921645807129038
/mnt/hum01-rds/Nikolaev_Dmitry/flos-code/model_selection_data/runs/he_she_odds_results__gpt2__8961fea3,he_she_odds_results__gpt2__8961fea3,/mnt/hum01-rds/Nikolaev_Dmitry/flos-code/modelling_data/he_she_odds_results__gpt2.csv,gpt2,selected_mixed_random_slopes__candidate__0__C_syntactic_role_C_valence,/mnt/hum01-rds/Nikolaev_Dmitry/flos-code/model_selection_data/runs/he_she_odds_results__gpt2__8961fea3/models/selected_mixed_random_slopes__candidate__0__C_syntactic_role_C_valence,random_slopes,log_he_she_odds ~ C(tense) + C(semantic_role) + C(syntactic_role) + C(valence) + C(dominance) + log_frequency + lex_emb_norm + C(tense):C(semantic_role) + C(tense):C(syntactic_role) + C(tense):C(valence) + C(tense):C(dominance) + C(tense):log_frequency + C(tense):lex_emb_norm + C(semantic_role):C(syntactic_role) + C(semantic_role):C(valence) + C(semantic_role):C(dominance) + C(semantic_role):log_frequency + C(semantic_role):lex_emb_norm + C(syntactic_role):C(dominance) + C(syntactic_role):log_frequency + C(syntactic_role):lex_emb_norm + C(valence):C(dominance) + C(valence):log_frequency + C(valence):lex_emb_norm + C(dominance):log_frequency + C(dominance):lex_emb_norm + log_frequency:lex_emb_norm,1 + C(semantic_role) + C(syntactic_role) + C(valence) + C(dominance),profession,lbfgs,True,1,['ConvergenceWarning: The MLE may be on the boundary of the parameter space.'],True,5651.513430893974,6205.923988147277,-2753.756715446987,16320,0.07912075792819019,0.07887835780408627,0.9557827715610677,1.2326706957004595e-32,0.01115445432563757,0.018640658282197,0.01687519383933317,0.0030977348782548664,0.00018535813811947118,0.0003481837539057901,0.004246407414409128,0.0006516003421896522,0.0007832697624590127,0.002894425195607371,2.4116065865410627e-05,0.0003300417215316312,,5.447066286086196e-06,0.0002547819070177186,0.29709944342439254,0.0010398941728291457,8.096604367441834e-07,0.004000065478826215,0.00029645427807418697,0.00020910994850141404,0.036065761200680745,0.015677554035124677,0.0011674774488768895,6.827276438407851e-05,9.53562284013951e-05,0.0037802897207634793,0.2843178670237472,0.0033259743632717696,0.057208533916294206,0.002161439812477669,0.002694104844246677
/mnt/hum01-rds/Nikolaev_Dmitry/flos-code/model_selection_data/runs/he_she_odds_results__gpt2__8961fea3,he_she_odds_results__gpt2__8961fea3,/mnt/hum01-rds/Nikolaev_Dmitry/flos-code/modelling_data/he_she_odds_results__gpt2.csv,gpt2,selected_mixed_random_slopes__candidate__0__C_valence_C_dominance,/mnt/hum01-rds/Nikolaev_Dmitry/flos-code/model_selection_data/runs/he_she_odds_results__gpt2__8961fea3/models/selected_mixed_random_slopes__candidate__0__C_valence_C_dominance,random_slopes,log_he_she_odds ~ C(tense) + C(semantic_role) + C(syntactic_role) + C(valence) + C(dominance) + log_frequency + lex_emb_norm + C(tense):C(semantic_role) + C(tense):C(syntactic_role) + C(tense):C(valence) + C(tense):C(dominance) + C(tense):log_frequency + C(tense):lex_emb_norm + C(semantic_role):C(syntactic_role) + C(semantic_role):C(valence) + C(semantic_role):C(dominance) + C(semantic_role):log_frequency + C(semantic_role):lex_emb_norm + C(syntactic_role):C(valence) + C(syntactic_role):C(dominance) + C(syntactic_role):log_frequency + C(syntactic_role):lex_emb_norm + C(valence):log_frequency + C(valence):lex_emb_norm + C(dominance):log_frequency + C(dominance):lex_emb_norm + log_frequency:lex_emb_norm,1 + C(semantic_role) + C(syntactic_role) + C(valence) + C(dominance),profession,lbfgs,True,1,['ConvergenceWarning: The MLE may be on the boundary of the parameter space.'],True,5653.437938265764,6207.848495519067,-2754.718969132882,16320,0.07913000172967649,0.07882630000637399,0.9558086609427039,0.0,0.01115445432563825,0.01864065828218664,0.014691857868334731,0.003040009355487041,1.935145202844557e-05,0.0003481837539058015,0.004246407414409104,0.0006516003421896385,0.0007832697624590132,0.002894425195607379,2.4116065865411077e-05,0.0003300417215316377,0.0002267872872705636,5.447066286086865e-06,,0.29997227537848403,0.0010398941728291993,8.096604366612989e-07,0.004000065478907384,0.0002964542780762569,0.0002091099485071262,0.03550714871399287,0.01567755403512634,0.0011674774488772948,6.82727643881375e-05,9.535622840116063e-05,0.0037802897207588836,0.2883212633635404,0.00332673391390152,0.05721858077392936,0.0021619825942984275,0.002694499444119763
/mnt/hum01-rds/Nikolaev_Dmitry/flos-code/model_selection_data/runs/he_she_odds_results__gpt2__8961fea3,he_she_odds_results__gpt2__8961fea3,/mnt/hum01-rds/Nikolaev_Dmitry/flos-code/modelling_data/he_she_odds_results__gpt2.csv,gpt2,selected_mixed_random_slopes__candidate__0__C_semantic_role_C_dominance,/mnt/hum01-rds/Nikolaev_Dmitry/flos-code/model_selection_data/runs/he_she_odds_results__gpt2__8961fea3/models/selected_mixed_random_slopes__candidate__0__C_semantic_role_C_dominance,random_slopes,log_he_she_odds ~ C(tense) + C(semantic_role) + C(syntactic_role) + C(valence) + C(dominance) + log_frequency + lex_emb_norm + C(tense):C(semantic_role) + C(tense):C(syntactic_role) + C(tense):C(valence) + C(tense):C(dominance) + C(tense):log_frequency + C(tense):lex_emb_norm + C(semantic_role):C(syntactic_role) + C(semantic_role):C(valence) + C(semantic_role):log_frequency + C(semantic_role):lex_emb_norm + C(syntactic_role):C(valence) + C(syntactic_role):C(dominance) + C(syntactic_role):log_frequency + C(syntactic_role):lex_emb_norm + C(valence):C(dominance) + C(valence):log_frequency + C(valence):lex_emb_norm + C(dominance):log_frequency + C(dominance):lex_emb_norm + log_frequency:lex_emb_norm,1 + C(semantic_role) + C(syntactic_role) + C(valence) + C(dominance),profession,lbfgs,True,1,['ConvergenceWarning: The MLE may be on the boundary of the parameter space.'],True,5658.610921215615,6213.021478468918,-2757.3054606078076,16320,0.07915481473715671,0.07858037381334237,0.955934970090378,0.0,0.011154454325639133,0.01588659701579825,0.014691857868097642,0.004141164572526147,0.0005809729766815588,0.00034818375390580314,0.004246407414409127,0.000651600342189656,0.0007832697624590102,0.002894425195607367,2.4116065865410457e-05,,0.0002267872872705633,5.447066286086505e-06,0.0002547819070177153,0.3060162744568747,0.0010398941728294083,8.096604366192658e-07,0.0040000654789419795,0.0002964542780773637,0.00020910994850986572,0.03435464048032787,0.015677554035127567,0.0011674774488793416,6.827276438023389e-05,9.535622840234294e-05,0.0037802897207793724,0.2967719360550933,0.003327948868962686,0.057276683838890785,0.0021622385870468976,0.002698294420567316
/mnt/hum01-rds/Nikolaev_Dmitry/flos-code/model_selection_data/runs/he_she_odds_results__gpt2__8961fea3,he_she_odds_results__gpt2__8961fea3,/mnt/hum01-rds/Nikolaev_Dmitry/flos-code/modelling_data/he_she_odds_results__gpt2.csv,gpt2,selected_mixed_random_slopes__candidate__0__C_tense_C_semantic_role,/mnt/hum01-rds/Nikolaev_Dmitry/flos-code/model_selection_data/runs/he_she_odds_results__gpt2__8961fea3/models/selected_mixed_random_slopes__candidate__0__C_tense_C_semantic_role,random_slopes,log_he_she_odds ~ C(tense) + C(semantic_role) + C(syntactic_role) + C(valence) + C(dominance) + log_frequency + lex_emb_norm + C(tense):C(syntactic_role) + C(tense):C(valence) + C(tense):C(dominance) + C(tense):log_frequency + C(tense):lex_emb_norm + C(semantic_role):C(syntactic_role) + C(semantic_role):C(valence) + C(semantic_role):C(dominance) + C(semantic_role):log_frequency + C(semantic_role):lex_emb_norm + C(syntactic_role):C(valence) + C(syntactic_role):C(dominance) + C(syntactic_role):log_frequency + C(syntactic_role):lex_emb_norm + C(valence):C(dominance) + C(valence):log_frequency + C(valence):lex_emb_norm + C(dominance):log_frequency + C(dominance):lex_emb_norm + log_frequency:lex_emb_norm,1 + C(semantic_role) + C(syntactic_role) + C(valence) + C(dominance),profession,lbfgs,True,1,['ConvergenceWarning: The MLE may be on the boundary of the parameter space.'],True,5659.6822744128585,6183.292245152089,-2761.8411372064293,16320,0.07919880525928567,0.07846169216292712,0.9559683419700659,0.0,0.011708221854142551,0.01695095238472609,0.014691857867081527,0.004141164572569545,0.00018535813815189503,,0.004246407414409116,0.00065160034218964,0.0007832697624590081,0.0028944251956073246,2.4116065865405622e-05,0.0003300417215316212,0.00022678728727056763,5.447066286086213e-06,0.00025478190701772014,0.3090059437925097,0.0010398941728293298,8.096604362988982e-07,0.0040000654793121695,0.00029645427808541004,0.00020910994853337963,0.03379571894097964,0.015677554035127182,0.0011674774488962738,6.827276429784863e-05,9.535622841001853e-05,0.0037802897209449557,0.3009658956234565,0.003328680750239109,0.05730084855581628,0.0021627239488735666,0.002700930067613617
/mnt/hum01-rds/Nikolaev_Dmitry/flos-code/model_selection_data/runs/he_she_odds_results__gpt2__8961fea3,he_she_odds_results__gpt2__8961fea3,/mnt/hum01-rds/Nikolaev_Dmitry/flos-code/modelling_data/he_she_odds_results__gpt2.csv,gpt2,selected_mixed_random_slopes__candidate__0__C_tense_lex_emb_norm,/mnt/hum01-rds/Nikolaev_Dmitry/flos-code/model_selection_data/runs/he_she_odds_results__gpt2__8961fea3/models/selected_mixed_random_slopes__candidate__0__C_tense_lex_emb_norm,random_slopes,log_he_she_odds ~ C(tense) + C(semantic_role) + C(syntactic_role) + C(valence) + C(dominance) + log_frequency + lex_emb_norm + C(tense):C(semantic_role) + C(tense):C(syntactic_role) + C(tense):C(valence) + C(tense):C(dominance) + C(tense):log_frequency + C(semantic_role):C(syntactic_role) + C(semantic_role):C(valence) + C(semantic_role):C(dominance) + C(semantic_role):log_frequency + C(semantic_role):lex_emb_norm + C(syntactic_role):C(valence) + C(syntactic_role):C(dominance) + C(syntactic_role):log_frequency + C(syntactic_role):lex_emb_norm + C(valence):C(dominance) + C(valence):log_frequency + C(valence):lex_emb_norm + C(dominance):log_frequency + C(dominance):lex_emb_norm + log_frequency:lex_emb_norm,1 + C(semantic_role) + C(syntactic_role) + C(valence) + C(dominance),profession,lbfgs,True,1,['ConvergenceWarning: The MLE may be on the boundary of the parameter space.'],True,5675.118832868466,6198.728803607696,-2769.559416434233,16320,0.07927466467190307,0.07851186808288808,0.9558704788725597,0.0,0.009324050965365142,0.01864065828229563,0.014691857866808324,0.004141164572582639,0.0001853581381618158,0.00034818375390580997,0.00424640741440916,0.0006516003421896461,0.0007832697624590121,0.002894425195607381,2.411606586541105e-05,0.0003300417215316419,0.00022678728727056202,5.447066286087284e-06,0.0002547819070177109,0.3212014441365107,0.0023739674412970777,8.096604361536975e-07,0.004000065479488149,0.0002964542780895849,0.00020910994854489442,0.042415758849995246,,0.001167477448925294,6.827276420310015e-05,9.535622841971438e-05,0.003780289721152358,0.2975645826876851,0.003326143243633461,0.05733995231047669,0.0021621763290403696,0.0026979883315586717
/mnt/hum01-rds/Nikolaev_Dmitry/flos-code/model_selection_data/runs/he_she_odds_results__gpt2__8961fea3,he_she_odds_results__gpt2__8961fea3,/mnt/hum01-rds/Nikolaev_Dmitry/flos-code/modelling_data/he_she_odds_results__gpt2.csv,gpt2,selected_mixed_random_slopes__candidate__0__C_tense_C_valence,/mnt/hum01-rds/Nikolaev_Dmitry/flos-code/model_selection_data/runs/he_she_odds_results__gpt2__8961fea3/models/selected_mixed_random_slopes__candidate__0__C_tense_C_valence,random_slopes,log_he_she_odds ~ C(tense) + C(semantic_role) + C(syntactic_role) + C(valence) + C(dominance) + log_frequency + lex_emb_norm + C(tense):C(semantic_role) + C(tense):C(syntactic_role) + C(tense):C(dominance) + C(tense):log_frequency + C(tense):lex_emb_norm + C(semantic_role):C(syntactic_role) + C(semantic_role):C(valence) + C(semantic_role):C(dominance) + C(semantic_role):log_frequency + C(semantic_role):lex_emb_norm + C(syntactic_role):C(valence) + C(syntactic_role):C(dominance) + C(syntactic_role):log_frequency + C(syntactic_role):lex_emb_norm + C(valence):C(dominance) + C(valence):log_frequency + C(valence):lex_emb_norm + C(dominance):log_frequency + C(dominance):lex_emb_norm + log_frequency:lex_emb_norm,1 + C(semantic_role) + C(syntactic_role) + C(valence) + C(dominance),profession,lbfgs,True,1,['ConvergenceWarning: The MLE may be on the boundary of the parameter space.'],True,5690.236590268178,6213.846561007408,-2777.118295134089,16320,0.07934991015079396,0.07874138339588654,0.9556619761305429,1.2326706957004595e-32,0.013295558777892132,0.018640658282284815,0.014691857867048968,0.0033084008087774885,0.000185358138155669,0.0003481837539058037,0.004246407414409082,,0.000783269762459006,0.002894425195607394,2.4116065865411023e-05,0.00033004172153163944,0.00022678728727056166,5.4470662860869265e-06,0.00025478190701771315,0.29801197611443064,0.0010398941728292908,8.096604365523151e-07,0.004000065479008285,0.00029645427807926435,0.0002091099485149654,0.03588755783691767,0.015677554035124847,0.0011674774489008033,6.827276430762205e-05,9.535622841003906e-05,0.003780289720942704,0.28558856820122247,0.0033239416494996177,0.05722595663426656,0.0021599123563317115,0.002692561558237053
/mnt/hum01-rds/Nikolaev_Dmitry/flos-code/model_selection_data/runs/he_she_odds_results__gpt2__8961fea3,he_she_odds_results__gpt2__8961fea3,/mnt/hum01-rds/Nikolaev_Dmitry/flos-code/modelling_data/he_she_odds_results__gpt2.csv,gpt2,selected_mixed_random_slopes__candidate__0__C_tense_C_dominance,/mnt/hum01-rds/Nikolaev_Dmitry/flos-code/model_selection_data/runs/he_she_odds_results__gpt2__8961fea3/models/selected_mixed_random_slopes__candidate__0__C_tense_C_dominance,random_slopes,log_he_she_odds ~ C(tense) + C(semantic_role) + C(syntactic_role) + C(valence) + C(dominance) + log_frequency + lex_emb_norm + C(tense):C(semantic_role) + C(tense):C(syntactic_role) + C(tense):C(valence) + C(tense):log_frequency + C(tense):lex_emb_norm + C(semantic_role):C(syntactic_role) + C(semantic_role):C(valence) + C(semantic_role):C(dominance) + C(semantic_role):log_frequency + C(semantic_role):lex_emb_norm + C(syntactic_role):C(valence) + C(syntactic_role):C(dominance) + C(syntactic_role):log_frequency + C(syntactic_role):lex_emb_norm + C(valence):C(dominance) + C(valence):log_frequency + C(valence):lex_emb_norm + C(dominance):log_frequency + C(dominance):lex_emb_norm + log_frequency:lex_emb_norm,1 + C(semantic_role) + C(syntactic_role) + C(valence) + C(dominance),profession,lbfgs,True,1,['ConvergenceWarning: The MLE may be on the boundary of the parameter space.'],True,5707.771475487942,6231.381446227172,-2785.885737743971,16320,0.07943478957775486,0.07831747413275371,0.9558474802016032,1.2326706957004595e-32,0.01288996309148104,0.01864065828225525,0.014691857867310082,0.004141164572559779,0.00026891801674653844,0.0003481837539058028,0.004246407414409126,0.0006516003421896355,,0.0028944251956073653,2.411606586541071e-05,0.0003300417215316311,0.00022678728727056367,5.4470662860866335e-06,0.0002547819070177124,0.31036729423656156,0.0010398941728289603,8.096604367842636e-07,0.004000065478804122,0.00029645427807358107,0.00020910994849949053,0.0335436211629058,0.015677554035122995,0.0011674774488919337,6.827276432426742e-05,9.535622840743844e-05,0.003780289720891139,0.30287860279863615,0.0033273749598260603,0.05733456597840741,0.0021622754213573405,0.002699651002829479
/mnt/hum01-rds/Nikolaev_Dmitry/flos-code/model_selection_data/runs/he_she_odds_results__gpt2__8961fea3,he_she_odds_results__gpt2__8961fea3,/mnt/hum01-rds/Nikolaev_Dmitry/flos-code/modelling_data/he_she_odds_results__gpt2.csv,gpt2,selected_mixed_random_slopes__candidate__0__C_semantic_role_C_syntactic_role,/mnt/hum01-rds/Nikolaev_Dmitry/flos-code/model_selection_data/runs/he_she_odds_results__gpt2__8961fea3/models/selected_mixed_random_slopes__candidate__0__C_semantic_role_C_syntactic_role,random_slopes,log_he_she_odds ~ C(tense) + C(semantic_role) + C(syntactic_role) + C(valence) + C(dominance) + log_frequency + lex_emb_norm + C(tense):C(semantic_role) + C(tense):C(syntactic_role) + C(tense):C(valence) + C(tense):C(dominance) + C(tense):log_frequency + C(tense):lex_emb_norm + C(semantic_role):C(valence) + C(semantic_role):C(dominance) + C(semantic_role):log_frequency + C(semantic_role):lex_emb_norm + C(syntactic_role):C(valence) + C(syntactic_role):C(dominance) + C(syntactic_role):log_frequency + C(syntactic_role):lex_emb_norm + C(valence):C(dominance) + C(valence):log_frequency + C(valence):lex_emb_norm + C(dominance):log_frequency + C(dominance):lex_emb_norm + log_frequency:lex_emb_norm,1 + C(semantic_role) + C(syntactic_role) + C(valence) + C(dominance),profession,lbfgs,True,1,['ConvergenceWarning: The MLE may be on the boundary of the parameter space.'],True,5833.885160591395,6388.295717844698,-2844.9425802956976,16320,0.08001907727306305,0.07822536576276372,0.9553821965642508,1.2326706957004595e-32,0.011154454325637806,0.011123800885700304,0.008126771748486679,0.004141164572565518,0.00018535813814885758,0.0003481837539057927,0.004246407414409095,0.0006516003421896603,0.0007832697624590116,,2.4116065865411436e-05,0.0003300417215316377,0.00022678728727056367,5.447066286087025e-06,0.0002547819070177206,0.3044201865329608,0.0010398941728293166,8.096604364941717e-07,0.004000065479113874,0.0002964542780810868,0.0002091099485206636,0.03465603504881177,0.015677554035125975,0.0011674774489064462,6.827276428247303e-05,9.535622841229076e-05,0.0037802897209908417,0.2945366363520087,0.0033157837194842336,0.057216671491074594,0.002153684998353066,0.0026894333861277393
/mnt/hum01-rds/Nikolaev_Dmitry/flos-code/model_selection_data/runs/he_she_odds_results__gpt2__8961fea3,he_she_odds_results__gpt2__8961fea3,/mnt/hum01-rds/Nikolaev_Dmitry/flos-code/modelling_data/he_she_odds_results__gpt2.csv,gpt2,selected_mixed_random_slopes__candidate__0__log_frequency_lex_emb_norm,/mnt/hum01-rds/Nikolaev_Dmitry/flos-code/model_selection_data/runs/he_she_odds_results__gpt2__8961fea3/models/selected_mixed_random_slopes__candidate__0__log_frequency_lex_emb_norm,random_slopes,log_he_she_odds ~ C(tense) + C(semantic_role) + C(syntactic_role) + C(valence) + C(dominance) + log_frequency + lex_emb_norm + C(tense):C(semantic_role) + C(tense):C(syntactic_role) + C(tense):C(valence) + C(tense):C(dominance) + C(tense):log_frequency + C(tense):lex_emb_norm + C(semantic_role):C(syntactic_role) + C(semantic_role):C(valence) + C(semantic_role):C(dominance) + C(semantic_role):log_frequency + C(semantic_role):lex_emb_norm + C(syntactic_role):C(valence) + C(syntactic_role):C(dominance) + C(syntactic_role):log_frequency + C(syntactic_role):lex_emb_norm + C(valence):C(dominance) + C(valence):log_frequency + C(valence):lex_emb_norm + C(dominance):log_frequency + C(dominance):lex_emb_norm,1 + C(semantic_role) + C(syntactic_role) + C(valence) + C(dominance),profession,lbfgs,True,1,['ConvergenceWarning: The Hessian matrix at the estimated parameter values is not positive definite.'],True,5868.555575164151,6422.966132417454,-2862.2777875820757,16320,0.07873593402679789,0.056966247784353975,0.9679921498374275,0.0,0.011154454325638849,0.018640658282210534,0.014691857867466686,0.004141164572588884,0.0001853581381486928,0.00034818375390579593,0.004246407414409133,0.0006516003421896612,0.0007832697624590116,0.002894425195607374,2.4116065865409065e-05,0.000330041721531635,0.0002267872872705635,5.447066286087086e-06,0.000254781907017718,0.02901774640105729,0.0010398941728292906,8.096604363796518e-07,0.004000065479256757,0.00029645427808998597,0.00020910994853896956,0.16028881635522726,0.015677554035127005,0.0011674774488846784,6.827276432542778e-05,9.535622841274786e-05,0.0037802897209302886,,0.05253555266709114,0.05583723382216318,0.05611084126239477,0.06057946175552988
/mnt/hum01-rds/Nikolaev_Dmitry/flos-code/model_selection_data/runs/he_she_odds_results__gpt2__8961fea3,he_she_odds_results__gpt2__8961fea3,/mnt/hum01-rds/Nikolaev_Dmitry/flos-code/modelling_data/he_she_odds_results__gpt2.csv,gpt2,selected_mixed_random_slopes__candidate__0__C_syntactic_role_log_frequency,/mnt/hum01-rds/Nikolaev_Dmitry/flos-code/model_selection_data/runs/he_she_odds_results__gpt2__8961fea3/models/selected_mixed_random_slopes__candidate__0__C_syntactic_role_log_frequency,random_slopes,log_he_she_odds ~ C(tense) + C(semantic_role) + C(syntactic_role) + C(valence) + C(dominance) + log_frequency + lex_emb_norm + C(tense):C(semantic_role) + C(tense):C(syntactic_role) + C(tense):C(valence) + C(tense):C(dominance) + C(tense):log_frequency + C(tense):lex_emb_norm + C(semantic_role):C(syntactic_role) + C(semantic_role):C(valence) + C(semantic_role):C(dominance) + C(semantic_role):log_frequency + C(semantic_role):lex_emb_norm + C(syntactic_role):C(valence) + C(syntactic_role):C(dominance) + C(syntactic_role):lex_emb_norm + C(valence):C(dominance) + C(valence):log_frequency + C(valence):lex_emb_norm + C(dominance):log_frequency + C(dominance):lex_emb_norm + log_frequency:lex_emb_norm,1 + C(semantic_role) + C(syntactic_role) + C(valence) + C(dominance),profession,lbfgs,True,1,['ConvergenceWarning: The Hessian matrix at the estimated parameter values is not positive definite.'],True,5927.459551026841,6481.8701082801435,-2891.7297755134205,16320,0.07908944936069817,0.08307961489327012,0.9689509267200959,0.0,0.011154454325639072,0.018423397431171516,0.015857567008507347,0.00411619737779611,0.00015293583864839426,0.00034818375390579116,0.004246407414409138,0.0006516003421896405,0.0007832697624590128,0.002894425195607366,2.411606586540912e-05,0.00033004172153163294,0.00022678728727056478,5.447066286085655e-06,0.00025478190701771586,1.0194165963975128,0.0010398941728293359,0.00013454926267149705,,0.00021353397617077555,5.1617236622028285e-06,1.6024755790267826,0.015677554035127154,0.0005349279208044271,0.005405093174505395,5.0086667837446824e-05,0.0019553703989124236,3.695539771327957,0.05739894137947389,0.04859238843985304,0.06146267520651103,0.06493487884892776
/mnt/hum01-rds/Nikolaev_Dmitry/flos-code/model_selection_data/runs/he_she_odds_results__gpt2__8961fea3,he_she_odds_results__gpt2__8961fea3,/mnt/hum01-rds/Nikolaev_Dmitry/flos-code/modelling_data/he_she_odds_results__gpt2.csv,gpt2,selected_mixed_random_slopes__candidate__0__C_tense_C_syntactic_role,/mnt/hum01-rds/Nikolaev_Dmitry/flos-code/model_selection_data/runs/he_she_odds_results__gpt2__8961fea3/models/selected_mixed_random_slopes__candidate__0__C_tense_C_syntactic_role,random_slopes,log_he_she_odds ~ C(tense) + C(semantic_role) + C(syntactic_role) + C(valence) + C(dominance) + log_frequency + lex_emb_norm + C(tense):C(semantic_role) + C(tense):C(valence) + C(tense):C(dominance) + C(tense):log_frequency + C(tense):lex_emb_norm + C(semantic_role):C(syntactic_role) + C(semantic_role):C(valence) + C(semantic_role):C(dominance) + C(semantic_role):log_frequency + C(semantic_role):lex_emb_norm + C(syntactic_role):C(valence) + C(syntactic_role):C(dominance) + C(syntactic_role):log_frequency + C(syntactic_role):lex_emb_norm + C(valence):C(dominance) + C(valence):log_frequency + C(valence):lex_emb_norm + C(dominance):log_frequency + C(dominance):lex_emb_norm + log_frequency:lex_emb_norm,1 + C(semantic_role) + C(syntactic_role) + C(valence) + C(dominance),profession,lbfgs,True,1,['ConvergenceWarning: The MLE may be on the boundary of the parameter space.'],True,6026.477068366046,6550.087039105277,-2945.238534183023,16320,0.08101826177384407,0.07756045458054114,0.9548963023664583,0.0,0.007225221492361943,0.018640658282231215,0.010576623542709785,0.004141164572548015,0.00018535813813709998,0.00034818375390580265,,0.0006516003421896376,0.0007832697624590149,0.0028944251956073393,2.411606586540979e-05,0.00033004172153162703,0.0002267872872705624,5.447066286086956e-06,0.00025478190701771044,0.3075843866459649,0.001039894172829359,8.096604367483696e-07,0.004000065478838822,0.00029645427807428526,0.00020910994850164427,0.0340605700974636,0.01567755403512778,0.0011674774488837263,6.827276434928512e-05,9.535622840468609e-05,0.0037802897208334073,0.29897058369728924,0.0033131539662973318,0.05732235531898183,0.0021472154740645637,0.0026831095326778336
/mnt/hum01-rds/Nikolaev_Dmitry/flos-code/model_selection_data/runs/he_she_odds_results__gpt2__8961fea3,he_she_odds_results__gpt2__8961fea3,/mnt/hum01-rds/Nikolaev_Dmitry/flos-code/modelling_data/he_she_odds_results__gpt2.csv,gpt2,selected_mixed_random_slopes__random_intercept_baseline,/mnt/hum01-rds/Nikolaev_Dmitry/flos-code/model_selection_data/runs/he_she_odds_results__gpt2__8961fea3/models/selected_mixed_random_slopes__random_intercept_baseline,random_intercept_baseline,log_he_she_odds ~ C(tense) + C(semantic_role) + C(syntactic_role) + C(valence) + C(dominance) + log_frequency + lex_emb_norm + C(tense):C(semantic_role) + C(tense):C(syntactic_role) + C(tense):C(valence) + C(tense):C(dominance) + C(tense):log_frequency + C(tense):lex_emb_norm + C(semantic_role):C(syntactic_role) + C(semantic_role):C(valence) + C(semantic_role):C(dominance) + C(semantic_role):log_frequency + C(semantic_role):lex_emb_norm + C(syntactic_role):C(valence) + C(syntactic_role):C(dominance) + C(syntactic_role):log_frequency + C(syntactic_role):lex_emb_norm + C(valence):C(dominance) + C(valence):log_frequency + C(valence):lex_emb_norm + C(dominance):log_frequency + C(dominance):lex_emb_norm + log_frequency:lex_emb_norm,1,profession,lbfgs,True,0,[],False,8395.591346547735,8849.899997630302,-4138.795673273868,16320,0.09544465128857327,0.12076822146758037,0.9458570142095809,3.1556369809931764e-30,0.011154454325639182,0.018640658282224682,0.014691857867652758,0.004141164572548846,0.0001853581381351667,0.0003481837539058001,0.004246407414409113,0.0006516003421896399,0.0007832697624589912,0.002894425195607293,2.41160658654049e-05,0.0003300417215316104,0.00022678728727058825,5.4470662860824025e-06,0.0002547819070177373,8.385432317838552,0.0010398941728289822,8.096604365667623e-07,0.004000065479035048,0.00029645427807956933,0.0002091099485156424,4.504340661155937,0.015677554035122502,0.0011674774488890944,6.827276433090346e-05,9.535622840775945e-05,0.003780289720883765,19.03529581850882,,,,
/mnt/hum01-rds/Nikolaev_Dmitry/flos-code/model_selection_data/runs/he_she_odds_results__mistralai_Mistral-7B-v0.3__0cb67515,he_she_odds_results__mistralai_Mistral-7B-v0.3__0cb67515,/mnt/hum01-rds/Nikolaev_Dmitry/flos-code/modelling_data/he_she_odds_results__mistralai_Mistral-7B-v0.3.csv,mistralai_Mistral-7B-v0.3,selected_mixed_random_slopes__candidate__0__C_dominance_log_frequency,/mnt/hum01-rds/Nikolaev_Dmitry/flos-code/model_selection_data/runs/he_she_odds_results__mistralai_Mistral-7B-v0.3__0cb67515/models/selected_mixed_random_slopes__candidate__0__C_dominance_log_frequency,random_slopes,log_he_she_odds ~ C(tense) + C(semantic_role) + C(syntactic_role) + C(valence) + C(dominance) + log_frequency + lex_emb_norm + C(tense):C(semantic_role) + C(tense):C(syntactic_role) + C(tense):C(valence) + C(tense):C(dominance) + C(tense):log_frequency + C(tense):lex_emb_norm + C(semantic_role):C(syntactic_role) + C(semantic_role):C(valence) + C(semantic_role):C(dominance) + C(semantic_role):log_frequency + C(semantic_role):lex_emb_norm + C(syntactic_role):C(valence) + C(syntactic_role):C(dominance) + C(syntactic_role):log_frequency + C(syntactic_role):lex_emb_norm + C(valence):C(dominance) + C(valence):log_frequency + C(valence):lex_emb_norm + C(dominance):lex_emb_norm + log_frequency:lex_emb_norm,1 + C(semantic_role) + C(syntactic_role) + C(valence) + C(dominance),profession,lbfgs,True,1,['ConvergenceWarning: The MLE may be on the boundary of the parameter space.'],True,14463.999100553716,15018.409657807018,-7159.999550276858,16320,0.13619267279620517,0.02227067700952683,0.9415131121311321,0.0,0.010594039156085013,0.006989052232920371,0.0004342178985462272,0.0003918165511233469,8.554379720389073e-05,0.0003896465179916462,0.002537032025885021,0.0009964694919664206,0.0017740475426995344,0.005365864947403275,0.0002537476938717646,0.00042766623008242387,9.163319832026865e-05,4.310167227157731e-05,0.0003539351324602182,0.1155761630322606,0.02082081286491531,0.0035745279252436483,0.003944579287323565,0.0038024434667138537,,0.5236820247301198,0.009554289292378034,0.00044628816478570584,0.0004068048919416336,0.005189657459875988,0.000251924378973235,1.1153297311786872,0.005750988579541905,0.03647033292620452,0.01545262600038629,0.005821211910599951
/mnt/hum01-rds/Nikolaev_Dmitry/flos-code/model_selection_data/runs/he_she_odds_results__mistralai_Mistral-7B-v0.3__0cb67515,he_she_odds_results__mistralai_Mistral-7B-v0.3__0cb67515,/mnt/hum01-rds/Nikolaev_Dmitry/flos-code/modelling_data/he_she_odds_results__mistralai_Mistral-7B-v0.3.csv,mistralai_Mistral-7B-v0.3,selected_mixed_random_slopes__candidate__0__C_syntactic_role_lex_emb_norm,/mnt/hum01-rds/Nikolaev_Dmitry/flos-code/model_selection_data/runs/he_she_odds_results__mistralai_Mistral-7B-v0.3__0cb67515/models/selected_mixed_random_slopes__candidate__0__C_syntactic_role_lex_emb_norm,random_slopes,log_he_she_odds ~ C(tense) + C(semantic_role) + C(syntactic_role) + C(valence) + C(dominance) + log_frequency + lex_emb_norm + C(tense):C(semantic_role) + C(tense):C(syntactic_role) + C(tense):C(valence) + C(tense):C(dominance) + C(tense):log_frequency + C(tense):lex_emb_norm + C(semantic_role):C(syntactic_role) + C(semantic_role):C(valence) + C(semantic_role):C(dominance) + C(semantic_role):log_frequency + C(semantic_role):lex_emb_norm + C(syntactic_role):C(valence) + C(syntactic_role):C(dominance) + C(syntactic_role):log_frequency + C(valence):C(dominance) + C(valence):log_frequency + C(valence):lex_emb_norm + C(dominance):log_frequency + C(dominance):lex_emb_norm + log_frequency:lex_emb_norm,1 + C(semantic_role) + C(syntactic_role) + C(valence) + C(dominance),profession,lbfgs,True,1,['ConvergenceWarning: The MLE may be on the boundary of the parameter space.'],True,14464.047803550377,15018.45836080368,-7160.023901775188,16320,0.13619263282167782,0.022177071100242685,0.9415076001452589,0.0,0.010594039156084908,0.007035094535481781,0.0006018091742679215,0.000397602091954501,9.532148674729621e-05,0.00038964651799161553,0.0025370320258849837,0.0009964694919664266,0.0017740475426995144,0.0053658649474033525,0.0002537476938717501,0.0004276662300824401,9.163319832027221e-05,4.310167227157448e-05,0.00035393513246022366,0.11430971697638881,0.020820812864915317,0.003404222811087684,0.0021912193928492795,0.0036618590423462814,3.8431928888706955e-07,0.5272042345882161,0.009554289292377725,0.0003752198342813932,,0.005001118998376223,0.00029091382942105713,1.1152199705392338,0.005750837097749637,0.036525519443351875,0.01545300166556831,0.005821450509328053
/mnt/hum01-rds/Nikolaev_Dmitry/flos-code/model_selection_data/runs/he_she_odds_results__mistralai_Mistral-7B-v0.3__0cb67515,he_she_odds_results__mistralai_Mistral-7B-v0.3__0cb67515,/mnt/hum01-rds/Nikolaev_Dmitry/flos-code/modelling_data/he_she_odds_results__mistralai_Mistral-7B-v0.3.csv,mistralai_Mistral-7B-v0.3,selected_mixed_random_slopes__candidate__0__C_dominance_lex_emb_norm,/mnt/hum01-rds/Nikolaev_Dmitry/flos-code/model_selection_data/runs/he_she_odds_results__mistralai_Mistral-7B-v0.3__0cb67515/models/selected_mixed_random_slopes__candidate__0__C_dominance_lex_emb_norm,random_slopes,log_he_she_odds ~ C(tense) + C(semantic_role) + C(syntactic_role) + C(valence) + C(dominance) + log_frequency + lex_emb_norm + C(tense):C(semantic_role) + C(tense):C(syntactic_role) + C(tense):C(valence) + C(tense):C(dominance) + C(tense):log_frequency + C(tense):lex_emb_norm + C(semantic_role):C(syntactic_role) + C(semantic_role):C(valence) + C(semantic_role):C(dominance) + C(semantic_role):log_frequency + C(semantic_role):lex_emb_norm + C(syntactic_role):C(valence) + C(syntactic_role):C(dominance) + C(syntactic_role):log_frequency + C(syntactic_role):lex_emb_norm + C(valence):C(dominance) + C(valence):log_frequency + C(valence):lex_emb_norm + C(dominance):log_frequency + log_frequency:lex_emb_norm,1 + C(semantic_role) + C(syntactic_role) + C(valence) + C(dominance),profession,lbfgs,True,1,['ConvergenceWarning: The MLE may be on the boundary of the parameter space.'],True,14464.148659783328,15018.55921703663,-7160.074329891664,16320,0.1361926658240631,0.02237220111837839,0.9415189636365007,7.704191848127872e-34,0.010594039156084149,0.007036120888118119,0.00038839836595982953,0.0004204877941736338,4.565304176928287e-05,0.00038964651799164453,0.0025370320258850045,0.0009964694919664143,0.0017740475426994986,0.005365864947403307,0.00025374769387175754,0.00042766623008243726,9.163319832027056e-05,4.310167227157447e-05,0.0003539351324602244,0.11564984532499263,0.020820812864916178,0.003400981785919284,0.0047217648370329905,0.0033575015894205724,0.00016983959434957528,0.523481114210249,0.00955428929237848,0.00037387641856259375,0.0007489141167492187,0.004557412520293843,,1.1153334820102336,0.005750930419404935,0.036475821882199784,0.015454930316457784,0.005851867916217179
/mnt/hum01-rds/Nikolaev_Dmitry/flos-code/model_selection_data/runs/he_she_odds_results__mistralai_Mistral-7B-v0.3__0cb67515,he_she_odds_results__mistralai_Mistral-7B-v0.3__0cb67515,/mnt/hum01-rds/Nikolaev_Dmitry/flos-code/modelling_data/he_she_odds_results__mistralai_Mistral-7B-v0.3.csv,mistralai_Mistral-7B-v0.3,selected_mixed_random_slopes__candidate__0__C_semantic_role_lex_emb_norm,/mnt/hum01-rds/Nikolaev_Dmitry/flos-code/model_selection_data/runs/he_she_odds_results__mistralai_Mistral-7B-v0.3__0cb67515/models/selected_mixed_random_slopes__candidate__0__C_semantic_role_lex_emb_norm,random_slopes,log_he_she_odds ~ C(tense) + C(semantic_role) + C(syntactic_role) + C(valence) + C(dominance) + log_frequency + lex_emb_norm + C(tense):C(semantic_role) + C(tense):C(syntactic_role) + C(tense):C(valence) + C(tense):C(dominance) + C(tense):log_frequency + C(tense):lex_emb_norm + C(semantic_role):C(syntactic_role) + C(semantic_role):C(valence) + C(semantic_role):C(dominance) + C(semantic_role):log_frequency + C(syntactic_role):C(valence) + C(syntactic_role):C(dominance) + C(syntactic_role):log_frequency + C(syntactic_role):lex_emb_norm + C(valence):C(dominance) + C(valence):log_frequency + C(valence):lex_emb_norm + C(dominance):log_frequency + C(dominance):lex_emb_norm + log_frequency:lex_emb_norm,1 + C(semantic_role) + C(syntactic_role) + C(valence) + C(dominance),profession,lbfgs,True,1,['ConvergenceWarning: The MLE may be on the boundary of the parameter space.'],True,14464.283170824201,15018.693728077504,-7160.1415854121005,16320,0.13619256159484935,0.02342487748246479,0.941882891535818,0.0,0.010594039156084884,0.0076195454519698644,0.0005117109943714602,0.000563027511813501,8.167784749710011e-05,0.0003896465179916399,0.0025370320258849967,0.0009964694919664245,0.0017740475426995437,0.005365864947403337,0.0002537476938717614,0.00042766623008243156,9.163319832027639e-05,4.3101672271571954e-05,0.0003539351324602242,0.20596923224985048,0.020820812864915696,0.0018353541383366284,0.003078791388648011,0.0018759045880398359,7.1571240306362545e-06,0.3265384648899665,0.009554289292377982,,0.00011750019277174298,0.002423395944889491,0.000167427004573992,1.114502305877556,0.005810986000937043,0.036513521951617646,0.015516327859911076,0.005819839658452449
/mnt/hum01-rds/Nikolaev_Dmitry/flos-code/model_selection_data/runs/he_she_odds_results__mistralai_Mistral-7B-v0.3__0cb67515,he_she_odds_results__mistralai_Mistral-7B-v0.3__0cb67515,/mnt/hum01-rds/Nikolaev_Dmitry/flos-code/modelling_data/he_she_odds_results__mistralai_Mistral-7B-v0.3.csv,mistralai_Mistral-7B-v0.3,selected_mixed_random_slopes__candidate__0__C_syntactic_role_log_frequency,/mnt/hum01-rds/Nikolaev_Dmitry/flos-code/model_selection_data/runs/he_she_odds_results__mistralai_Mistral-7B-v0.3__0cb67515/models/selected_mixed_random_slopes__candidate__0__C_syntactic_role_log_frequency,random_slopes,log_he_she_odds ~ C(tense) + C(semantic_role) + C(syntactic_role) + C(valence) + C(dominance) + log_frequency + lex_emb_norm + C(tense):C(semantic_role) + C(tense):C(syntactic_role) + C(tense):C(valence) + C(tense):C(dominance) + C(tense):log_frequency + C(tense):lex_emb_norm + C(semantic_role):C(syntactic_role) + C(semantic_role):C(valence) + C(semantic_role):C(dominance) + C(semantic_role):log_frequency + C(semantic_role):lex_emb_norm + C(syntactic_role):C(valence) + C(syntactic_role):C(dominance) + C(syntactic_role):lex_emb_norm + C(valence):C(dominance) + C(valence):log_frequency + C(valence):lex_emb_norm + C(dominance):log_frequency + C(dominance):lex_emb_norm + log_frequency:lex_emb_norm,1 + C(semantic_role) + C(syntactic_role) + C(valence) + C(dominance),profession,lbfgs,True,1,['ConvergenceWarning: The MLE may be on the boundary of the parameter space.'],True,14464.409085209685,15018.819642462988,-7160.204542604843,16320,0.13619318052257545,0.021603368698767056,0.9415047241657517,7.704191848127872e-34,0.010594039156084381,0.006737612996462706,9.294573053547746e-06,0.00034954363980817173,6.339060776439616e-05,0.00038964651799165733,0.002537032025884999,0.0009964694919664047,0.0017740475426994606,0.005365864947403321,0.0002537476938717543,0.00042766623008243606,9.163319832027236e-05,4.3101672271574895e-05,0.0003539351324602185,0.11054999584549118,0.02082081286491285,0.002962561396825924,,0.0033392729640493897,2.065180101907837e-05,0.5299353798010934,0.009554289292375484,0.000301241761345381,0.00057664478077741,0.004804086105178664,0.00036362862803075485,1.1124431574245746,0.005760529325740444,0.036906920670451114,0.015446915643672924,0.005820367915845995
/mnt/hum01-rds/Nikolaev_Dmitry/flos-code/model_selection_data/runs/he_she_odds_results__mistralai_Mistral-7B-v0.3__0cb67515,he_she_odds_results__mistralai_Mistral-7B-v0.3__0cb67515,/mnt/hum01-rds/Nikolaev_Dmitry/flos-code/modelling_data/he_she_odds_results__mistralai_Mistral-7B-v0.3.csv,mistralai_Mistral-7B-v0.3,selected_mixed_random_slopes__candidate__0__C_valence_log_frequency,/mnt/hum01-rds/Nikolaev_Dmitry/flos-code/model_selection_data/runs/he_she_odds_results__mistralai_Mistral-7B-v0.3__0cb67515/models/selected_mixed_random_slopes__candidate__0__C_valence_log_frequency,random_slopes,log_he_she_odds ~ C(tense) + C(semantic_role) + C(syntactic_role) + C(valence) + C(dominance) + log_frequency + lex_emb_norm + C(tense):C(semantic_role) + C(tense):C(syntactic_role) + C(tense):C(valence) + C(tense):C(dominance) + C(tense):log_frequency + C(tense):lex_emb_norm + C(semantic_role):C(syntactic_role) + C(semantic_role):C(valence) + C(semantic_role):C(dominance) + C(semantic_role):log_frequency + C(semantic_role):lex_emb_norm + C(syntactic_role):C(valence) + C(syntactic_role):C(dominance) + C(syntactic_role):log_frequency + C(syntactic_role):lex_emb_norm + C(valence):C(dominance) + C(valence):lex_emb_norm + C(dominance):log_frequency + C(dominance):lex_emb_norm + log_frequency:lex_emb_norm,1 + C(semantic_role) + C(syntactic_role) + C(valence) + C(dominance),profession,lbfgs,True,1,['ConvergenceWarning: The MLE may be on the boundary of the parameter space.'],True,14464.874760723382,15019.285317976684,-7160.437380361691,16320,0.1361925162113377,0.023723599971414995,0.9425813749800869,3.081676739251149e-33,0.010594039156084324,0.005745992349174462,0.0003483725816338576,5.422388486574663e-06,0.0001333064960632914,0.0003896465179916314,0.002537032025885043,0.0009964694919664236,0.0017740475426995092,0.005365864947403366,0.0002537476938717521,0.0004276662300824309,9.16331983202768e-05,4.3101672271573004e-05,0.0003539351324602243,0.3786013104462423,0.020820812864914093,0.0010403990901493771,0.0030396947934073614,,6.575896210515599e-05,0.2667161033993478,0.009554289292376825,3.08760983621545e-06,0.000218210962402672,0.0008213824545964652,0.00010337711230681044,1.1139973119944355,0.005837942786706788,0.03649841392356836,0.015883879816676834,0.005823595477238172
/mnt/hum01-rds/Nikolaev_Dmitry/flos-code/model_selection_data/runs/he_she_odds_results__mistralai_Mistral-7B-v0.3__0cb67515,he_she_odds_results__mistralai_Mistral-7B-v0.3__0cb67515,/mnt/hum01-rds/Nikolaev_Dmitry/flos-code/modelling_data/he_she_odds_results__mistralai_Mistral-7B-v0.3.csv,mistralai_Mistral-7B-v0.3,selected_mixed_random_slopes__candidate__0__log_frequency_lex_emb_norm,/mnt/hum01-rds/Nikolaev_Dmitry/flos-code/model_selection_data/runs/he_she_odds_results__mistralai_Mistral-7B-v0.3__0cb67515/models/selected_mixed_random_slopes__candidate__0__log_frequency_lex_emb_norm,random_slopes,log_he_she_odds ~ C(tense) + C(semantic_role) + C(syntactic_role) + C(valence) + C(dominance) + log_frequency + lex_emb_norm + C(tense):C(semantic_role) + C(tense):C(syntactic_role) + C(tense):C(valence) + C(tense):C(dominance) + C(tense):log_frequency + C(tense):lex_emb_norm + C(semantic_role):C(syntactic_role) + C(semantic_role):C(valence) + C(semantic_role):C(dominance) + C(semantic_role):log_frequency + C(semantic_role):lex_emb_norm + C(syntactic_role):C(valence) + C(syntactic_role):C(dominance) + C(syntactic_role):log_frequency + C(syntactic_role):lex_emb_norm + C(valence):C(dominance) + C(valence):log_frequency + C(valence):lex_emb_norm + C(dominance):log_frequency + C(dominance):lex_emb_norm,1 + C(semantic_role) + C(syntactic_role) + C(valence) + C(dominance),profession,lbfgs,True,1,['ConvergenceWarning: The MLE may be on the boundary of the parameter space.'],True,14464.974732883595,15019.385290136897,-7160.487366441797,16320,0.13619205606290175,0.018026818727514844,0.9421952744617773,1.9722731131207353e-31,0.010594039156084945,0.006985048720755746,0.0004382433129234618,0.00038941933015148103,8.952013501589406e-05,0.00038964651799162063,0.002537032025884955,0.0009964694919664275,0.0017740475426995274,0.005365864947403384,0.00025374769387174394,0.0004276662300824496,9.163319832027445e-05,4.310167227157168e-05,0.00035393513246022865,0.017022580700070636,0.02082081286491342,0.0035644251561183105,0.003987431453787704,0.003776082989679842,5.629683370190544e-07,0.005193696637543643,0.009554289292376759,0.0004437786637393162,0.00041651699362174556,0.005167978180491989,0.00023544737263163736,,0.005752280395157622,0.036539764917034735,0.015448023746394951,0.0058174617935650656
/mnt/hum01-rds/Nikolaev_Dmitry/flos-code/model_selection_data/runs/he_she_odds_results__mistralai_Mistral-7B-v0.3__0cb67515,he_she_odds_results__mistralai_Mistral-7B-v0.3__0cb67515,/mnt/hum01-rds/Nikolaev_Dmitry/flos-code/modelling_data/he_she_odds_results__mistralai_Mistral-7B-v0.3.csv,mistralai_Mistral-7B-v0.3,selected_mixed_random_slopes__candidate__0__C_valence_lex_emb_norm,/mnt/hum01-rds/Nikolaev_Dmitry/flos-code/model_selection_data/runs/he_she_odds_results__mistralai_Mistral-7B-v0.3__0cb67515/models/selected_mixed_random_slopes__candidate__0__C_valence_lex_emb_norm,random_slopes,log_he_she_odds ~ C(tense) + C(semantic_role) + C(syntactic_role) + C(valence) + C(dominance) + log_frequency + lex_emb_norm + C(tense):C(semantic_role) + C(tense):C(syntactic_role) + C(tense):C(valence) + C(tense):C(dominance) + C(tense):log_frequency + C(tense):lex_emb_norm + C(semantic_role):C(syntactic_role) + C(semantic_role):C(valence) + C(semantic_role):C(dominance) + C(semantic_role):log_frequency + C(semantic_role):lex_emb_norm + C(syntactic_role):C(valence) + C(syntactic_role):C(dominance) + C(syntactic_role):log_frequency + C(syntactic_role):lex_emb_norm + C(valence):C(dominance) + C(valence):log_frequency + C(dominance):log_frequency + C(dominance):lex_emb_norm + log_frequency:lex_emb_norm,1 + C(semantic_role) + C(syntactic_role) + C(valence) + C(dominance),profession,lbfgs,True,1,['ConvergenceWarning: The MLE may be on the boundary of the parameter space.'],True,14465.353248744912,15019.763805998215,-7160.676624372456,16320,0.13619268768923587,0.03802957789915608,0.9439212049926202,1.2326706957004595e-32,0.01059403915608467,0.007963468280231131,0.000510585057254033,0.0010501379101438971,6.308209068769316e-05,0.00038964651799164757,0.0025370320258849685,0.0009964694919664167,0.0017740475426994914,0.00536586494740336,0.0002537476938717475,0.00042766623008244365,9.163319832027736e-05,4.3101672271572645e-05,0.0003539351324602354,0.357136213606397,0.020820812864913132,0.0011556195491022232,0.003091351813539847,1.5275958633804365e-05,5.8494210858993914e-05,0.1437011744980372,0.009554289292376443,0.0001221561983589856,0.00012058261270810394,,4.524664175113834e-05,1.1131743581616558,0.00588587255328221,0.03649945130749149,0.016111662409037806,0.005830594050831613
/mnt/hum01-rds/Nikolaev_Dmitry/flos-code/model_selection_data/runs/he_she_odds_results__mistralai_Mistral-7B-v0.3__0cb67515,he_she_odds_results__mistralai_Mistral-7B-v0.3__0cb67515,/mnt/hum01-rds/Nikolaev_Dmitry/flos-code/modelling_data/he_she_odds_results__mistralai_Mistral-7B-v0.3.csv,mistralai_Mistral-7B-v0.3,selected_mixed_random_slopes__candidate__0__C_syntactic_role_C_dominance,/mnt/hum01-rds/Nikolaev_Dmitry/flos-code/model_selection_data/runs/he_she_odds_results__mistralai_Mistral-7B-v0.3__0cb67515/models/selected_mixed_random_slopes__candidate__0__C_syntactic_role_C_dominance,random_slopes,log_he_she_odds ~ C(tense) + C(semantic_role) + C(syntactic_role) + C(valence) + C(dominance) + log_frequency + lex_emb_norm + C(tense):C(semantic_role) + C(tense):C(syntactic_role) + C(tense):C(valence) + C(tense):C(dominance) + C(tense):log_frequency + C(tense):lex_emb_norm + C(semantic_role):C(syntactic_role) + C(semantic_role):C(valence) + C(semantic_role):C(dominance) + C(semantic_role):log_frequency + C(semantic_role):lex_emb_norm + C(syntactic_role):C(valence) + C(syntactic_role):log_frequency + C(syntactic_role):lex_emb_norm + C(valence):C(dominance) + C(valence):log_frequency + C(valence):lex_emb_norm + C(dominance):log_frequency + C(dominance):lex_emb_norm + log_frequency:lex_emb_norm,1 + C(semantic_role) + C(syntactic_role) + C(valence) + C(dominance),profession,lbfgs,True,1,['ConvergenceWarning: The MLE may be on the boundary of the parameter space.'],True,14465.720216599002,15020.130773852305,-7160.860108299501,16320,0.13620720779099835,0.022273479538817868,0.9415080028590157,0.0,0.010594039156083975,0.006985048720761032,0.0006113094958362887,0.0003894193301538111,0.00017561338898071206,0.00038964651799165093,0.00253703202588502,0.0009964694919664114,0.0017740475426995105,0.005365864947403319,0.0002537476938717541,0.0004276662300824292,9.163319832027342e-05,,0.0003539351324602226,0.11556420293562933,0.02082081286491408,0.00356442515621978,0.003987431453790838,0.0037760829898467333,5.629683370586064e-07,0.5236286463942799,0.00955428929237581,0.00044377866375798334,0.00041651699362056177,0.0051679781805941205,0.00023544737263126708,1.1152185305575983,0.005751076382325134,0.03647007485400225,0.015452600461661432,0.005820994840311449
/mnt/hum01-rds/Nikolaev_Dmitry/flos-code/model_selection_data/runs/he_she_odds_results__mistralai_Mistral-7B-v0.3__0cb67515,he_she_odds_results__mistralai_Mistral-7B-v0.3__0cb67515,/mnt/hum01-rds/Nikolaev_Dmitry/flos-code/modelling_data/he_she_odds_results__mistralai_Mistral-7B-v0.3.csv,mistralai_Mistral-7B-v0.3,selected_mixed_random_slopes__candidate__0__C_semantic_role_log_frequency,/mnt/hum01-rds/Nikolaev_Dmitry/flos-code/model_selection_data/runs/he_she_odds_results__mistralai_Mistral-7B-v0.3__0cb67515/models/selected_mixed_random_slopes__candidate__0__C_semantic_role_log_frequency,random_slopes,log_he_she_odds ~ C(tense) + C(semantic_role) + C(syntactic_role) + C(valence) + C(dominance) + log_frequency + lex_emb_norm + C(tense):C(semantic_role) + C(tense):C(syntactic_role) + C(tense):C(valence) + C(tense):C(dominance) + C(tense):log_frequency + C(tense):lex_emb_norm + C(semantic_role):C(syntactic_role) + C(semantic_role):C(valence) + C(semantic_role):C(dominance) + C(semantic_role):lex_emb_norm + C(syntactic_role):C(valence) + C(syntactic_role):C(dominance) + C(syntactic_role):log_frequency + C(syntactic_role):lex_emb_norm + C(valence):C(dominance) + C(valence):log_frequency + C(valence):lex_emb_norm + C(dominance):log_frequency + C(dominance):lex_emb_norm + log_frequency:lex_emb_norm,1 + C(semantic_role) + C(syntactic_role) + C(valence) + C(dominance),profession,lbfgs,True,1,['ConvergenceWarning: The MLE may be on the boundary of the parameter space.'],True,14465.95787556647,15020.368432819772,-7160.978937783235,16320,0.13619279766637174,0.035049376881545254,0.9443079852156745,1.2326706957004595e-32,0.010594039156084643,0.004444399186909216,0.00017574405507144665,2.420181662826665e-06,0.00012974681976883992,0.0003896465179916503,0.0025370320258850092,0.0009964694919664123,0.0017740475426994938,0.005365864947403318,0.00025374769387176047,0.0004276662300824304,9.16331983202713e-05,4.310167227157317e-05,0.0003539351324602179,0.552119321627344,0.02082081286491742,,0.001298919050889514,7.446372354028586e-06,5.717260443114406e-05,0.17634729102309196,0.009554289292378736,0.00043822473458184807,1.7967829388016987e-06,0.0007150332151245675,0.00011136401320696888,1.1125496383397782,0.0061578609440667955,0.036586610053319334,0.01590410895087629,0.0058277154500767725
/mnt/hum01-rds/Nikolaev_Dmitry/flos-code/model_selection_data/runs/he_she_odds_results__mistralai_Mistral-7B-v0.3__0cb67515,he_she_odds_results__mistralai_Mistral-7B-v0.3__0cb67515,/mnt/hum01-rds/Nikolaev_Dmitry/flos-code/modelling_data/he_she_odds_results__mistralai_Mistral-7B-v0.3.csv,mistralai_Mistral-7B-v0.3,selected_mixed_random_slopes,/mnt/hum01-rds/Nikolaev_Dmitry/flos-code/model_selection_data/runs/he_she_odds_results__mistralai_Mistral-7B-v0.3__0cb67515/models/selected_mixed_random_slopes,random_slopes,log_he_she_odds ~ C(tense) + C(semantic_role) + C(syntactic_role) + C(valence) + C(dominance) + log_frequency + lex_emb_norm + C(tense):C(semantic_role) + C(tense):C(syntactic_role) + C(tense):C(valence) + C(tense):C(dominance) + C(tense):log_frequency + C(tense):lex_emb_norm + C(semantic_role):C(syntactic_role) + C(semantic_role):C(valence) + C(semantic_role):C(dominance) + C(semantic_role):log_frequency + C(semantic_role):lex_emb_norm + C(syntactic_role):C(valence) + C(syntactic_role):C(dominance) + C(syntactic_role):log_frequency + C(syntactic_role):lex_emb_norm + C(valence):C(dominance) + C(valence):log_frequency + C(valence):lex_emb_norm + C(dominance):log_frequency + C(dominance):lex_emb_norm + log_frequency:lex_emb_norm,1 + C(semantic_role) + C(syntactic_role) + C(valence) + C(dominance),profession,lbfgs,True,1,['ConvergenceWarning: The MLE may be on the boundary of the parameter space.'],True,14465.998784893745,15028.109488775566,-7159.999392446873,16320,0.1361926728295012,0.022280263825306856,0.9415136869707363,7.704191848127872e-34,0.010594039156084615,0.006985048720665853,0.00043824331291737316,0.000389419330118083,8.952013501533168e-05,0.00038964651799164746,0.002537032025884961,0.000996469491966418,0.0017740475426995161,0.005365864947403304,0.000253747693871749,0.00042766623008243286,9.163319832027338e-05,4.3101672271574814e-05,0.000353935132460221,0.11558011599586325,0.020820812864914884,0.003564425156064091,0.003987431453764431,0.0037760829895909943,5.629683369888385e-07,0.5236755617529627,0.009554289292377418,0.00044377866371881117,0.0004165169936161954,0.005167978180380395,0.0002354473726321232,1.1153295026371948,0.005750988908056202,0.03647032187356374,0.01545262138923709,0.005821147244405384
/mnt/hum01-rds/Nikolaev_Dmitry/flos-code/model_selection_data/runs/he_she_odds_results__mistralai_Mistral-7B-v0.3__0cb67515,he_she_odds_results__mistralai_Mistral-7B-v0.3__0cb67515,/mnt/hum01-rds/Nikolaev_Dmitry/flos-code/modelling_data/he_she_odds_results__mistralai_Mistral-7B-v0.3.csv,mistralai_Mistral-7B-v0.3,selected_mixed_random_slopes__full,/mnt/hum01-rds/Nikolaev_Dmitry/flos-code/model_selection_data/runs/he_she_odds_results__mistralai_Mistral-7B-v0.3__0cb67515/models/selected_mixed_random_slopes__full,random_slopes,log_he_she_odds ~ C(tense) + C(semantic_role) + C(syntactic_role) + C(valence) + C(dominance) + log_frequency + lex_emb_norm + C(tense):C(semantic_role) + C(tense):C(syntactic_role) + C(tense):C(valence) + C(tense):C(dominance) + C(tense):log_frequency + C(tense):lex_emb_norm + C(semantic_role):C(syntactic_role) + C(semantic_role):C(valence) + C(semantic_role):C(dominance) + C(semantic_role):log_frequency + C(semantic_role):lex_emb_norm + C(syntactic_role):C(valence) + C(syntactic_role):C(dominance) + C(syntactic_role):log_frequency + C(syntactic_role):lex_emb_norm + C(valence):C(dominance) + C(valence):log_frequency + C(valence):lex_emb_norm + C(dominance):log_frequency + C(dominance):lex_emb_norm + log_frequency:lex_emb_norm,1 + C(semantic_role) + C(syntactic_role) + C(valence) + C(dominance),profession,lbfgs,True,1,['ConvergenceWarning: The MLE may be on the boundary of the parameter space.'],True,14465.998784893745,15028.109488775566,-7159.999392446873,16320,0.1361926728295012,0.022280263825306856,0.9415136869707363,7.704191848127872e-34,0.010594039156084615,0.006985048720665853,0.00043824331291737316,0.000389419330118083,8.952013501533168e-05,0.00038964651799164746,0.002537032025884961,0.000996469491966418,0.0017740475426995161,0.005365864947403304,0.000253747693871749,0.00042766623008243286,9.163319832027338e-05,4.3101672271574814e-05,0.000353935132460221,0.11558011599586325,0.020820812864914884,0.003564425156064091,0.003987431453764431,0.0037760829895909943,5.629683369888385e-07,0.5236755617529627,0.009554289292377418,0.00044377866371881117,0.0004165169936161954,0.005167978180380395,0.0002354473726321232,1.1153295026371948,0.005750988908056202,0.03647032187356374,0.01545262138923709,0.005821147244405384
/mnt/hum01-rds/Nikolaev_Dmitry/flos-code/model_selection_data/runs/he_she_odds_results__mistralai_Mistral-7B-v0.3__0cb67515,he_she_odds_results__mistralai_Mistral-7B-v0.3__0cb67515,/mnt/hum01-rds/Nikolaev_Dmitry/flos-code/modelling_data/he_she_odds_results__mistralai_Mistral-7B-v0.3.csv,mistralai_Mistral-7B-v0.3,selected_mixed_random_slopes__candidate__0__C_syntactic_role_C_valence,/mnt/hum01-rds/Nikolaev_Dmitry/flos-code/model_selection_data/runs/he_she_odds_results__mistralai_Mistral-7B-v0.3__0cb67515/models/selected_mixed_random_slopes__candidate__0__C_syntactic_role_C_valence,random_slopes,log_he_she_odds ~ C(tense) + C(semantic_role) + C(syntactic_role) + C(valence) + C(dominance) + log_frequency + lex_emb_norm + C(tense):C(semantic_role) + C(tense):C(syntactic_role) + C(tense):C(valence) + C(tense):C(dominance) + C(tense):log_frequency + C(tense):lex_emb_norm + C(semantic_role):C(syntactic_role) + C(semantic_role):C(valence) + C(semantic_role):C(dominance) + C(semantic_role):log_frequency + C(semantic_role):lex_emb_norm + C(syntactic_role):C(dominance) + C(syntactic_role):log_frequency + C(syntactic_role):lex_emb_norm + C(valence):C(dominance) + C(valence):log_frequency + C(valence):lex_emb_norm + C(dominance):log_frequency + C(dominance):lex_emb_norm + log_frequency:lex_emb_norm,1 + C(semantic_role) + C(syntactic_role) + C(valence) + C(dominance),profession,lbfgs,True,1,['ConvergenceWarning: The MLE may be on the boundary of the parameter space.'],True,14467.658288537088,15022.06884579039,-7161.829144268544,16320,0.1362235827782071,0.022265345963408133,0.9415019991821443,0.0,0.01059403915608413,0.006985048720580051,0.00023739299502903284,0.00020183918191323693,8.952013501508049e-05,0.0003896465179916897,0.0025370320258850682,0.000996469491966396,0.0017740475426994533,0.005365864947403293,0.0002537476938717639,0.00042766623008242517,,4.3101672271574204e-05,0.00035393513246022345,0.11553273251565241,0.020820812864915675,0.003564425156053877,0.0039874314537639045,0.0037760829895747486,5.62968336978722e-07,0.5235358609283575,0.009554289292377007,0.0004437786637541167,0.0004165169936203565,0.005167978180571543,0.0002354473726315273,1.1149990604947568,0.005751232698489056,0.03646976212206707,0.015452605911723732,0.005820763978640862
/mnt/hum01-rds/Nikolaev_Dmitry/flos-code/model_selection_data/runs/he_she_odds_results__mistralai_Mistral-7B-v0.3__0cb67515,he_she_odds_results__mistralai_Mistral-7B-v0.3__0cb67515,/mnt/hum01-rds/Nikolaev_Dmitry/flos-code/modelling_data/he_she_odds_results__mistralai_Mistral-7B-v0.3.csv,mistralai_Mistral-7B-v0.3,selected_mixed_random_slopes__candidate__0__C_semantic_role_C_valence,/mnt/hum01-rds/Nikolaev_Dmitry/flos-code/model_selection_data/runs/he_she_odds_results__mistralai_Mistral-7B-v0.3__0cb67515/models/selected_mixed_random_slopes__candidate__0__C_semantic_role_C_valence,random_slopes,log_he_she_odds ~ C(tense) + C(semantic_role) + C(syntactic_role) + C(valence) + C(dominance) + log_frequency + lex_emb_norm + C(tense):C(semantic_role) + C(tense):C(syntactic_role) + C(tense):C(valence) + C(tense):C(dominance) + C(tense):log_frequency + C(tense):lex_emb_norm + C(semantic_role):C(syntactic_role) + C(semantic_role):C(dominance) + C(semantic_role):log_frequency + C(semantic_role):lex_emb_norm + C(syntactic_role):C(valence) + C(syntactic_role):C(dominance) + C(syntactic_role):log_frequency + C(syntactic_role):lex_emb_norm + C(valence):C(dominance) + C(valence):log_frequency + C(valence):lex_emb_norm + C(dominance):log_frequency + C(dominance):lex_emb_norm + log_frequency:lex_emb_norm,1 + C(semantic_role) + C(syntactic_role) + C(valence) + C(dominance),profession,lbfgs,True,1,['ConvergenceWarning: The MLE may be on the boundary of the parameter space.'],True,14474.130530448048,15028.541087701351,-7165.065265224024,16320,0.13627840841886177,0.022233376093638804,0.9414857338566556,0.0,0.010594039156084421,0.008606918941934457,0.00043824331292074514,0.0008369789499708352,8.952013501568643e-05,0.00038964651799166893,0.002537032025885046,0.0009964694919664182,0.001774047542699533,0.005365864947403314,,0.00042766623008242007,9.163319832027342e-05,4.310167227157361e-05,0.0003539351324602242,0.11529534181828459,0.020820812864913284,0.003564425156162572,0.003987431453791391,0.0037760829897511908,5.629683370396077e-07,0.5228358105487112,0.009554289292376245,0.00044377866376712593,0.0004165169936231351,0.005167978180641456,0.00023544737263133194,1.1133432659710027,0.005752106268697637,0.0364666749955537,0.015451903044312302,0.005819139289306538
/mnt/hum01-rds/Nikolaev_Dmitry/flos-code/model_selection_data/runs/he_she_odds_results__mistralai_Mistral-7B-v0.3__0cb67515,he_she_odds_results__mistralai_Mistral-7B-v0.3__0cb67515,/mnt/hum01-rds/Nikolaev_Dmitry/flos-code/modelling_data/he_she_odds_results__mistralai_Mistral-7B-v0.3.csv,mistralai_Mistral-7B-v0.3,selected_mixed_random_slopes__candidate__0__C_tense_C_semantic_role,/mnt/hum01-rds/Nikolaev_Dmitry/flos-code/model_selection_data/runs/he_she_odds_results__mistralai_Mistral-7B-v0.3__0cb67515/models/selected_mixed_random_slopes__candidate__0__C_tense_C_semantic_role,random_slopes,log_he_she_odds ~ C(tense) + C(semantic_role) + C(syntactic_role) + C(valence) + C(dominance) + log_frequency + lex_emb_norm + C(tense):C(syntactic_role) + C(tense):C(valence) + C(tense):C(dominance) + C(tense):log_frequency + C(tense):lex_emb_norm + C(semantic_role):C(syntactic_role) + C(semantic_role):C(valence) + C(semantic_role):C(dominance) + C(semantic_role):log_frequency + C(semantic_role):lex_emb_norm + C(syntactic_role):C(valence) + C(syntactic_role):C(dominance) + C(syntactic_role):log_frequency + C(syntactic_role):lex_emb_norm + C(valence):C(dominance) + C(valence):log_frequency + C(valence):lex_emb_norm + C(dominance):log_frequency + C(dominance):lex_emb_norm + log_frequency:lex_emb_norm,1 + C(semantic_role) + C(syntactic_role) + C(valence) + C(dominance),profession,lbfgs,True,1,['ConvergenceWarning: The MLE may be on the boundary of the parameter space.'],True,14475.066198315646,14998.676169054877,-7169.533099157823,16320,0.13635338402977495,0.02220916469016304,0.9414417057158976,0.0,0.010489131091398473,0.00846666435696356,0.0004382433129155808,0.00038941933006776875,8.952013501503828e-05,,0.002537032025884995,0.0009964694919664255,0.0017740475426995296,0.00536586494740336,0.0002537476938717594,0.00042766623008242983,9.163319832027488e-05,4.310167227157108e-05,0.0003539351324602242,0.11542787323448789,0.020820812864910707,0.0035644251559998792,0.0039874314537628065,0.0037760829894857807,5.629683369566649e-07,0.5232266684382382,0.009554289292374785,0.0004437786637469303,0.0004165169936194198,0.005167978180533063,0.0002354473726318877,1.1142677276943436,0.005752197625874633,0.0365070117522996,0.015448227882398975,0.005817570297118389
/mnt/hum01-rds/Nikolaev_Dmitry/flos-code/model_selection_data/runs/he_she_odds_results__mistralai_Mistral-7B-v0.3__0cb67515,he_she_odds_results__mistralai_Mistral-7B-v0.3__0cb67515,/mnt/hum01-rds/Nikolaev_Dmitry/flos-code/modelling_data/he_she_odds_results__mistralai_Mistral-7B-v0.3.csv,mistralai_Mistral-7B-v0.3,selected_mixed_random_slopes__candidate__0__C_valence_C_dominance,/mnt/hum01-rds/Nikolaev_Dmitry/flos-code/model_selection_data/runs/he_she_odds_results__mistralai_Mistral-7B-v0.3__0cb67515/models/selected_mixed_random_slopes__candidate__0__C_valence_C_dominance,random_slopes,log_he_she_odds ~ C(tense) + C(semantic_role) + C(syntactic_role) + C(valence) + C(dominance) + log_frequency + lex_emb_norm + C(tense):C(semantic_role) + C(tense):C(syntactic_role) + C(tense):C(valence) + C(tense):C(dominance) + C(tense):log_frequency + C(tense):lex_emb_norm + C(semantic_role):C(syntactic_role) + C(semantic_role):C(valence) + C(semantic_role):C(dominance) + C(semantic_role):log_frequency + C(semantic_role):lex_emb_norm + C(syntactic_role):C(valence) + C(syntactic_role):C(dominance) + C(syntactic_role):log_frequency + C(syntactic_role):lex_emb_norm + C(valence):log_frequency + C(valence):lex_emb_norm + C(dominance):log_frequency + C(dominance):lex_emb_norm + log_frequency:lex_emb_norm,1 + C(semantic_role) + C(syntactic_role) + C(valence) + C(dominance),profession,lbfgs,True,1,['ConvergenceWarning: The MLE may be on the boundary of the parameter space.'],True,14478.129148764041,15032.539706017344,-7167.0645743820205,16320,0.1363124350591815,0.022209599934324333,0.941478897453509,0.0,0.010594039156084764,0.0069850487207416675,0.0004382433129229468,7.871105875012086e-05,1.9607760008519234e-06,0.00038964651799164876,0.002537032025884915,0.000996469491966421,0.0017740475426995278,0.0053658649474033655,0.0002537476938717577,0.00042766623008243433,9.163319832027812e-05,4.3101672271570206e-05,,0.11503869682997275,0.0208208128649126,0.0035644251561736283,0.0039874314537779445,0.0037760829897707667,5.629683370427172e-07,0.522078696933201,0.009554289292375742,0.0004437786637451345,0.0004165169936162722,0.005167978180523852,0.00023544737263172386,1.1115526407583012,0.005752674884540157,0.03646152645508408,0.01544969077353721,0.005817120444041823
/mnt/hum01-rds/Nikolaev_Dmitry/flos-code/model_selection_data/runs/he_she_odds_results__mistralai_Mistral-7B-v0.3__0cb67515,he_she_odds_results__mistralai_Mistral-7B-v0.3__0cb67515,/mnt/hum01-rds/Nikolaev_Dmitry/flos-code/modelling_data/he_she_odds_results__mistralai_Mistral-7B-v0.3.csv,mistralai_Mistral-7B-v0.3,selected_mixed_random_slopes__candidate__0__C_semantic_role_C_dominance,/mnt/hum01-rds/Nikolaev_Dmitry/flos-code/model_selection_data/runs/he_she_odds_results__mistralai_Mistral-7B-v0.3__0cb67515/models/selected_mixed_random_slopes__candidate__0__C_semantic_role_C_dominance,random_slopes,log_he_she_odds ~ C(tense) + C(semantic_role) + C(syntactic_role) + C(valence) + C(dominance) + log_frequency + lex_emb_norm + C(tense):C(semantic_role) + C(tense):C(syntactic_role) + C(tense):C(valence) + C(tense):C(dominance) + C(tense):log_frequency + C(tense):lex_emb_norm + C(semantic_role):C(syntactic_role) + C(semantic_role):C(valence) + C(semantic_role):log_frequency + C(semantic_role):lex_emb_norm + C(syntactic_role):C(valence) + C(syntactic_role):C(dominance) + C(syntactic_role):log_frequency + C(syntactic_role):lex_emb_norm + C(valence):C(dominance) + C(valence):log_frequency + C(valence):lex_emb_norm + C(dominance):log_frequency + C(dominance):lex_emb_norm + log_frequency:lex_emb_norm,1 + C(semantic_role) + C(syntactic_role) + C(valence) + C(dominance),profession,lbfgs,True,1,['ConvergenceWarning: The MLE may be on the boundary of the parameter space.'],True,14481.071100322006,15035.481657575308,-7168.535550161003,16320,0.1363365303689156,0.02221624966080866,0.9414495443819665,7.704191848127872e-34,0.010594039156084289,0.005131852157791901,0.00043824331292089633,0.00038941933016232153,6.141222259929252e-06,0.0003896465179916682,0.0025370320258850526,0.0009964694919664067,0.0017740475426994617,0.005365864947403337,0.000253747693871753,,9.163319832027067e-05,4.310167227157356e-05,0.00035393513246022377,0.11543397643276412,0.020820812864913208,0.003564425156141789,0.003987431453776892,0.0037760829897185394,5.629683370298837e-07,0.5232446659470898,0.009554289292374892,0.00044377866372806,0.0004165169936181732,0.005167978180432111,0.0002354473726317973,1.114310296552399,0.005752313165388043,0.036506837209069935,0.015448639521792828,0.005817682837094331
/mnt/hum01-rds/Nikolaev_Dmitry/flos-code/model_selection_data/runs/he_she_odds_results__mistralai_Mistral-7B-v0.3__0cb67515,he_she_odds_results__mistralai_Mistral-7B-v0.3__0cb67515,/mnt/hum01-rds/Nikolaev_Dmitry/flos-code/modelling_data/he_she_odds_results__mistralai_Mistral-7B-v0.3.csv,mistralai_Mistral-7B-v0.3,selected_mixed_random_slopes__candidate__0__C_tense_lex_emb_norm,/mnt/hum01-rds/Nikolaev_Dmitry/flos-code/model_selection_data/runs/he_she_odds_results__mistralai_Mistral-7B-v0.3__0cb67515/models/selected_mixed_random_slopes__candidate__0__C_tense_lex_emb_norm,random_slopes,log_he_she_odds ~ C(tense) + C(semantic_role) + C(syntactic_role) + C(valence) + C(dominance) + log_frequency + lex_emb_norm + C(tense):C(semantic_role) + C(tense):C(syntactic_role) + C(tense):C(valence) + C(tense):C(dominance) + C(tense):log_frequency + C(semantic_role):C(syntactic_role) + C(semantic_role):C(valence) + C(semantic_role):C(dominance) + C(semantic_role):log_frequency + C(semantic_role):lex_emb_norm + C(syntactic_role):C(valence) + C(syntactic_role):C(dominance) + C(syntactic_role):log_frequency + C(syntactic_role):lex_emb_norm + C(valence):C(dominance) + C(valence):log_frequency + C(valence):lex_emb_norm + C(dominance):log_frequency + C(dominance):lex_emb_norm + log_frequency:lex_emb_norm,1 + C(semantic_role) + C(syntactic_role) + C(valence) + C(dominance),profession,lbfgs,True,1,['ConvergenceWarning: The MLE may be on the boundary of the parameter space.'],True,14490.359347875055,15013.969318614287,-7177.179673937528,16320,0.13648265512371344,0.02215502835198135,0.9413821908986403,7.704191848127872e-34,0.008926088311970429,0.006985048720686792,0.0004382433129195731,0.00038941933012586486,8.952013501564296e-05,0.000389646517991641,0.0025370320258850144,0.0009964694919664342,0.001774047542699545,0.0053658649474033395,0.000253747693871748,0.00042766623008244224,9.163319832027728e-05,4.310167227157272e-05,0.00035393513246023315,0.13532643558633678,0.009848853676783183,0.003564425156221283,0.003987431453784129,0.003776082989848566,5.629683370496637e-07,0.470255173020583,,0.00044377866377995687,0.0004165169936217513,0.005167978180712656,0.00023544737263109583,1.114062277229949,0.005750822772977292,0.03650255076418636,0.015445952281352237,0.005816697449460447
/mnt/hum01-rds/Nikolaev_Dmitry/flos-code/model_selection_data/runs/he_she_odds_results__mistralai_Mistral-7B-v0.3__0cb67515,he_she_odds_results__mistralai_Mistral-7B-v0.3__0cb67515,/mnt/hum01-rds/Nikolaev_Dmitry/flos-code/modelling_data/he_she_odds_results__mistralai_Mistral-7B-v0.3.csv,mistralai_Mistral-7B-v0.3,selected_mixed_random_slopes__candidate__0__C_tense_C_valence,/mnt/hum01-rds/Nikolaev_Dmitry/flos-code/model_selection_data/runs/he_she_odds_results__mistralai_Mistral-7B-v0.3__0cb67515/models/selected_mixed_random_slopes__candidate__0__C_tense_C_valence,random_slopes,log_he_she_odds ~ C(tense) + C(semantic_role) + C(syntactic_role) + C(valence) + C(dominance) + log_frequency + lex_emb_norm + C(tense):C(semantic_role) + C(tense):C(syntactic_role) + C(tense):C(dominance) + C(tense):log_frequency + C(tense):lex_emb_norm + C(semantic_role):C(syntactic_role) + C(semantic_role):C(valence) + C(semantic_role):C(dominance) + C(semantic_role):log_frequency + C(semantic_role):lex_emb_norm + C(syntactic_role):C(valence) + C(syntactic_role):C(dominance) + C(syntactic_role):log_frequency + C(syntactic_role):lex_emb_norm + C(valence):C(dominance) + C(valence):log_frequency + C(valence):lex_emb_norm + C(dominance):log_frequency + C(dominance):lex_emb_norm + log_frequency:lex_emb_norm,1 + C(semantic_role) + C(syntactic_role) + C(valence) + C(dominance),profession,lbfgs,True,1,['ConvergenceWarning: The MLE may be on the boundary of the parameter space.'],True,14513.131789450941,15036.741760190172,-7188.565894725471,16320,0.13667528926582947,0.022072985685849304,0.9412976531394144,3.081676739251149e-33,0.011543734544747056,0.006985048720839366,0.00043824331292187434,0.00017737593947935153,8.952013501599167e-05,0.00038964651799166573,0.002537032025885032,,0.0017740475426994667,0.005365864947403301,0.0002537476938717653,0.0004276662300824292,9.163319832026784e-05,4.3101672271576535e-05,0.00035393513246021916,0.11536420188380543,0.020820812864916327,0.003564425156300965,0.003987431453776942,0.003776082989980057,5.629683370444008e-07,0.5230389005358417,0.009554289292378344,0.000443778663766759,0.000416516993617108,0.005167978180641689,0.00023544737263187258,1.1138236120398766,0.0057489399381154705,0.036495682228355975,0.015443285329636253,0.005814956709577222
/mnt/hum01-rds/Nikolaev_Dmitry/flos-code/model_selection_data/runs/he_she_odds_results__mistralai_Mistral-7B-v0.3__0cb67515,he_she_odds_results__mistralai_Mistral-7B-v0.3__0cb67515,/mnt/hum01-rds/Nikolaev_Dmitry/flos-code/modelling_data/he_she_odds_results__mistralai_Mistral-7B-v0.3.csv,mistralai_Mistral-7B-v0.3,selected_mixed_random_slopes__candidate__0__C_tense_log_frequency,/mnt/hum01-rds/Nikolaev_Dmitry/flos-code/model_selection_data/runs/he_she_odds_results__mistralai_Mistral-7B-v0.3__0cb67515/models/selected_mixed_random_slopes__candidate__0__C_tense_log_frequency,random_slopes,log_he_she_odds ~ C(tense) + C(semantic_role) + C(syntactic_role) + C(valence) + C(dominance) + log_frequency + lex_emb_norm + C(tense):C(semantic_role) + C(tense):C(syntactic_role) + C(tense):C(valence) + C(tense):C(dominance) + C(tense):lex_emb_norm + C(semantic_role):C(syntactic_role) + C(semantic_role):C(valence) + C(semantic_role):C(dominance) + C(semantic_role):log_frequency + C(semantic_role):lex_emb_norm + C(syntactic_role):C(valence) + C(syntactic_role):C(dominance) + C(syntactic_role):log_frequency + C(syntactic_role):lex_emb_norm + C(valence):C(dominance) + C(valence):log_frequency + C(valence):lex_emb_norm + C(dominance):log_frequency + C(dominance):lex_emb_norm + log_frequency:lex_emb_norm,1 + C(semantic_role) + C(syntactic_role) + C(valence) + C(dominance),profession,lbfgs,True,1,['ConvergenceWarning: The MLE may be on the boundary of the parameter space.'],True,14524.519659994025,15048.129630733256,-7194.259829997012,16320,0.13677170553808293,0.022032026151826156,0.941255511404373,7.704191848127872e-34,0.014731230188515179,0.006985048720937361,0.0004382433129291056,0.0003894193302194876,8.952013501662009e-05,0.0003896465179916505,0.0025370320258850175,0.0009964694919664182,0.0017740475426994474,0.005365864947403354,0.0002537476938717458,0.00042766623008244924,9.163319832027442e-05,4.3101672271573926e-05,0.0003539351324602367,0.1489040329388623,,0.0035644251561746305,0.003987431453775497,0.003776082989772175,5.629683370328743e-07,0.4740235994837446,0.004750135645956278,0.0004437786636816546,0.00041651699360696225,0.005167978180181085,0.0002354473726335439,1.113753216456543,0.005748090755039508,0.03649321245504213,0.01544218030893722,0.005814078410473751
/mnt/hum01-rds/Nikolaev_Dmitry/flos-code/model_selection_data/runs/he_she_odds_results__mistralai_Mistral-7B-v0.3__0cb67515,he_she_odds_results__mistralai_Mistral-7B-v0.3__0cb67515,/mnt/hum01-rds/Nikolaev_Dmitry/flos-code/modelling_data/he_she_odds_results__mistralai_Mistral-7B-v0.3.csv,mistralai_Mistral-7B-v0.3,selected_mixed_random_slopes__candidate__0__C_tense_C_dominance,/mnt/hum01-rds/Nikolaev_Dmitry/flos-code/model_selection_data/runs/he_she_odds_results__mistralai_Mistral-7B-v0.3__0cb67515/models/selected_mixed_random_slopes__candidate__0__C_tense_C_dominance,random_slopes,log_he_she_odds ~ C(tense) + C(semantic_role) + C(syntactic_role) + C(valence) + C(dominance) + log_frequency + lex_emb_norm + C(tense):C(semantic_role) + C(tense):C(syntactic_role) + C(tense):C(valence) + C(tense):log_frequency + C(tense):lex_emb_norm + C(semantic_role):C(syntactic_role) + C(semantic_role):C(valence) + C(semantic_role):C(dominance) + C(semantic_role):log_frequency + C(semantic_role):lex_emb_norm + C(syntactic_role):C(valence) + C(syntactic_role):C(dominance) + C(syntactic_role):log_frequency + C(syntactic_role):lex_emb_norm + C(valence):C(dominance) + C(valence):log_frequency + C(valence):lex_emb_norm + C(dominance):log_frequency + C(dominance):lex_emb_norm + log_frequency:lex_emb_norm,1 + C(semantic_role) + C(syntactic_role) + C(valence) + C(dominance),profession,lbfgs,True,1,['ConvergenceWarning: The MLE may be on the boundary of the parameter space.'],True,14541.462478682952,15065.072449422183,-7202.731239341476,16320,0.13691528239738146,0.021971611682240034,0.9411920258342942,0.0,0.0072046276918722296,0.006985048720711336,0.0004382433129211769,0.0003894193301348644,8.243757815662373e-05,0.000389646517991672,0.002537032025885063,0.000996469491966405,,0.005365864947403366,0.00025374769387175657,0.0004276662300824406,9.163319832027418e-05,4.310167227157151e-05,0.0003539351324602257,0.11535126504929381,0.020820812864914523,0.0035644251563078854,0.003987431453809878,0.003776082989988873,5.629683371134178e-07,0.5230007473806888,0.009554289292375744,0.00044377866380999176,0.0004165169936293119,0.005167978180874697,0.00023544737262979693,1.1137333718167222,0.005746811827773641,0.03648987331847273,0.015440679151618961,0.005812842863500093
/mnt/hum01-rds/Nikolaev_Dmitry/flos-code/model_selection_data/runs/he_she_odds_results__mistralai_Mistral-7B-v0.3__0cb67515,he_she_odds_results__mistralai_Mistral-7B-v0.3__0cb67515,/mnt/hum01-rds/Nikolaev_Dmitry/flos-code/modelling_data/he_she_odds_results__mistralai_Mistral-7B-v0.3.csv,mistralai_Mistral-7B-v0.3,selected_mixed_random_slopes__candidate__0__C_tense_C_syntactic_role,/mnt/hum01-rds/Nikolaev_Dmitry/flos-code/model_selection_data/runs/he_she_odds_results__mistralai_Mistral-7B-v0.3__0cb67515/models/selected_mixed_random_slopes__candidate__0__C_tense_C_syntactic_role,random_slopes,log_he_she_odds ~ C(tense) + C(semantic_role) + C(syntactic_role) + C(valence) + C(dominance) + log_frequency + lex_emb_norm + C(tense):C(semantic_role) + C(tense):C(valence) + C(tense):C(dominance) + C(tense):log_frequency + C(tense):lex_emb_norm + C(semantic_role):C(syntactic_role) + C(semantic_role):C(valence) + C(semantic_role):C(dominance) + C(semantic_role):log_frequency + C(semantic_role):lex_emb_norm + C(syntactic_role):C(valence) + C(syntactic_role):C(dominance) + C(syntactic_role):log_frequency + C(syntactic_role):lex_emb_norm + C(valence):C(dominance) + C(valence):log_frequency + C(valence):lex_emb_norm + C(dominance):log_frequency + C(dominance):lex_emb_norm + log_frequency:lex_emb_norm,1 + C(semantic_role) + C(syntactic_role) + C(valence) + C(dominance),profession,lbfgs,True,1,['ConvergenceWarning: The MLE may be on the boundary of the parameter space.'],True,14568.67183826532,15092.281809004551,-7216.33591913266,16320,0.13714630393932373,0.02188686349883164,0.9410790138911825,7.704191848127872e-34,0.012613070886991483,0.006985048720826658,0.002155328370854103,0.00038941933017813896,8.952013501606525e-05,0.0003896465179916517,,0.0009964694919664203,0.001774047542699511,0.005365864947403321,0.0002537476938717584,0.0004276662300824366,9.163319832027231e-05,4.310167227157476e-05,0.00035393513246022025,0.1156783584657976,0.020820812864914953,0.003564425156224064,0.003987431453780832,0.003776082989853217,5.629683370357912e-07,0.5239651784605083,0.009554289292377132,0.00044377866375924725,0.0004165169936178586,0.005167978180601224,0.00023544737263175042,1.1160145645944393,0.005741411410949759,0.03645039593664962,0.015440390502353718,0.0058139900620347625
/mnt/hum01-rds/Nikolaev_Dmitry/flos-code/model_selection_data/runs/he_she_odds_results__mistralai_Mistral-7B-v0.3__0cb67515,he_she_odds_results__mistralai_Mistral-7B-v0.3__0cb67515,/mnt/hum01-rds/Nikolaev_Dmitry/flos-code/modelling_data/he_she_odds_results__mistralai_Mistral-7B-v0.3.csv,mistralai_Mistral-7B-v0.3,selected_mixed_random_slopes__candidate__0__C_semantic_role_C_syntactic_role,/mnt/hum01-rds/Nikolaev_Dmitry/flos-code/model_selection_data/runs/he_she_odds_results__mistralai_Mistral-7B-v0.3__0cb67515/models/selected_mixed_random_slopes__candidate__0__C_semantic_role_C_syntactic_role,random_slopes,log_he_she_odds ~ C(tense) + C(semantic_role) + C(syntactic_role) + C(valence) + C(dominance) + log_frequency + lex_emb_norm + C(tense):C(semantic_role) + C(tense):C(syntactic_role) + C(tense):C(valence) + C(tense):C(dominance) + C(tense):log_frequency + C(tense):lex_emb_norm + C(semantic_role):C(valence) + C(semantic_role):C(dominance) + C(semantic_role):log_frequency + C(semantic_role):lex_emb_norm + C(syntactic_role):C(valence) + C(syntactic_role):C(dominance) + C(syntactic_role):log_frequency + C(syntactic_role):lex_emb_norm + C(valence):C(dominance) + C(valence):log_frequency + C(valence):lex_emb_norm + C(dominance):log_frequency + C(dominance):lex_emb_norm + log_frequency:lex_emb_norm,1 + C(semantic_role) + C(syntactic_role) + C(valence) + C(dominance),profession,lbfgs,True,1,['ConvergenceWarning: The MLE may be on the boundary of the parameter space.'],True,14676.90781972892,15231.318376982223,-7266.45390986446,16320,0.13800021117871591,0.02153258228761664,0.9406858353378514,6.933772663315085e-33,0.01059403915608414,0.0017044103344637021,0.0004561572198434583,0.0003894193301692242,8.952013501593253e-05,0.0003896465179916488,0.0025370320258850114,0.0009964694919664136,0.0017740475426994858,,0.00025374769387175646,0.0004276662300824269,9.163319832027301e-05,4.3101672271573756e-05,0.00035393513246022003,0.11564657387097105,0.02082081286491288,0.0035644251561709355,0.0039874314537749625,0.00377608298976544,5.629683370228092e-07,0.5238714828459127,0.009554289292375463,0.0004437786637243073,0.0004165169936117785,0.005167978180411457,0.0002354473726324003,1.115792933875015,0.005732620293491539,0.03644015570699038,0.015430595896477682,0.005806968640513695
/mnt/hum01-rds/Nikolaev_Dmitry/flos-code/model_selection_data/runs/he_she_odds_results__mistralai_Mistral-7B-v0.3__0cb67515,he_she_odds_results__mistralai_Mistral-7B-v0.3__0cb67515,/mnt/hum01-rds/Nikolaev_Dmitry/flos-code/modelling_data/he_she_odds_results__mistralai_Mistral-7B-v0.3.csv,mistralai_Mistral-7B-v0.3,selected_mixed_random_slopes__random_intercept_baseline,/mnt/hum01-rds/Nikolaev_Dmitry/flos-code/model_selection_data/runs/he_she_odds_results__mistralai_Mistral-7B-v0.3__0cb67515/models/selected_mixed_random_slopes__random_intercept_baseline,random_intercept_baseline,log_he_she_odds ~ C(tense) + C(semantic_role) + C(syntactic_role) + C(valence) + C(dominance) + log_frequency + lex_emb_norm + C(tense):C(semantic_role) + C(tense):C(syntactic_role) + C(tense):C(valence) + C(tense):C(dominance) + C(tense):log_frequency + C(tense):lex_emb_norm + C(semantic_role):C(syntactic_role) + C(semantic_role):C(valence) + C(semantic_role):C(dominance) + C(semantic_role):log_frequency + C(semantic_role):lex_emb_norm + C(syntactic_role):C(valence) + C(syntactic_role):C(dominance) + C(syntactic_role):log_frequency + C(syntactic_role):lex_emb_norm + C(valence):C(dominance) + C(valence):log_frequency + C(valence):lex_emb_norm + C(dominance):log_frequency + C(dominance):lex_emb_norm + log_frequency:lex_emb_norm,1,profession,lbfgs,True,0,[],False,15998.52728823101,16452.835939313576,-7940.263644115505,16320,0.1521127463438646,0.043190429525143806,0.9352728435087844,0.0,0.010594039156084721,0.006985048720714956,0.00043824331292085595,0.000389419330136292,8.952013501587589e-05,0.00038964651799159905,0.0025370320258849004,0.000996469491966445,0.00177404754269963,0.005365864947403438,0.00025374769387173635,0.0004276662300824637,9.163319832028398e-05,4.310167227156543e-05,0.00035393513246025,1.0978603672248977,0.02082081286491929,0.0035644251561777413,0.00398743145378103,0.003776082989777671,5.629683370338578e-07,2.9036852374004414,0.009554289292381772,0.0004437786637560906,0.00041651699361941344,0.005167978180583928,0.0002354473726317551,6.996384375753414,,,,
/mnt/hum01-rds/Nikolaev_Dmitry/flos-code/model_selection_data/runs/he_she_odds_results__tiiuae_Falcon3-10B-Base__0c32fe4a,he_she_odds_results__tiiuae_Falcon3-10B-Base__0c32fe4a,/mnt/hum01-rds/Nikolaev_Dmitry/flos-code/modelling_data/he_she_odds_results__tiiuae_Falcon3-10B-Base.csv,tiiuae_Falcon3-10B-Base,selected_mixed_random_slopes__candidate__0__C_tense_C_dominance,/mnt/hum01-rds/Nikolaev_Dmitry/flos-code/model_selection_data/runs/he_she_odds_results__tiiuae_Falcon3-10B-Base__0c32fe4a/models/selected_mixed_random_slopes__candidate__0__C_tense_C_dominance,random_slopes,log_he_she_odds ~ C(tense) + C(semantic_role) + C(syntactic_role) + C(valence) + C(dominance) + log_frequency + lex_emb_norm + C(tense):C(semantic_role) + C(tense):C(syntactic_role) + C(tense):C(valence) + C(tense):log_frequency + C(tense):lex_emb_norm + C(semantic_role):C(syntactic_role) + C(semantic_role):C(valence) + C(semantic_role):C(dominance) + C(semantic_role):log_frequency + C(semantic_role):lex_emb_norm + C(syntactic_role):C(valence) + C(syntactic_role):C(dominance) + C(syntactic_role):log_frequency + C(syntactic_role):lex_emb_norm + C(valence):C(dominance) + C(valence):log_frequency + C(valence):lex_emb_norm + C(dominance):log_frequency + C(dominance):lex_emb_norm + log_frequency:lex_emb_norm,1 + C(semantic_role) + C(syntactic_role) + C(valence) + C(dominance),profession,lbfgs,True,1,['ConvergenceWarning: The MLE may be on the boundary of the parameter space.'],True,22825.65567856125,23349.26564930048,-11344.827839280624,16320,0.22817697520849287,0.0778231425739003,0.9076015875456768,3.1556369809931764e-30,0.03935336403644122,0.020591820842495827,0.27217100866531635,0.11146184747992227,0.00042579645024335403,0.0002152446754605496,0.006875976108855244,0.004648298400154125,,0.010118327217063485,0.00061479772294652,0.0003318395381907551,0.0004933708928268873,0.0004080290848460773,0.0007929241932229125,0.4567152827295375,0.031016111560637973,0.00013768587668076197,0.01659236800593179,0.019615827631083636,0.003543112467611827,0.6502130523860307,0.11703789675694869,0.004024325281389572,0.2364972514673107,0.16652556462081738,0.007058542117052132,1.443539737291338,0.004986773119713134,0.0741514532279619,0.010645952381236676,0.00311205960323575
/mnt/hum01-rds/Nikolaev_Dmitry/flos-code/model_selection_data/runs/he_she_odds_results__tiiuae_Falcon3-10B-Base__0c32fe4a,he_she_odds_results__tiiuae_Falcon3-10B-Base__0c32fe4a,/mnt/hum01-rds/Nikolaev_Dmitry/flos-code/modelling_data/he_she_odds_results__tiiuae_Falcon3-10B-Base.csv,tiiuae_Falcon3-10B-Base,selected_mixed_random_slopes__candidate__0__C_tense_C_semantic_role,/mnt/hum01-rds/Nikolaev_Dmitry/flos-code/model_selection_data/runs/he_she_odds_results__tiiuae_Falcon3-10B-Base__0c32fe4a/models/selected_mixed_random_slopes__candidate__0__C_tense_C_semantic_role,random_slopes,log_he_she_odds ~ C(tense) + C(semantic_role) + C(syntactic_role) + C(valence) + C(dominance) + log_frequency + lex_emb_norm + C(tense):C(syntactic_role) + C(tense):C(valence) + C(tense):C(dominance) + C(tense):log_frequency + C(tense):lex_emb_norm + C(semantic_role):C(syntactic_role) + C(semantic_role):C(valence) + C(semantic_role):C(dominance) + C(semantic_role):log_frequency + C(semantic_role):lex_emb_norm + C(syntactic_role):C(valence) + C(syntactic_role):C(dominance) + C(syntactic_role):log_frequency + C(syntactic_role):lex_emb_norm + C(valence):C(dominance) + C(valence):log_frequency + C(valence):lex_emb_norm + C(dominance):log_frequency + C(dominance):lex_emb_norm + log_frequency:lex_emb_norm,1 + C(semantic_role) + C(syntactic_role) + C(valence) + C(dominance),profession,lbfgs,True,1,['ConvergenceWarning: The MLE may be on the boundary of the parameter space.'],True,22828.65225203897,23352.2622227782,-11346.326126019485,16320,0.2282201396761306,0.07788614176089366,0.9074372805686072,0.0,0.03975077924207727,0.02187110154417105,0.27217100866405636,0.11146184747894322,0.0007012094550031133,,0.006875976108855049,0.004648298400154239,0.00014634285782764837,0.01011832721706339,0.0006147977229465526,0.00033183953819076334,0.0004933708928268891,0.0004080290848460621,0.0007929241932229194,0.44362666864199124,0.031016111560640443,0.00013768587669406445,0.016592368005780546,0.019615827630844226,0.003543112467644024,0.6448114571253929,0.11703789675696293,0.004024325281302232,0.23649725146667783,0.16652556462001505,0.007058542117106795,1.4139121164395307,0.004982286119725463,0.07418474195125911,0.01063122757881295,0.0031100512631912066
/mnt/hum01-rds/Nikolaev_Dmitry/flos-code/model_selection_data/runs/he_she_odds_results__tiiuae_Falcon3-10B-Base__0c32fe4a,he_she_odds_results__tiiuae_Falcon3-10B-Base__0c32fe4a,/mnt/hum01-rds/Nikolaev_Dmitry/flos-code/modelling_data/he_she_odds_results__tiiuae_Falcon3-10B-Base.csv,tiiuae_Falcon3-10B-Base,selected_mixed_random_slopes__candidate__0__C_semantic_role_log_frequency,/mnt/hum01-rds/Nikolaev_Dmitry/flos-code/model_selection_data/runs/he_she_odds_results__tiiuae_Falcon3-10B-Base__0c32fe4a/models/selected_mixed_random_slopes__candidate__0__C_semantic_role_log_frequency,random_slopes,log_he_she_odds ~ C(tense) + C(semantic_role) + C(syntactic_role) + C(valence) + C(dominance) + log_frequency + lex_emb_norm + C(tense):C(semantic_role) + C(tense):C(syntactic_role) + C(tense):C(valence) + C(tense):C(dominance) + C(tense):log_frequency + C(tense):lex_emb_norm + C(semantic_role):C(syntactic_role) + C(semantic_role):C(valence) + C(semantic_role):C(dominance) + C(semantic_role):lex_emb_norm + C(syntactic_role):C(valence) + C(syntactic_role):C(dominance) + C(syntactic_role):log_frequency + C(syntactic_role):lex_emb_norm + C(valence):C(dominance) + C(valence):log_frequency + C(valence):lex_emb_norm + C(dominance):log_frequency + C(dominance):lex_emb_norm + log_frequency:lex_emb_norm,1 + C(semantic_role) + C(syntactic_role) + C(valence) + C(dominance),profession,lbfgs,True,1,['ConvergenceWarning: The MLE may be on the boundary of the parameter space.'],True,22829.731817996682,23384.142375249987,-11342.865908998341,16320,0.2281208850343855,0.08452247621677238,0.9082416662403713,0.0,0.037530183419318026,0.021789688757062248,0.2728939366593313,0.11229899204297786,0.000676458737939576,0.0002152446754605694,0.006875976108855487,0.004648298400154515,0.00014634285782769057,0.010118327217063367,0.0006147977229465397,0.00033183953819075504,0.000493370892826959,0.00040802908484611133,0.0007929241932228531,0.37989032212723944,0.031016111560636342,,0.01710493616452544,0.020628154794767033,0.003384840963733149,0.7128877191475741,0.11703789675694362,0.006208012391065866,0.23901670158945626,0.17035819408648986,0.0067659997985210435,1.4309121348051554,0.0050020854888191135,0.07414193281115063,0.010635031785939013,0.0031137189869669684
/mnt/hum01-rds/Nikolaev_Dmitry/flos-code/model_selection_data/runs/he_she_odds_results__tiiuae_Falcon3-10B-Base__0c32fe4a,he_she_odds_results__tiiuae_Falcon3-10B-Base__0c32fe4a,/mnt/hum01-rds/Nikolaev_Dmitry/flos-code/modelling_data/he_she_odds_results__tiiuae_Falcon3-10B-Base.csv,tiiuae_Falcon3-10B-Base,selected_mixed_random_slopes__candidate__0__log_frequency_lex_emb_norm,/mnt/hum01-rds/Nikolaev_Dmitry/flos-code/model_selection_data/runs/he_she_odds_results__tiiuae_Falcon3-10B-Base__0c32fe4a/models/selected_mixed_random_slopes__candidate__0__log_frequency_lex_emb_norm,random_slopes,log_he_she_odds ~ C(tense) + C(semantic_role) + C(syntactic_role) + C(valence) + C(dominance) + log_frequency + lex_emb_norm + C(tense):C(semantic_role) + C(tense):C(syntactic_role) + C(tense):C(valence) + C(tense):C(dominance) + C(tense):log_frequency + C(tense):lex_emb_norm + C(semantic_role):C(syntactic_role) + C(semantic_role):C(valence) + C(semantic_role):C(dominance) + C(semantic_role):log_frequency + C(semantic_role):lex_emb_norm + C(syntactic_role):C(valence) + C(syntactic_role):C(dominance) + C(syntactic_role):log_frequency + C(syntactic_role):lex_emb_norm + C(valence):C(dominance) + C(valence):log_frequency + C(valence):lex_emb_norm + C(dominance):log_frequency + C(dominance):lex_emb_norm,1 + C(semantic_role) + C(syntactic_role) + C(valence) + C(dominance),profession,lbfgs,True,1,['ConvergenceWarning: The MLE may be on the boundary of the parameter space.'],True,22829.879184646183,23384.289741899487,-11342.939592323091,16320,0.2281202257498099,0.07590530566189654,0.9074014932223017,1.9722731131207353e-31,0.037530183419317,0.020591820841936333,0.27217100866260197,0.11146184747786486,0.0007012094550300725,0.00021524467546052422,0.006875976108855211,0.0046482984001539355,0.0001463428578276223,0.010118327217063426,0.0006147977229466024,0.00033183953819075206,0.0004933708928268717,0.00040802908484609187,0.0007929241932229363,0.07278249000925284,0.031016111560635898,0.0001376858766801394,0.01659236800593543,0.01961582763110683,0.003543112467610806,0.2313438043191964,0.1170378967569436,0.004024325281250874,0.23649725146595718,0.1665255646194767,0.007058542117145121,,0.004987189491012782,0.0742314832515395,0.010648139453691478,0.0031118009678078604
/mnt/hum01-rds/Nikolaev_Dmitry/flos-code/model_selection_data/runs/he_she_odds_results__tiiuae_Falcon3-10B-Base__0c32fe4a,he_she_odds_results__tiiuae_Falcon3-10B-Base__0c32fe4a,/mnt/hum01-rds/Nikolaev_Dmitry/flos-code/modelling_data/he_she_odds_results__tiiuae_Falcon3-10B-Base.csv,tiiuae_Falcon3-10B-Base,selected_mixed_random_slopes__candidate__0__C_semantic_role_lex_emb_norm,/mnt/hum01-rds/Nikolaev_Dmitry/flos-code/model_selection_data/runs/he_she_odds_results__tiiuae_Falcon3-10B-Base__0c32fe4a/models/selected_mixed_random_slopes__candidate__0__C_semantic_role_lex_emb_norm,random_slopes,log_he_she_odds ~ C(tense) + C(semantic_role) + C(syntactic_role) + C(valence) + C(dominance) + log_frequency + lex_emb_norm + C(tense):C(semantic_role) + C(tense):C(syntactic_role) + C(tense):C(valence) + C(tense):C(dominance) + C(tense):log_frequency + C(tense):lex_emb_norm + C(semantic_role):C(syntactic_role) + C(semantic_role):C(valence) + C(semantic_role):C(dominance) + C(semantic_role):log_frequency + C(syntactic_role):C(valence) + C(syntactic_role):C(dominance) + C(syntactic_role):log_frequency + C(syntactic_role):lex_emb_norm + C(valence):C(dominance) + C(valence):log_frequency + C(valence):lex_emb_norm + C(dominance):log_frequency + C(dominance):lex_emb_norm + log_frequency:lex_emb_norm,1 + C(semantic_role) + C(syntactic_role) + C(valence) + C(dominance),profession,lbfgs,True,1,['ConvergenceWarning: The MLE may be on the boundary of the parameter space.'],True,22830.39643761571,23384.806994869014,-11343.198218807855,16320,0.2281199467710449,0.051562322047564405,0.9055936448065847,7.889092452482941e-31,0.03753018341932226,0.01086438514304171,0.26535712830892194,0.10362256441605178,0.000961059249704248,0.00021524467546053198,0.006875976108855101,0.004648298400153752,0.0001463428578276258,0.010118327217063464,0.0006147977229466018,0.0003318395381907302,0.0004933708928268549,0.0004080290848460688,0.0007929241932229589,0.6164966488265061,0.03101611156063927,0.0013198867922150613,0.015548784179557573,0.01757434537152619,0.003888239238305234,0.4110176270633994,0.11703789675695864,,0.22628334122979038,0.15113597248930183,0.008339070543988341,1.4231688572607366,0.005139697396392216,0.07423470247206214,0.010660216018100282,0.003115616675664427
/mnt/hum01-rds/Nikolaev_Dmitry/flos-code/model_selection_data/runs/he_she_odds_results__tiiuae_Falcon3-10B-Base__0c32fe4a,he_she_odds_results__tiiuae_Falcon3-10B-Base__0c32fe4a,/mnt/hum01-rds/Nikolaev_Dmitry/flos-code/modelling_data/he_she_odds_results__tiiuae_Falcon3-10B-Base.csv,tiiuae_Falcon3-10B-Base,selected_mixed_random_slopes__candidate__0__C_syntactic_role_log_frequency,/mnt/hum01-rds/Nikolaev_Dmitry/flos-code/model_selection_data/runs/he_she_odds_results__tiiuae_Falcon3-10B-Base__0c32fe4a/models/selected_mixed_random_slopes__candidate__0__C_syntactic_role_log_frequency,random_slopes,log_he_she_odds ~ C(tense) + C(semantic_role) + C(syntactic_role) + C(valence) + C(dominance) + log_frequency + lex_emb_norm + C(tense):C(semantic_role) + C(tense):C(syntactic_role) + C(tense):C(valence) + C(tense):C(dominance) + C(tense):log_frequency + C(tense):lex_emb_norm + C(semantic_role):C(syntactic_role) + C(semantic_role):C(valence) + C(semantic_role):C(dominance) + C(semantic_role):log_frequency + C(semantic_role):lex_emb_norm + C(syntactic_role):C(valence) + C(syntactic_role):C(dominance) + C(syntactic_role):lex_emb_norm + C(valence):C(dominance) + C(valence):log_frequency + C(valence):lex_emb_norm + C(dominance):log_frequency + C(dominance):lex_emb_norm + log_frequency:lex_emb_norm,1 + C(semantic_role) + C(syntactic_role) + C(valence) + C(dominance),profession,lbfgs,True,1,['ConvergenceWarning: The MLE may be on the boundary of the parameter space.'],True,22830.589847736992,23385.000404990296,-11343.294923868496,16320,0.228120446490829,0.06987126787705797,0.9070401814229313,3.1556369809931764e-30,0.037530183419317145,0.020397676022481204,0.22708010653822727,0.10566027064869334,0.000678183401632529,0.00021524467546051135,0.006875976108854942,0.004648298400153884,0.00014634285782762915,0.010118327217063551,0.0006147977229465645,0.0003318395381907422,0.0004933708928268785,0.0004080290848460782,0.0007929241932229423,0.6224211032799757,0.031016111560637723,0.00018680283616549382,,0.013213144550598214,0.0033958443018836082,0.5269225831868051,0.11703789675694592,0.0037097250838318235,0.10097513822211748,0.1407920271963408,0.006786354001718733,1.44387084734375,0.004986795493137269,0.0763161720031639,0.010730111044858371,0.00311097193618786
/mnt/hum01-rds/Nikolaev_Dmitry/flos-code/model_selection_data/runs/he_she_odds_results__tiiuae_Falcon3-10B-Base__0c32fe4a,he_she_odds_results__tiiuae_Falcon3-10B-Base__0c32fe4a,/mnt/hum01-rds/Nikolaev_Dmitry/flos-code/modelling_data/he_she_odds_results__tiiuae_Falcon3-10B-Base.csv,tiiuae_Falcon3-10B-Base,selected_mixed_random_slopes__candidate__0__C_dominance_lex_emb_norm,/mnt/hum01-rds/Nikolaev_Dmitry/flos-code/model_selection_data/runs/he_she_odds_results__tiiuae_Falcon3-10B-Base__0c32fe4a/models/selected_mixed_random_slopes__candidate__0__C_dominance_lex_emb_norm,random_slopes,log_he_she_odds ~ C(tense) + C(semantic_role) + C(syntactic_role) + C(valence) + C(dominance) + log_frequency + lex_emb_norm + C(tense):C(semantic_role) + C(tense):C(syntactic_role) + C(tense):C(valence) + C(tense):C(dominance) + C(tense):log_frequency + C(tense):lex_emb_norm + C(semantic_role):C(syntactic_role) + C(semantic_role):C(valence) + C(semantic_role):C(dominance) + C(semantic_role):log_frequency + C(semantic_role):lex_emb_norm + C(syntactic_role):C(valence) + C(syntactic_role):C(dominance) + C(syntactic_role):log_frequency + C(syntactic_role):lex_emb_norm + C(valence):C(dominance) + C(valence):log_frequency + C(valence):lex_emb_norm + C(dominance):log_frequency + log_frequency:lex_emb_norm,1 + C(semantic_role) + C(syntactic_role) + C(valence) + C(dominance),profession,lbfgs,True,1,['ConvergenceWarning: The MLE may be on the boundary of the parameter space.'],True,22831.430353278178,23385.840910531482,-11343.715176639089,16320,0.22812073460500698,0.1069885102262606,0.9109250101968961,0.0,0.03753018341931908,0.02301443482675303,0.26417075660539496,0.1083648905508908,0.0006514101521302565,0.00021524467546053073,0.006875976108855063,0.004648298400153905,0.00014634285782763105,0.010118327217063555,0.0006147977229465735,0.0003318395381907594,0.0004933708928268391,0.0004080290848460515,0.000792924193222928,0.33071546211407626,0.03101611156063876,4.347242788574397e-05,0.015369215024301896,0.01880483822592735,0.0007262672926528951,0.8852079021517782,0.11703789675695268,0.00588227063218978,0.22451488145084014,0.16042380192801417,,1.4314729839901639,0.004991325552231651,0.07419852735528379,0.010643936187751567,0.0033817695771288115
/mnt/hum01-rds/Nikolaev_Dmitry/flos-code/model_selection_data/runs/he_she_odds_results__tiiuae_Falcon3-10B-Base__0c32fe4a,he_she_odds_results__tiiuae_Falcon3-10B-Base__0c32fe4a,/mnt/hum01-rds/Nikolaev_Dmitry/flos-code/modelling_data/he_she_odds_results__tiiuae_Falcon3-10B-Base.csv,tiiuae_Falcon3-10B-Base,selected_mixed_random_slopes,/mnt/hum01-rds/Nikolaev_Dmitry/flos-code/model_selection_data/runs/he_she_odds_results__tiiuae_Falcon3-10B-Base__0c32fe4a/models/selected_mixed_random_slopes,random_slopes,log_he_she_odds ~ C(tense) + C(semantic_role) + C(syntactic_role) + C(valence) + C(dominance) + log_frequency + lex_emb_norm + C(tense):C(semantic_role) + C(tense):C(syntactic_role) + C(tense):C(valence) + C(tense):C(dominance) + C(tense):log_frequency + C(tense):lex_emb_norm + C(semantic_role):C(syntactic_role) + C(semantic_role):C(valence) + C(semantic_role):C(dominance) + C(semantic_role):log_frequency + C(semantic_role):lex_emb_norm + C(syntactic_role):C(valence) + C(syntactic_role):C(dominance) + C(syntactic_role):log_frequency + C(syntactic_role):lex_emb_norm + C(valence):C(dominance) + C(valence):log_frequency + C(valence):lex_emb_norm + C(dominance):log_frequency + C(dominance):lex_emb_norm + log_frequency:lex_emb_norm,1 + C(semantic_role) + C(syntactic_role) + C(valence) + C(dominance),profession,lbfgs,True,1,['ConvergenceWarning: The MLE may be on the boundary of the parameter space.'],True,22831.644068479683,23393.754772361506,-11342.822034239842,16320,0.2281207769934416,0.07791824531826302,0.9075190376442798,7.889092452482941e-31,0.037530183419317395,0.02059182084181688,0.2721710086611807,0.11146184747735435,0.000701209455038847,0.00021524467546051807,0.006875976108854997,0.004648298400153867,0.0001463428578276095,0.010118327217063485,0.0006147977229466216,0.0003318395381907201,0.0004933708928268592,0.0004080290848460615,0.0007929241932229785,0.45180353431764875,0.031016111560639107,0.00013768587668705647,0.016592368005787228,0.01961582763096432,0.003543112467627602,0.648192554503698,0.11703789675695078,0.004024325281077737,0.23649725146328882,0.16652556461758322,0.007058542117249835,1.432435869366865,0.004984214530000383,0.07415952740534075,0.010635864442710745,0.0031130742319076636
/mnt/hum01-rds/Nikolaev_Dmitry/flos-code/model_selection_data/runs/he_she_odds_results__tiiuae_Falcon3-10B-Base__0c32fe4a,he_she_odds_results__tiiuae_Falcon3-10B-Base__0c32fe4a,/mnt/hum01-rds/Nikolaev_Dmitry/flos-code/modelling_data/he_she_odds_results__tiiuae_Falcon3-10B-Base.csv,tiiuae_Falcon3-10B-Base,selected_mixed_random_slopes__full,/mnt/hum01-rds/Nikolaev_Dmitry/flos-code/model_selection_data/runs/he_she_odds_results__tiiuae_Falcon3-10B-Base__0c32fe4a/models/selected_mixed_random_slopes__full,random_slopes,log_he_she_odds ~ C(tense) + C(semantic_role) + C(syntactic_role) + C(valence) + C(dominance) + log_frequency + lex_emb_norm + C(tense):C(semantic_role) + C(tense):C(syntactic_role) + C(tense):C(valence) + C(tense):C(dominance) + C(tense):log_frequency + C(tense):lex_emb_norm + C(semantic_role):C(syntactic_role) + C(semantic_role):C(valence) + C(semantic_role):C(dominance) + C(semantic_role):log_frequency + C(semantic_role):lex_emb_norm + C(syntactic_role):C(valence) + C(syntactic_role):C(dominance) + C(syntactic_role):log_frequency + C(syntactic_role):lex_emb_norm + C(valence):C(dominance) + C(valence):log_frequency + C(valence):lex_emb_norm + C(dominance):log_frequency + C(dominance):lex_emb_norm + log_frequency:lex_emb_norm,1 + C(semantic_role) + C(syntactic_role) + C(valence) + C(dominance),profession,lbfgs,True,1,['ConvergenceWarning: The MLE may be on the boundary of the parameter space.'],True,22831.644068479683,23393.754772361506,-11342.822034239842,16320,0.2281207769934416,0.07791824531826302,0.9075190376442798,7.889092452482941e-31,0.037530183419317395,0.02059182084181688,0.2721710086611807,0.11146184747735435,0.000701209455038847,0.00021524467546051807,0.006875976108854997,0.004648298400153867,0.0001463428578276095,0.010118327217063485,0.0006147977229466216,0.0003318395381907201,0.0004933708928268592,0.0004080290848460615,0.0007929241932229785,0.45180353431764875,0.031016111560639107,0.00013768587668705647,0.016592368005787228,0.01961582763096432,0.003543112467627602,0.648192554503698,0.11703789675695078,0.004024325281077737,0.23649725146328882,0.16652556461758322,0.007058542117249835,1.432435869366865,0.004984214530000383,0.07415952740534075,0.010635864442710745,0.0031130742319076636
/mnt/hum01-rds/Nikolaev_Dmitry/flos-code/model_selection_data/runs/he_she_odds_results__tiiuae_Falcon3-10B-Base__0c32fe4a,he_she_odds_results__tiiuae_Falcon3-10B-Base__0c32fe4a,/mnt/hum01-rds/Nikolaev_Dmitry/flos-code/modelling_data/he_she_odds_results__tiiuae_Falcon3-10B-Base.csv,tiiuae_Falcon3-10B-Base,selected_mixed_random_slopes__candidate__0__C_dominance_log_frequency,/mnt/hum01-rds/Nikolaev_Dmitry/flos-code/model_selection_data/runs/he_she_odds_results__tiiuae_Falcon3-10B-Base__0c32fe4a/models/selected_mixed_random_slopes__candidate__0__C_dominance_log_frequency,random_slopes,log_he_she_odds ~ C(tense) + C(semantic_role) + C(syntactic_role) + C(valence) + C(dominance) + log_frequency + lex_emb_norm + C(tense):C(semantic_role) + C(tense):C(syntactic_role) + C(tense):C(valence) + C(tense):C(dominance) + C(tense):log_frequency + C(tense):lex_emb_norm + C(semantic_role):C(syntactic_role) + C(semantic_role):C(valence) + C(semantic_role):C(dominance) + C(semantic_role):log_frequency + C(semantic_role):lex_emb_norm + C(syntactic_role):C(valence) + C(syntactic_role):C(dominance) + C(syntactic_role):log_frequency + C(syntactic_role):lex_emb_norm + C(valence):C(dominance) + C(valence):log_frequency + C(valence):lex_emb_norm + C(dominance):lex_emb_norm + log_frequency:lex_emb_norm,1 + C(semantic_role) + C(syntactic_role) + C(valence) + C(dominance),profession,lbfgs,True,1,['ConvergenceWarning: The MLE may be on the boundary of the parameter space.'],True,22832.617016491015,23387.02757374432,-11344.308508245507,16320,0.22812054171010218,0.10320605222088472,0.9109558595537872,0.0,0.037530183419315286,0.021551113921969105,0.26896200979234713,0.11021899488126767,3.143601475289128e-05,0.00021524467546055027,0.006875976108855259,0.004648298400154149,0.00014634285782763728,0.01011832721706341,0.0006147977229465463,0.00033183953819075374,0.000493370892826875,0.00040802908484605793,0.0007929241932229285,0.2465218217961275,0.03101611156063798,5.3396992448536475e-06,0.01440361596829783,0.018153181792830046,,0.8680377030712542,0.11703789675694415,0.005740697236643438,0.22543528750744918,0.16088989664194808,3.758356594199161e-05,1.4366700603410303,0.00499880797488754,0.07420967502839496,0.010650709166147654,0.0035690833280898108
/mnt/hum01-rds/Nikolaev_Dmitry/flos-code/model_selection_data/runs/he_she_odds_results__tiiuae_Falcon3-10B-Base__0c32fe4a,he_she_odds_results__tiiuae_Falcon3-10B-Base__0c32fe4a,/mnt/hum01-rds/Nikolaev_Dmitry/flos-code/modelling_data/he_she_odds_results__tiiuae_Falcon3-10B-Base.csv,tiiuae_Falcon3-10B-Base,selected_mixed_random_slopes__candidate__0__C_syntactic_role_lex_emb_norm,/mnt/hum01-rds/Nikolaev_Dmitry/flos-code/model_selection_data/runs/he_she_odds_results__tiiuae_Falcon3-10B-Base__0c32fe4a/models/selected_mixed_random_slopes__candidate__0__C_syntactic_role_lex_emb_norm,random_slopes,log_he_she_odds ~ C(tense) + C(semantic_role) + C(syntactic_role) + C(valence) + C(dominance) + log_frequency + lex_emb_norm + C(tense):C(semantic_role) + C(tense):C(syntactic_role) + C(tense):C(valence) + C(tense):C(dominance) + C(tense):log_frequency + C(tense):lex_emb_norm + C(semantic_role):C(syntactic_role) + C(semantic_role):C(valence) + C(semantic_role):C(dominance) + C(semantic_role):log_frequency + C(semantic_role):lex_emb_norm + C(syntactic_role):C(valence) + C(syntactic_role):C(dominance) + C(syntactic_role):log_frequency + C(valence):C(dominance) + C(valence):log_frequency + C(valence):lex_emb_norm + C(dominance):log_frequency + C(dominance):lex_emb_norm + log_frequency:lex_emb_norm,1 + C(semantic_role) + C(syntactic_role) + C(valence) + C(dominance),profession,lbfgs,True,1,['ConvergenceWarning: The MLE may be on the boundary of the parameter space.'],True,22833.471781087166,23387.88233834047,-11344.735890543583,16320,0.22812244584377073,0.050247698257804375,0.9053303954701646,0.0,0.03753018341931777,0.01936940276463644,0.048702953219515,0.07576335788819132,0.0005540942447290045,0.0002152446754605506,0.0068759761088553134,0.004648298400154201,0.000146342857827654,0.010118327217063334,0.0006147977229465676,0.0003318395381907545,0.0004933708928268785,0.0004080290848460841,0.0007929241932229091,0.7083288307800013,0.031016111560636384,0.00020859528119275588,0.003569195513878991,0.010680141731228452,0.003327180040663938,0.33092362781293455,0.1170378967569435,0.0031867145419692024,,0.0982134468450687,0.006282696702676816,1.4465148470009053,0.004980837077135223,0.08325882181094432,0.010971590437455903,0.0031095523521210314
/mnt/hum01-rds/Nikolaev_Dmitry/flos-code/model_selection_data/runs/he_she_odds_results__tiiuae_Falcon3-10B-Base__0c32fe4a,he_she_odds_results__tiiuae_Falcon3-10B-Base__0c32fe4a,/mnt/hum01-rds/Nikolaev_Dmitry/flos-code/modelling_data/he_she_odds_results__tiiuae_Falcon3-10B-Base.csv,tiiuae_Falcon3-10B-Base,selected_mixed_random_slopes__candidate__0__C_valence_log_frequency,/mnt/hum01-rds/Nikolaev_Dmitry/flos-code/model_selection_data/runs/he_she_odds_results__tiiuae_Falcon3-10B-Base__0c32fe4a/models/selected_mixed_random_slopes__candidate__0__C_valence_log_frequency,random_slopes,log_he_she_odds ~ C(tense) + C(semantic_role) + C(syntactic_role) + C(valence) + C(dominance) + log_frequency + lex_emb_norm + C(tense):C(semantic_role) + C(tense):C(syntactic_role) + C(tense):C(valence) + C(tense):C(dominance) + C(tense):log_frequency + C(tense):lex_emb_norm + C(semantic_role):C(syntactic_role) + C(semantic_role):C(valence) + C(semantic_role):C(dominance) + C(semantic_role):log_frequency + C(semantic_role):lex_emb_norm + C(syntactic_role):C(valence) + C(syntactic_role):C(dominance) + C(syntactic_role):log_frequency + C(syntactic_role):lex_emb_norm + C(valence):C(dominance) + C(valence):lex_emb_norm + C(dominance):log_frequency + C(dominance):lex_emb_norm + log_frequency:lex_emb_norm,1 + C(semantic_role) + C(syntactic_role) + C(valence) + C(dominance),profession,lbfgs,True,1,['ConvergenceWarning: The MLE may be on the boundary of the parameter space.'],True,22835.901809186267,23390.31236643957,-11345.950904593134,16320,0.22812002572165854,0.07996913617535636,0.9153207639385859,7.889092452482941e-31,0.03753018341931806,0.018307169891518087,0.21501454179926924,0.08107957253768037,0.0006113657563930661,0.00021524467546053921,0.0068759761088552866,0.0046482984001540275,0.00014634285782765037,0.010118327217063372,0.0006147977229465526,0.0003318395381907434,0.0004933708928269149,0.0004080290848460864,0.0007929241932229414,1.723008794317521,0.03101611156063924,0.001232137389055742,0.001339128136309542,,0.0029725066396640203,0.12540824522824381,0.11703789675694887,0.001079895850819719,0.07283742369634748,0.05054299022792308,0.006001363482020265,1.4474773987012077,0.005056478656861394,0.07770134202999147,0.013187454983969294,0.003114653429444097
/mnt/hum01-rds/Nikolaev_Dmitry/flos-code/model_selection_data/runs/he_she_odds_results__tiiuae_Falcon3-10B-Base__0c32fe4a,he_she_odds_results__tiiuae_Falcon3-10B-Base__0c32fe4a,/mnt/hum01-rds/Nikolaev_Dmitry/flos-code/modelling_data/he_she_odds_results__tiiuae_Falcon3-10B-Base.csv,tiiuae_Falcon3-10B-Base,selected_mixed_random_slopes__candidate__0__C_semantic_role_C_dominance,/mnt/hum01-rds/Nikolaev_Dmitry/flos-code/model_selection_data/runs/he_she_odds_results__tiiuae_Falcon3-10B-Base__0c32fe4a/models/selected_mixed_random_slopes__candidate__0__C_semantic_role_C_dominance,random_slopes,log_he_she_odds ~ C(tense) + C(semantic_role) + C(syntactic_role) + C(valence) + C(dominance) + log_frequency + lex_emb_norm + C(tense):C(semantic_role) + C(tense):C(syntactic_role) + C(tense):C(valence) + C(tense):C(dominance) + C(tense):log_frequency + C(tense):lex_emb_norm + C(semantic_role):C(syntactic_role) + C(semantic_role):C(valence) + C(semantic_role):log_frequency + C(semantic_role):lex_emb_norm + C(syntactic_role):C(valence) + C(syntactic_role):C(dominance) + C(syntactic_role):log_frequency + C(syntactic_role):lex_emb_norm + C(valence):C(dominance) + C(valence):log_frequency + C(valence):lex_emb_norm + C(dominance):log_frequency + C(dominance):lex_emb_norm + log_frequency:lex_emb_norm,1 + C(semantic_role) + C(syntactic_role) + C(valence) + C(dominance),profession,lbfgs,True,1,['ConvergenceWarning: The MLE may be on the boundary of the parameter space.'],True,22837.555096635624,23391.96565388893,-11346.777548317812,16320,0.22823291939205118,0.07785480147009176,0.9074744758935702,3.1556369809931764e-30,0.03753018341932061,0.023720861939056495,0.2721710086649369,0.11146184747956611,0.00025481991540122204,0.0002152446754605324,0.006875976108855315,0.004648298400153997,0.00014634285782764907,0.010118327217063393,0.0006147977229466157,,0.0004933708928268791,0.0004080290848460864,0.000792924193222965,0.4464527960764621,0.03101611156063779,0.00013768587667091264,0.01659236800608513,0.0196158276312815,0.0035431124675903056,0.6459825434978149,0.11703789675695328,0.0040243252814798226,0.23649725146856382,0.16652556462187526,0.007058542117005988,1.4203198889108848,0.004983949035285799,0.07415655436048305,0.010634639019677407,0.0031100513912986193
/mnt/hum01-rds/Nikolaev_Dmitry/flos-code/model_selection_data/runs/he_she_odds_results__tiiuae_Falcon3-10B-Base__0c32fe4a,he_she_odds_results__tiiuae_Falcon3-10B-Base__0c32fe4a,/mnt/hum01-rds/Nikolaev_Dmitry/flos-code/modelling_data/he_she_odds_results__tiiuae_Falcon3-10B-Base.csv,tiiuae_Falcon3-10B-Base,selected_mixed_random_slopes__candidate__0__C_syntactic_role_C_dominance,/mnt/hum01-rds/Nikolaev_Dmitry/flos-code/model_selection_data/runs/he_she_odds_results__tiiuae_Falcon3-10B-Base__0c32fe4a/models/selected_mixed_random_slopes__candidate__0__C_syntactic_role_C_dominance,random_slopes,log_he_she_odds ~ C(tense) + C(semantic_role) + C(syntactic_role) + C(valence) + C(dominance) + log_frequency + lex_emb_norm + C(tense):C(semantic_role) + C(tense):C(syntactic_role) + C(tense):C(valence) + C(tense):C(dominance) + C(tense):log_frequency + C(tense):lex_emb_norm + C(semantic_role):C(syntactic_role) + C(semantic_role):C(valence) + C(semantic_role):C(dominance) + C(semantic_role):log_frequency + C(semantic_role):lex_emb_norm + C(syntactic_role):C(valence) + C(syntactic_role):log_frequency + C(syntactic_role):lex_emb_norm + C(valence):C(dominance) + C(valence):log_frequency + C(valence):lex_emb_norm + C(dominance):log_frequency + C(dominance):lex_emb_norm + log_frequency:lex_emb_norm,1 + C(semantic_role) + C(syntactic_role) + C(valence) + C(dominance),profession,lbfgs,True,1,['ConvergenceWarning: The MLE may be on the boundary of the parameter space.'],True,22839.370890000166,23393.78144725347,-11347.685445000083,16320,0.22825808221355381,0.07785175282678586,0.907456798563802,3.1556369809931764e-30,0.03753018341931563,0.020591820842450894,0.26013855159339405,0.11146184747978004,0.00021957431973511788,0.00021524467546053897,0.006875976108855363,0.004648298400154076,0.00014634285782764785,0.01011832721706348,0.0006147977229465505,0.00033183953819076485,0.000493370892826886,,0.0007929241932229268,0.44673975057943616,0.0310161115606376,0.00013768587670955068,0.01659236800542395,0.01961582763051572,0.003543112467680324,0.6461013029860997,0.11703789675694057,0.004024325281265601,0.2364972514657836,0.16652556461954177,0.00705854211713249,1.4209701832885175,0.0049796924611536925,0.07418893162183166,0.010640508289517434,0.003111261802349004
/mnt/hum01-rds/Nikolaev_Dmitry/flos-code/model_selection_data/runs/he_she_odds_results__tiiuae_Falcon3-10B-Base__0c32fe4a,he_she_odds_results__tiiuae_Falcon3-10B-Base__0c32fe4a,/mnt/hum01-rds/Nikolaev_Dmitry/flos-code/modelling_data/he_she_odds_results__tiiuae_Falcon3-10B-Base.csv,tiiuae_Falcon3-10B-Base,selected_mixed_random_slopes__candidate__0__C_syntactic_role_C_valence,/mnt/hum01-rds/Nikolaev_Dmitry/flos-code/model_selection_data/runs/he_she_odds_results__tiiuae_Falcon3-10B-Base__0c32fe4a/models/selected_mixed_random_slopes__candidate__0__C_syntactic_role_C_valence,random_slopes,log_he_she_odds ~ C(tense) + C(semantic_role) + C(syntactic_role) + C(valence) + C(dominance) + log_frequency + lex_emb_norm + C(tense):C(semantic_role) + C(tense):C(syntactic_role) + C(tense):C(valence) + C(tense):C(dominance) + C(tense):log_frequency + C(tense):lex_emb_norm + C(semantic_role):C(syntactic_role) + C(semantic_role):C(valence) + C(semantic_role):C(dominance) + C(semantic_role):log_frequency + C(semantic_role):lex_emb_norm + C(syntactic_role):C(dominance) + C(syntactic_role):log_frequency + C(syntactic_role):lex_emb_norm + C(valence):C(dominance) + C(valence):log_frequency + C(valence):lex_emb_norm + C(dominance):log_frequency + C(dominance):lex_emb_norm + log_frequency:lex_emb_norm,1 + C(semantic_role) + C(syntactic_role) + C(valence) + C(dominance),profession,lbfgs,True,1,['ConvergenceWarning: The MLE may be on the boundary of the parameter space.'],True,22841.40450033662,23395.815057589924,-11348.70225016831,16320,0.22828677075442635,0.0777688628266359,0.9075318949892333,0.0,0.03753018341932031,0.0205918208421708,0.2589548202259595,0.12018917243664254,0.0007012094550083349,0.00021524467546054995,0.006875976108855301,0.004648298400154367,0.00014634285782763,0.010118327217063407,0.0006147977229465384,0.00033183953819076117,,0.00040802908484609653,0.0007929241932229056,0.44721453361253044,0.03101611156063919,0.00013768587671134092,0.01659236800554237,0.019615827630513467,0.0035431124676858707,0.6462977377897486,0.11703789675695399,0.004024325281162266,0.23649725146597939,0.16652556461861848,0.007058542117197407,1.4220460016908967,0.004982873034585232,0.07418413595105088,0.010638818017295366,0.0031127765326545063
/mnt/hum01-rds/Nikolaev_Dmitry/flos-code/model_selection_data/runs/he_she_odds_results__tiiuae_Falcon3-10B-Base__0c32fe4a,he_she_odds_results__tiiuae_Falcon3-10B-Base__0c32fe4a,/mnt/hum01-rds/Nikolaev_Dmitry/flos-code/modelling_data/he_she_odds_results__tiiuae_Falcon3-10B-Base.csv,tiiuae_Falcon3-10B-Base,selected_mixed_random_slopes__candidate__0__C_valence_lex_emb_norm,/mnt/hum01-rds/Nikolaev_Dmitry/flos-code/model_selection_data/runs/he_she_odds_results__tiiuae_Falcon3-10B-Base__0c32fe4a/models/selected_mixed_random_slopes__candidate__0__C_valence_lex_emb_norm,random_slopes,log_he_she_odds ~ C(tense) + C(semantic_role) + C(syntactic_role) + C(valence) + C(dominance) + log_frequency + lex_emb_norm + C(tense):C(semantic_role) + C(tense):C(syntactic_role) + C(tense):C(valence) + C(tense):C(dominance) + C(tense):log_frequency + C(tense):lex_emb_norm + C(semantic_role):C(syntactic_role) + C(semantic_role):C(valence) + C(semantic_role):C(dominance) + C(semantic_role):log_frequency + C(semantic_role):lex_emb_norm + C(syntactic_role):C(valence) + C(syntactic_role):C(dominance) + C(syntactic_role):log_frequency + C(syntactic_role):lex_emb_norm + C(valence):C(dominance) + C(valence):log_frequency + C(dominance):log_frequency + C(dominance):lex_emb_norm + log_frequency:lex_emb_norm,1 + C(semantic_role) + C(syntactic_role) + C(valence) + C(dominance),profession,lbfgs,True,1,['ConvergenceWarning: The MLE may be on the boundary of the parameter space.'],True,22843.618669685937,23398.02922693924,-11349.809334842968,16320,0.2281224523122698,0.07061714271095357,0.9236008181731596,0.0,0.03753018341931774,0.010259885900598184,0.05014441456623916,0.0066050309784115805,0.00030255003061289135,0.00021524467546055903,0.006875976108855242,0.00464829840015413,0.00014634285782765645,0.010118327217063313,0.0006147977229465466,0.00033183953819077537,0.0004933708928269051,0.00040802908484609225,0.0007929241932228957,1.9393766197858808,0.031016111560637886,0.001457151467779887,0.003330667945372093,0.0003299390586210446,0.0028979206791298028,0.040446240931043494,0.1170378967569454,2.2580071542435313e-05,2.7434090684536732e-05,,0.004807389254993552,1.441634965606624,0.0051632887955999195,0.08281776490796325,0.017003113622416563,0.00311598196518533
/mnt/hum01-rds/Nikolaev_Dmitry/flos-code/model_selection_data/runs/he_she_odds_results__tiiuae_Falcon3-10B-Base__0c32fe4a,he_she_odds_results__tiiuae_Falcon3-10B-Base__0c32fe4a,/mnt/hum01-rds/Nikolaev_Dmitry/flos-code/modelling_data/he_she_odds_results__tiiuae_Falcon3-10B-Base.csv,tiiuae_Falcon3-10B-Base,selected_mixed_random_slopes__candidate__0__C_semantic_role_C_valence,/mnt/hum01-rds/Nikolaev_Dmitry/flos-code/model_selection_data/runs/he_she_odds_results__tiiuae_Falcon3-10B-Base__0c32fe4a/models/selected_mixed_random_slopes__candidate__0__C_semantic_role_C_valence,random_slopes,log_he_she_odds ~ C(tense) + C(semantic_role) + C(syntactic_role) + C(valence) + C(dominance) + log_frequency + lex_emb_norm + C(tense):C(semantic_role) + C(tense):C(syntactic_role) + C(tense):C(valence) + C(tense):C(dominance) + C(tense):log_frequency + C(tense):lex_emb_norm + C(semantic_role):C(syntactic_role) + C(semantic_role):C(dominance) + C(semantic_role):log_frequency + C(semantic_role):lex_emb_norm + C(syntactic_role):C(valence) + C(syntactic_role):C(dominance) + C(syntactic_role):log_frequency + C(syntactic_role):lex_emb_norm + C(valence):C(dominance) + C(valence):log_frequency + C(valence):lex_emb_norm + C(dominance):log_frequency + C(dominance):lex_emb_norm + log_frequency:lex_emb_norm,1 + C(semantic_role) + C(syntactic_role) + C(valence) + C(dominance),profession,lbfgs,True,1,['ConvergenceWarning: The MLE may be on the boundary of the parameter space.'],True,22844.29755125317,23398.708108506475,-11350.148775626585,16320,0.2283277940055828,0.07779369235306864,0.907475081720136,0.0,0.03753018341931508,0.01668825741202949,0.2721710086652157,0.10210808488312281,0.000701209454992218,0.00021524467546056377,0.0068759761088552545,0.004648298400153959,0.0001463428578276678,0.010118327217063433,,0.0003318395381907731,0.0004933708928268676,0.0004080290848460694,0.0007929241932229177,0.44944327437474524,0.03101611156063541,0.0001376858766688224,0.01659236800620005,0.019615827631337405,0.0035431124675850975,0.6472188554648014,0.11703789675693733,0.00402432528145723,0.23649725146888362,0.16652556462175128,0.007058542117018406,1.427093951318581,0.0049867447454989625,0.07415639124435769,0.010636915501036692,0.0031088678016531167
/mnt/hum01-rds/Nikolaev_Dmitry/flos-code/model_selection_data/runs/he_she_odds_results__tiiuae_Falcon3-10B-Base__0c32fe4a,he_she_odds_results__tiiuae_Falcon3-10B-Base__0c32fe4a,/mnt/hum01-rds/Nikolaev_Dmitry/flos-code/modelling_data/he_she_odds_results__tiiuae_Falcon3-10B-Base.csv,tiiuae_Falcon3-10B-Base,selected_mixed_random_slopes__candidate__0__C_valence_C_dominance,/mnt/hum01-rds/Nikolaev_Dmitry/flos-code/model_selection_data/runs/he_she_odds_results__tiiuae_Falcon3-10B-Base__0c32fe4a/models/selected_mixed_random_slopes__candidate__0__C_valence_C_dominance,random_slopes,log_he_she_odds ~ C(tense) + C(semantic_role) + C(syntactic_role) + C(valence) + C(dominance) + log_frequency + lex_emb_norm + C(tense):C(semantic_role) + C(tense):C(syntactic_role) + C(tense):C(valence) + C(tense):C(dominance) + C(tense):log_frequency + C(tense):lex_emb_norm + C(semantic_role):C(syntactic_role) + C(semantic_role):C(valence) + C(semantic_role):C(dominance) + C(semantic_role):log_frequency + C(semantic_role):lex_emb_norm + C(syntactic_role):C(valence) + C(syntactic_role):C(dominance) + C(syntactic_role):log_frequency + C(syntactic_role):lex_emb_norm + C(valence):log_frequency + C(valence):lex_emb_norm + C(dominance):log_frequency + C(dominance):lex_emb_norm + log_frequency:lex_emb_norm,1 + C(semantic_role) + C(syntactic_role) + C(valence) + C(dominance),profession,lbfgs,True,1,['ConvergenceWarning: The MLE may be on the boundary of the parameter space.'],True,22848.54059042831,23402.951147681615,-11352.270295214155,16320,0.2283874450668227,0.07770660882076766,0.9075452956104917,7.100183207234647e-30,0.03753018341932071,0.020591820841980468,0.27217100866249766,0.10087069329297463,0.0018265292819577505,0.00021524467546052452,0.006875976108855122,0.004648298400153783,0.000146342857827603,0.010118327217063468,0.000614797722946577,0.00033183953819072685,0.0004933708928268509,0.0004080290848460529,,0.4543399570681076,0.03101611156063847,0.0001376858767156545,0.016592368005407466,0.019615827630422068,0.0035431124676974035,0.6492369091813025,0.11703789675695246,0.004024325281168483,0.23649725146491823,0.1665255646185922,0.007058542117193935,1.4381720399188838,0.00498616767137208,0.07415043733232662,0.010644947136439202,0.0031097969367709774
/mnt/hum01-rds/Nikolaev_Dmitry/flos-code/model_selection_data/runs/he_she_odds_results__tiiuae_Falcon3-10B-Base__0c32fe4a,he_she_odds_results__tiiuae_Falcon3-10B-Base__0c32fe4a,/mnt/hum01-rds/Nikolaev_Dmitry/flos-code/modelling_data/he_she_odds_results__tiiuae_Falcon3-10B-Base.csv,tiiuae_Falcon3-10B-Base,selected_mixed_random_slopes__candidate__0__C_tense_log_frequency,/mnt/hum01-rds/Nikolaev_Dmitry/flos-code/model_selection_data/runs/he_she_odds_results__tiiuae_Falcon3-10B-Base__0c32fe4a/models/selected_mixed_random_slopes__candidate__0__C_tense_log_frequency,random_slopes,log_he_she_odds ~ C(tense) + C(semantic_role) + C(syntactic_role) + C(valence) + C(dominance) + log_frequency + lex_emb_norm + C(tense):C(semantic_role) + C(tense):C(syntactic_role) + C(tense):C(valence) + C(tense):C(dominance) + C(tense):lex_emb_norm + C(semantic_role):C(syntactic_role) + C(semantic_role):C(valence) + C(semantic_role):C(dominance) + C(semantic_role):log_frequency + C(semantic_role):lex_emb_norm + C(syntactic_role):C(valence) + C(syntactic_role):C(dominance) + C(syntactic_role):log_frequency + C(syntactic_role):lex_emb_norm + C(valence):C(dominance) + C(valence):log_frequency + C(valence):lex_emb_norm + C(dominance):log_frequency + C(dominance):lex_emb_norm + log_frequency:lex_emb_norm,1 + C(semantic_role) + C(syntactic_role) + C(valence) + C(dominance),profession,lbfgs,True,1,['ConvergenceWarning: The MLE may be on the boundary of the parameter space.'],True,22896.83994868741,23420.449919426643,-11380.419974343706,16320,0.2291866892279836,0.07760938856519194,0.9069635932956419,7.889092452482941e-31,0.02086966989133356,0.020591820842215044,0.27217100866390825,0.11146184747894855,0.0007012094550043384,0.00021524467546055003,0.0068759761088552146,0.004648298400154192,0.0001463428578276506,0.010118327217063338,0.0006147977229465658,0.00033183953819076176,0.0004933708928268756,0.0004080290848460769,0.000792924193222926,0.4251379514293554,,0.0001376858766914458,0.01659236800579018,0.019615827630893964,0.0035431124676379316,0.6774503082271072,0.02619537100340848,0.004024325281175909,0.23649725146509776,0.16652556461873783,0.00705854211718816,1.4428963740777723,0.0049743877914179505,0.07422276983109706,0.010620054070934408,0.0031012475218585587
/mnt/hum01-rds/Nikolaev_Dmitry/flos-code/model_selection_data/runs/he_she_odds_results__tiiuae_Falcon3-10B-Base__0c32fe4a,he_she_odds_results__tiiuae_Falcon3-10B-Base__0c32fe4a,/mnt/hum01-rds/Nikolaev_Dmitry/flos-code/modelling_data/he_she_odds_results__tiiuae_Falcon3-10B-Base.csv,tiiuae_Falcon3-10B-Base,selected_mixed_random_slopes__candidate__0__C_tense_lex_emb_norm,/mnt/hum01-rds/Nikolaev_Dmitry/flos-code/model_selection_data/runs/he_she_odds_results__tiiuae_Falcon3-10B-Base__0c32fe4a/models/selected_mixed_random_slopes__candidate__0__C_tense_lex_emb_norm,random_slopes,log_he_she_odds ~ C(tense) + C(semantic_role) + C(syntactic_role) + C(valence) + C(dominance) + log_frequency + lex_emb_norm + C(tense):C(semantic_role) + C(tense):C(syntactic_role) + C(tense):C(valence) + C(tense):C(dominance) + C(tense):log_frequency + C(semantic_role):C(syntactic_role) + C(semantic_role):C(valence) + C(semantic_role):C(dominance) + C(semantic_role):log_frequency + C(semantic_role):lex_emb_norm + C(syntactic_role):C(valence) + C(syntactic_role):C(dominance) + C(syntactic_role):log_frequency + C(syntactic_role):lex_emb_norm + C(valence):C(dominance) + C(valence):log_frequency + C(valence):lex_emb_norm + C(dominance):log_frequency + C(dominance):lex_emb_norm + log_frequency:lex_emb_norm,1 + C(semantic_role) + C(syntactic_role) + C(valence) + C(dominance),profession,lbfgs,True,1,['ConvergenceWarning: The MLE may be on the boundary of the parameter space.'],True,22903.107257781347,23426.717228520578,-11383.553628890673,16320,0.22927714274943403,0.0776783342380421,0.9068229510559016,7.889092452482941e-31,0.008049809813856883,0.020591820841994953,0.272171008663236,0.11146184747808743,0.000701209455024602,0.00021524467546053797,0.006875976108855326,0.004648298400154116,0.0001463428578276441,0.010118327217063475,0.0006147977229465215,0.00033183953819075493,0.0004933708928268901,0.0004080290848460878,0.0007929241932229205,0.45003216247070543,0.006356801979049418,0.00013768587667157726,0.016592368006111895,0.019615827631270025,0.0035431124675911825,0.6723175027589785,,0.004024325281360373,0.236497251467599,0.16652556462060936,0.007058542117076634,1.4551328441444666,0.0049696697237852265,0.07409735308535925,0.010614070344841795,0.0031011427731666946
/mnt/hum01-rds/Nikolaev_Dmitry/flos-code/model_selection_data/runs/he_she_odds_results__tiiuae_Falcon3-10B-Base__0c32fe4a,he_she_odds_results__tiiuae_Falcon3-10B-Base__0c32fe4a,/mnt/hum01-rds/Nikolaev_Dmitry/flos-code/modelling_data/he_she_odds_results__tiiuae_Falcon3-10B-Base.csv,tiiuae_Falcon3-10B-Base,selected_mixed_random_slopes__candidate__0__C_tense_C_valence,/mnt/hum01-rds/Nikolaev_Dmitry/flos-code/model_selection_data/runs/he_she_odds_results__tiiuae_Falcon3-10B-Base__0c32fe4a/models/selected_mixed_random_slopes__candidate__0__C_tense_C_valence,random_slopes,log_he_she_odds ~ C(tense) + C(semantic_role) + C(syntactic_role) + C(valence) + C(dominance) + log_frequency + lex_emb_norm + C(tense):C(semantic_role) + C(tense):C(syntactic_role) + C(tense):C(dominance) + C(tense):log_frequency + C(tense):lex_emb_norm + C(semantic_role):C(syntactic_role) + C(semantic_role):C(valence) + C(semantic_role):C(dominance) + C(semantic_role):log_frequency + C(semantic_role):lex_emb_norm + C(syntactic_role):C(valence) + C(syntactic_role):C(dominance) + C(syntactic_role):log_frequency + C(syntactic_role):lex_emb_norm + C(valence):C(dominance) + C(valence):log_frequency + C(valence):lex_emb_norm + C(dominance):log_frequency + C(dominance):lex_emb_norm + log_frequency:lex_emb_norm,1 + C(semantic_role) + C(syntactic_role) + C(valence) + C(dominance),profession,lbfgs,True,1,['ConvergenceWarning: The MLE may be on the boundary of the parameter space.'],True,22919.9628440752,23443.57281481443,-11391.9814220376,16320,0.22951524025327982,0.07736248838967599,0.9069643317109356,0.0,0.04983269667131854,0.02059182084227882,0.2721710086642314,0.14239028782764326,0.0007012094549995288,0.00021524467546053192,0.0068759761088551,,0.0001463428578276202,0.010118327217063452,0.0006147977229465772,0.00033183953819075537,0.000493370892826898,0.00040802908484607094,0.0007929241932229026,0.45539169270478286,0.031016111560638607,0.0001376858766975818,0.016592368005697175,0.01961582763077162,0.0035431124676543304,0.6496693448628235,0.11703789675695103,0.004024325281277628,0.2364972514663051,0.16652556461975696,0.007058542117129036,1.4405492170695389,0.004971807067875472,0.07401493342845943,0.010620229080879702,0.003100056205249755
/mnt/hum01-rds/Nikolaev_Dmitry/flos-code/model_selection_data/runs/he_she_odds_results__tiiuae_Falcon3-10B-Base__0c32fe4a,he_she_odds_results__tiiuae_Falcon3-10B-Base__0c32fe4a,/mnt/hum01-rds/Nikolaev_Dmitry/flos-code/modelling_data/he_she_odds_results__tiiuae_Falcon3-10B-Base.csv,tiiuae_Falcon3-10B-Base,selected_mixed_random_slopes__candidate__0__C_tense_C_syntactic_role,/mnt/hum01-rds/Nikolaev_Dmitry/flos-code/model_selection_data/runs/he_she_odds_results__tiiuae_Falcon3-10B-Base__0c32fe4a/models/selected_mixed_random_slopes__candidate__0__C_tense_C_syntactic_role,random_slopes,log_he_she_odds ~ C(tense) + C(semantic_role) + C(syntactic_role) + C(valence) + C(dominance) + log_frequency + lex_emb_norm + C(tense):C(semantic_role) + C(tense):C(valence) + C(tense):C(dominance) + C(tense):log_frequency + C(tense):lex_emb_norm + C(semantic_role):C(syntactic_role) + C(semantic_role):C(valence) + C(semantic_role):C(dominance) + C(semantic_role):log_frequency + C(semantic_role):lex_emb_norm + C(syntactic_role):C(valence) + C(syntactic_role):C(dominance) + C(syntactic_role):log_frequency + C(syntactic_role):lex_emb_norm + C(valence):C(dominance) + C(valence):log_frequency + C(valence):lex_emb_norm + C(dominance):log_frequency + C(dominance):lex_emb_norm + log_frequency:lex_emb_norm,1 + C(semantic_role) + C(syntactic_role) + C(valence) + C(dominance),profession,lbfgs,True,1,['ConvergenceWarning: The MLE may be on the boundary of the parameter space.'],True,22954.79988484303,23478.40985558226,-11409.399942421514,16320,0.23000932797804013,0.0770495223882825,0.9068918960907124,7.100183207234647e-30,0.04565353023197056,0.020591820842595848,0.21686117170369848,0.11146184748033397,0.0007012094549721043,0.00021524467546054656,,0.004648298400154268,0.00014634285782763704,0.010118327217063407,0.0006147977229465586,0.0003318395381907488,0.0004933708928268854,0.00040802908484609225,0.0007929241932229234,0.45288416046797847,0.03101611156064,0.00013768587667042996,0.016592368006124316,0.019615827631296143,0.0035431124675893047,0.6486377496509652,0.11703789675695693,0.0040243252814982705,0.2364972514688895,0.16652556462203255,0.007058542116992001,1.4348802887930168,0.004971888963524999,0.07416240702503109,0.010631183482596939,0.0030948833268704605
/mnt/hum01-rds/Nikolaev_Dmitry/flos-code/model_selection_data/runs/he_she_odds_results__tiiuae_Falcon3-10B-Base__0c32fe4a,he_she_odds_results__tiiuae_Falcon3-10B-Base__0c32fe4a,/mnt/hum01-rds/Nikolaev_Dmitry/flos-code/modelling_data/he_she_odds_results__tiiuae_Falcon3-10B-Base.csv,tiiuae_Falcon3-10B-Base,selected_mixed_random_slopes__candidate__0__C_semantic_role_C_syntactic_role,/mnt/hum01-rds/Nikolaev_Dmitry/flos-code/model_selection_data/runs/he_she_odds_results__tiiuae_Falcon3-10B-Base__0c32fe4a/models/selected_mixed_random_slopes__candidate__0__C_semantic_role_C_syntactic_role,random_slopes,log_he_she_odds ~ C(tense) + C(semantic_role) + C(syntactic_role) + C(valence) + C(dominance) + log_frequency + lex_emb_norm + C(tense):C(semantic_role) + C(tense):C(syntactic_role) + C(tense):C(valence) + C(tense):C(dominance) + C(tense):log_frequency + C(tense):lex_emb_norm + C(semantic_role):C(valence) + C(semantic_role):C(dominance) + C(semantic_role):log_frequency + C(semantic_role):lex_emb_norm + C(syntactic_role):C(valence) + C(syntactic_role):C(dominance) + C(syntactic_role):log_frequency + C(syntactic_role):lex_emb_norm + C(valence):C(dominance) + C(valence):log_frequency + C(valence):lex_emb_norm + C(dominance):log_frequency + C(dominance):lex_emb_norm + log_frequency:lex_emb_norm,1 + C(semantic_role) + C(syntactic_role) + C(valence) + C(dominance),profession,lbfgs,True,1,['ConvergenceWarning: The MLE may be on the boundary of the parameter space.'],True,23069.136666137754,23623.54722339106,-11462.568333068877,16320,0.23152949361125316,0.07652444031010276,0.9061594893071965,7.889092452482941e-31,0.03753018341932036,0.007297072018884205,0.3361398824585283,0.11146184747878693,0.0007012094550094537,0.00021524467546054637,0.006875976108855112,0.004648298400154062,0.00014634285782764514,,0.0006147977229465783,0.000331839538190751,0.0004933708928268874,0.0004080290848460694,0.0007929241932229242,0.4493319089778958,0.03101611156064013,0.00013768587668428617,0.016592368006012048,0.01961582763105279,0.0035431124676226005,0.6471728679025426,0.11703789675695565,0.0040243252813059365,0.23649725146740874,0.16652556462021187,0.007058542117111168,1.426841801511829,0.0049556250871098636,0.07413402775256013,0.010606298555797884,0.0030816325710157745
/mnt/hum01-rds/Nikolaev_Dmitry/flos-code/model_selection_data/runs/he_she_odds_results__tiiuae_Falcon3-10B-Base__0c32fe4a,he_she_odds_results__tiiuae_Falcon3-10B-Base__0c32fe4a,/mnt/hum01-rds/Nikolaev_Dmitry/flos-code/modelling_data/he_she_odds_results__tiiuae_Falcon3-10B-Base.csv,tiiuae_Falcon3-10B-Base,selected_mixed_random_slopes__random_intercept_baseline,/mnt/hum01-rds/Nikolaev_Dmitry/flos-code/model_selection_data/runs/he_she_odds_results__tiiuae_Falcon3-10B-Base__0c32fe4a/models/selected_mixed_random_slopes__random_intercept_baseline,random_intercept_baseline,log_he_she_odds ~ C(tense) + C(semantic_role) + C(syntactic_role) + C(valence) + C(dominance) + log_frequency + lex_emb_norm + C(tense):C(semantic_role) + C(tense):C(syntactic_role) + C(tense):C(valence) + C(tense):C(dominance) + C(tense):log_frequency + C(tense):lex_emb_norm + C(semantic_role):C(syntactic_role) + C(semantic_role):C(valence) + C(semantic_role):C(dominance) + C(semantic_role):log_frequency + C(semantic_role):lex_emb_norm + C(syntactic_role):C(valence) + C(syntactic_role):C(dominance) + C(syntactic_role):log_frequency + C(syntactic_role):lex_emb_norm + C(valence):C(dominance) + C(valence):log_frequency + C(valence):lex_emb_norm + C(dominance):log_frequency + C(dominance):lex_emb_norm + log_frequency:lex_emb_norm,1,profession,lbfgs,True,0,[],False,24179.058954853826,24633.367605936393,-12030.529477426913,16320,0.2513923057295898,0.07660248172501737,0.8973279462327435,0.0,0.037530183419323786,0.020591820842162063,0.2721710086640994,0.11146184747880399,0.0007012094550136635,0.00021524467546057716,0.0068759761088575755,0.004648298400153821,0.0001463428578277441,0.010118327217062554,0.0006147977229466107,0.00033183953819081413,0.000493370892827018,0.00040802908484629657,0.0007929241932229172,0.001652813381154594,0.031016111560637577,0.00013768587669185116,0.01659236800580305,0.019615827630888167,0.003543112467641779,0.3455123939189843,0.11703789675695263,0.00402432528126247,0.23649725146656303,0.16652556461971546,0.007058542117151374,0.1555860949551798,,,,
/mnt/hum01-rds/Nikolaev_Dmitry/flos-code/model_selection_data/runs/he_she_odds_results__tiiuae_Falcon3-3B-Base__89f88db2,he_she_odds_results__tiiuae_Falcon3-3B-Base__89f88db2,/mnt/hum01-rds/Nikolaev_Dmitry/flos-code/modelling_data/he_she_odds_results__tiiuae_Falcon3-3B-Base.csv,tiiuae_Falcon3-3B-Base,selected_mixed_random_slopes__candidate__0__C_dominance_log_frequency,/mnt/hum01-rds/Nikolaev_Dmitry/flos-code/model_selection_data/runs/he_she_odds_results__tiiuae_Falcon3-3B-Base__89f88db2/models/selected_mixed_random_slopes__candidate__0__C_dominance_log_frequency,random_slopes,log_he_she_odds ~ C(tense) + C(semantic_role) + C(syntactic_role) + C(valence) + C(dominance) + log_frequency + lex_emb_norm + C(tense):C(semantic_role) + C(tense):C(syntactic_role) + C(tense):C(valence) + C(tense):C(dominance) + C(tense):log_frequency + C(tense):lex_emb_norm + C(semantic_role):C(syntactic_role) + C(semantic_role):C(valence) + C(semantic_role):C(dominance) + C(semantic_role):log_frequency + C(semantic_role):lex_emb_norm + C(syntactic_role):C(valence) + C(syntactic_role):C(dominance) + C(syntactic_role):log_frequency + C(syntactic_role):lex_emb_norm + C(valence):C(dominance) + C(valence):log_frequency + C(valence):lex_emb_norm + C(dominance):lex_emb_norm + log_frequency:lex_emb_norm,1 + C(semantic_role) + C(syntactic_role) + C(valence) + C(dominance),profession,lbfgs,True,1,['ConvergenceWarning: The MLE may be on the boundary of the parameter space.'],True,4763.226697154256,5317.637254407558,-2309.613348577128,16320,0.07509734199935217,0.09145933719682191,0.9592997707630472,4.930682782801838e-32,0.08241254862406892,0.002852857810805882,0.1532546820697474,0.029668165662184696,0.0028690528239945483,0.0013114241715329476,0.0016554988502764836,0.00024470692146832056,0.0006924961472119036,0.00959120558317518,0.0009779800543399072,0.00014003082137406718,0.001814835650801495,0.0004245108580408059,6.503274497111836e-05,3.013770734024137,0.011423689526332966,0.0007316272255855398,0.0125310705665694,0.003013619780431179,,0.03504556722167899,0.10564400176268941,0.024326369747310873,0.17028922179544845,0.04303942416097467,0.0001677882281002575,3.126955732917363,0.002087934300282242,0.03272369835608084,0.004140541644024362,0.0027342272624771317
/mnt/hum01-rds/Nikolaev_Dmitry/flos-code/model_selection_data/runs/he_she_odds_results__tiiuae_Falcon3-3B-Base__89f88db2,he_she_odds_results__tiiuae_Falcon3-3B-Base__89f88db2,/mnt/hum01-rds/Nikolaev_Dmitry/flos-code/modelling_data/he_she_odds_results__tiiuae_Falcon3-3B-Base.csv,tiiuae_Falcon3-3B-Base,selected_mixed_random_slopes__candidate__0__C_dominance_lex_emb_norm,/mnt/hum01-rds/Nikolaev_Dmitry/flos-code/model_selection_data/runs/he_she_odds_results__tiiuae_Falcon3-3B-Base__89f88db2/models/selected_mixed_random_slopes__candidate__0__C_dominance_lex_emb_norm,random_slopes,log_he_she_odds ~ C(tense) + C(semantic_role) + C(syntactic_role) + C(valence) + C(dominance) + log_frequency + lex_emb_norm + C(tense):C(semantic_role) + C(tense):C(syntactic_role) + C(tense):C(valence) + C(tense):C(dominance) + C(tense):log_frequency + C(tense):lex_emb_norm + C(semantic_role):C(syntactic_role) + C(semantic_role):C(valence) + C(semantic_role):C(dominance) + C(semantic_role):log_frequency + C(semantic_role):lex_emb_norm + C(syntactic_role):C(valence) + C(syntactic_role):C(dominance) + C(syntactic_role):log_frequency + C(syntactic_role):lex_emb_norm + C(valence):C(dominance) + C(valence):log_frequency + C(valence):lex_emb_norm + C(dominance):log_frequency + log_frequency:lex_emb_norm,1 + C(semantic_role) + C(syntactic_role) + C(valence) + C(dominance),profession,lbfgs,True,1,['ConvergenceWarning: The MLE may be on the boundary of the parameter space.'],True,4763.320820750756,5317.731378004059,-2309.660410375378,16320,0.07509739912229699,0.08159842240607124,0.9589366565329579,4.930682782801838e-32,0.08241254862409528,0.002791517967004434,0.15893739210794494,0.027604180448174174,0.00399304982060716,0.0013114241715329652,0.001655498850276405,0.00024470692146833824,0.000692496147211993,0.009591205583175156,0.0009779800543398853,0.00014003082137406035,0.0018148356508015185,0.00042451085804081045,6.503274497111528e-05,2.944659633305679,0.011423689526337549,0.000720923772777805,0.01309392937992867,0.002787317599588752,1.098048783962679e-05,0.02116983010371986,0.10564400176273205,0.024084697055223647,0.17837817515255908,0.03970086048969615,,3.127997779130865,0.0020868168948960622,0.03271013199752086,0.004148720789322992,0.002743758548457922
/mnt/hum01-rds/Nikolaev_Dmitry/flos-code/model_selection_data/runs/he_she_odds_results__tiiuae_Falcon3-3B-Base__89f88db2,he_she_odds_results__tiiuae_Falcon3-3B-Base__89f88db2,/mnt/hum01-rds/Nikolaev_Dmitry/flos-code/modelling_data/he_she_odds_results__tiiuae_Falcon3-3B-Base.csv,tiiuae_Falcon3-3B-Base,selected_mixed_random_slopes__candidate__0__C_semantic_role_log_frequency,/mnt/hum01-rds/Nikolaev_Dmitry/flos-code/model_selection_data/runs/he_she_odds_results__tiiuae_Falcon3-3B-Base__89f88db2/models/selected_mixed_random_slopes__candidate__0__C_semantic_role_log_frequency,random_slopes,log_he_she_odds ~ C(tense) + C(semantic_role) + C(syntactic_role) + C(valence) + C(dominance) + log_frequency + lex_emb_norm + C(tense):C(semantic_role) + C(tense):C(syntactic_role) + C(tense):C(valence) + C(tense):C(dominance) + C(tense):log_frequency + C(tense):lex_emb_norm + C(semantic_role):C(syntactic_role) + C(semantic_role):C(valence) + C(semantic_role):C(dominance) + C(semantic_role):lex_emb_norm + C(syntactic_role):C(valence) + C(syntactic_role):C(dominance) + C(syntactic_role):log_frequency + C(syntactic_role):lex_emb_norm + C(valence):C(dominance) + C(valence):log_frequency + C(valence):lex_emb_norm + C(dominance):log_frequency + C(dominance):lex_emb_norm + log_frequency:lex_emb_norm,1 + C(semantic_role) + C(syntactic_role) + C(valence) + C(dominance),profession,lbfgs,True,1,['ConvergenceWarning: The MLE may be on the boundary of the parameter space.'],True,4764.008104124339,5318.418661377642,-2310.0040520621696,16320,0.07509721746096111,0.08780342901649711,0.9592724488491466,1.9722731131207353e-31,0.0824125486240969,0.0014062037460161924,0.15125865746481235,0.028151165508737034,0.0025816866735064096,0.0013114241715329595,0.0016554988502764415,0.000244706921468338,0.0006924961472119546,0.009591205583175189,0.0009779800543399028,0.00014003082137407485,0.0018148356508015076,0.0004245108580408151,6.50327449711042e-05,2.879785289242446,0.011423689526336775,,0.011576612444937748,0.002238513196947197,2.1902129098523428e-05,0.02285585781137054,0.10564400176273486,0.01301334940283478,0.16477718366209865,0.03830398943227723,0.0004081078501273593,3.143757168159375,0.0021537055848740933,0.03269973594407648,0.004157272620935157,0.00273025405721209
/mnt/hum01-rds/Nikolaev_Dmitry/flos-code/model_selection_data/runs/he_she_odds_results__tiiuae_Falcon3-3B-Base__89f88db2,he_she_odds_results__tiiuae_Falcon3-3B-Base__89f88db2,/mnt/hum01-rds/Nikolaev_Dmitry/flos-code/modelling_data/he_she_odds_results__tiiuae_Falcon3-3B-Base.csv,tiiuae_Falcon3-3B-Base,selected_mixed_random_slopes__candidate__0__C_syntactic_role_log_frequency,/mnt/hum01-rds/Nikolaev_Dmitry/flos-code/model_selection_data/runs/he_she_odds_results__tiiuae_Falcon3-3B-Base__89f88db2/models/selected_mixed_random_slopes__candidate__0__C_syntactic_role_log_frequency,random_slopes,log_he_she_odds ~ C(tense) + C(semantic_role) + C(syntactic_role) + C(valence) + C(dominance) + log_frequency + lex_emb_norm + C(tense):C(semantic_role) + C(tense):C(syntactic_role) + C(tense):C(valence) + C(tense):C(dominance) + C(tense):log_frequency + C(tense):lex_emb_norm + C(semantic_role):C(syntactic_role) + C(semantic_role):C(valence) + C(semantic_role):C(dominance) + C(semantic_role):log_frequency + C(semantic_role):lex_emb_norm + C(syntactic_role):C(valence) + C(syntactic_role):C(dominance) + C(syntactic_role):lex_emb_norm + C(valence):C(dominance) + C(valence):log_frequency + C(valence):lex_emb_norm + C(dominance):log_frequency + C(dominance):lex_emb_norm + log_frequency:lex_emb_norm,1 + C(semantic_role) + C(syntactic_role) + C(valence) + C(dominance),profession,lbfgs,True,1,['ConvergenceWarning: The MLE may be on the boundary of the parameter space.'],True,4764.198957990971,5318.609515244274,-2310.0994789954857,16320,0.0750971306273585,0.11452538822529461,0.960555981145915,1.9722731131207353e-31,0.08241254862408837,0.0028910062182963435,0.10602944976031084,0.032175369437444146,0.00201610581366563,0.001311424171532943,0.0016554988502764628,0.00024470692146831796,0.0006924961472118587,0.009591205583175288,0.0009779800543399358,0.00014003082137405083,0.0018148356508014963,0.0004245108580407885,6.50327449711222e-05,3.561552702290583,0.011423689526337518,0.0007647224972337123,,0.0044912540208345356,0.0002168114645839718,0.09518251885285807,0.10564400176272455,0.02461954642384342,0.05725694441859923,0.05118072097411736,0.0012786875818403397,3.1346963169445496,0.0020871900612497423,0.03373952328254912,0.004152926699800315,0.002737406499275772
/mnt/hum01-rds/Nikolaev_Dmitry/flos-code/model_selection_data/runs/he_she_odds_results__tiiuae_Falcon3-3B-Base__89f88db2,he_she_odds_results__tiiuae_Falcon3-3B-Base__89f88db2,/mnt/hum01-rds/Nikolaev_Dmitry/flos-code/modelling_data/he_she_odds_results__tiiuae_Falcon3-3B-Base.csv,tiiuae_Falcon3-3B-Base,selected_mixed_random_slopes__candidate__0__log_frequency_lex_emb_norm,/mnt/hum01-rds/Nikolaev_Dmitry/flos-code/model_selection_data/runs/he_she_odds_results__tiiuae_Falcon3-3B-Base__89f88db2/models/selected_mixed_random_slopes__candidate__0__log_frequency_lex_emb_norm,random_slopes,log_he_she_odds ~ C(tense) + C(semantic_role) + C(syntactic_role) + C(valence) + C(dominance) + log_frequency + lex_emb_norm + C(tense):C(semantic_role) + C(tense):C(syntactic_role) + C(tense):C(valence) + C(tense):C(dominance) + C(tense):log_frequency + C(tense):lex_emb_norm + C(semantic_role):C(syntactic_role) + C(semantic_role):C(valence) + C(semantic_role):C(dominance) + C(semantic_role):log_frequency + C(semantic_role):lex_emb_norm + C(syntactic_role):C(valence) + C(syntactic_role):C(dominance) + C(syntactic_role):log_frequency + C(syntactic_role):lex_emb_norm + C(valence):C(dominance) + C(valence):log_frequency + C(valence):lex_emb_norm + C(dominance):log_frequency + C(dominance):lex_emb_norm,1 + C(semantic_role) + C(syntactic_role) + C(valence) + C(dominance),profession,lbfgs,True,1,['ConvergenceWarning: The MLE may be on the boundary of the parameter space.'],True,4764.312420237955,5318.722977491258,-2310.1562101189775,16320,0.07509773416216507,0.08854767293384405,0.9595420350857785,0.0,0.08241254862409547,0.0028781506726734763,0.1509693066984129,0.03053298980049337,0.0024627849293091747,0.0013114241715329682,0.0016554988502764363,0.00024470692146833883,0.0006924961472120763,0.009591205583175106,0.0009779800543398855,0.00014003082137406476,0.0018148356508015243,0.0004245108580408222,6.503274497111032e-05,0.14381578211418733,0.011423689526337622,0.0007535126320417471,0.011440879989405345,0.003496720999290374,4.4786618968180836e-05,0.4208986605365336,0.10564400176273357,0.02452077080322735,0.1639826855874725,0.04580506395402129,0.0005437457975290833,,0.002086398371088815,0.032695220427084365,0.0041357508011094805,0.0027257686658947256
/mnt/hum01-rds/Nikolaev_Dmitry/flos-code/model_selection_data/runs/he_she_odds_results__tiiuae_Falcon3-3B-Base__89f88db2,he_she_odds_results__tiiuae_Falcon3-3B-Base__89f88db2,/mnt/hum01-rds/Nikolaev_Dmitry/flos-code/modelling_data/he_she_odds_results__tiiuae_Falcon3-3B-Base.csv,tiiuae_Falcon3-3B-Base,selected_mixed_random_slopes,/mnt/hum01-rds/Nikolaev_Dmitry/flos-code/model_selection_data/runs/he_she_odds_results__tiiuae_Falcon3-3B-Base__89f88db2/models/selected_mixed_random_slopes,random_slopes,log_he_she_odds ~ C(tense) + C(semantic_role) + C(syntactic_role) + C(valence) + C(dominance) + log_frequency + lex_emb_norm + C(tense):C(semantic_role) + C(tense):C(syntactic_role) + C(tense):C(valence) + C(tense):C(dominance) + C(tense):log_frequency + C(tense):lex_emb_norm + C(semantic_role):C(syntactic_role) + C(semantic_role):C(valence) + C(semantic_role):C(dominance) + C(semantic_role):log_frequency + C(semantic_role):lex_emb_norm + C(syntactic_role):C(valence) + C(syntactic_role):C(dominance) + C(syntactic_role):log_frequency + C(syntactic_role):lex_emb_norm + C(valence):C(dominance) + C(valence):log_frequency + C(valence):lex_emb_norm + C(dominance):log_frequency + C(dominance):lex_emb_norm + log_frequency:lex_emb_norm,1 + C(semantic_role) + C(syntactic_role) + C(valence) + C(dominance),profession,lbfgs,True,1,['ConvergenceWarning: The MLE may be on the boundary of the parameter space.'],True,4765.186749930988,5327.297453812809,-2309.593374965494,16320,0.07509782368621142,0.09646362233881799,0.9594513763972592,4.437614504521654e-31,0.0824125486241005,0.0028781506726501004,0.15096930669861716,0.0305329898001652,0.002462784929356956,0.0013114241715329578,0.0016554988502764012,0.00024470692146832365,0.0006924961472120483,0.009591205583175175,0.0009779800543399041,0.00014003082137406975,0.0018148356508015055,0.0004245108580408174,6.503274497110665e-05,3.1615795422118884,0.011423689526337806,0.0007535126320600085,0.01144087998889729,0.0034967209994717606,4.4786618981349853e-05,0.04844077210558785,0.10564400176273989,0.024520770803067915,0.16398268558839704,0.04580506395306269,0.0005437457974711209,3.1325502748243457,0.0020862122384147676,0.03270188922160029,0.004136342439244552,0.0027239671405713656
/mnt/hum01-rds/Nikolaev_Dmitry/flos-code/model_selection_data/runs/he_she_odds_results__tiiuae_Falcon3-3B-Base__89f88db2,he_she_odds_results__tiiuae_Falcon3-3B-Base__89f88db2,/mnt/hum01-rds/Nikolaev_Dmitry/flos-code/modelling_data/he_she_odds_results__tiiuae_Falcon3-3B-Base.csv,tiiuae_Falcon3-3B-Base,selected_mixed_random_slopes__full,/mnt/hum01-rds/Nikolaev_Dmitry/flos-code/model_selection_data/runs/he_she_odds_results__tiiuae_Falcon3-3B-Base__89f88db2/models/selected_mixed_random_slopes__full,random_slopes,log_he_she_odds ~ C(tense) + C(semantic_role) + C(syntactic_role) + C(valence) + C(dominance) + log_frequency + lex_emb_norm + C(tense):C(semantic_role) + C(tense):C(syntactic_role) + C(tense):C(valence) + C(tense):C(dominance) + C(tense):log_frequency + C(tense):lex_emb_norm + C(semantic_role):C(syntactic_role) + C(semantic_role):C(valence) + C(semantic_role):C(dominance) + C(semantic_role):log_frequency + C(semantic_role):lex_emb_norm + C(syntactic_role):C(valence) + C(syntactic_role):C(dominance) + C(syntactic_role):log_frequency + C(syntactic_role):lex_emb_norm + C(valence):C(dominance) + C(valence):log_frequency + C(valence):lex_emb_norm + C(dominance):log_frequency + C(dominance):lex_emb_norm + log_frequency:lex_emb_norm,1 + C(semantic_role) + C(syntactic_role) + C(valence) + C(dominance),profession,lbfgs,True,1,['ConvergenceWarning: The MLE may be on the boundary of the parameter space.'],True,4765.186749930988,5327.297453812809,-2309.593374965494,16320,0.07509782368621142,0.09646362233881799,0.9594513763972592,4.437614504521654e-31,0.0824125486241005,0.0028781506726501004,0.15096930669861716,0.0305329898001652,0.002462784929356956,0.0013114241715329578,0.0016554988502764012,0.00024470692146832365,0.0006924961472120483,0.009591205583175175,0.0009779800543399041,0.00014003082137406975,0.0018148356508015055,0.0004245108580408174,6.503274497110665e-05,3.1615795422118884,0.011423689526337806,0.0007535126320600085,0.01144087998889729,0.0034967209994717606,4.4786618981349853e-05,0.04844077210558785,0.10564400176273989,0.024520770803067915,0.16398268558839704,0.04580506395306269,0.0005437457974711209,3.1325502748243457,0.0020862122384147676,0.03270188922160029,0.004136342439244552,0.0027239671405713656
/mnt/hum01-rds/Nikolaev_Dmitry/flos-code/model_selection_data/runs/he_she_odds_results__tiiuae_Falcon3-3B-Base__89f88db2,he_she_odds_results__tiiuae_Falcon3-3B-Base__89f88db2,/mnt/hum01-rds/Nikolaev_Dmitry/flos-code/modelling_data/he_she_odds_results__tiiuae_Falcon3-3B-Base.csv,tiiuae_Falcon3-3B-Base,selected_mixed_random_slopes__candidate__0__C_valence_log_frequency,/mnt/hum01-rds/Nikolaev_Dmitry/flos-code/model_selection_data/runs/he_she_odds_results__tiiuae_Falcon3-3B-Base__89f88db2/models/selected_mixed_random_slopes__candidate__0__C_valence_log_frequency,random_slopes,log_he_she_odds ~ C(tense) + C(semantic_role) + C(syntactic_role) + C(valence) + C(dominance) + log_frequency + lex_emb_norm + C(tense):C(semantic_role) + C(tense):C(syntactic_role) + C(tense):C(valence) + C(tense):C(dominance) + C(tense):log_frequency + C(tense):lex_emb_norm + C(semantic_role):C(syntactic_role) + C(semantic_role):C(valence) + C(semantic_role):C(dominance) + C(semantic_role):log_frequency + C(semantic_role):lex_emb_norm + C(syntactic_role):C(valence) + C(syntactic_role):C(dominance) + C(syntactic_role):log_frequency + C(syntactic_role):lex_emb_norm + C(valence):C(dominance) + C(valence):lex_emb_norm + C(dominance):log_frequency + C(dominance):lex_emb_norm + log_frequency:lex_emb_norm,1 + C(semantic_role) + C(syntactic_role) + C(valence) + C(dominance),profession,lbfgs,True,1,['ConvergenceWarning: The MLE may be on the boundary of the parameter space.'],True,4765.313897817512,5319.724455070815,-2310.656948908756,16320,0.0750970321594476,0.07472843516571238,0.9603745955345621,0.0,0.08241254862410453,0.0020349267504370405,0.1652808610640499,0.019585658554217348,0.004244277587662443,0.0013114241715329361,0.0016554988502763986,0.00024470692146830983,0.0006924961472119433,0.009591205583175232,0.0009779800543399072,0.00014003082137406623,0.0018148356508014662,0.0004245108580408074,6.503274497111786e-05,1.8029142275721162,0.011423689526337984,0.00016736193126878462,0.018922260623634602,,0.00038775646952790853,0.019058062889521714,0.1056440017627435,0.01798622627829621,0.20460721274606583,0.014990445899000168,0.0003078293324341263,3.1454552557236206,0.002107008206954913,0.032809727486890386,0.004460226815513625,0.002793197019856193
/mnt/hum01-rds/Nikolaev_Dmitry/flos-code/model_selection_data/runs/he_she_odds_results__tiiuae_Falcon3-3B-Base__89f88db2,he_she_odds_results__tiiuae_Falcon3-3B-Base__89f88db2,/mnt/hum01-rds/Nikolaev_Dmitry/flos-code/modelling_data/he_she_odds_results__tiiuae_Falcon3-3B-Base.csv,tiiuae_Falcon3-3B-Base,selected_mixed_random_slopes__candidate__0__C_syntactic_role_lex_emb_norm,/mnt/hum01-rds/Nikolaev_Dmitry/flos-code/model_selection_data/runs/he_she_odds_results__tiiuae_Falcon3-3B-Base__89f88db2/models/selected_mixed_random_slopes__candidate__0__C_syntactic_role_lex_emb_norm,random_slopes,log_he_she_odds ~ C(tense) + C(semantic_role) + C(syntactic_role) + C(valence) + C(dominance) + log_frequency + lex_emb_norm + C(tense):C(semantic_role) + C(tense):C(syntactic_role) + C(tense):C(valence) + C(tense):C(dominance) + C(tense):log_frequency + C(tense):lex_emb_norm + C(semantic_role):C(syntactic_role) + C(semantic_role):C(valence) + C(semantic_role):C(dominance) + C(semantic_role):log_frequency + C(semantic_role):lex_emb_norm + C(syntactic_role):C(valence) + C(syntactic_role):C(dominance) + C(syntactic_role):log_frequency + C(valence):C(dominance) + C(valence):log_frequency + C(valence):lex_emb_norm + C(dominance):log_frequency + C(dominance):lex_emb_norm + log_frequency:lex_emb_norm,1 + C(semantic_role) + C(syntactic_role) + C(valence) + C(dominance),profession,lbfgs,True,1,['ConvergenceWarning: The MLE may be on the boundary of the parameter space.'],True,4767.039641575597,5321.450198828899,-2311.5198207877984,16320,0.07509765780375086,0.15475988897505158,0.9627369662540098,0.0,0.08241254862410133,0.002932823037005942,0.023406657096847652,0.03692753141016109,0.0010188794745842852,0.0013114241715329658,0.0016554988502763969,0.00024470692146832344,0.0006924961472120438,0.009591205583175121,0.0009779800543398892,0.0001400308213740801,0.001814835650801529,0.00042451085804083555,6.503274497110521e-05,3.8263610272695354,0.01142368952633842,0.0007741914074158717,0.004462506213443084,0.005182513019227194,0.0003902215238132127,0.19075224874509425,0.10564400176274216,0.024794577215890398,,0.05952759601866452,0.002889928138254684,3.1375650055491606,0.0020863960097447856,0.036669744371295464,0.004163284917813268,0.0027511571312448958
/mnt/hum01-rds/Nikolaev_Dmitry/flos-code/model_selection_data/runs/he_she_odds_results__tiiuae_Falcon3-3B-Base__89f88db2,he_she_odds_results__tiiuae_Falcon3-3B-Base__89f88db2,/mnt/hum01-rds/Nikolaev_Dmitry/flos-code/modelling_data/he_she_odds_results__tiiuae_Falcon3-3B-Base.csv,tiiuae_Falcon3-3B-Base,selected_mixed_random_slopes__candidate__0__C_valence_C_dominance,/mnt/hum01-rds/Nikolaev_Dmitry/flos-code/model_selection_data/runs/he_she_odds_results__tiiuae_Falcon3-3B-Base__89f88db2/models/selected_mixed_random_slopes__candidate__0__C_valence_C_dominance,random_slopes,log_he_she_odds ~ C(tense) + C(semantic_role) + C(syntactic_role) + C(valence) + C(dominance) + log_frequency + lex_emb_norm + C(tense):C(semantic_role) + C(tense):C(syntactic_role) + C(tense):C(valence) + C(tense):C(dominance) + C(tense):log_frequency + C(tense):lex_emb_norm + C(semantic_role):C(syntactic_role) + C(semantic_role):C(valence) + C(semantic_role):C(dominance) + C(semantic_role):log_frequency + C(semantic_role):lex_emb_norm + C(syntactic_role):C(valence) + C(syntactic_role):C(dominance) + C(syntactic_role):log_frequency + C(syntactic_role):lex_emb_norm + C(valence):log_frequency + C(valence):lex_emb_norm + C(dominance):log_frequency + C(dominance):lex_emb_norm + log_frequency:lex_emb_norm,1 + C(semantic_role) + C(syntactic_role) + C(valence) + C(dominance),profession,lbfgs,True,1,['ConvergenceWarning: The MLE may be on the boundary of the parameter space.'],True,4767.896708477521,5322.307265730824,-2311.9483542387607,16320,0.07511970037299973,0.09629300835696084,0.959499245639948,0.0,0.08241254862410982,0.00287815067269282,0.1509693066974059,0.028927545531263744,0.002946576009551739,0.001311424171532971,0.0016554988502763962,0.000244706921468339,0.0006924961472120583,0.009591205583175243,0.0009779800543398994,0.00014003082137406075,0.0018148356508014896,0.00042451085804078975,,3.1560958437634272,0.011423689526338677,0.0007535126320559871,0.011440879989092176,0.0034967209994287364,4.4786618978522336e-05,0.048649095117816725,0.10564400176275293,0.024520770803209628,0.16398268558721804,0.04580506395392079,0.0005437457975290292,3.1256447529840274,0.002084508205517193,0.03267286662865294,0.004138913271698822,0.0027277222469926947
/mnt/hum01-rds/Nikolaev_Dmitry/flos-code/model_selection_data/runs/he_she_odds_results__tiiuae_Falcon3-3B-Base__89f88db2,he_she_odds_results__tiiuae_Falcon3-3B-Base__89f88db2,/mnt/hum01-rds/Nikolaev_Dmitry/flos-code/modelling_data/he_she_odds_results__tiiuae_Falcon3-3B-Base.csv,tiiuae_Falcon3-3B-Base,selected_mixed_random_slopes__candidate__0__C_semantic_role_lex_emb_norm,/mnt/hum01-rds/Nikolaev_Dmitry/flos-code/model_selection_data/runs/he_she_odds_results__tiiuae_Falcon3-3B-Base__89f88db2/models/selected_mixed_random_slopes__candidate__0__C_semantic_role_lex_emb_norm,random_slopes,log_he_she_odds ~ C(tense) + C(semantic_role) + C(syntactic_role) + C(valence) + C(dominance) + log_frequency + lex_emb_norm + C(tense):C(semantic_role) + C(tense):C(syntactic_role) + C(tense):C(valence) + C(tense):C(dominance) + C(tense):log_frequency + C(tense):lex_emb_norm + C(semantic_role):C(syntactic_role) + C(semantic_role):C(valence) + C(semantic_role):C(dominance) + C(semantic_role):log_frequency + C(syntactic_role):C(valence) + C(syntactic_role):C(dominance) + C(syntactic_role):log_frequency + C(syntactic_role):lex_emb_norm + C(valence):C(dominance) + C(valence):log_frequency + C(valence):lex_emb_norm + C(dominance):log_frequency + C(dominance):lex_emb_norm + log_frequency:lex_emb_norm,1 + C(semantic_role) + C(syntactic_role) + C(valence) + C(dominance),profession,lbfgs,True,1,['ConvergenceWarning: The MLE may be on the boundary of the parameter space.'],True,4769.9594798887265,5324.370037142029,-2312.9797399443632,16320,0.07509743020334772,0.058206754143761676,0.9583228267254,2.773509065326034e-32,0.0824125486241337,0.0014017215537912755,0.15275445963010786,0.01835840896016695,0.0031704767624072044,0.0013114241715329687,0.001655498850276387,0.0002447069214683704,0.0006924961472120442,0.009591205583175303,0.000977980054339893,0.00014003082137405682,0.001814835650801494,0.00042451085804078676,6.503274497111431e-05,2.4859599659090867,0.01142368952634457,0.0015795398337480101,0.01180518593461317,0.0009110647950032892,3.1123915161150946e-06,0.0010308830462333024,0.10564400176279996,,0.16718721523051908,0.021478823873073087,0.00014003702577737397,3.147655369655769,0.0026837216776519203,0.03270746073500759,0.004253187165970465,0.0027310827052515804
/mnt/hum01-rds/Nikolaev_Dmitry/flos-code/model_selection_data/runs/he_she_odds_results__tiiuae_Falcon3-3B-Base__89f88db2,he_she_odds_results__tiiuae_Falcon3-3B-Base__89f88db2,/mnt/hum01-rds/Nikolaev_Dmitry/flos-code/modelling_data/he_she_odds_results__tiiuae_Falcon3-3B-Base.csv,tiiuae_Falcon3-3B-Base,selected_mixed_random_slopes__candidate__0__C_valence_lex_emb_norm,/mnt/hum01-rds/Nikolaev_Dmitry/flos-code/model_selection_data/runs/he_she_odds_results__tiiuae_Falcon3-3B-Base__89f88db2/models/selected_mixed_random_slopes__candidate__0__C_valence_lex_emb_norm,random_slopes,log_he_she_odds ~ C(tense) + C(semantic_role) + C(syntactic_role) + C(valence) + C(dominance) + log_frequency + lex_emb_norm + C(tense):C(semantic_role) + C(tense):C(syntactic_role) + C(tense):C(valence) + C(tense):C(dominance) + C(tense):log_frequency + C(tense):lex_emb_norm + C(semantic_role):C(syntactic_role) + C(semantic_role):C(valence) + C(semantic_role):C(dominance) + C(semantic_role):log_frequency + C(semantic_role):lex_emb_norm + C(syntactic_role):C(valence) + C(syntactic_role):C(dominance) + C(syntactic_role):log_frequency + C(syntactic_role):lex_emb_norm + C(valence):C(dominance) + C(valence):log_frequency + C(dominance):log_frequency + C(dominance):lex_emb_norm + log_frequency:lex_emb_norm,1 + C(semantic_role) + C(syntactic_role) + C(valence) + C(dominance),profession,lbfgs,True,1,['ConvergenceWarning: The MLE may be on the boundary of the parameter space.'],True,4770.344127830293,5324.754685083595,-2313.1720639151463,16320,0.07509662187166913,0.048918884295328084,0.9632848059890149,0.0,0.08241254862408708,0.0005341708451294027,0.20533200256453932,0.0025242845460234893,0.01106155064366618,0.0013114241715329396,0.001655498850276419,0.0002447069214682905,0.0006924961472118575,0.009591205583175189,0.0009779800543398645,0.00014003082137406728,0.0018148356508015042,0.0004245108580408059,6.503274497111313e-05,1.2087736282967108,0.011423689526337833,2.424823575162434e-05,0.023903401443413703,0.0010695460694157945,0.0011753833322311537,0.3784265830405688,0.10564400176272594,0.010835896942103856,0.2662377676827811,,0.0052091359582490835,3.140739386126245,0.0021539547789450053,0.03311515763127502,0.005274422142095631,0.0029562850179594763
/mnt/hum01-rds/Nikolaev_Dmitry/flos-code/model_selection_data/runs/he_she_odds_results__tiiuae_Falcon3-3B-Base__89f88db2,he_she_odds_results__tiiuae_Falcon3-3B-Base__89f88db2,/mnt/hum01-rds/Nikolaev_Dmitry/flos-code/modelling_data/he_she_odds_results__tiiuae_Falcon3-3B-Base.csv,tiiuae_Falcon3-3B-Base,selected_mixed_random_slopes__candidate__0__C_semantic_role_C_dominance,/mnt/hum01-rds/Nikolaev_Dmitry/flos-code/model_selection_data/runs/he_she_odds_results__tiiuae_Falcon3-3B-Base__89f88db2/models/selected_mixed_random_slopes__candidate__0__C_semantic_role_C_dominance,random_slopes,log_he_she_odds ~ C(tense) + C(semantic_role) + C(syntactic_role) + C(valence) + C(dominance) + log_frequency + lex_emb_norm + C(tense):C(semantic_role) + C(tense):C(syntactic_role) + C(tense):C(valence) + C(tense):C(dominance) + C(tense):log_frequency + C(tense):lex_emb_norm + C(semantic_role):C(syntactic_role) + C(semantic_role):C(valence) + C(semantic_role):log_frequency + C(semantic_role):lex_emb_norm + C(syntactic_role):C(valence) + C(syntactic_role):C(dominance) + C(syntactic_role):log_frequency + C(syntactic_role):lex_emb_norm + C(valence):C(dominance) + C(valence):log_frequency + C(valence):lex_emb_norm + C(dominance):log_frequency + C(dominance):lex_emb_norm + log_frequency:lex_emb_norm,1 + C(semantic_role) + C(syntactic_role) + C(valence) + C(dominance),profession,lbfgs,True,1,['ConvergenceWarning: The MLE may be on the boundary of the parameter space.'],True,4773.3267398834,5327.737297136702,-2314.6633699417,16320,0.07514422275369259,0.09619796862606328,0.9595312412377001,0.0,0.08241254862410764,0.002191770268754753,0.15096930669314101,0.0305329898024215,0.0018313607988211284,0.001311424171532969,0.0016554988502763995,0.0002447069214683276,0.0006924961472119855,0.009591205583175194,0.0009779800543399317,,0.0018148356508014766,0.00042451085804081685,6.50327449711212e-05,3.16446328014909,0.011423689526340649,0.0007535126320650459,0.01144087998886089,0.003496720999516551,4.478661898448236e-05,0.04833147199927029,0.10564400176275757,0.0245207708035802,0.16398268558191564,0.04580506395623391,0.0005437457976785683,3.136182365346727,0.0020861142490802456,0.032785005361089484,0.00414467496800438,0.0027291651670456633
/mnt/hum01-rds/Nikolaev_Dmitry/flos-code/model_selection_data/runs/he_she_odds_results__tiiuae_Falcon3-3B-Base__89f88db2,he_she_odds_results__tiiuae_Falcon3-3B-Base__89f88db2,/mnt/hum01-rds/Nikolaev_Dmitry/flos-code/modelling_data/he_she_odds_results__tiiuae_Falcon3-3B-Base.csv,tiiuae_Falcon3-3B-Base,selected_mixed_random_slopes__candidate__0__C_tense_C_valence,/mnt/hum01-rds/Nikolaev_Dmitry/flos-code/model_selection_data/runs/he_she_odds_results__tiiuae_Falcon3-3B-Base__89f88db2/models/selected_mixed_random_slopes__candidate__0__C_tense_C_valence,random_slopes,log_he_she_odds ~ C(tense) + C(semantic_role) + C(syntactic_role) + C(valence) + C(dominance) + log_frequency + lex_emb_norm + C(tense):C(semantic_role) + C(tense):C(syntactic_role) + C(tense):C(dominance) + C(tense):log_frequency + C(tense):lex_emb_norm + C(semantic_role):C(syntactic_role) + C(semantic_role):C(valence) + C(semantic_role):C(dominance) + C(semantic_role):log_frequency + C(semantic_role):lex_emb_norm + C(syntactic_role):C(valence) + C(syntactic_role):C(dominance) + C(syntactic_role):log_frequency + C(syntactic_role):lex_emb_norm + C(valence):C(dominance) + C(valence):log_frequency + C(valence):lex_emb_norm + C(dominance):log_frequency + C(dominance):lex_emb_norm + log_frequency:lex_emb_norm,1 + C(semantic_role) + C(syntactic_role) + C(valence) + C(dominance),profession,lbfgs,True,1,['ConvergenceWarning: The MLE may be on the boundary of the parameter space.'],True,4779.848920035118,5303.458890774348,-2321.924460017559,16320,0.0752119668009573,0.0962107150735814,0.9594822431628048,4.930682782801838e-32,0.08528635225101504,0.002878150672681729,0.15096930669727315,0.03201465705002003,0.0024627849292631968,0.0013114241715329565,0.0016554988502763914,,0.0006924961472120359,0.009591205583175272,0.0009779800543399048,0.0001400308213740596,0.0018148356508014478,0.00042451085804079473,6.503274497111626e-05,3.1706201128469824,0.011423689526337351,0.000753512632053255,0.011440879989084267,0.003496720999407418,4.478661897702964e-05,0.04809869343471211,0.10564400176273174,0.02452077080316418,0.1639826855869681,0.04580506395375291,0.0005437457975185715,3.14393844438728,0.002086056001364417,0.03279321043011262,0.004141357454165298,0.002728386211644097
/mnt/hum01-rds/Nikolaev_Dmitry/flos-code/model_selection_data/runs/he_she_odds_results__tiiuae_Falcon3-3B-Base__89f88db2,he_she_odds_results__tiiuae_Falcon3-3B-Base__89f88db2,/mnt/hum01-rds/Nikolaev_Dmitry/flos-code/modelling_data/he_she_odds_results__tiiuae_Falcon3-3B-Base.csv,tiiuae_Falcon3-3B-Base,selected_mixed_random_slopes__candidate__0__C_tense_C_dominance,/mnt/hum01-rds/Nikolaev_Dmitry/flos-code/model_selection_data/runs/he_she_odds_results__tiiuae_Falcon3-3B-Base__89f88db2/models/selected_mixed_random_slopes__candidate__0__C_tense_C_dominance,random_slopes,log_he_she_odds ~ C(tense) + C(semantic_role) + C(syntactic_role) + C(valence) + C(dominance) + log_frequency + lex_emb_norm + C(tense):C(semantic_role) + C(tense):C(syntactic_role) + C(tense):C(valence) + C(tense):log_frequency + C(tense):lex_emb_norm + C(semantic_role):C(syntactic_role) + C(semantic_role):C(valence) + C(semantic_role):C(dominance) + C(semantic_role):log_frequency + C(semantic_role):lex_emb_norm + C(syntactic_role):C(valence) + C(syntactic_role):C(dominance) + C(syntactic_role):log_frequency + C(syntactic_role):lex_emb_norm + C(valence):C(dominance) + C(valence):log_frequency + C(valence):lex_emb_norm + C(dominance):log_frequency + C(dominance):lex_emb_norm + log_frequency:lex_emb_norm,1 + C(semantic_role) + C(syntactic_role) + C(valence) + C(dominance),profession,lbfgs,True,1,['ConvergenceWarning: The MLE may be on the boundary of the parameter space.'],True,4792.840868559753,5316.450839298984,-2328.4204342798766,16320,0.07527254510076843,0.0962705204850322,0.9594062879891665,4.930682782801838e-32,0.08555272265936568,0.002878150672747322,0.15096930669519437,0.030532989801691963,0.0009633502846457179,0.0013114241715329621,0.0016554988502764417,0.0002447069214683295,,0.00959120558317518,0.0009779800543399156,0.0001400308213740647,0.0018148356508015506,0.00042451085804082097,6.503274497111283e-05,3.16717717859332,0.011423689526335329,0.0007535126321016178,0.011440879988120599,0.0034967209998944663,4.478661901000451e-05,0.048228767342179825,0.10564400176271055,0.024520770803617684,0.16398268558142906,0.04580506395664451,0.000543745797705951,3.1396009511587355,0.0020848687253630068,0.03276502187547737,0.004138363720361085,0.0027277724710684393
/mnt/hum01-rds/Nikolaev_Dmitry/flos-code/model_selection_data/runs/he_she_odds_results__tiiuae_Falcon3-3B-Base__89f88db2,he_she_odds_results__tiiuae_Falcon3-3B-Base__89f88db2,/mnt/hum01-rds/Nikolaev_Dmitry/flos-code/modelling_data/he_she_odds_results__tiiuae_Falcon3-3B-Base.csv,tiiuae_Falcon3-3B-Base,selected_mixed_random_slopes__candidate__0__C_syntactic_role_C_dominance,/mnt/hum01-rds/Nikolaev_Dmitry/flos-code/model_selection_data/runs/he_she_odds_results__tiiuae_Falcon3-3B-Base__89f88db2/models/selected_mixed_random_slopes__candidate__0__C_syntactic_role_C_dominance,random_slopes,log_he_she_odds ~ C(tense) + C(semantic_role) + C(syntactic_role) + C(valence) + C(dominance) + log_frequency + lex_emb_norm + C(tense):C(semantic_role) + C(tense):C(syntactic_role) + C(tense):C(valence) + C(tense):C(dominance) + C(tense):log_frequency + C(tense):lex_emb_norm + C(semantic_role):C(syntactic_role) + C(semantic_role):C(valence) + C(semantic_role):C(dominance) + C(semantic_role):log_frequency + C(semantic_role):lex_emb_norm + C(syntactic_role):C(valence) + C(syntactic_role):log_frequency + C(syntactic_role):lex_emb_norm + C(valence):C(dominance) + C(valence):log_frequency + C(valence):lex_emb_norm + C(dominance):log_frequency + C(dominance):lex_emb_norm + log_frequency:lex_emb_norm,1 + C(semantic_role) + C(syntactic_role) + C(valence) + C(dominance),profession,lbfgs,True,1,['ConvergenceWarning: The MLE may be on the boundary of the parameter space.'],True,4793.906810930406,5348.317368183709,-2324.953405465203,16320,0.07524013315461749,0.09622243769534666,0.9594479702226592,4.930682782801838e-32,0.08241254862410209,0.0028781506729114673,0.14186684940256297,0.030532989804079817,0.0014236226662854648,0.0013114241715329563,0.0016554988502764025,0.0002447069214683188,0.0006924961472120161,0.009591205583175118,0.0009779800543398783,0.00014003082137406794,0.0018148356508015404,,6.503274497111836e-05,3.1646288619580973,0.011423689526337592,0.0007535126321138872,0.01144087998783747,0.0034967210000082494,4.4786619017736756e-05,0.04832520136849554,0.10564400176273891,0.024520770804285028,0.16398268557212023,0.04580506396075078,0.0005437457979740231,3.1363909303562663,0.002085481513297545,0.032758383412957184,0.004141104514424003,0.002728556101458608
/mnt/hum01-rds/Nikolaev_Dmitry/flos-code/model_selection_data/runs/he_she_odds_results__tiiuae_Falcon3-3B-Base__89f88db2,he_she_odds_results__tiiuae_Falcon3-3B-Base__89f88db2,/mnt/hum01-rds/Nikolaev_Dmitry/flos-code/modelling_data/he_she_odds_results__tiiuae_Falcon3-3B-Base.csv,tiiuae_Falcon3-3B-Base,selected_mixed_random_slopes__candidate__0__C_tense_log_frequency,/mnt/hum01-rds/Nikolaev_Dmitry/flos-code/model_selection_data/runs/he_she_odds_results__tiiuae_Falcon3-3B-Base__89f88db2/models/selected_mixed_random_slopes__candidate__0__C_tense_log_frequency,random_slopes,log_he_she_odds ~ C(tense) + C(semantic_role) + C(syntactic_role) + C(valence) + C(dominance) + log_frequency + lex_emb_norm + C(tense):C(semantic_role) + C(tense):C(syntactic_role) + C(tense):C(valence) + C(tense):C(dominance) + C(tense):lex_emb_norm + C(semantic_role):C(syntactic_role) + C(semantic_role):C(valence) + C(semantic_role):C(dominance) + C(semantic_role):log_frequency + C(semantic_role):lex_emb_norm + C(syntactic_role):C(valence) + C(syntactic_role):C(dominance) + C(syntactic_role):log_frequency + C(syntactic_role):lex_emb_norm + C(valence):C(dominance) + C(valence):log_frequency + C(valence):lex_emb_norm + C(dominance):log_frequency + C(dominance):lex_emb_norm + log_frequency:lex_emb_norm,1 + C(semantic_role) + C(syntactic_role) + C(valence) + C(dominance),profession,lbfgs,True,1,['ConvergenceWarning: The MLE may be on the boundary of the parameter space.'],True,4813.00759719449,5336.61756793372,-2338.503798597245,16320,0.07536661156369728,0.09620216367522817,0.9593602726853607,1.9722731131207353e-31,0.05458327982189781,0.002878150672896922,0.15096930669004996,0.03053298980374894,0.0024627849287510535,0.0013114241715329674,0.001655498850276386,0.00024470692146834236,0.0006924961472119702,0.009591205583175156,0.0009779800543398515,0.00014003082137407344,0.0018148356508014896,0.00042451085804081295,6.503274497111068e-05,3.1288272304712987,,0.0007535126321375259,0.011440879987436599,0.0034967210002306215,4.4786619032537505e-05,0.044737333768859563,0.03512817156563413,0.024520770804168333,0.16398268557472573,0.045805063959808365,0.00054374579790867,3.136755518531694,0.00208440611010157,0.03274658034491178,0.004138521127887608,0.002726799669376036
/mnt/hum01-rds/Nikolaev_Dmitry/flos-code/model_selection_data/runs/he_she_odds_results__tiiuae_Falcon3-3B-Base__89f88db2,he_she_odds_results__tiiuae_Falcon3-3B-Base__89f88db2,/mnt/hum01-rds/Nikolaev_Dmitry/flos-code/modelling_data/he_she_odds_results__tiiuae_Falcon3-3B-Base.csv,tiiuae_Falcon3-3B-Base,selected_mixed_random_slopes__candidate__0__C_semantic_role_C_valence,/mnt/hum01-rds/Nikolaev_Dmitry/flos-code/model_selection_data/runs/he_she_odds_results__tiiuae_Falcon3-3B-Base__89f88db2/models/selected_mixed_random_slopes__candidate__0__C_semantic_role_C_valence,random_slopes,log_he_she_odds ~ C(tense) + C(semantic_role) + C(syntactic_role) + C(valence) + C(dominance) + log_frequency + lex_emb_norm + C(tense):C(semantic_role) + C(tense):C(syntactic_role) + C(tense):C(valence) + C(tense):C(dominance) + C(tense):log_frequency + C(tense):lex_emb_norm + C(semantic_role):C(syntactic_role) + C(semantic_role):C(dominance) + C(semantic_role):log_frequency + C(semantic_role):lex_emb_norm + C(syntactic_role):C(valence) + C(syntactic_role):C(dominance) + C(syntactic_role):log_frequency + C(syntactic_role):lex_emb_norm + C(valence):C(dominance) + C(valence):log_frequency + C(valence):lex_emb_norm + C(dominance):log_frequency + C(dominance):lex_emb_norm + log_frequency:lex_emb_norm,1 + C(semantic_role) + C(syntactic_role) + C(valence) + C(dominance),profession,lbfgs,True,1,['ConvergenceWarning: The MLE may be on the boundary of the parameter space.'],True,4833.871494646592,5388.282051899894,-2344.935747323296,16320,0.0754267353481514,0.09617149526528475,0.9593281715837285,0.0,0.08241254862408968,0.005141418381456165,0.15096930669461112,0.02454913317901736,0.002462784929030492,0.001311424171532962,0.0016554988502763706,0.00024470692146833986,0.0006924961472120439,0.009591205583175201,,0.0001400308213740669,0.0018148356508015375,0.0004245108580408204,6.503274497110714e-05,3.165607118701484,0.011423689526335871,0.0007535126321054508,0.011440879988139719,0.0034967209999102328,4.4786619010829534e-05,0.04828816594254298,0.1056440017627194,0.024520770803724203,0.16398268558124313,0.045805063957044555,0.0005437457977287777,3.1376231630565377,0.002083191539545802,0.032753458918000675,0.004136714898097172,0.0027264072538842727
/mnt/hum01-rds/Nikolaev_Dmitry/flos-code/model_selection_data/runs/he_she_odds_results__tiiuae_Falcon3-3B-Base__89f88db2,he_she_odds_results__tiiuae_Falcon3-3B-Base__89f88db2,/mnt/hum01-rds/Nikolaev_Dmitry/flos-code/modelling_data/he_she_odds_results__tiiuae_Falcon3-3B-Base.csv,tiiuae_Falcon3-3B-Base,selected_mixed_random_slopes__candidate__0__C_syntactic_role_C_valence,/mnt/hum01-rds/Nikolaev_Dmitry/flos-code/model_selection_data/runs/he_she_odds_results__tiiuae_Falcon3-3B-Base__89f88db2/models/selected_mixed_random_slopes__candidate__0__C_syntactic_role_C_valence,random_slopes,log_he_she_odds ~ C(tense) + C(semantic_role) + C(syntactic_role) + C(valence) + C(dominance) + log_frequency + lex_emb_norm + C(tense):C(semantic_role) + C(tense):C(syntactic_role) + C(tense):C(valence) + C(tense):C(dominance) + C(tense):log_frequency + C(tense):lex_emb_norm + C(semantic_role):C(syntactic_role) + C(semantic_role):C(valence) + C(semantic_role):C(dominance) + C(semantic_role):log_frequency + C(semantic_role):lex_emb_norm + C(syntactic_role):C(dominance) + C(syntactic_role):log_frequency + C(syntactic_role):lex_emb_norm + C(valence):C(dominance) + C(valence):log_frequency + C(valence):lex_emb_norm + C(dominance):log_frequency + C(dominance):lex_emb_norm + log_frequency:lex_emb_norm,1 + C(semantic_role) + C(syntactic_role) + C(valence) + C(dominance),profession,lbfgs,True,1,['ConvergenceWarning: The MLE may be on the boundary of the parameter space.'],True,4894.111608324543,5448.522165577846,-2375.0558041622717,16320,0.07570859336362214,0.09595206995208205,0.9592032386199606,1.9722731131207353e-31,0.08241254862409086,0.00287815067274115,0.13246109832799974,0.03973346551728167,0.0024627849291305264,0.0013114241715329548,0.0016554988502764745,0.00024470692146831384,0.0006924961472119988,0.009591205583175194,0.000977980054339918,0.00014003082137406514,,0.00042451085804081777,6.503274497111084e-05,3.1638696773993127,0.011423689526337375,0.0007535126320634878,0.011440879988975255,0.0034967209994957614,4.478661898275611e-05,0.04835395670591388,0.10564400176272964,0.0245207708034238,0.16398268558477785,0.045805063955250074,0.0005437457976122384,3.1354346813645955,0.002081338309826884,0.032706175280594406,0.004138886157770516,0.0027245806260453856
/mnt/hum01-rds/Nikolaev_Dmitry/flos-code/model_selection_data/runs/he_she_odds_results__tiiuae_Falcon3-3B-Base__89f88db2,he_she_odds_results__tiiuae_Falcon3-3B-Base__89f88db2,/mnt/hum01-rds/Nikolaev_Dmitry/flos-code/modelling_data/he_she_odds_results__tiiuae_Falcon3-3B-Base.csv,tiiuae_Falcon3-3B-Base,selected_mixed_random_slopes__candidate__0__C_tense_lex_emb_norm,/mnt/hum01-rds/Nikolaev_Dmitry/flos-code/model_selection_data/runs/he_she_odds_results__tiiuae_Falcon3-3B-Base__89f88db2/models/selected_mixed_random_slopes__candidate__0__C_tense_lex_emb_norm,random_slopes,log_he_she_odds ~ C(tense) + C(semantic_role) + C(syntactic_role) + C(valence) + C(dominance) + log_frequency + lex_emb_norm + C(tense):C(semantic_role) + C(tense):C(syntactic_role) + C(tense):C(valence) + C(tense):C(dominance) + C(tense):log_frequency + C(semantic_role):C(syntactic_role) + C(semantic_role):C(valence) + C(semantic_role):C(dominance) + C(semantic_role):log_frequency + C(semantic_role):lex_emb_norm + C(syntactic_role):C(valence) + C(syntactic_role):C(dominance) + C(syntactic_role):log_frequency + C(syntactic_role):lex_emb_norm + C(valence):C(dominance) + C(valence):log_frequency + C(valence):lex_emb_norm + C(dominance):log_frequency + C(dominance):lex_emb_norm + log_frequency:lex_emb_norm,1 + C(semantic_role) + C(syntactic_role) + C(valence) + C(dominance),profession,lbfgs,True,1,['ConvergenceWarning: The MLE may be on the boundary of the parameter space.'],True,4895.902052140824,5419.512022880054,-2379.951026070412,16320,0.07575494822628805,0.09602359634939987,0.9591389723232009,0.0,0.013736107468327511,0.0028781506727514825,0.15096930669523934,0.030532989801655093,0.0024627849291063543,0.0013114241715329674,0.0016554988502763724,0.00024470692146831086,0.0006924961472120138,0.009591205583175194,0.0009779800543399052,0.00014003082137407146,0.0018148356508014853,0.00042451085804081647,6.503274497111447e-05,3.0790464707948075,0.003873314310530688,0.0007535126320792291,0.011440879988578104,0.003496720999657441,4.478661899381595e-05,0.036075675276251454,,0.02452077080359948,0.1639826855818122,0.04580506395637579,0.0005437457976858132,3.1369331457011227,0.002080877416716085,0.03266076399188753,0.004133799188942941,0.00272307414925859
/mnt/hum01-rds/Nikolaev_Dmitry/flos-code/model_selection_data/runs/he_she_odds_results__tiiuae_Falcon3-3B-Base__89f88db2,he_she_odds_results__tiiuae_Falcon3-3B-Base__89f88db2,/mnt/hum01-rds/Nikolaev_Dmitry/flos-code/modelling_data/he_she_odds_results__tiiuae_Falcon3-3B-Base.csv,tiiuae_Falcon3-3B-Base,selected_mixed_random_slopes__candidate__0__C_tense_C_semantic_role,/mnt/hum01-rds/Nikolaev_Dmitry/flos-code/model_selection_data/runs/he_she_odds_results__tiiuae_Falcon3-3B-Base__89f88db2/models/selected_mixed_random_slopes__candidate__0__C_tense_C_semantic_role,random_slopes,log_he_she_odds ~ C(tense) + C(semantic_role) + C(syntactic_role) + C(valence) + C(dominance) + log_frequency + lex_emb_norm + C(tense):C(syntactic_role) + C(tense):C(valence) + C(tense):C(dominance) + C(tense):log_frequency + C(tense):lex_emb_norm + C(semantic_role):C(syntactic_role) + C(semantic_role):C(valence) + C(semantic_role):C(dominance) + C(semantic_role):log_frequency + C(semantic_role):lex_emb_norm + C(syntactic_role):C(valence) + C(syntactic_role):C(dominance) + C(syntactic_role):log_frequency + C(syntactic_role):lex_emb_norm + C(valence):C(dominance) + C(valence):log_frequency + C(valence):lex_emb_norm + C(dominance):log_frequency + C(dominance):lex_emb_norm + log_frequency:lex_emb_norm,1 + C(semantic_role) + C(syntactic_role) + C(valence) + C(dominance),profession,lbfgs,True,1,['ConvergenceWarning: The MLE may be on the boundary of the parameter space.'],True,4896.4526184359565,5420.062589175187,-2380.2263092179783,16320,0.07575696975847707,0.09586452729738121,0.9592023806002268,4.437614504521654e-31,0.08411362060298799,0.002630861455398107,0.1509693066881408,0.030532989804459544,0.0024627849286263364,,0.0016554988502764615,0.0002447069214683484,0.0006924961472119782,0.00959120558317525,0.0009779800543398725,0.0001400308213740632,0.001814835650801527,0.00042451085804080883,6.503274497110764e-05,3.1630804810737314,0.011423689526337148,0.0007535126321221098,0.011440879987730926,0.003496721000087494,4.478661902289571e-05,0.048383861589950374,0.10564400176272654,0.02452077080426797,0.16398268557273782,0.04580506396065421,0.0005437457979659725,3.1344406628449377,0.0020810502855765477,0.03272955664030177,0.004138856568136635,0.002724355296108584
/mnt/hum01-rds/Nikolaev_Dmitry/flos-code/model_selection_data/runs/he_she_odds_results__tiiuae_Falcon3-3B-Base__89f88db2,he_she_odds_results__tiiuae_Falcon3-3B-Base__89f88db2,/mnt/hum01-rds/Nikolaev_Dmitry/flos-code/modelling_data/he_she_odds_results__tiiuae_Falcon3-3B-Base.csv,tiiuae_Falcon3-3B-Base,selected_mixed_random_slopes__candidate__0__C_tense_C_syntactic_role,/mnt/hum01-rds/Nikolaev_Dmitry/flos-code/model_selection_data/runs/he_she_odds_results__tiiuae_Falcon3-3B-Base__89f88db2/models/selected_mixed_random_slopes__candidate__0__C_tense_C_syntactic_role,random_slopes,log_he_she_odds ~ C(tense) + C(semantic_role) + C(syntactic_role) + C(valence) + C(dominance) + log_frequency + lex_emb_norm + C(tense):C(semantic_role) + C(tense):C(valence) + C(tense):C(dominance) + C(tense):log_frequency + C(tense):lex_emb_norm + C(semantic_role):C(syntactic_role) + C(semantic_role):C(valence) + C(semantic_role):C(dominance) + C(semantic_role):log_frequency + C(semantic_role):lex_emb_norm + C(syntactic_role):C(valence) + C(syntactic_role):C(dominance) + C(syntactic_role):log_frequency + C(syntactic_role):lex_emb_norm + C(valence):C(dominance) + C(valence):log_frequency + C(valence):lex_emb_norm + C(dominance):log_frequency + C(dominance):lex_emb_norm + log_frequency:lex_emb_norm,1 + C(semantic_role) + C(syntactic_role) + C(valence) + C(dominance),profession,lbfgs,True,1,['ConvergenceWarning: The MLE may be on the boundary of the parameter space.'],True,4926.05796124402,5449.66793198325,-2395.02898062201,16320,0.07589591545942562,0.09583919007123422,0.9591041923522653,4.930682782801838e-32,0.09058988018864081,0.002878150672928468,0.15775132751123855,0.030532989803962306,0.0024627849287299115,0.0013114241715329726,,0.0002447069214683643,0.0006924961472121252,0.009591205583174986,0.0009779800543398254,0.00014003082137409791,0.0018148356508015217,0.00042451085804084683,6.5032744971105e-05,3.1611408282206646,0.011423689526340836,0.0007535126320227352,0.011440879990057554,0.003496720999030583,4.4786618950227945e-05,0.048457415554715874,0.10564400176277382,0.024520770803783523,0.1639826855825887,0.04580506395688304,0.0005437457977077046,3.131997750626997,0.0020801107620891505,0.03273599926641153,0.004136510129360306,0.0027210221941254844
/mnt/hum01-rds/Nikolaev_Dmitry/flos-code/model_selection_data/runs/he_she_odds_results__tiiuae_Falcon3-3B-Base__89f88db2,he_she_odds_results__tiiuae_Falcon3-3B-Base__89f88db2,/mnt/hum01-rds/Nikolaev_Dmitry/flos-code/modelling_data/he_she_odds_results__tiiuae_Falcon3-3B-Base.csv,tiiuae_Falcon3-3B-Base,selected_mixed_random_slopes__candidate__0__C_semantic_role_C_syntactic_role,/mnt/hum01-rds/Nikolaev_Dmitry/flos-code/model_selection_data/runs/he_she_odds_results__tiiuae_Falcon3-3B-Base__89f88db2/models/selected_mixed_random_slopes__candidate__0__C_semantic_role_C_syntactic_role,random_slopes,log_he_she_odds ~ C(tense) + C(semantic_role) + C(syntactic_role) + C(valence) + C(dominance) + log_frequency + lex_emb_norm + C(tense):C(semantic_role) + C(tense):C(syntactic_role) + C(tense):C(valence) + C(tense):C(dominance) + C(tense):log_frequency + C(tense):lex_emb_norm + C(semantic_role):C(valence) + C(semantic_role):C(dominance) + C(semantic_role):log_frequency + C(semantic_role):lex_emb_norm + C(syntactic_role):C(valence) + C(syntactic_role):C(dominance) + C(syntactic_role):log_frequency + C(syntactic_role):lex_emb_norm + C(valence):C(dominance) + C(valence):log_frequency + C(valence):lex_emb_norm + C(dominance):log_frequency + C(dominance):lex_emb_norm + log_frequency:lex_emb_norm,1 + C(semantic_role) + C(syntactic_role) + C(valence) + C(dominance),profession,lbfgs,False,5,"['ConvergenceWarning: Maximum Likelihood optimization failed to converge. Check mle_retvals', 'ConvergenceWarning: MixedLM optimization failed, trying a different optimizer may help.', 'ConvergenceWarning: Gradient optimization failed, |grad| = 170.193313', 'ConvergenceWarning: The MLE may be on the boundary of the parameter space.', 'ConvergenceWarning: The Hessian matrix at the estimated parameter values is not positive definite.']",True,5507.070552042656,6061.481109295959,-2681.535276021328,16320,0.07828872563765304,0.10449700176506649,0.9550032842387058,1.2326706957004595e-32,0.08241254862408753,0.012142061849838945,0.19810538837571287,0.030532989799655446,0.002462784929427774,0.0013114241715329654,0.0016554988502764237,0.0002447069214683303,0.000692496147211909,,0.0009779800543399306,0.0001400308213740586,0.0018148356508014595,0.0004245108580407832,6.503274497112716e-05,4.245668570842597,0.011423689526336349,0.0007535126320272865,0.011440879989611635,0.003496720999149232,4.478661896053786e-05,0.017834580896359607,0.10564400176272085,0.02452077080287381,0.1639826855910902,0.04580506395194783,0.0005437457974087926,4.5251173781738006,0.004815552209813857,0.018277857750883638,0.010218730841545095,0.006451194832839927
/mnt/hum01-rds/Nikolaev_Dmitry/flos-code/model_selection_data/runs/he_she_odds_results__tiiuae_Falcon3-3B-Base__89f88db2,he_she_odds_results__tiiuae_Falcon3-3B-Base__89f88db2,/mnt/hum01-rds/Nikolaev_Dmitry/flos-code/modelling_data/he_she_odds_results__tiiuae_Falcon3-3B-Base.csv,tiiuae_Falcon3-3B-Base,selected_mixed_random_slopes__random_intercept_baseline,/mnt/hum01-rds/Nikolaev_Dmitry/flos-code/model_selection_data/runs/he_she_odds_results__tiiuae_Falcon3-3B-Base__89f88db2/models/selected_mixed_random_slopes__random_intercept_baseline,random_intercept_baseline,log_he_she_odds ~ C(tense) + C(semantic_role) + C(syntactic_role) + C(valence) + C(dominance) + log_frequency + lex_emb_norm + C(tense):C(semantic_role) + C(tense):C(syntactic_role) + C(tense):C(valence) + C(tense):C(dominance) + C(tense):log_frequency + C(tense):lex_emb_norm + C(semantic_role):C(syntactic_role) + C(semantic_role):C(valence) + C(semantic_role):C(dominance) + C(semantic_role):log_frequency + C(semantic_role):lex_emb_norm + C(syntactic_role):C(valence) + C(syntactic_role):C(dominance) + C(syntactic_role):log_frequency + C(syntactic_role):lex_emb_norm + C(valence):C(dominance) + C(valence):log_frequency + C(valence):lex_emb_norm + C(dominance):log_frequency + C(dominance):lex_emb_norm + log_frequency:lex_emb_norm,1,profession,lbfgs,True,0,[],False,6612.753126536292,7067.06177761886,-3247.376563268146,16320,0.08553550009669894,0.09961845418647972,0.9531607919604242,4.930682782801838e-32,0.0824125486241158,0.002878150672748373,0.1509693066951973,0.030532989801621474,0.002462784929107502,0.0013114241715329639,0.0016554988502764593,0.00024470692146831764,0.0006924961472120014,0.009591205583175288,0.0009779800543399133,0.00014003082137406563,0.0018148356508014512,0.0004245108580407885,6.503274497111778e-05,3.7232691992523317,0.011423689526340639,0.0007535126320694625,0.01144087998878253,0.003496720999559931,4.478661898737072e-05,0.030160446034261473,0.10564400176276924,0.024520770803460743,0.1639826855835645,0.04580506395550526,0.0005437457976316388,3.8477951584574894,,,,
/mnt/hum01-rds/Nikolaev_Dmitry/flos-code/model_selection_data/runs/he_she_odds_results__tiiuae_Falcon3-7B-Base__0e7d5b82,he_she_odds_results__tiiuae_Falcon3-7B-Base__0e7d5b82,/mnt/hum01-rds/Nikolaev_Dmitry/flos-code/modelling_data/he_she_odds_results__tiiuae_Falcon3-7B-Base.csv,tiiuae_Falcon3-7B-Base,selected_mixed_random_slopes__candidate__0__C_semantic_role_C_valence,/mnt/hum01-rds/Nikolaev_Dmitry/flos-code/model_selection_data/runs/he_she_odds_results__tiiuae_Falcon3-7B-Base__0e7d5b82/models/selected_mixed_random_slopes__candidate__0__C_semantic_role_C_valence,random_slopes,log_he_she_odds ~ C(tense) + C(semantic_role) + C(syntactic_role) + C(valence) + C(dominance) + log_frequency + lex_emb_norm + C(tense):C(semantic_role) + C(tense):C(syntactic_role) + C(tense):C(valence) + C(tense):C(dominance) + C(tense):log_frequency + C(tense):lex_emb_norm + C(semantic_role):C(syntactic_role) + C(semantic_role):C(dominance) + C(semantic_role):log_frequency + C(semantic_role):lex_emb_norm + C(syntactic_role):C(valence) + C(syntactic_role):C(dominance) + C(syntactic_role):log_frequency + C(syntactic_role):lex_emb_norm + C(valence):C(dominance) + C(valence):log_frequency + C(valence):lex_emb_norm + C(dominance):log_frequency + C(dominance):lex_emb_norm + log_frequency:lex_emb_norm,1 + C(semantic_role) + C(syntactic_role) + C(valence) + C(dominance),profession,lbfgs,True,1,['ConvergenceWarning: The MLE may be on the boundary of the parameter space.'],True,23115.034977571428,23669.445534824732,-11485.517488785714,16320,0.2324171076631755,0.08568550603962133,0.8872842968065117,3.1556369809931764e-30,0.021140760109241114,0.010533027968080623,0.1778658122107568,0.0525131570022608,0.0016325803454816318,0.00037482823766219137,0.012009777872524996,0.0034758812435348218,0.001260075319271625,0.002321170229419487,,0.0018089729161025459,8.371967989732984e-06,0.0005952585245389887,0.0007697855605428228,0.5897392938332557,0.048053405551924784,0.008105630202452073,0.05383918631800912,0.0032038598807865807,0.006672783056168931,0.4927540094948241,0.08272598897745508,0.0309685413661209,0.14613450563143093,0.05072515075805014,0.010991820120788944,1.4276084479085536,0.0071877076598092695,0.04794742780400354,0.01007032446716466,0.007650487027137776
/mnt/hum01-rds/Nikolaev_Dmitry/flos-code/model_selection_data/runs/he_she_odds_results__tiiuae_Falcon3-7B-Base__0e7d5b82,he_she_odds_results__tiiuae_Falcon3-7B-Base__0e7d5b82,/mnt/hum01-rds/Nikolaev_Dmitry/flos-code/modelling_data/he_she_odds_results__tiiuae_Falcon3-7B-Base.csv,tiiuae_Falcon3-7B-Base,selected_mixed_random_slopes__candidate__0__C_syntactic_role_C_valence,/mnt/hum01-rds/Nikolaev_Dmitry/flos-code/model_selection_data/runs/he_she_odds_results__tiiuae_Falcon3-7B-Base__0e7d5b82/models/selected_mixed_random_slopes__candidate__0__C_syntactic_role_C_valence,random_slopes,log_he_she_odds ~ C(tense) + C(semantic_role) + C(syntactic_role) + C(valence) + C(dominance) + log_frequency + lex_emb_norm + C(tense):C(semantic_role) + C(tense):C(syntactic_role) + C(tense):C(valence) + C(tense):C(dominance) + C(tense):log_frequency + C(tense):lex_emb_norm + C(semantic_role):C(syntactic_role) + C(semantic_role):C(valence) + C(semantic_role):C(dominance) + C(semantic_role):log_frequency + C(semantic_role):lex_emb_norm + C(syntactic_role):C(dominance) + C(syntactic_role):log_frequency + C(syntactic_role):lex_emb_norm + C(valence):C(dominance) + C(valence):log_frequency + C(valence):lex_emb_norm + C(dominance):log_frequency + C(dominance):lex_emb_norm + log_frequency:lex_emb_norm,1 + C(semantic_role) + C(syntactic_role) + C(valence) + C(dominance),profession,lbfgs,True,1,['ConvergenceWarning: The MLE may be on the boundary of the parameter space.'],True,23115.125751663436,23669.53630891674,-11485.562875831718,16320,0.23241839698810857,0.08568510526411428,0.8872828290801632,3.1556369809931764e-30,0.021140760109234127,0.010785744856391041,0.17927766254943728,0.05119497621602554,0.0016325803457069967,0.0003748282376622347,0.012009777872524881,0.0034758812435345975,0.0012600753192716912,0.002321170229419497,4.493790727790761e-06,0.0018089729161025155,,0.0005952585245389665,0.0007697855605428557,0.589617578146808,0.04805340555191578,0.00810563020253904,0.05383918631831621,0.003203859880720304,0.006672783056232192,0.4927148590014612,0.08272598897743183,0.03096854136688673,0.14613450563328947,0.0507251507568013,0.010991820121176648,1.427366475690156,0.007187920305057451,0.047944606945380365,0.010070892741239826,0.007650467873906122
/mnt/hum01-rds/Nikolaev_Dmitry/flos-code/model_selection_data/runs/he_she_odds_results__tiiuae_Falcon3-7B-Base__0e7d5b82,he_she_odds_results__tiiuae_Falcon3-7B-Base__0e7d5b82,/mnt/hum01-rds/Nikolaev_Dmitry/flos-code/modelling_data/he_she_odds_results__tiiuae_Falcon3-7B-Base.csv,tiiuae_Falcon3-7B-Base,selected_mixed_random_slopes__candidate__0__log_frequency_lex_emb_norm,/mnt/hum01-rds/Nikolaev_Dmitry/flos-code/model_selection_data/runs/he_she_odds_results__tiiuae_Falcon3-7B-Base__0e7d5b82/models/selected_mixed_random_slopes__candidate__0__log_frequency_lex_emb_norm,random_slopes,log_he_she_odds ~ C(tense) + C(semantic_role) + C(syntactic_role) + C(valence) + C(dominance) + log_frequency + lex_emb_norm + C(tense):C(semantic_role) + C(tense):C(syntactic_role) + C(tense):C(valence) + C(tense):C(dominance) + C(tense):log_frequency + C(tense):lex_emb_norm + C(semantic_role):C(syntactic_role) + C(semantic_role):C(valence) + C(semantic_role):C(dominance) + C(semantic_role):log_frequency + C(semantic_role):lex_emb_norm + C(syntactic_role):C(valence) + C(syntactic_role):C(dominance) + C(syntactic_role):log_frequency + C(syntactic_role):lex_emb_norm + C(valence):C(dominance) + C(valence):log_frequency + C(valence):lex_emb_norm + C(dominance):log_frequency + C(dominance):lex_emb_norm,1 + C(semantic_role) + C(syntactic_role) + C(valence) + C(dominance),profession,lbfgs,True,1,['ConvergenceWarning: The MLE may be on the boundary of the parameter space.'],True,23115.390312559815,23669.80086981312,-11485.695156279908,16320,0.2324147780616996,0.08336374654847639,0.8871209112190876,1.9722731131207353e-31,0.021140760109231126,0.010785744855915937,0.17786581221133949,0.051953723399513804,0.0016325803455522186,0.0003748282376622259,0.012009777872525182,0.003475881243534663,0.0012600753192716235,0.002321170229419578,4.493790727791792e-06,0.0018089729161025164,8.371967989731524e-06,0.0005952585245389638,0.0007697855605428654,0.027945230641182067,0.048053405551914674,0.008105630202416432,0.053839186317941365,0.003203859880815278,0.006672783056139492,0.13906857753409615,0.08272598897742552,0.030968541366469548,0.14613450563208316,0.05072515075742272,0.010991820120982172,,0.007192749064475709,0.048021185197833036,0.010073884301723878,0.00765550518374163
/mnt/hum01-rds/Nikolaev_Dmitry/flos-code/model_selection_data/runs/he_she_odds_results__tiiuae_Falcon3-7B-Base__0e7d5b82,he_she_odds_results__tiiuae_Falcon3-7B-Base__0e7d5b82,/mnt/hum01-rds/Nikolaev_Dmitry/flos-code/modelling_data/he_she_odds_results__tiiuae_Falcon3-7B-Base.csv,tiiuae_Falcon3-7B-Base,selected_mixed_random_slopes__candidate__0__C_valence_log_frequency,/mnt/hum01-rds/Nikolaev_Dmitry/flos-code/model_selection_data/runs/he_she_odds_results__tiiuae_Falcon3-7B-Base__0e7d5b82/models/selected_mixed_random_slopes__candidate__0__C_valence_log_frequency,random_slopes,log_he_she_odds ~ C(tense) + C(semantic_role) + C(syntactic_role) + C(valence) + C(dominance) + log_frequency + lex_emb_norm + C(tense):C(semantic_role) + C(tense):C(syntactic_role) + C(tense):C(valence) + C(tense):C(dominance) + C(tense):log_frequency + C(tense):lex_emb_norm + C(semantic_role):C(syntactic_role) + C(semantic_role):C(valence) + C(semantic_role):C(dominance) + C(semantic_role):log_frequency + C(semantic_role):lex_emb_norm + C(syntactic_role):C(valence) + C(syntactic_role):C(dominance) + C(syntactic_role):log_frequency + C(syntactic_role):lex_emb_norm + C(valence):C(dominance) + C(valence):lex_emb_norm + C(dominance):log_frequency + C(dominance):lex_emb_norm + log_frequency:lex_emb_norm,1 + C(semantic_role) + C(syntactic_role) + C(valence) + C(dominance),profession,lbfgs,True,1,['ConvergenceWarning: The MLE may be on the boundary of the parameter space.'],True,23116.075303318503,23670.485860571807,-11486.037651659251,16320,0.23241677846301792,0.08435738731951872,0.8892038289353684,7.889092452482941e-31,0.021140760109241395,0.012868931348237375,0.17975480900715946,0.04364470861756789,0.002117693525837536,0.000374828237662242,0.012009777872524935,0.003475881243534691,0.0012600753192717423,0.002321170229419492,4.493790727794445e-06,0.0018089729161025717,8.37196798973319e-06,0.0005952585245389604,0.0007697855605428432,1.0123375802954744,0.04805340555192481,0.014056642852239903,0.05696799096978792,,0.009680859024753817,0.28166638165771574,0.0827259889774547,0.045328156646986494,0.15278600361925257,0.023092557900786875,0.015992633078849027,1.4248040277556866,0.007299037940346498,0.04792250581278585,0.010477940660726123,0.0076878536426734445
/mnt/hum01-rds/Nikolaev_Dmitry/flos-code/model_selection_data/runs/he_she_odds_results__tiiuae_Falcon3-7B-Base__0e7d5b82,he_she_odds_results__tiiuae_Falcon3-7B-Base__0e7d5b82,/mnt/hum01-rds/Nikolaev_Dmitry/flos-code/modelling_data/he_she_odds_results__tiiuae_Falcon3-7B-Base.csv,tiiuae_Falcon3-7B-Base,selected_mixed_random_slopes__candidate__0__C_dominance_lex_emb_norm,/mnt/hum01-rds/Nikolaev_Dmitry/flos-code/model_selection_data/runs/he_she_odds_results__tiiuae_Falcon3-7B-Base__0e7d5b82/models/selected_mixed_random_slopes__candidate__0__C_dominance_lex_emb_norm,random_slopes,log_he_she_odds ~ C(tense) + C(semantic_role) + C(syntactic_role) + C(valence) + C(dominance) + log_frequency + lex_emb_norm + C(tense):C(semantic_role) + C(tense):C(syntactic_role) + C(tense):C(valence) + C(tense):C(dominance) + C(tense):log_frequency + C(tense):lex_emb_norm + C(semantic_role):C(syntactic_role) + C(semantic_role):C(valence) + C(semantic_role):C(dominance) + C(semantic_role):log_frequency + C(semantic_role):lex_emb_norm + C(syntactic_role):C(valence) + C(syntactic_role):C(dominance) + C(syntactic_role):log_frequency + C(syntactic_role):lex_emb_norm + C(valence):C(dominance) + C(valence):log_frequency + C(valence):lex_emb_norm + C(dominance):log_frequency + log_frequency:lex_emb_norm,1 + C(semantic_role) + C(syntactic_role) + C(valence) + C(dominance),profession,lbfgs,True,1,['ConvergenceWarning: The MLE may be on the boundary of the parameter space.'],True,23116.42185288726,23670.832410140563,-11486.21092644363,16320,0.23241568962815842,0.127297795230996,0.8939329274915206,0.0,0.02114076010923528,0.0061988800998158565,0.15807535603352485,0.06333335286098964,0.0005637586237358145,0.00037482823766219777,0.012009777872525003,0.0034758812435346778,0.0012600753192716064,0.002321170229419526,4.493790727795332e-06,0.001808972916102606,8.371967989728905e-06,0.0005952585245389868,0.0007697855605428272,0.3883156113013057,0.04805340555191927,0.00545007750561268,0.046850570308544184,0.005171054818096632,0.0016243111438548352,0.808964201216648,0.08272598897743888,0.018203788939357937,0.11751076840578233,0.06969692029225191,,1.418701030843278,0.007259845294697234,0.04803446925643072,0.010127493960402079,0.00808333635469023
/mnt/hum01-rds/Nikolaev_Dmitry/flos-code/model_selection_data/runs/he_she_odds_results__tiiuae_Falcon3-7B-Base__0e7d5b82,he_she_odds_results__tiiuae_Falcon3-7B-Base__0e7d5b82,/mnt/hum01-rds/Nikolaev_Dmitry/flos-code/modelling_data/he_she_odds_results__tiiuae_Falcon3-7B-Base.csv,tiiuae_Falcon3-7B-Base,selected_mixed_random_slopes,/mnt/hum01-rds/Nikolaev_Dmitry/flos-code/model_selection_data/runs/he_she_odds_results__tiiuae_Falcon3-7B-Base__0e7d5b82/models/selected_mixed_random_slopes,random_slopes,log_he_she_odds ~ C(tense) + C(semantic_role) + C(syntactic_role) + C(valence) + C(dominance) + log_frequency + lex_emb_norm + C(tense):C(semantic_role) + C(tense):C(syntactic_role) + C(tense):C(valence) + C(tense):C(dominance) + C(tense):log_frequency + C(tense):lex_emb_norm + C(semantic_role):C(syntactic_role) + C(semantic_role):C(valence) + C(semantic_role):C(dominance) + C(semantic_role):log_frequency + C(semantic_role):lex_emb_norm + C(syntactic_role):C(valence) + C(syntactic_role):C(dominance) + C(syntactic_role):log_frequency + C(syntactic_role):lex_emb_norm + C(valence):C(dominance) + C(valence):log_frequency + C(valence):lex_emb_norm + C(dominance):log_frequency + C(dominance):lex_emb_norm + log_frequency:lex_emb_norm,1 + C(semantic_role) + C(syntactic_role) + C(valence) + C(dominance),profession,lbfgs,True,1,['ConvergenceWarning: The MLE may be on the boundary of the parameter space.'],True,23116.929794024996,23679.04049790682,-11485.464897012498,16320,0.23241561218964912,0.08568593475310735,0.8872861079570744,7.889092452482941e-31,0.02114076010923427,0.010785744856373184,0.1778658122132939,0.051953723398245825,0.0016325803457006977,0.0003748282376622078,0.012009777872525074,0.0034758812435345923,0.0012600753192717386,0.002321170229419546,4.493790727791146e-06,0.0018089729161025116,8.371967989732153e-06,0.0005952585245389484,0.0007697855605428978,0.589894367942895,0.04805340555191958,0.00810563020236115,0.05383918631782639,0.0032038598808637516,0.0066727830560920865,0.49280388627326654,0.08272598897743808,0.030968541366621954,0.14613450563252073,0.05072515075721008,0.010991820121040734,1.427916730597738,0.007187442869233132,0.047951002716391834,0.01006960757103557,0.00765050859302915
/mnt/hum01-rds/Nikolaev_Dmitry/flos-code/model_selection_data/runs/he_she_odds_results__tiiuae_Falcon3-7B-Base__0e7d5b82,he_she_odds_results__tiiuae_Falcon3-7B-Base__0e7d5b82,/mnt/hum01-rds/Nikolaev_Dmitry/flos-code/modelling_data/he_she_odds_results__tiiuae_Falcon3-7B-Base.csv,tiiuae_Falcon3-7B-Base,selected_mixed_random_slopes__full,/mnt/hum01-rds/Nikolaev_Dmitry/flos-code/model_selection_data/runs/he_she_odds_results__tiiuae_Falcon3-7B-Base__0e7d5b82/models/selected_mixed_random_slopes__full,random_slopes,log_he_she_odds ~ C(tense) + C(semantic_role) + C(syntactic_role) + C(valence) + C(dominance) + log_frequency + lex_emb_norm + C(tense):C(semantic_role) + C(tense):C(syntactic_role) + C(tense):C(valence) + C(tense):C(dominance) + C(tense):log_frequency + C(tense):lex_emb_norm + C(semantic_role):C(syntactic_role) + C(semantic_role):C(valence) + C(semantic_role):C(dominance) + C(semantic_role):log_frequency + C(semantic_role):lex_emb_norm + C(syntactic_role):C(valence) + C(syntactic_role):C(dominance) + C(syntactic_role):log_frequency + C(syntactic_role):lex_emb_norm + C(valence):C(dominance) + C(valence):log_frequency + C(valence):lex_emb_norm + C(dominance):log_frequency + C(dominance):lex_emb_norm + log_frequency:lex_emb_norm,1 + C(semantic_role) + C(syntactic_role) + C(valence) + C(dominance),profession,lbfgs,True,1,['ConvergenceWarning: The MLE may be on the boundary of the parameter space.'],True,23116.929794024996,23679.04049790682,-11485.464897012498,16320,0.23241561218964912,0.08568593475310735,0.8872861079570744,7.889092452482941e-31,0.02114076010923427,0.010785744856373184,0.1778658122132939,0.051953723398245825,0.0016325803457006977,0.0003748282376622078,0.012009777872525074,0.0034758812435345923,0.0012600753192717386,0.002321170229419546,4.493790727791146e-06,0.0018089729161025116,8.371967989732153e-06,0.0005952585245389484,0.0007697855605428978,0.589894367942895,0.04805340555191958,0.00810563020236115,0.05383918631782639,0.0032038598808637516,0.0066727830560920865,0.49280388627326654,0.08272598897743808,0.030968541366621954,0.14613450563252073,0.05072515075721008,0.010991820121040734,1.427916730597738,0.007187442869233132,0.047951002716391834,0.01006960757103557,0.00765050859302915
/mnt/hum01-rds/Nikolaev_Dmitry/flos-code/model_selection_data/runs/he_she_odds_results__tiiuae_Falcon3-7B-Base__0e7d5b82,he_she_odds_results__tiiuae_Falcon3-7B-Base__0e7d5b82,/mnt/hum01-rds/Nikolaev_Dmitry/flos-code/modelling_data/he_she_odds_results__tiiuae_Falcon3-7B-Base.csv,tiiuae_Falcon3-7B-Base,selected_mixed_random_slopes__candidate__0__C_dominance_log_frequency,/mnt/hum01-rds/Nikolaev_Dmitry/flos-code/model_selection_data/runs/he_she_odds_results__tiiuae_Falcon3-7B-Base__0e7d5b82/models/selected_mixed_random_slopes__candidate__0__C_dominance_log_frequency,random_slopes,log_he_she_odds ~ C(tense) + C(semantic_role) + C(syntactic_role) + C(valence) + C(dominance) + log_frequency + lex_emb_norm + C(tense):C(semantic_role) + C(tense):C(syntactic_role) + C(tense):C(valence) + C(tense):C(dominance) + C(tense):log_frequency + C(tense):lex_emb_norm + C(semantic_role):C(syntactic_role) + C(semantic_role):C(valence) + C(semantic_role):C(dominance) + C(semantic_role):log_frequency + C(semantic_role):lex_emb_norm + C(syntactic_role):C(valence) + C(syntactic_role):C(dominance) + C(syntactic_role):log_frequency + C(syntactic_role):lex_emb_norm + C(valence):C(dominance) + C(valence):log_frequency + C(valence):lex_emb_norm + C(dominance):lex_emb_norm + log_frequency:lex_emb_norm,1 + C(semantic_role) + C(syntactic_role) + C(valence) + C(dominance),profession,lbfgs,True,1,['ConvergenceWarning: The MLE may be on the boundary of the parameter space.'],True,23117.838084900868,23672.248642154173,-11486.919042450434,16320,0.23241671509612113,0.12227746652759319,0.8946713981596729,3.1556369809931764e-30,0.021140760109239036,0.008668346415406947,0.169218255237591,0.05667293084906671,0.00016784574992117116,0.0003748282376622092,0.012009777872524972,0.003475881243534627,0.0012600753192716326,0.0023211702294195693,4.493790727793287e-06,0.0018089729161025576,8.371967989737648e-06,0.0005952585245389507,0.0007697855605428626,0.23561542746145103,0.04805340555192059,0.003368531277615421,0.04045859019533922,0.0075238235915413435,,0.8114964734242893,0.08272598897744805,0.01810953706490964,0.11716622275122589,0.069816863116476,7.826965352921226e-07,1.4187876863530695,0.0073284349987401964,0.04810052178661066,0.01016850778074815,0.008515493421582903
/mnt/hum01-rds/Nikolaev_Dmitry/flos-code/model_selection_data/runs/he_she_odds_results__tiiuae_Falcon3-7B-Base__0e7d5b82,he_she_odds_results__tiiuae_Falcon3-7B-Base__0e7d5b82,/mnt/hum01-rds/Nikolaev_Dmitry/flos-code/modelling_data/he_she_odds_results__tiiuae_Falcon3-7B-Base.csv,tiiuae_Falcon3-7B-Base,selected_mixed_random_slopes__candidate__0__C_tense_C_semantic_role,/mnt/hum01-rds/Nikolaev_Dmitry/flos-code/model_selection_data/runs/he_she_odds_results__tiiuae_Falcon3-7B-Base__0e7d5b82/models/selected_mixed_random_slopes__candidate__0__C_tense_C_semantic_role,random_slopes,log_he_she_odds ~ C(tense) + C(semantic_role) + C(syntactic_role) + C(valence) + C(dominance) + log_frequency + lex_emb_norm + C(tense):C(syntactic_role) + C(tense):C(valence) + C(tense):C(dominance) + C(tense):log_frequency + C(tense):lex_emb_norm + C(semantic_role):C(syntactic_role) + C(semantic_role):C(valence) + C(semantic_role):C(dominance) + C(semantic_role):log_frequency + C(semantic_role):lex_emb_norm + C(syntactic_role):C(valence) + C(syntactic_role):C(dominance) + C(syntactic_role):log_frequency + C(syntactic_role):lex_emb_norm + C(valence):C(dominance) + C(valence):log_frequency + C(valence):lex_emb_norm + C(dominance):log_frequency + C(dominance):lex_emb_norm + log_frequency:lex_emb_norm,1 + C(semantic_role) + C(syntactic_role) + C(valence) + C(dominance),profession,lbfgs,True,1,['ConvergenceWarning: The MLE may be on the boundary of the parameter space.'],True,23118.181925162848,23641.79189590208,-11491.090962581424,16320,0.2325787819166999,0.0855896375405431,0.8872398142527106,7.889092452482941e-31,0.019477542671521453,0.012369304560146668,0.17786581221031864,0.05195372340013597,0.0016325803454771217,,0.012009777872524807,0.0034758812435345256,0.0012600753192716404,0.0023211702294195294,4.493790727790831e-06,0.001808972916102536,8.37196798973866e-06,0.0005952585245389331,0.0007697855605428779,0.5917670658168457,0.04805340555191748,0.00810563020225397,0.05383918631750128,0.0032038598809473874,0.0066727830560098,0.4934058878579438,0.08272598897743841,0.030968541365939403,0.14613450563075292,0.05072515075831116,0.010991820120699504,1.4316390267300416,0.007186562217343717,0.047842874628171904,0.010070915088812006,0.007654123474035366
/mnt/hum01-rds/Nikolaev_Dmitry/flos-code/model_selection_data/runs/he_she_odds_results__tiiuae_Falcon3-7B-Base__0e7d5b82,he_she_odds_results__tiiuae_Falcon3-7B-Base__0e7d5b82,/mnt/hum01-rds/Nikolaev_Dmitry/flos-code/modelling_data/he_she_odds_results__tiiuae_Falcon3-7B-Base.csv,tiiuae_Falcon3-7B-Base,selected_mixed_random_slopes__candidate__0__C_semantic_role_log_frequency,/mnt/hum01-rds/Nikolaev_Dmitry/flos-code/model_selection_data/runs/he_she_odds_results__tiiuae_Falcon3-7B-Base__0e7d5b82/models/selected_mixed_random_slopes__candidate__0__C_semantic_role_log_frequency,random_slopes,log_he_she_odds ~ C(tense) + C(semantic_role) + C(syntactic_role) + C(valence) + C(dominance) + log_frequency + lex_emb_norm + C(tense):C(semantic_role) + C(tense):C(syntactic_role) + C(tense):C(valence) + C(tense):C(dominance) + C(tense):log_frequency + C(tense):lex_emb_norm + C(semantic_role):C(syntactic_role) + C(semantic_role):C(valence) + C(semantic_role):C(dominance) + C(semantic_role):lex_emb_norm + C(syntactic_role):C(valence) + C(syntactic_role):C(dominance) + C(syntactic_role):log_frequency + C(syntactic_role):lex_emb_norm + C(valence):C(dominance) + C(valence):log_frequency + C(valence):lex_emb_norm + C(dominance):log_frequency + C(dominance):lex_emb_norm + log_frequency:lex_emb_norm,1 + C(semantic_role) + C(syntactic_role) + C(valence) + C(dominance),profession,lbfgs,True,1,['ConvergenceWarning: The MLE may be on the boundary of the parameter space.'],True,23118.59771596751,23673.008273220814,-11487.298857983755,16320,0.2324159529068516,0.14035215329221343,0.8989197608070125,0.0,0.021140760109234075,0.005417083822155505,0.1540217477978853,0.061487382200501366,0.0007825703147268127,0.00037482823766220845,0.01200977787252508,0.0034758812435349415,0.0012600753192715465,0.0023211702294195897,4.493790727791254e-06,0.001808972916102498,8.371967989737686e-06,0.0005952585245389312,0.0007697855605429087,0.16393509831819325,0.04805340555192248,,0.02099103382111193,0.013506689058536797,0.001997609436717253,0.9201805763281419,0.08272598897744009,0.0035345967390905076,0.07261862065052438,0.09143499755339138,0.003244781504441502,1.4213027772222102,0.008235066613460348,0.0489900557928725,0.010516279382094509,0.007827057080808152
/mnt/hum01-rds/Nikolaev_Dmitry/flos-code/model_selection_data/runs/he_she_odds_results__tiiuae_Falcon3-7B-Base__0e7d5b82,he_she_odds_results__tiiuae_Falcon3-7B-Base__0e7d5b82,/mnt/hum01-rds/Nikolaev_Dmitry/flos-code/modelling_data/he_she_odds_results__tiiuae_Falcon3-7B-Base.csv,tiiuae_Falcon3-7B-Base,selected_mixed_random_slopes__candidate__0__C_syntactic_role_lex_emb_norm,/mnt/hum01-rds/Nikolaev_Dmitry/flos-code/model_selection_data/runs/he_she_odds_results__tiiuae_Falcon3-7B-Base__0e7d5b82/models/selected_mixed_random_slopes__candidate__0__C_syntactic_role_lex_emb_norm,random_slopes,log_he_she_odds ~ C(tense) + C(semantic_role) + C(syntactic_role) + C(valence) + C(dominance) + log_frequency + lex_emb_norm + C(tense):C(semantic_role) + C(tense):C(syntactic_role) + C(tense):C(valence) + C(tense):C(dominance) + C(tense):log_frequency + C(tense):lex_emb_norm + C(semantic_role):C(syntactic_role) + C(semantic_role):C(valence) + C(semantic_role):C(dominance) + C(semantic_role):log_frequency + C(semantic_role):lex_emb_norm + C(syntactic_role):C(valence) + C(syntactic_role):C(dominance) + C(syntactic_role):log_frequency + C(valence):C(dominance) + C(valence):log_frequency + C(valence):lex_emb_norm + C(dominance):log_frequency + C(dominance):lex_emb_norm + log_frequency:lex_emb_norm,1 + C(semantic_role) + C(syntactic_role) + C(valence) + C(dominance),profession,lbfgs,True,1,['ConvergenceWarning: The MLE may be on the boundary of the parameter space.'],True,23118.61774380383,23673.028301057133,-11487.308871901914,16320,0.23241613043177298,0.11765141176128252,0.8922913490004826,7.889092452482941e-31,0.021140760109238335,0.0039011383395025612,0.03528440921162638,0.05503673104873566,0.0005491291233097657,0.00037482823766221316,0.012009777872524954,0.003475881243534714,0.0012600753192717363,0.002321170229419601,4.493790727791615e-06,0.0018089729161025088,8.371967989731922e-06,0.0005952585245389636,0.0007697855605428331,0.4641434578752233,0.048053405551919955,0.004010165192394431,0.006583162409738784,0.003709146430076517,0.005003884709862922,0.6685364616467608,0.08272598897744507,0.01173411931495019,,0.055750870692030906,0.005945044124850713,1.417909688209259,0.0073731415585863,0.053714724945229705,0.010067590183392296,0.007685360069101236
/mnt/hum01-rds/Nikolaev_Dmitry/flos-code/model_selection_data/runs/he_she_odds_results__tiiuae_Falcon3-7B-Base__0e7d5b82,he_she_odds_results__tiiuae_Falcon3-7B-Base__0e7d5b82,/mnt/hum01-rds/Nikolaev_Dmitry/flos-code/modelling_data/he_she_odds_results__tiiuae_Falcon3-7B-Base.csv,tiiuae_Falcon3-7B-Base,selected_mixed_random_slopes__candidate__0__C_semantic_role_lex_emb_norm,/mnt/hum01-rds/Nikolaev_Dmitry/flos-code/model_selection_data/runs/he_she_odds_results__tiiuae_Falcon3-7B-Base__0e7d5b82/models/selected_mixed_random_slopes__candidate__0__C_semantic_role_lex_emb_norm,random_slopes,log_he_she_odds ~ C(tense) + C(semantic_role) + C(syntactic_role) + C(valence) + C(dominance) + log_frequency + lex_emb_norm + C(tense):C(semantic_role) + C(tense):C(syntactic_role) + C(tense):C(valence) + C(tense):C(dominance) + C(tense):log_frequency + C(tense):lex_emb_norm + C(semantic_role):C(syntactic_role) + C(semantic_role):C(valence) + C(semantic_role):C(dominance) + C(semantic_role):log_frequency + C(syntactic_role):C(valence) + C(syntactic_role):C(dominance) + C(syntactic_role):log_frequency + C(syntactic_role):lex_emb_norm + C(valence):C(dominance) + C(valence):log_frequency + C(valence):lex_emb_norm + C(dominance):log_frequency + C(dominance):lex_emb_norm + log_frequency:lex_emb_norm,1 + C(semantic_role) + C(syntactic_role) + C(valence) + C(dominance),profession,lbfgs,True,1,['ConvergenceWarning: The MLE may be on the boundary of the parameter space.'],True,23119.167389997543,23673.577947250848,-11487.583694998772,16320,0.23241647802443252,0.17994790569949337,0.9042799413033715,3.1556369809931764e-30,0.021140760109236163,1.4595252757650146e-05,0.10087104097966457,0.08954960924959032,1.4715879926135787e-05,0.00037482823766222276,0.012009777872525107,0.003475881243534583,0.0012600753192716374,0.002321170229419533,4.493790727793077e-06,0.0018089729161025346,8.371967989731871e-06,0.0005952585245389714,0.0007697855605428193,0.23799946010186235,0.048053405551920295,0.0004229993538487395,0.027175263161133282,0.010528816701428488,0.0028244617527689495,1.1906265262729667,0.08272598897744089,,0.044975704620126004,0.11681092154386166,0.0010585826741235918,1.4229549007451514,0.008400234968565254,0.04911095510665075,0.010588003934695571,0.007857120672781628
/mnt/hum01-rds/Nikolaev_Dmitry/flos-code/model_selection_data/runs/he_she_odds_results__tiiuae_Falcon3-7B-Base__0e7d5b82,he_she_odds_results__tiiuae_Falcon3-7B-Base__0e7d5b82,/mnt/hum01-rds/Nikolaev_Dmitry/flos-code/modelling_data/he_she_odds_results__tiiuae_Falcon3-7B-Base.csv,tiiuae_Falcon3-7B-Base,selected_mixed_random_slopes__candidate__0__C_syntactic_role_log_frequency,/mnt/hum01-rds/Nikolaev_Dmitry/flos-code/model_selection_data/runs/he_she_odds_results__tiiuae_Falcon3-7B-Base__0e7d5b82/models/selected_mixed_random_slopes__candidate__0__C_syntactic_role_log_frequency,random_slopes,log_he_she_odds ~ C(tense) + C(semantic_role) + C(syntactic_role) + C(valence) + C(dominance) + log_frequency + lex_emb_norm + C(tense):C(semantic_role) + C(tense):C(syntactic_role) + C(tense):C(valence) + C(tense):C(dominance) + C(tense):log_frequency + C(tense):lex_emb_norm + C(semantic_role):C(syntactic_role) + C(semantic_role):C(valence) + C(semantic_role):C(dominance) + C(semantic_role):log_frequency + C(semantic_role):lex_emb_norm + C(syntactic_role):C(valence) + C(syntactic_role):C(dominance) + C(syntactic_role):lex_emb_norm + C(valence):C(dominance) + C(valence):log_frequency + C(valence):lex_emb_norm + C(dominance):log_frequency + C(dominance):lex_emb_norm + log_frequency:lex_emb_norm,1 + C(semantic_role) + C(syntactic_role) + C(valence) + C(dominance),profession,lbfgs,True,1,['ConvergenceWarning: The MLE may be on the boundary of the parameter space.'],True,23119.337149357656,23673.74770661096,-11487.668574678828,16320,0.2324164354982194,0.10413342514601559,0.8908535449901573,0.0,0.021140760109244698,0.008111350724749484,0.1181781156039881,0.05296974934031269,0.0012075976929098184,0.0003748282376622554,0.012009777872524488,0.003475881243534391,0.0012600753192718072,0.0023211702294195983,4.49379072778755e-06,0.0018089729161025194,8.371967989738045e-06,0.0005952585245389495,0.0007697855605428833,0.40548530849927733,0.04805340555192344,0.002399983368563179,,0.00399463433381485,0.0042067382973480965,0.6282432353464036,0.08272598897746351,0.015094364535103249,0.006717182228548119,0.054646240078724734,0.006899289593531462,1.4187454022135422,0.007410527330608292,0.0548652081873434,0.01006622432512275,0.007688973259587066
/mnt/hum01-rds/Nikolaev_Dmitry/flos-code/model_selection_data/runs/he_she_odds_results__tiiuae_Falcon3-7B-Base__0e7d5b82,he_she_odds_results__tiiuae_Falcon3-7B-Base__0e7d5b82,/mnt/hum01-rds/Nikolaev_Dmitry/flos-code/modelling_data/he_she_odds_results__tiiuae_Falcon3-7B-Base.csv,tiiuae_Falcon3-7B-Base,selected_mixed_random_slopes__candidate__0__C_valence_lex_emb_norm,/mnt/hum01-rds/Nikolaev_Dmitry/flos-code/model_selection_data/runs/he_she_odds_results__tiiuae_Falcon3-7B-Base__0e7d5b82/models/selected_mixed_random_slopes__candidate__0__C_valence_lex_emb_norm,random_slopes,log_he_she_odds ~ C(tense) + C(semantic_role) + C(syntactic_role) + C(valence) + C(dominance) + log_frequency + lex_emb_norm + C(tense):C(semantic_role) + C(tense):C(syntactic_role) + C(tense):C(valence) + C(tense):C(dominance) + C(tense):log_frequency + C(tense):lex_emb_norm + C(semantic_role):C(syntactic_role) + C(semantic_role):C(valence) + C(semantic_role):C(dominance) + C(semantic_role):log_frequency + C(semantic_role):lex_emb_norm + C(syntactic_role):C(valence) + C(syntactic_role):C(dominance) + C(syntactic_role):log_frequency + C(syntactic_role):lex_emb_norm + C(valence):C(dominance) + C(valence):log_frequency + C(dominance):log_frequency + C(dominance):lex_emb_norm + log_frequency:lex_emb_norm,1 + C(semantic_role) + C(syntactic_role) + C(valence) + C(dominance),profession,lbfgs,True,1,['ConvergenceWarning: The MLE may be on the boundary of the parameter space.'],True,23120.136889612448,23674.547446865752,-11488.068444806224,16320,0.23241249662199967,0.06776303323826259,0.8951545975936014,0.0,0.021140760109233797,0.030048569074313886,0.19159321516523786,0.00812313758396642,0.00661536229555747,0.0003748282376622258,0.012009777872525195,0.0034758812435345316,0.0012600753192716079,0.0023211702294195563,4.493790727791064e-06,0.0018089729161024969,8.371967989732088e-06,0.0005952585245389545,0.0007697855605428498,1.3075818354009376,0.048053405551917956,0.01818773578539262,0.058727170443912256,0.0010432690844706515,0.011683900729595543,0.03062152230978676,0.08272598897743484,0.0838400075743877,0.16677397667963026,,0.029493074417103814,1.4248903496064569,0.007719848578725158,0.04799483820529466,0.012117180637026954,0.00784703609035546
/mnt/hum01-rds/Nikolaev_Dmitry/flos-code/model_selection_data/runs/he_she_odds_results__tiiuae_Falcon3-7B-Base__0e7d5b82,he_she_odds_results__tiiuae_Falcon3-7B-Base__0e7d5b82,/mnt/hum01-rds/Nikolaev_Dmitry/flos-code/modelling_data/he_she_odds_results__tiiuae_Falcon3-7B-Base.csv,tiiuae_Falcon3-7B-Base,selected_mixed_random_slopes__candidate__0__C_syntactic_role_C_dominance,/mnt/hum01-rds/Nikolaev_Dmitry/flos-code/model_selection_data/runs/he_she_odds_results__tiiuae_Falcon3-7B-Base__0e7d5b82/models/selected_mixed_random_slopes__candidate__0__C_syntactic_role_C_dominance,random_slopes,log_he_she_odds ~ C(tense) + C(semantic_role) + C(syntactic_role) + C(valence) + C(dominance) + log_frequency + lex_emb_norm + C(tense):C(semantic_role) + C(tense):C(syntactic_role) + C(tense):C(valence) + C(tense):C(dominance) + C(tense):log_frequency + C(tense):lex_emb_norm + C(semantic_role):C(syntactic_role) + C(semantic_role):C(valence) + C(semantic_role):C(dominance) + C(semantic_role):log_frequency + C(semantic_role):lex_emb_norm + C(syntactic_role):C(valence) + C(syntactic_role):log_frequency + C(syntactic_role):lex_emb_norm + C(valence):C(dominance) + C(valence):log_frequency + C(valence):lex_emb_norm + C(dominance):log_frequency + C(dominance):lex_emb_norm + log_frequency:lex_emb_norm,1 + C(semantic_role) + C(syntactic_role) + C(valence) + C(dominance),profession,lbfgs,True,1,['ConvergenceWarning: The MLE may be on the boundary of the parameter space.'],True,23128.85584155284,23683.266398806143,-11492.42792077642,16320,0.2326174586318638,0.08558909159057537,0.8871960769123475,3.1556369809931764e-30,0.02114076010923669,0.010785744856286819,0.1661828097553305,0.05195372339846745,0.0006926927085662188,0.00037482823766222514,0.012009777872524878,0.0034758812435347537,0.0012600753192717363,0.0023211702294195923,4.493790727790361e-06,0.001808972916102501,8.371967989735338e-06,,0.0007697855605429142,0.5914653607294584,0.048053405551920406,0.008105630202529336,0.05383918631829448,0.003203859880727574,0.006672783056223461,0.49330894066124786,0.08272598897744315,0.03096854136737667,0.14613450563410874,0.05072515075594747,0.010991820121430854,1.4310394092024854,0.007185788667824436,0.04782979233879739,0.010067948123138064,0.007652818055377007
/mnt/hum01-rds/Nikolaev_Dmitry/flos-code/model_selection_data/runs/he_she_odds_results__tiiuae_Falcon3-7B-Base__0e7d5b82,he_she_odds_results__tiiuae_Falcon3-7B-Base__0e7d5b82,/mnt/hum01-rds/Nikolaev_Dmitry/flos-code/modelling_data/he_she_odds_results__tiiuae_Falcon3-7B-Base.csv,tiiuae_Falcon3-7B-Base,selected_mixed_random_slopes__candidate__0__C_tense_C_dominance,/mnt/hum01-rds/Nikolaev_Dmitry/flos-code/model_selection_data/runs/he_she_odds_results__tiiuae_Falcon3-7B-Base__0e7d5b82/models/selected_mixed_random_slopes__candidate__0__C_tense_C_dominance,random_slopes,log_he_she_odds ~ C(tense) + C(semantic_role) + C(syntactic_role) + C(valence) + C(dominance) + log_frequency + lex_emb_norm + C(tense):C(semantic_role) + C(tense):C(syntactic_role) + C(tense):C(valence) + C(tense):log_frequency + C(tense):lex_emb_norm + C(semantic_role):C(syntactic_role) + C(semantic_role):C(valence) + C(semantic_role):C(dominance) + C(semantic_role):log_frequency + C(semantic_role):lex_emb_norm + C(syntactic_role):C(valence) + C(syntactic_role):C(dominance) + C(syntactic_role):log_frequency + C(syntactic_role):lex_emb_norm + C(valence):C(dominance) + C(valence):log_frequency + C(valence):lex_emb_norm + C(dominance):log_frequency + C(dominance):lex_emb_norm + log_frequency:lex_emb_norm,1 + C(semantic_role) + C(syntactic_role) + C(valence) + C(dominance),profession,lbfgs,True,1,['ConvergenceWarning: The MLE may be on the boundary of the parameter space.'],True,23130.117526080576,23653.727496819807,-11497.058763040288,16320,0.2327500895968253,0.08550192736145105,0.8871512398042228,7.889092452482941e-31,0.018656912515886092,0.010785744856337933,0.17786581221355718,0.051953723398423704,0.004209681046790526,0.00037482823766217527,0.0120097778725253,0.003475881243534718,,0.002321170229419486,4.4937907277934674e-06,0.0018089729161025725,8.371967989729627e-06,0.0005952585245389936,0.0007697855605428609,0.5890072274853732,0.048053405551922355,0.008105630202339504,0.05383918631782114,0.0032038598808837963,0.006672783056075965,0.4925184990876289,0.08272598897744396,0.03096854136636714,0.14613450563245048,0.050725150757721306,0.010991820120903098,1.42615302411088,0.007189652877812454,0.04793105904924227,0.010066875758221723,0.0076511103341062705
/mnt/hum01-rds/Nikolaev_Dmitry/flos-code/model_selection_data/runs/he_she_odds_results__tiiuae_Falcon3-7B-Base__0e7d5b82,he_she_odds_results__tiiuae_Falcon3-7B-Base__0e7d5b82,/mnt/hum01-rds/Nikolaev_Dmitry/flos-code/modelling_data/he_she_odds_results__tiiuae_Falcon3-7B-Base.csv,tiiuae_Falcon3-7B-Base,selected_mixed_random_slopes__candidate__0__C_valence_C_dominance,/mnt/hum01-rds/Nikolaev_Dmitry/flos-code/model_selection_data/runs/he_she_odds_results__tiiuae_Falcon3-7B-Base__0e7d5b82/models/selected_mixed_random_slopes__candidate__0__C_valence_C_dominance,random_slopes,log_he_she_odds ~ C(tense) + C(semantic_role) + C(syntactic_role) + C(valence) + C(dominance) + log_frequency + lex_emb_norm + C(tense):C(semantic_role) + C(tense):C(syntactic_role) + C(tense):C(valence) + C(tense):C(dominance) + C(tense):log_frequency + C(tense):lex_emb_norm + C(semantic_role):C(syntactic_role) + C(semantic_role):C(valence) + C(semantic_role):C(dominance) + C(semantic_role):log_frequency + C(semantic_role):lex_emb_norm + C(syntactic_role):C(valence) + C(syntactic_role):C(dominance) + C(syntactic_role):log_frequency + C(syntactic_role):lex_emb_norm + C(valence):log_frequency + C(valence):lex_emb_norm + C(dominance):log_frequency + C(dominance):lex_emb_norm + log_frequency:lex_emb_norm,1 + C(semantic_role) + C(syntactic_role) + C(valence) + C(dominance),profession,lbfgs,True,1,['ConvergenceWarning: The MLE may be on the boundary of the parameter space.'],True,23132.93638012701,23687.346937380313,-11494.468190063504,16320,0.232675500371907,0.08553651287208114,0.887188549550086,0.0,0.021140760109233676,0.010785744856017503,0.17786581221198866,0.04490796954953575,0.0031836441628997447,0.00037482823766218747,0.012009777872525372,0.003475881243534763,0.0012600753192715346,0.002321170229419523,4.493790727793365e-06,0.001808972916102581,8.371967989734138e-06,0.0005952585245389727,,0.5888988077977529,0.04805340555192095,0.008105630202092646,0.053839186317140034,0.0032038598810814507,0.006672783055882084,0.4924836121467478,0.0827259889774383,0.030968541365851483,0.14613450563096358,0.05072515075850643,0.010991820120647552,1.425937460818086,0.007189992625688035,0.04793333505472002,0.010067301045587899,0.007650953744011584
/mnt/hum01-rds/Nikolaev_Dmitry/flos-code/model_selection_data/runs/he_she_odds_results__tiiuae_Falcon3-7B-Base__0e7d5b82,he_she_odds_results__tiiuae_Falcon3-7B-Base__0e7d5b82,/mnt/hum01-rds/Nikolaev_Dmitry/flos-code/modelling_data/he_she_odds_results__tiiuae_Falcon3-7B-Base.csv,tiiuae_Falcon3-7B-Base,selected_mixed_random_slopes__candidate__0__C_semantic_role_C_dominance,/mnt/hum01-rds/Nikolaev_Dmitry/flos-code/model_selection_data/runs/he_she_odds_results__tiiuae_Falcon3-7B-Base__0e7d5b82/models/selected_mixed_random_slopes__candidate__0__C_semantic_role_C_dominance,random_slopes,log_he_she_odds ~ C(tense) + C(semantic_role) + C(syntactic_role) + C(valence) + C(dominance) + log_frequency + lex_emb_norm + C(tense):C(semantic_role) + C(tense):C(syntactic_role) + C(tense):C(valence) + C(tense):C(dominance) + C(tense):log_frequency + C(tense):lex_emb_norm + C(semantic_role):C(syntactic_role) + C(semantic_role):C(valence) + C(semantic_role):log_frequency + C(semantic_role):lex_emb_norm + C(syntactic_role):C(valence) + C(syntactic_role):C(dominance) + C(syntactic_role):log_frequency + C(syntactic_role):lex_emb_norm + C(valence):C(dominance) + C(valence):log_frequency + C(valence):lex_emb_norm + C(dominance):log_frequency + C(dominance):lex_emb_norm + log_frequency:lex_emb_norm,1 + C(semantic_role) + C(syntactic_role) + C(valence) + C(dominance),profession,lbfgs,True,1,['ConvergenceWarning: The MLE may be on the boundary of the parameter space.'],True,23157.21304119809,23711.623598451395,-11506.606520599045,16320,0.23302496185757976,0.08536531242599511,0.8870165697563309,3.1556369809931764e-30,0.021140760109229145,0.006288262604708759,0.17786581221080455,0.05195372340030395,0.0002512011812216971,0.0003748282376621811,0.012009777872525483,0.0034758812435351123,0.0012600753192714826,0.0023211702294194214,4.493790727795656e-06,,8.371967989727428e-06,0.0005952585245390163,0.0007697855605428259,0.587378078792173,0.048053405551921335,0.00810563020232888,0.053839186317771466,0.00320385988089301,0.0066727830560655834,0.4919940681377066,0.08272598897743058,0.03096854136610317,0.14613450563177435,0.05072515075815936,0.010991820120760666,1.4229135265070334,0.0071845502165850065,0.047967674695879516,0.010064065339022776,0.007651497535486556
/mnt/hum01-rds/Nikolaev_Dmitry/flos-code/model_selection_data/runs/he_she_odds_results__tiiuae_Falcon3-7B-Base__0e7d5b82,he_she_odds_results__tiiuae_Falcon3-7B-Base__0e7d5b82,/mnt/hum01-rds/Nikolaev_Dmitry/flos-code/modelling_data/he_she_odds_results__tiiuae_Falcon3-7B-Base.csv,tiiuae_Falcon3-7B-Base,selected_mixed_random_slopes__candidate__0__C_tense_lex_emb_norm,/mnt/hum01-rds/Nikolaev_Dmitry/flos-code/model_selection_data/runs/he_she_odds_results__tiiuae_Falcon3-7B-Base__0e7d5b82/models/selected_mixed_random_slopes__candidate__0__C_tense_lex_emb_norm,random_slopes,log_he_she_odds ~ C(tense) + C(semantic_role) + C(syntactic_role) + C(valence) + C(dominance) + log_frequency + lex_emb_norm + C(tense):C(semantic_role) + C(tense):C(syntactic_role) + C(tense):C(valence) + C(tense):C(dominance) + C(tense):log_frequency + C(semantic_role):C(syntactic_role) + C(semantic_role):C(valence) + C(semantic_role):C(dominance) + C(semantic_role):log_frequency + C(semantic_role):lex_emb_norm + C(syntactic_role):C(valence) + C(syntactic_role):C(dominance) + C(syntactic_role):log_frequency + C(syntactic_role):lex_emb_norm + C(valence):C(dominance) + C(valence):log_frequency + C(valence):lex_emb_norm + C(dominance):log_frequency + C(dominance):lex_emb_norm + log_frequency:lex_emb_norm,1 + C(semantic_role) + C(syntactic_role) + C(valence) + C(dominance),profession,lbfgs,True,1,['ConvergenceWarning: The MLE may be on the boundary of the parameter space.'],True,23164.212579965184,23687.822550704415,-11514.106289982592,16320,0.23324139909102107,0.08522947671057247,0.8869548832590776,0.0,0.00743184042096342,0.010785744856138766,0.1778658122124619,0.05195372339894563,0.00163258034562762,0.0003748282376622108,0.012009777872525051,0.0034758812435345516,0.0012600753192714817,0.002321170229419539,4.493790727788107e-06,0.0018089729161025467,8.371967989737492e-06,0.0005952585245389771,0.0007697855605428548,0.5555735749118211,0.014976686526544174,0.00810563020234343,0.05383918631777316,0.00320385988087776,0.006672783056082187,0.5344802729863944,,0.030968541366391628,0.14613450563211203,0.05072515075761978,0.010991820120942733,1.4233063365115548,0.007187190307122134,0.04799522308631684,0.010064379975335555,0.007645702074538945
/mnt/hum01-rds/Nikolaev_Dmitry/flos-code/model_selection_data/runs/he_she_odds_results__tiiuae_Falcon3-7B-Base__0e7d5b82,he_she_odds_results__tiiuae_Falcon3-7B-Base__0e7d5b82,/mnt/hum01-rds/Nikolaev_Dmitry/flos-code/modelling_data/he_she_odds_results__tiiuae_Falcon3-7B-Base.csv,tiiuae_Falcon3-7B-Base,selected_mixed_random_slopes__candidate__0__C_semantic_role_C_syntactic_role,/mnt/hum01-rds/Nikolaev_Dmitry/flos-code/model_selection_data/runs/he_she_odds_results__tiiuae_Falcon3-7B-Base__0e7d5b82/models/selected_mixed_random_slopes__candidate__0__C_semantic_role_C_syntactic_role,random_slopes,log_he_she_odds ~ C(tense) + C(semantic_role) + C(syntactic_role) + C(valence) + C(dominance) + log_frequency + lex_emb_norm + C(tense):C(semantic_role) + C(tense):C(syntactic_role) + C(tense):C(valence) + C(tense):C(dominance) + C(tense):log_frequency + C(tense):lex_emb_norm + C(semantic_role):C(valence) + C(semantic_role):C(dominance) + C(semantic_role):log_frequency + C(semantic_role):lex_emb_norm + C(syntactic_role):C(valence) + C(syntactic_role):C(dominance) + C(syntactic_role):log_frequency + C(syntactic_role):lex_emb_norm + C(valence):C(dominance) + C(valence):log_frequency + C(valence):lex_emb_norm + C(dominance):log_frequency + C(dominance):lex_emb_norm + log_frequency:lex_emb_norm,1 + C(semantic_role) + C(syntactic_role) + C(valence) + C(dominance),profession,lbfgs,True,1,['ConvergenceWarning: The MLE may be on the boundary of the parameter space.'],True,23169.16515914732,23723.575716400625,-11512.58257957366,16320,0.2331974316918046,0.08525976509706228,0.8869628686998251,3.1556369809931764e-30,0.02114076010923053,0.017337074443698582,0.20210175569608216,0.05195372339978545,0.0016325803455226235,0.00037482823766219435,0.012009777872525251,0.003475881243534817,0.0012600753192716213,,4.493790727791443e-06,0.001808972916102552,8.371967989732107e-06,0.0005952585245389677,0.0007697855605428552,0.5873199699695345,0.04805340555191806,0.008105630202147747,0.053839186317242,0.0032038598810348773,0.00667278305592658,0.4919753543754642,0.0827259889774293,0.030968541365546897,0.14613450563020094,0.050725150759001296,0.01099182012049405,1.4227979646015583,0.00718762045057047,0.047990711120354045,0.01006391866878345,0.007646326776870201
/mnt/hum01-rds/Nikolaev_Dmitry/flos-code/model_selection_data/runs/he_she_odds_results__tiiuae_Falcon3-7B-Base__0e7d5b82,he_she_odds_results__tiiuae_Falcon3-7B-Base__0e7d5b82,/mnt/hum01-rds/Nikolaev_Dmitry/flos-code/modelling_data/he_she_odds_results__tiiuae_Falcon3-7B-Base.csv,tiiuae_Falcon3-7B-Base,selected_mixed_random_slopes__candidate__0__C_tense_C_valence,/mnt/hum01-rds/Nikolaev_Dmitry/flos-code/model_selection_data/runs/he_she_odds_results__tiiuae_Falcon3-7B-Base__0e7d5b82/models/selected_mixed_random_slopes__candidate__0__C_tense_C_valence,random_slopes,log_he_she_odds ~ C(tense) + C(semantic_role) + C(syntactic_role) + C(valence) + C(dominance) + log_frequency + lex_emb_norm + C(tense):C(semantic_role) + C(tense):C(syntactic_role) + C(tense):C(dominance) + C(tense):log_frequency + C(tense):lex_emb_norm + C(semantic_role):C(syntactic_role) + C(semantic_role):C(valence) + C(semantic_role):C(dominance) + C(semantic_role):log_frequency + C(semantic_role):lex_emb_norm + C(syntactic_role):C(valence) + C(syntactic_role):C(dominance) + C(syntactic_role):log_frequency + C(syntactic_role):lex_emb_norm + C(valence):C(dominance) + C(valence):log_frequency + C(valence):lex_emb_norm + C(dominance):log_frequency + C(dominance):lex_emb_norm + log_frequency:lex_emb_norm,1 + C(semantic_role) + C(syntactic_role) + C(valence) + C(dominance),profession,lbfgs,True,1,['ConvergenceWarning: The MLE may be on the boundary of the parameter space.'],True,23171.308178451814,23694.918149191046,-11517.654089225907,16320,0.23334366886155972,0.08523558267833842,0.8868316042502312,7.889092452482941e-31,0.027683001715279425,0.010785744855808197,0.17786581221109565,0.07204470224341729,0.0016325803455118667,0.00037482823766218026,0.012009777872525114,,0.0012600753192716285,0.0023211702294195138,4.493790727793807e-06,0.0018089729161025565,8.371967989730394e-06,0.0005952585245389803,0.0007697855605428183,0.5875026337666774,0.048053405551919635,0.008105630202105014,0.053839186317172515,0.003203859881072124,0.006672783055892745,0.492034178791989,0.08272598897743914,0.03096854136582568,0.14613450563091554,0.0507251507585499,0.010991820120638068,1.4231612275310164,0.007183231251220247,0.04802719060774077,0.010055687154305134,0.007645648669997388
/mnt/hum01-rds/Nikolaev_Dmitry/flos-code/model_selection_data/runs/he_she_odds_results__tiiuae_Falcon3-7B-Base__0e7d5b82,he_she_odds_results__tiiuae_Falcon3-7B-Base__0e7d5b82,/mnt/hum01-rds/Nikolaev_Dmitry/flos-code/modelling_data/he_she_odds_results__tiiuae_Falcon3-7B-Base.csv,tiiuae_Falcon3-7B-Base,selected_mixed_random_slopes__candidate__0__C_tense_log_frequency,/mnt/hum01-rds/Nikolaev_Dmitry/flos-code/model_selection_data/runs/he_she_odds_results__tiiuae_Falcon3-7B-Base__0e7d5b82/models/selected_mixed_random_slopes__candidate__0__C_tense_log_frequency,random_slopes,log_he_she_odds ~ C(tense) + C(semantic_role) + C(syntactic_role) + C(valence) + C(dominance) + log_frequency + lex_emb_norm + C(tense):C(semantic_role) + C(tense):C(syntactic_role) + C(tense):C(valence) + C(tense):C(dominance) + C(tense):lex_emb_norm + C(semantic_role):C(syntactic_role) + C(semantic_role):C(valence) + C(semantic_role):C(dominance) + C(semantic_role):log_frequency + C(semantic_role):lex_emb_norm + C(syntactic_role):C(valence) + C(syntactic_role):C(dominance) + C(syntactic_role):log_frequency + C(syntactic_role):lex_emb_norm + C(valence):C(dominance) + C(valence):log_frequency + C(valence):lex_emb_norm + C(dominance):log_frequency + C(dominance):lex_emb_norm + log_frequency:lex_emb_norm,1 + C(semantic_role) + C(syntactic_role) + C(valence) + C(dominance),profession,lbfgs,True,1,['ConvergenceWarning: The MLE may be on the boundary of the parameter space.'],True,23215.076339713938,23738.68631045317,-11539.538169856969,16320,0.23397731432074248,0.08492227265077942,0.8865403970973487,7.889092452482941e-31,0.006591585554692886,0.010785744855850031,0.17786581221107325,0.0519537233997263,0.0016325803455280348,0.00037482823766222265,0.012009777872525051,0.0034758812435346847,0.0012600753192716697,0.002321170229419545,4.4937907277926915e-06,0.0018089729161025823,8.371967989733403e-06,0.0005952585245389625,0.0007697855605428263,0.5066486625508287,,0.008105630202285751,0.05383918631759742,0.003203859880923028,0.006672783056036872,0.5492177610892175,0.011949650561303328,0.030968541366302876,0.14613450563171623,0.05072515075772849,0.010991820120892143,1.4247242748933004,0.00717598635665552,0.04792662689248462,0.010060233249737394,0.007638934098333295
/mnt/hum01-rds/Nikolaev_Dmitry/flos-code/model_selection_data/runs/he_she_odds_results__tiiuae_Falcon3-7B-Base__0e7d5b82,he_she_odds_results__tiiuae_Falcon3-7B-Base__0e7d5b82,/mnt/hum01-rds/Nikolaev_Dmitry/flos-code/modelling_data/he_she_odds_results__tiiuae_Falcon3-7B-Base.csv,tiiuae_Falcon3-7B-Base,selected_mixed_random_slopes__candidate__0__C_tense_C_syntactic_role,/mnt/hum01-rds/Nikolaev_Dmitry/flos-code/model_selection_data/runs/he_she_odds_results__tiiuae_Falcon3-7B-Base__0e7d5b82/models/selected_mixed_random_slopes__candidate__0__C_tense_C_syntactic_role,random_slopes,log_he_she_odds ~ C(tense) + C(semantic_role) + C(syntactic_role) + C(valence) + C(dominance) + log_frequency + lex_emb_norm + C(tense):C(semantic_role) + C(tense):C(valence) + C(tense):C(dominance) + C(tense):log_frequency + C(tense):lex_emb_norm + C(semantic_role):C(syntactic_role) + C(semantic_role):C(valence) + C(semantic_role):C(dominance) + C(semantic_role):log_frequency + C(semantic_role):lex_emb_norm + C(syntactic_role):C(valence) + C(syntactic_role):C(dominance) + C(syntactic_role):log_frequency + C(syntactic_role):lex_emb_norm + C(valence):C(dominance) + C(valence):log_frequency + C(valence):lex_emb_norm + C(dominance):log_frequency + C(dominance):lex_emb_norm + log_frequency:lex_emb_norm,1 + C(semantic_role) + C(syntactic_role) + C(valence) + C(dominance),profession,lbfgs,True,1,['ConvergenceWarning: The MLE may be on the boundary of the parameter space.'],True,23398.773900171363,23922.383870910595,-11631.386950085682,16320,0.2366542269538849,0.08365227122648004,0.8852313842611974,3.1556369809931764e-30,0.04264221552949172,0.01078574485617092,0.13072873431959556,0.0519537233988368,0.0016325803456377394,0.00037482823766226385,,0.00347588124353446,0.0012600753192717666,0.002321170229419537,4.493790727789312e-06,0.0018089729161025444,8.371967989734379e-06,0.0005952585245389808,0.0007697855605428654,0.590199193506095,0.04805340555192124,0.008105630202533853,0.053839186318292126,0.00320385988072563,0.0066727830562299415,0.49290191614381607,0.08272598897745574,0.030968541367162865,0.1461345056338043,0.050725150756346024,0.010991820121336293,1.4285226935326083,0.0071533746397255855,0.04791408965317141,0.010031641934168055,0.00761562326357339
/mnt/hum01-rds/Nikolaev_Dmitry/flos-code/model_selection_data/runs/he_she_odds_results__tiiuae_Falcon3-7B-Base__0e7d5b82,he_she_odds_results__tiiuae_Falcon3-7B-Base__0e7d5b82,/mnt/hum01-rds/Nikolaev_Dmitry/flos-code/modelling_data/he_she_odds_results__tiiuae_Falcon3-7B-Base.csv,tiiuae_Falcon3-7B-Base,selected_mixed_random_slopes__random_intercept_baseline,/mnt/hum01-rds/Nikolaev_Dmitry/flos-code/model_selection_data/runs/he_she_odds_results__tiiuae_Falcon3-7B-Base__0e7d5b82/models/selected_mixed_random_slopes__random_intercept_baseline,random_intercept_baseline,log_he_she_odds ~ C(tense) + C(semantic_role) + C(syntactic_role) + C(valence) + C(dominance) + log_frequency + lex_emb_norm + C(tense):C(semantic_role) + C(tense):C(syntactic_role) + C(tense):C(valence) + C(tense):C(dominance) + C(tense):log_frequency + C(tense):lex_emb_norm + C(semantic_role):C(syntactic_role) + C(semantic_role):C(valence) + C(semantic_role):C(dominance) + C(semantic_role):log_frequency + C(semantic_role):lex_emb_norm + C(syntactic_role):C(valence) + C(syntactic_role):C(dominance) + C(syntactic_role):log_frequency + C(syntactic_role):lex_emb_norm + C(valence):C(dominance) + C(valence):log_frequency + C(valence):lex_emb_norm + C(dominance):log_frequency + C(dominance):lex_emb_norm + log_frequency:lex_emb_norm,1,profession,lbfgs,True,0,[],False,24125.61457613908,24579.923227221647,-12003.80728806954,16320,0.2506833194681902,0.08492524027394549,0.8769837985219298,0.0,0.02114076010923547,0.010785744855944466,0.17786581221152803,0.05195372339947145,0.001632580345558509,0.00037482823766215174,0.012009777872524609,0.0034758812435351557,0.0012600753192714106,0.0023211702294193147,4.493790727804204e-06,0.0018089729161028508,8.37196798972038e-06,0.0005952585245391014,0.0007697855605427072,0.10812218884699133,0.04805340555191781,0.008105630202363621,0.053839186317826825,0.003203859880860776,0.0066727830560961215,0.29969708093722913,0.08272598897743641,0.03096854136640077,0.14613450563202626,0.05072515075758034,0.010991820120936146,0.401626670442043,,,,
