,Group,C(semantic_role)[T.patient],C(syntactic_role)[T.subject]
Group,0.8177049632073867,0.008349348817807994,0.03889768483880367
C(semantic_role)[T.patient],0.008349348817807994,0.004441606907056112,0.003329130138397432
C(syntactic_role)[T.subject],0.03889768483880367,0.003329130138397432,0.03057629945727391
