,Group,C(semantic_role)[T.patient],C(syntactic_role)[T.subject]
Group,0.8156222623767295,0.008264012628698844,0.03881331281733091
C(semantic_role)[T.patient],0.008264012628698844,0.004437829198420142,0.003317154762661283
C(syntactic_role)[T.subject],0.03881331281733091,0.003317154762661283,0.030547287186603482
