,Group,C(semantic_role)[T.patient],C(syntactic_role)[T.subject],C(valence)[T.-val],C(dominance)[T.-dom]
Group,1.8539773994336983,0.09494023554432644,-0.15526606162528495,0.0700344955926832,0.036613406199398804
C(semantic_role)[T.patient],0.09494023554432644,0.01081840429113235,-0.0029655864661072254,0.0036884559469771263,0.0007969973897211689
C(syntactic_role)[T.subject],-0.15526606162528495,-0.0029655864661072254,0.04856723539081472,-0.003443023112644418,-0.002575899354863907
C(valence)[T.-val],0.0700344955926832,0.0036884559469771263,-0.003443023112644418,0.004823338869740209,0.0010458116103914835
C(dominance)[T.-dom],0.036613406199398804,0.0007969973897211689,-0.002575899354863907,0.0010458116103914835,0.00313270647126563
