term,coef,std_err,z,p_value,ci_low,ci_high
Intercept,0.8308018232155837,0.43865455019887933,1.893977442702716,0.05822800405038684,-0.028945296828836953,1.6905489432600045
C(tense)[T.past perfect],-0.17814655303955115,0.01180740638766429,-15.087695569254615,1.9513947002608733e-51,-0.20128864431020135,-0.15500446176890095
C(tense)[T.present continuous],-0.20313682556152382,0.011807406387664289,-17.204186837657225,2.4702000744527725e-66,-0.226278916832174,-0.17999473429087365
C(tense)[T.present perfect],-0.2671688079833988,0.011807406387664287,-22.627222203728138,2.338791659892715e-113,-0.290310899254049,-0.24402671671274864
C(tense)[T.simple future],-0.016876792907715137,0.011807406387664289,-1.429339547874549,0.1529066643713525,-0.04001888417836533,0.006265298362935049
C(tense)[T.simple past],-0.042374038696289376,0.011807406387664287,-3.588767702664946,0.00033224471650303885,-0.06551612996693956,-0.019231947425639193
C(semantic_role)[T.patient],0.1485911902216023,0.04152300355642407,3.5785270210447866,0.0003455361489136787,0.06720759872108255,0.22997478172212205
C(valence)[T.-val],0.11125075552655372,0.030512013727709775,3.646129571104653,0.0002662197786463308,0.05144830752445084,0.1710532035286566
C(dominance)[T.-dom],-0.04287425689021382,0.02634378895102483,-1.627490144637904,0.10363304005143824,-0.0945071344505467,0.00875862067011906
