,Group,C(semantic_role)[T.patient],C(syntactic_role)[T.subject],C(valence)[T.-val],C(dominance)[T.-dom]
Group,3.557414780419921,0.11885187814254607,-0.6932529208524919,0.11687864118006608,0.06827488770524386
C(semantic_role)[T.patient],0.11885187814254607,0.011685150361273646,-0.011614588742583365,0.003786878650010921,0.0008291879271288741
C(syntactic_role)[T.subject],-0.6932529208524919,-0.011614588742583365,0.22278894275388253,-0.017877960619343894,-0.011313863467691072
C(valence)[T.-val],0.11687864118006608,0.003786878650010921,-0.017877960619343894,0.006718655781294371,0.0021223496792386254
C(dominance)[T.-dom],0.06827488770524386,0.0008291879271288741,-0.011313863467691072,0.0021223496792386254,0.004126180242671642
