random_term,Group,C(syntactic_role)[T.subject]
Group,1.3017501885619716,-0.0469546388566403
C(syntactic_role)[T.subject],-0.0469546388566403,0.019129504929142855
