,Group,C(semantic_role)[T.patient],C(syntactic_role)[T.subject],C(valence)[T.-val],C(dominance)[T.-dom]
Group,1.0969616282546388,-0.016451510621433938,0.07186801799761716,0.020693150473079146,0.026989012670112607
C(semantic_role)[T.patient],-0.016451510621433938,0.0016842971826081788,0.0005763066756490279,-0.0001869817398001643,-0.00038111321790310445
C(syntactic_role)[T.subject],0.07186801799761716,0.0005763066756490279,0.05400636984432675,0.0005896614859097954,0.0029556231543706748
C(valence)[T.-val],0.020693150473079146,-0.0001869817398001643,0.0005896614859097954,0.002151216429261689,0.000808624172050948
C(dominance)[T.-dom],0.026989012670112607,-0.00038111321790310445,0.0029556231543706748,0.000808624172050948,0.0018509753607161348
