,Group,C(semantic_role)[T.patient],C(syntactic_role)[T.subject],C(valence)[T.-val],C(dominance)[T.-dom]
Group,1.1246054608128253,-0.0150780859390756,0.07120620081779828,0.0021480187269660336,0.04663899782369088
C(semantic_role)[T.patient],-0.0150780859390756,0.0017357093217552123,0.0009619517966002553,-1.2528516043150036e-05,-0.0005944929396310736
C(syntactic_role)[T.subject],0.07120620081779828,0.0009619517966002553,0.05359476851731116,-0.00105211686916594,0.0045620846449394604
C(valence)[T.-val],0.0021480187269660336,-1.2528516043150036e-05,-0.00105211686916594,0.0010426736788627425,0.0005459338239017753
C(dominance)[T.-dom],0.04663899782369088,-0.0005944929396310736,0.0045620846449394604,0.0005459338239017753,0.003426456157278579
