,Group,C(semantic_role)[T.patient],C(syntactic_role)[T.subject],C(valence)[T.-val],C(dominance)[T.-dom]
Group,1.8651956144623578,0.09510496729370958,-0.1558918190842041,0.07058682520137524,0.0366069619865373
C(semantic_role)[T.patient],0.09510496729370958,0.010827047151905283,-0.0029562086008348026,0.0036906624832800283,0.0007996908519038238
C(syntactic_role)[T.subject],-0.1558918190842041,-0.0029562086008348026,0.048619245849072734,-0.003454823662915827,-0.002588046173867643
C(valence)[T.-val],0.07058682520137524,0.0036906624832800283,-0.003454823662915827,0.004841367348937935,0.0010463290765100315
C(dominance)[T.-dom],0.0366069619865373,0.0007996908519038238,-0.002588046173867643,0.0010463290765100315,0.0031514551305277124
