,Group,C(semantic_role)[T.patient],C(syntactic_role)[T.subject],C(valence)[T.-val],C(dominance)[T.-dom]
Group,0.9551935430167964,-0.02028033923775645,0.08546076122971387,0.0005766880200094902,0.05580966683000596
C(semantic_role)[T.patient],-0.02028033923775645,0.004925321822672826,-0.002307863885060518,-1.532232485236383e-05,-0.0011215296226795364
C(syntactic_role)[T.subject],0.08546076122971387,-0.002307863885060518,0.033760521126580484,-0.0008178965248196397,0.006691226084118473
C(valence)[T.-val],0.0005766880200094902,-1.532232485236383e-05,-0.0008178965248196397,0.004945847146610888,-0.00020230065791301306
C(dominance)[T.-dom],0.05580966683000596,-0.0011215296226795364,0.006691226084118473,-0.00020230065791301306,0.007457367886320878
