,Group,C(semantic_role)[T.patient],C(syntactic_role)[T.subject],C(valence)[T.-val],C(dominance)[T.-dom]
Group,1.0951018841451285,-0.016397817142156927,0.0716788856335483,0.02065450304029577,0.026950190093110848
C(semantic_role)[T.patient],-0.016397817142156927,0.0016617224787778542,0.0005717497651936463,-0.0001858395771802682,-0.0003803051647712071
C(syntactic_role)[T.subject],0.0716788856335483,0.0005717497651936463,0.05387802132646128,0.000583629825900648,0.0029496281520462768
C(valence)[T.-val],0.02065450304029577,-0.0001858395771802682,0.000583629825900648,0.0021302148822312994,0.00080735662999302
C(dominance)[T.-dom],0.026950190093110848,-0.0003803051647712071,0.0029496281520462768,0.00080735662999302,0.001830088814107731
