,Group,C(semantic_role)[T.patient],C(syntactic_role)[T.subject],C(valence)[T.-val],C(dominance)[T.-dom]
Group,2.3856383475943703,0.11667751931565148,-0.21581195821123667,0.11359944333478944,-0.06159958462033539
C(semantic_role)[T.patient],0.11667751931565148,0.008508947595396025,-0.012173173976337342,0.006571229602655422,-0.0033299677100425105
C(syntactic_role)[T.subject],-0.21581195821123667,-0.012173173976337342,0.06635347271021436,-0.0068635965828600255,0.004471366491887732
C(valence)[T.-val],0.11359944333478944,0.006571229602655422,-0.0068635965828600255,0.013458431883012302,-0.006768199454464901
C(dominance)[T.-dom],-0.06159958462033539,-0.0033299677100425105,0.004471366491887732,-0.006768199454464901,0.006750864801664646
