,Group,C(semantic_role)[T.patient],C(syntactic_role)[T.subject]
Group,1.3595716539814726,0.04091247566600938,0.00399723706470586
C(semantic_role)[T.patient],0.04091247566600938,0.004424046769421216,0.0008134009442924428
C(syntactic_role)[T.subject],0.00399723706470586,0.0008134009442924428,0.006742133528816168
