,Group,C(semantic_role)[T.patient],C(syntactic_role)[T.subject],C(valence)[T.-val],C(dominance)[T.-dom]
Group,1.6046377575033532,0.12688269043153158,0.00958983957884945,0.1361811619852681,0.012789104469844706
C(semantic_role)[T.patient],0.12688269043153158,0.015294677161727829,0.009006024891905629,0.011333820682130593,0.004291928552909615
C(syntactic_role)[T.subject],0.00958983957884945,0.009006024891905629,0.049756259187533985,0.0020203699214024,0.010120309957544385
C(valence)[T.-val],0.1361811619852681,0.011333820682130593,0.0020203699214024,0.015532160040977237,-0.0016310721193476957
C(dominance)[T.-dom],0.012789104469844706,0.004291928552909615,0.010120309957544385,-0.0016310721193476957,0.007823134920192657
