,Group,C(semantic_role)[T.patient],C(syntactic_role)[T.subject],C(valence)[T.-val],C(dominance)[T.-dom]
Group,1.5881983321934074,0.14285328045498139,-0.007028828003194364,0.15211713928314372,-0.004174204959989731
C(semantic_role)[T.patient],0.14285328045498139,0.017931997539279702,0.006550920239273715,0.015050153319777309,0.0019013231902139174
C(syntactic_role)[T.subject],-0.007028828003194364,0.006550920239273715,0.04938001713262296,0.0014396251987505628,0.008991165970159578
C(valence)[T.-val],0.15211713928314372,0.015050153319777309,0.0014396251987505628,0.01856364730175876,-0.0022893263893298205
C(dominance)[T.-dom],-0.004174204959989731,0.0019013231902139174,0.008991165970159578,-0.0022893263893298205,0.0061887844120602584
