,Group,C(semantic_role)[T.patient],C(syntactic_role)[T.subject],C(valence)[T.-val],C(dominance)[T.-dom]
Group,1.6912279259830414,0.15644049841511454,-0.017285185952677726,0.15795103780006972,0.005883080470847615
C(semantic_role)[T.patient],0.15644049841511454,0.01888483204924696,0.003663619998914172,0.015942888805018093,0.002304589126680311
C(syntactic_role)[T.subject],-0.017285185952677726,0.003663619998914172,0.0562786303976612,-0.0007800281466675513,0.008029497573365147
C(valence)[T.-val],0.15795103780006972,0.015942888805018093,-0.0007800281466675513,0.018996743600930645,-0.0019896968770591176
C(dominance)[T.-dom],0.005883080470847615,0.002304589126680311,0.008029497573365147,-0.0019896968770591176,0.006070500440627785
