semantic_role,Group,C(syntactic_role)[T.subject]
agent,-0.042568405934970806,0.08884534319534039
patient,0.04256840593499318,-0.08884534319538709
