random_term,Group,C(syntactic_role)[T.subject]
Group,0.0021830582570775154,-0.00455619623082481
C(syntactic_role)[T.subject],-0.00455619623082481,0.009509318172876965
