{
  "formula": "log_he_she_odds ~ C(tense) + C(semantic_role) + C(syntactic_role) + C(valence) + C(dominance) + lex_emb_norm",
  "re_formula": "1 + C(semantic_role) + C(syntactic_role) + C(valence) + C(dominance)",
  "group_col": "profession",
  "optimizer": "lbfgs",
  "converged": false,
  "aic": 7100.011598487879,
  "bic": 7306.278692668824,
  "log_likelihood": -3523.0057992439397,
  "nobs": 15360,
  "residual_variance": 0.08903191897880082,
  "R2m": 0.08751544697783982,
  "R2c": 0.9355656631167029,
  "random_effect_variance_semantic_role": 0.006778608150648556,
  "random_effect_variance_syntactic_role": 0.03229340834386559,
  "random_effect_variance_valence": 0.007213789904404701,
  "random_effect_variance_dominance": 0.008853402059958567
}