,Group,C(semantic_role)[T.patient],C(syntactic_role)[T.subject],C(valence)[T.-val],C(dominance)[T.-dom]
Group,1.0295920925638158,-0.02204880913212364,0.08012964664684362,0.002287284583286596,0.053410861115413634
C(semantic_role)[T.patient],-0.02204880913212364,0.006778608150648556,-0.0025884228876747687,1.9423366226006356e-05,-0.0011062511628232186
C(syntactic_role)[T.subject],0.08012964664684362,-0.0025884228876747687,0.03229340834386559,-0.0010717072773691444,0.006602957555973439
C(valence)[T.-val],0.002287284583286596,1.9423366226006356e-05,-0.0010717072773691444,0.007213789904404701,-0.00015653654493611352
C(dominance)[T.-dom],0.053410861115413634,-0.0011062511628232186,0.006602957555973439,-0.00015653654493611352,0.008853402059958567
