,Group,C(semantic_role)[T.patient],C(syntactic_role)[T.subject],C(valence)[T.-val],C(dominance)[T.-dom]
Group,1.5884187581130658,0.14282051966063572,-0.007104092832589159,0.15209376019884285,-0.004207152484015651
C(semantic_role)[T.patient],0.14282051966063572,0.01793622480089733,0.006584775528400358,0.015046405309579356,0.001905651927500251
C(syntactic_role)[T.subject],-0.007104092832589159,0.006584775528400358,0.04967907246250929,0.001448035601139045,0.009044224011095415
C(valence)[T.-val],0.15209376019884285,0.015046405309579356,0.001448035601139045,0.01856538409134909,-0.0022888794222362735
C(dominance)[T.-dom],-0.004207152484015651,0.001905651927500251,0.009044224011095415,-0.0022888794222362735,0.00620184296413543
