,Group,C(semantic_role)[T.patient],C(syntactic_role)[T.subject],C(valence)[T.-val],C(dominance)[T.-dom]
Group,1.6052809817100593,0.12694785837089434,0.009395228098365765,0.13623256199329517,0.012744061644218116
C(semantic_role)[T.patient],0.12694785837089434,0.015322218913917508,0.009052260762970318,0.01134602309415681,0.0042986284809355775
C(syntactic_role)[T.subject],0.009395228098365765,0.009052260762970318,0.050076505053440704,0.002022356682213899,0.01017769515804076
C(valence)[T.-val],0.13623256199329517,0.01134602309415681,0.002022356682213899,0.01554325607210521,-0.001632469497583984
C(dominance)[T.-dom],0.012744061644218116,0.0042986284809355775,0.01017769515804076,-0.001632469497583984,0.007832978842444101
