,Group,C(semantic_role)[T.patient],C(syntactic_role)[T.subject],C(valence)[T.-val],C(dominance)[T.-dom]
Group,1.658963037574459,0.11282707086246131,-0.03252720048956684,0.0762721037352582,0.062359400841417945
C(semantic_role)[T.patient],0.11282707086246131,0.011540922840859195,0.002876666354571263,0.0050098799550031,0.005412586905440079
C(syntactic_role)[T.subject],-0.03252720048956684,0.002876666354571263,0.01944736711753871,-0.004472812153352726,-0.00022242115681227274
C(valence)[T.-val],0.0762721037352582,0.0050098799550031,-0.004472812153352726,0.005985381698191783,0.0015495299637421644
C(dominance)[T.-dom],0.062359400841417945,0.005412586905440079,-0.00022242115681227274,0.0015495299637421644,0.004378334717312048
