,Group,C(semantic_role)[T.patient],C(syntactic_role)[T.subject]
Group,1.541098866781224,0.02909496516537463,-0.11413007259808888
C(semantic_role)[T.patient],0.02909496516537463,0.0020500578226818078,-0.0013788804639683712
C(syntactic_role)[T.subject],-0.11413007259808888,-0.0013788804639683712,0.03024397437191298
