{
  "formula": "log_he_she_odds ~ C(tense) + C(semantic_role) + C(syntactic_role) + C(valence) + C(dominance) + log_frequency + lex_emb_norm + C(tense):log_frequency + log_frequency:lex_emb_norm + profession_embedding_1 + profession_embedding_2 + profession_embedding_3 + profession_embedding_4 + profession_embedding_5",
  "model_type": "OLS",
  "optimizer": "closed_form",
  "converged": true,
  "nobs": 15360,
  "aic": 48400.76314017568,
  "bic": 48576.47214632982,
  "log_likelihood": -24177.38157008784,
  "residual_variance": 1.365769505716648,
  "R2m": 0.31908260178544523,
  "R2c": 0.31908260178544523,
  "warnings": [],
  "fixed_effect_variance_profession_embedding": 1.2437984842099676,
  "fixed_effect_variance_Intercept": 5.049038506858933e-29,
  "fixed_effect_variance_C(tense)": 0.004688213061180457,
  "fixed_effect_variance_C(semantic_role)": 0.0002438362298924293,
  "fixed_effect_variance_C(syntactic_role)": 0.0015702120667797376,
  "fixed_effect_variance_C(valence)": 0.0006539127495352,
  "fixed_effect_variance_C(dominance)": 0.0013694447208708847,
  "fixed_effect_variance_log_frequency": 2.9828013429786076,
  "fixed_effect_variance_C(tense):log_frequency": 0.01343880967919793,
  "fixed_effect_variance_lex_emb_norm": 2.4117580434625756,
  "fixed_effect_variance_log_frequency:lex_emb_norm": 5.224508167337528
}