,Group,C(semantic_role)[T.patient],C(syntactic_role)[T.subject],C(valence)[T.-val],C(dominance)[T.-dom]
Group,1.6048016034567993,0.12691634923654954,0.009452508622993482,0.1362190687150744,0.012763435599582965
C(semantic_role)[T.patient],0.12691634923654954,0.015311766359392862,0.009025647939632776,0.01134337400910463,0.004295302518422189
C(syntactic_role)[T.subject],0.009452508622993482,0.009025647939632776,0.04980406532491415,0.0020215003437484428,0.010124466983596066
C(valence)[T.-val],0.1362190687150744,0.01134337400910463,0.0020215003437484428,0.015540870849839216,-0.001631287971834551
C(dominance)[T.-dom],0.012763435599582965,0.004295302518422189,0.010124466983596066,-0.001631287971834551,0.007822371402172021
