,Group,C(semantic_role)[T.patient],C(syntactic_role)[T.subject],C(valence)[T.-val],C(dominance)[T.-dom]
Group,1.588025353513242,0.14277470985597712,-0.00711446660917051,0.15207143637241785,-0.004197846982564367
C(semantic_role)[T.patient],0.14277470985597712,0.017925384170166057,0.006546802415175962,0.015041391753204025,0.001900053601486246
C(syntactic_role)[T.subject],-0.00711446660917051,0.006546802415175962,0.0493998137964318,0.0014314477883519657,0.008990528907944067
C(valence)[T.-val],0.15207143637241785,0.015041391753204025,0.0014314477883519657,0.018563693280318722,-0.002291946660146168
C(dominance)[T.-dom],-0.004197846982564367,0.001900053601486246,0.008990528907944067,-0.002291946660146168,0.006187399149206309
