,Group,C(semantic_role)[T.patient],C(syntactic_role)[T.subject]
Group,0.8177458051434819,0.008243022687612424,0.03883814334061725
C(semantic_role)[T.patient],0.008243022687612424,0.004436568517614504,0.0033389406642924746
C(syntactic_role)[T.subject],0.03883814334061725,0.0033389406642924746,0.03054817260775504
