,Group,C(semantic_role)[T.patient],C(syntactic_role)[T.subject]
Group,0.817072224668559,0.00828287220800875,0.038816646868712654
C(semantic_role)[T.patient],0.00828287220800875,0.004439714364830027,0.00332956081592335
C(syntactic_role)[T.subject],0.038816646868712654,0.00332956081592335,0.030521241558970656
