,Group,C(semantic_role)[T.patient],C(syntactic_role)[T.subject],C(valence)[T.-val],C(dominance)[T.-dom]
Group,1.9526618534725921,0.1003032041924678,-0.15892064885652407,0.07914258075277628,0.03813710922428278
C(semantic_role)[T.patient],0.1003032041924678,0.01113133310578538,-0.0031063938487708334,0.004193318355647062,0.0008831299365534254
C(syntactic_role)[T.subject],-0.15892064885652407,-0.0031063938487708334,0.04879707301412115,-0.0037699117617574014,-0.0026396552452702575
C(valence)[T.-val],0.07914258075277628,0.004193318355647062,-0.0037699117617574014,0.005692042726762744,0.0011823578051849042
C(dominance)[T.-dom],0.03813710922428278,0.0008831299365534254,-0.0026396552452702575,0.0011823578051849042,0.0031759956516382894
