,Group,C(semantic_role)[T.patient],C(syntactic_role)[T.subject],C(valence)[T.-val],C(dominance)[T.-dom]
Group,1.865941911202097,0.09517755040853842,-0.15581821567497228,0.07063724224982906,0.036653423985459836
C(semantic_role)[T.patient],0.09517755040853842,0.010827279307821994,-0.0029413994751329342,0.0036958328430515284,0.0008026375972937613
C(syntactic_role)[T.subject],-0.15581821567497228,-0.0029413994751329342,0.048581644866392916,-0.0034528068101308844,-0.0025928948625612365
C(valence)[T.-val],0.07063724224982906,0.0036958328430515284,-0.0034528068101308844,0.004835375787003503,0.0010476684694292362
C(dominance)[T.-dom],0.036653423985459836,0.0008026375972937613,-0.0025928948625612365,0.0010476684694292362,0.003146491109974196
