,Group,C(semantic_role)[T.patient],C(syntactic_role)[T.subject]
Group,1.2536643809192747,0.059897553868606165,-0.04832236327289316
C(semantic_role)[T.patient],0.059897553868606165,0.005369943714061917,0.0014583893592595002
C(syntactic_role)[T.subject],-0.04832236327289316,0.0014583893592595002,0.019141377685199988
