,Group,C(semantic_role)[T.patient],C(syntactic_role)[T.subject],C(valence)[T.-val],C(dominance)[T.-dom]
Group,1.587175603052567,0.1426604186956293,-0.007249875470928326,0.15198250480360315,-0.0042176388565255095
C(semantic_role)[T.patient],0.1426604186956293,0.017913193352679484,0.006537429160560003,0.015028920829057144,0.0018981696346562825
C(syntactic_role)[T.subject],-0.007249875470928326,0.006537429160560003,0.049404116899134806,0.0014112049125953286,0.008996812710825587
C(valence)[T.-val],0.15198250480360315,0.015028920829057144,0.0014112049125953286,0.018551090483426208,-0.0022967603772539847
C(dominance)[T.-dom],-0.0042176388565255095,0.0018981696346562825,0.008996812710825587,-0.0022967603772539847,0.006186509561107966
