,Group,C(semantic_role)[T.patient],C(syntactic_role)[T.subject],C(valence)[T.-val],C(dominance)[T.-dom]
Group,1.6047944188471923,0.12692617930234035,0.009487090743531499,0.13621406129556304,0.012753750712174943
C(semantic_role)[T.patient],0.12692617930234035,0.015313787873198748,0.009022574774636428,0.011341723876964796,0.004296118133947898
C(syntactic_role)[T.subject],0.009487090743531499,0.009022574774636428,0.04975905097235706,0.002026355129067733,0.010112554087035458
C(valence)[T.-val],0.13621406129556304,0.011341723876964796,0.002026355129067733,0.015538665175812176,-0.001629728636895876
C(dominance)[T.-dom],0.012753750712174943,0.004296118133947898,0.010112554087035458,-0.001629728636895876,0.007822422460480009
