,Group,C(semantic_role)[T.patient],C(syntactic_role)[T.subject],C(valence)[T.-val],C(dominance)[T.-dom]
Group,2.336802700768764,0.11214776297417488,-0.2109048905656583,0.11079094936781321,-0.06018692530865264
C(semantic_role)[T.patient],0.11214776297417488,0.008085317260737124,-0.011717822851565073,0.006314748011940897,-0.003199980060668207
C(syntactic_role)[T.subject],-0.2109048905656583,-0.011717822851565073,0.06589358434495872,-0.006584748881852652,0.004326204021813794
C(valence)[T.-val],0.11079094936781321,0.006314748011940897,-0.006584748881852652,0.013290018176314308,-0.006685003158071557
C(dominance)[T.-dom],-0.06018692530865264,-0.003199980060668207,0.004326204021813794,-0.006685003158071557,0.006700394175914324
