,Group,C(semantic_role)[T.patient],C(syntactic_role)[T.subject],C(valence)[T.-val],C(dominance)[T.-dom]
Group,1.8541914533129993,0.09490217597195623,-0.15538039290917474,0.0700364291448843,0.03664415955075704
C(semantic_role)[T.patient],0.09490217597195623,0.010821058843552982,-0.002945850251663397,0.003689808610766721,0.0008015775413617482
C(syntactic_role)[T.subject],-0.15538039290917474,-0.002945850251663397,0.04862499370903917,-0.0034443087276087954,-0.0025779334847341167
C(valence)[T.-val],0.0700364291448843,0.003689808610766721,-0.0034443087276087954,0.004834036348339166,0.001044257203718587
C(dominance)[T.-dom],0.03664415955075704,0.0008015775413617482,-0.0025779334847341167,0.001044257203718587,0.0031418810481949945
