,Group,C(semantic_role)[T.patient],C(syntactic_role)[T.subject],C(valence)[T.-val],C(dominance)[T.-dom]
Group,2.3427206919688275,0.19720126380774503,-0.4634914842641727,0.1729327818513857,0.05412413871892547
C(semantic_role)[T.patient],0.19720126380774503,0.1216647745067108,-0.03787265231860604,0.007070262543284548,0.0031374029884748142
C(syntactic_role)[T.subject],-0.4634914842641727,-0.03787265231860604,0.12205556785707342,-0.031239535198375707,-0.010336556586830217
C(valence)[T.-val],0.1729327818513857,0.007070262543284548,-0.031239535198375707,0.12344076515494071,0.004698830799065837
C(dominance)[T.-dom],0.05412413871892547,0.0031374029884748142,-0.010336556586830217,0.004698830799065837,0.11578541188461253
