,Group,C(semantic_role)[T.patient],C(syntactic_role)[T.subject],C(valence)[T.-val],C(dominance)[T.-dom]
Group,2.3205084385702484,0.21360890971021765,-0.4492804878555775,0.16530182162185406,0.06005802828859885
C(semantic_role)[T.patient],0.21360890971021765,0.12138574774040228,-0.040037262552615194,0.007939126023873653,0.003856589336208696
C(syntactic_role)[T.subject],-0.4492804878555775,-0.040037262552615194,0.11555212705702615,-0.02830947397265259,-0.012135768094048012
C(valence)[T.-val],0.16530182162185406,0.007939126023873653,-0.02830947397265259,0.11989983244095477,0.0042758853169844345
C(dominance)[T.-dom],0.06005802828859885,0.003856589336208696,-0.012135768094048012,0.0042758853169844345,0.11460430338511579
