,Group,C(semantic_role)[T.patient],C(syntactic_role)[T.subject]
Group,0.8155843356537937,0.008263230716143946,0.03880953801965497
C(semantic_role)[T.patient],0.008263230716143946,0.004437846540851476,0.003317059700831158
C(syntactic_role)[T.subject],0.03880953801965497,0.003317059700831158,0.030546865181361325
