random_term,Group,C(semantic_role)[T.patient]
Group,1.5968203109933476,0.046684556508409615
C(semantic_role)[T.patient],0.046684556508409615,0.1575221406658213
