,Group,C(semantic_role)[T.patient],C(syntactic_role)[T.subject],C(valence)[T.-val],C(dominance)[T.-dom]
Group,1.5097821986875974,0.07430642395462304,-0.013160504414088914,0.11220175710549504,-0.015669653118592697
C(semantic_role)[T.patient],0.07430642395462304,0.005423914927869466,0.0036191792904494728,0.006079778674314931,-0.001986726162512681
C(syntactic_role)[T.subject],-0.013160504414088914,0.0036191792904494728,0.040229834528858706,0.002360701025951324,0.0027236167216844838
C(valence)[T.-val],0.11220175710549504,0.006079778674314931,0.002360701025951324,0.012443068653037185,-0.002845051159921187
C(dominance)[T.-dom],-0.015669653118592697,-0.001986726162512681,0.0027236167216844838,-0.002845051159921187,0.004292668274663924
