,Group,C(semantic_role)[T.patient],C(syntactic_role)[T.subject],C(valence)[T.-val],C(dominance)[T.-dom]
Group,1.5126140397486576,0.06566227723517777,-0.018092279333120728,0.12243018772549459,-0.02600878038119385
C(semantic_role)[T.patient],0.06566227723517777,0.004683853847522356,0.003662164329244603,0.006004097808897376,-0.002356815263261781
C(syntactic_role)[T.subject],-0.018092279333120728,0.003662164329244603,0.039571803157738845,0.0021627959697427548,0.002612231410986636
C(valence)[T.-val],0.12243018772549459,0.006004097808897376,0.0021627959697427548,0.014329670618106779,-0.003993395122770628
C(dominance)[T.-dom],-0.02600878038119385,-0.002356815263261781,0.002612231410986636,-0.003993395122770628,0.004735960480083166
