,Group,C(semantic_role)[T.patient],C(syntactic_role)[T.subject],C(valence)[T.-val],C(dominance)[T.-dom]
Group,1.8647568717483956,0.0950798342403313,-0.15581448072580434,0.07059482217871181,0.0365959630789198
C(semantic_role)[T.patient],0.0950798342403313,0.010812029690663142,-0.0029585531114246937,0.0036902736871278186,0.0007987023526691635
C(syntactic_role)[T.subject],-0.15581448072580434,-0.0029585531114246937,0.04859854699093924,-0.003452408873583611,-0.0025862166986334824
C(valence)[T.-val],0.07059482217871181,0.0036902736871278186,-0.003452408873583611,0.004830515125411308,0.0010450758940685756
C(dominance)[T.-dom],0.0365959630789198,0.0007987023526691635,-0.0025862166986334824,0.0010450758940685756,0.0031367811707538142
