,Group,C(semantic_role)[T.patient],C(syntactic_role)[T.subject],C(valence)[T.-val],C(dominance)[T.-dom]
Group,1.8544228574231512,0.09507184171401489,-0.1552576787202164,0.06995893995846815,0.036676154322792524
C(semantic_role)[T.patient],0.09507184171401489,0.01090532988083261,-0.0028978698271994907,0.003671272363728291,0.0007989019583754476
C(syntactic_role)[T.subject],-0.1552576787202164,-0.0028978698271994907,0.04863102636698582,-0.00344929744452471,-0.0025933228017131467
C(valence)[T.-val],0.06995893995846815,0.003671272363728291,-0.00344929744452471,0.004842529259707818,0.001045906235232122
C(dominance)[T.-dom],0.036676154322792524,0.0007989019583754476,-0.0025933228017131467,0.001045906235232122,0.0031555592522234566
