random_term,Group,C(semantic_role)[T.patient],C(syntactic_role)[T.subject]
Group,1.2343512838374764,0.046292874382470595,0.0030897168709860447
C(semantic_role)[T.patient],0.046292874382470595,0.006158806417385483,-6.945001019267027e-05
C(syntactic_role)[T.subject],0.0030897168709860447,-6.945001019267027e-05,0.0029457570843485427
