,Group,C(semantic_role)[T.patient],C(syntactic_role)[T.subject],C(valence)[T.-val],C(dominance)[T.-dom]
Group,0.8756059656344479,-0.01787765678726756,0.07597491018216457,0.0006067476361097708,0.04958745165937371
C(semantic_role)[T.patient],-0.01787765678726756,0.001398231410259976,-0.0017672103258673667,-1.3715384589550736e-05,-0.000984420760550101
C(syntactic_role)[T.subject],0.07597491018216457,-0.0017672103258673667,0.03789425098318784,-0.0008365712748473975,0.006014410577089928
C(valence)[T.-val],0.0006067476361097708,-1.3715384589550736e-05,-0.0008365712748473975,0.0012443546817628099,-9.613771606521594e-05
C(dominance)[T.-dom],0.04958745165937371,-0.000984420760550101,0.006014410577089928,-9.613771606521594e-05,0.0037627549112590497
