,Group,C(semantic_role)[T.patient],C(syntactic_role)[T.subject]
Group,1.0081947464881682,0.11412429088122064,-0.15619475785555428
C(semantic_role)[T.patient],0.11412429088122064,0.015170704102321497,-0.01676663761345711
C(syntactic_role)[T.subject],-0.15619475785555428,-0.01676663761345711,0.07442657203608381
