,Group,C(semantic_role)[T.patient],C(syntactic_role)[T.subject]
Group,1.253773544899873,0.05987513762705729,-0.048291321792093146
C(semantic_role)[T.patient],0.05987513762705729,0.005371802336021114,0.0014584330571407109
C(syntactic_role)[T.subject],-0.048291321792093146,0.0014584330571407109,0.01914717724782788
