,Group,C(semantic_role)[T.patient],C(syntactic_role)[T.subject]
Group,1.3602339629666091,0.04087004733089755,0.003984871522342719
C(semantic_role)[T.patient],0.04087004733089755,0.004428837403093022,0.0008080429093676374
C(syntactic_role)[T.subject],0.003984871522342719,0.0008080429093676374,0.006752973607132635
