,Group,C(profession)[T.carpenter],C(profession)[T.cashier],C(profession)[T.ceo],C(profession)[T.cleaner],C(profession)[T.cook],C(profession)[T.designer],C(profession)[T.driver],C(profession)[T.lawyer],C(profession)[T.manager],C(profession)[T.receptionist],C(profession)[T.salesperson],C(profession)[T.secretary],C(profession)[T.teacher],C(syntactic_role)[T.subject]
agent,0.02599250300981694,-0.07503012597534685,0.026661176526295752,-0.053214758602663774,0.05672011187407641,0.0003023332061983888,-0.012455325934119995,0.000805132067427921,0.018830752745186162,0.008655743051335445,0.01475355566097827,0.01793060801496004,0.03267226973074537,0.04319995085153874,0.014542440292812122
patient,-0.025992503009339404,0.07503012597543918,-0.02666117652631418,0.05321475860274702,-0.05672011187404372,-0.000302333206198214,0.012455325934193844,-0.0008051320674288959,-0.018830752745111645,-0.008655743051347992,-0.014753555660944405,-0.01793060801493039,-0.03267226973072965,-0.0431999508515441,-0.014542440292571627
