,Group,C(semantic_role)[T.patient],C(syntactic_role)[T.subject],C(valence)[T.-val],C(dominance)[T.-dom]
Group,1.8633783764858114,0.09519229125499362,-0.1555139671975562,0.07047887989128164,0.03655111182774609
C(semantic_role)[T.patient],0.09519229125499362,0.01088505496439001,-0.00292210475183764,0.0036717826035744176,0.0007945540459905665
C(syntactic_role)[T.subject],-0.1555139671975562,-0.00292210475183764,0.04858896943056852,-0.003448875453204302,-0.0025836274574123383
C(valence)[T.-val],0.07047887989128164,0.0036717826035744176,-0.003448875453204302,0.004831750466351214,0.0010447560063832056
C(dominance)[T.-dom],0.03655111182774609,0.0007945540459905665,-0.0025836274574123383,0.0010447560063832056,0.003135161750078104
