,Group,C(semantic_role)[T.patient],C(syntactic_role)[T.subject],C(valence)[T.-val],C(dominance)[T.-dom]
Group,0.8891376091582417,-0.015488710298116415,0.07749372677978794,0.0006696518839605156,0.04501222953919315
C(semantic_role)[T.patient],-0.015488710298116415,0.0016237707479876463,-0.0016321322514745618,-2.9292262536321283e-05,-0.0006928680424192965
C(syntactic_role)[T.subject],0.07749372677978794,-0.0016321322514745618,0.037982756156792995,-0.0007836996786160163,0.005338073107370169
C(valence)[T.-val],0.0006696518839605156,-2.9292262536321283e-05,-0.0007836996786160163,0.0019820214071117727,-0.0002630280967586784
C(dominance)[T.-dom],0.04501222953919315,-0.0006928680424192965,0.005338073107370169,-0.0002630280967586784,0.0033799556833227604
