,Group,C(semantic_role)[T.patient],C(syntactic_role)[T.subject],C(valence)[T.-val],C(dominance)[T.-dom]
Group,2.0359282223583057,0.06575038230654887,-0.06506875381609901,0.1388954242481951,0.016743031560277996
C(semantic_role)[T.patient],0.06575038230654887,0.004502955012934445,-0.0015170757084930016,0.005345690932002225,0.0005727945070194453
C(syntactic_role)[T.subject],-0.06506875381609901,-0.0015170757084930016,0.03390736227784443,-0.004940837306686765,-0.0005185814183772205
C(valence)[T.-val],0.1388954242481951,0.005345690932002225,-0.004940837306686765,0.0129772416162486,0.0014785731107114816
C(dominance)[T.-dom],0.016743031560277996,0.0005727945070194453,-0.0005185814183772205,0.0014785731107114816,0.0031794007437279336
