,Group,C(semantic_role)[T.patient],C(syntactic_role)[T.subject],C(valence)[T.-val],C(dominance)[T.-dom]
Group,2.083746156085183,0.06066768183178135,-0.06024745445302667,0.1167994420561152,0.04148825889016218
C(semantic_role)[T.patient],0.06066768183178135,0.003972940965205325,-0.001656211991202599,0.0038616256394363286,0.0013905506943600206
C(syntactic_role)[T.subject],-0.06024745445302667,-0.001656211991202599,0.033487617497841383,-0.004833508216521819,5.156677457835412e-05
C(valence)[T.-val],0.1167994420561152,0.0038616256394363286,-0.004833508216521819,0.010446639634722399,0.001142323812839914
C(dominance)[T.-dom],0.04148825889016218,0.0013905506943600206,5.156677457835412e-05,0.001142323812839914,0.006423679375199482
