,Group,C(semantic_role)[T.patient],C(syntactic_role)[T.subject],C(valence)[T.-val],C(dominance)[T.-dom]
Group,1.8636546954709627,0.09506882944586005,-0.15562633425944186,0.07058704548574436,0.036542698259329126
C(semantic_role)[T.patient],0.09506882944586005,0.010825596538693263,-0.0029548436390400977,0.0036942148840015954,0.0007997183928458207
C(syntactic_role)[T.subject],-0.15562633425944186,-0.0029548436390400977,0.048628334225011526,-0.003439831052259357,-0.0025843159944594772
C(valence)[T.-val],0.07058704548574436,0.0036942148840015954,-0.003439831052259357,0.0048489596402040615,0.0010446585268526919
C(dominance)[T.-dom],0.036542698259329126,0.0007997183928458207,-0.0025843159944594772,0.0010446585268526919,0.003147555170807465
