,Group,C(semantic_role)[T.patient],C(syntactic_role)[T.subject],C(valence)[T.-val],C(dominance)[T.-dom]
Group,1.281919497365149,0.1779593593085785,-0.21317260484285575,0.07669401987556544,0.10323867881043662
C(semantic_role)[T.patient],0.1779593593085785,0.028164346127168373,-0.029252715326492956,0.010154381023541617,0.01836086191079131
C(syntactic_role)[T.subject],-0.21317260484285575,-0.029252715326492956,0.08491642789567823,-0.008994864847153122,-0.01769734005363201
C(valence)[T.-val],0.07669401987556544,0.010154381023541617,-0.008994864847153122,0.0065887731361858855,0.0066715502864026855
C(dominance)[T.-dom],0.10323867881043662,0.01836086191079131,-0.01769734005363201,0.0066715502864026855,0.0138538463446008
