,Group,C(semantic_role)[T.patient],C(syntactic_role)[T.subject],C(valence)[T.-val],C(dominance)[T.-dom]
Group,1.9759004015092176,0.0595898738198971,-0.06402267741731983,0.13437017130350443,0.016280799177482055
C(semantic_role)[T.patient],0.0595898738198971,0.003923398871678684,-0.0013861859308290857,0.004853007125216012,0.0005199941710470277
C(syntactic_role)[T.subject],-0.06402267741731983,-0.0013861859308290857,0.0338985274954142,-0.004867633061864504,-0.0005115444185619762
C(valence)[T.-val],0.13437017130350443,0.004853007125216012,-0.004867633061864504,0.012645330498043283,0.0014443497610905748
C(dominance)[T.-dom],0.016280799177482055,0.0005199941710470277,-0.0005115444185619762,0.0014443497610905748,0.0031746637683965255
