,Group,C(semantic_role)[T.patient],C(syntactic_role)[T.subject],C(valence)[T.-val],C(dominance)[T.-dom]
Group,2.009242977256696,0.053877794941057676,-0.05839537401731807,0.11234701520941204,0.03967133319390035
C(semantic_role)[T.patient],0.053877794941057676,0.003363921956217335,-0.0014624375095595359,0.0034331056973271224,0.001231180228053249
C(syntactic_role)[T.subject],-0.05839537401731807,-0.0014624375095595359,0.033442804031024356,-0.004726817476329884,0.00010025035399262997
C(valence)[T.-val],0.11234701520941204,0.0034331056973271224,-0.004726817476329884,0.010190864488027456,0.0010324642238475439
C(dominance)[T.-dom],0.03967133319390035,0.001231180228053249,0.00010025035399262997,0.0010324642238475439,0.006376282837695691
