,Group,C(semantic_role)[T.patient],C(syntactic_role)[T.subject],C(valence)[T.-val],C(dominance)[T.-dom]
Group,1.19536299514024,0.0386236521656731,0.003721313200896962,0.10664743582242275,0.052785519020370465
C(semantic_role)[T.patient],0.0386236521656731,0.004451244136250049,0.000818038050726303,0.0036392062148069863,0.0011384312309230939
C(syntactic_role)[T.subject],0.003721313200896962,0.000818038050726303,0.0067526874239928845,0.0012726322034061017,-0.0007522259670260846
C(valence)[T.-val],0.10664743582242275,0.0036392062148069863,0.0012726322034061017,0.01129085042757266,0.0030336083285642072
C(dominance)[T.-dom],0.052785519020370465,0.0011384312309230939,-0.0007522259670260846,0.0030336083285642072,0.005583696022326235
