,Group,C(semantic_role)[T.patient],C(syntactic_role)[T.subject],C(valence)[T.-val],C(dominance)[T.-dom]
Group,1.6022110618513268,0.1267059200965328,0.00929193662076745,0.1360023874185296,0.012724240994738593
C(semantic_role)[T.patient],0.1267059200965328,0.0152766616111971,0.008980166281265193,0.011324804431780236,0.004285863726725894
C(syntactic_role)[T.subject],0.00929193662076745,0.008980166281265193,0.049767456285616046,0.0019984910083752166,0.010125897799024683
C(valence)[T.-val],0.1360023874185296,0.011324804431780236,0.0019984910083752166,0.015509815792065012,-0.0016338734494240504
C(dominance)[T.-dom],0.012724240994738593,0.004285863726725894,0.010125897799024683,-0.0016338734494240504,0.0078119188158275055
