,Group,C(semantic_role)[T.patient],C(syntactic_role)[T.subject],C(valence)[T.-val],C(dominance)[T.-dom]
Group,1.5881390771333115,0.14275331726493443,-0.007075069655744977,0.15210777460926653,-0.004170405946244275
C(semantic_role)[T.patient],0.14275331726493443,0.01791245047920108,0.006543426129908681,0.015038560842645403,0.0019017294806811628
C(syntactic_role)[T.subject],-0.007075069655744977,0.006543426129908681,0.049385250266315454,0.0014261165298347523,0.008993522878350084
C(valence)[T.-val],0.15210777460926653,0.015038560842645403,0.0014261165298347523,0.018557484785845138,-0.002292706893324488
C(dominance)[T.-dom],-0.004170405946244275,0.0019017294806811628,0.008993522878350084,-0.002292706893324488,0.006180418584644547
