,Group,C(semantic_role)[T.patient],C(syntactic_role)[T.subject],C(valence)[T.-val],C(dominance)[T.-dom]
Group,1.6186248848378912,0.12807675899620796,0.009585077965055653,0.1380516923767596,0.01255213602668113
C(semantic_role)[T.patient],0.12807675899620796,0.015402562428007553,0.008964232830697564,0.011495857419229162,0.004260501114840221
C(syntactic_role)[T.subject],0.009585077965055653,0.008964232830697564,0.049676724346805895,0.002026424398451883,0.01008694167382885
C(valence)[T.-val],0.1380516923767596,0.011495857419229162,0.002026424398451883,0.01578081869977941,-0.001661040836234556
C(dominance)[T.-dom],0.01255213602668113,0.004260501114840221,0.01008694167382885,-0.001661040836234556,0.007819722079059193
