,Group,C(semantic_role)[T.patient],C(syntactic_role)[T.subject],C(valence)[T.-val],C(dominance)[T.-dom]
Group,1.6138938879050608,0.1453803703197043,-0.006920296221717556,0.15553987020426915,-0.00460683717061643
C(semantic_role)[T.patient],0.1453803703197043,0.01819288156712358,0.00656404640221841,0.015388417972337892,0.001859962910968059
C(syntactic_role)[T.subject],-0.006920296221717556,0.00656404640221841,0.049394075788749506,0.001453923532943878,0.008982902333547782
C(valence)[T.-val],0.15553987020426915,0.015388417972337892,0.001453923532943878,0.019029244021145954,-0.002349500239498903
C(dominance)[T.-dom],-0.00460683717061643,0.001859962910968059,0.008982902333547782,-0.002349500239498903,0.006196086570240657
