,Group,C(semantic_role)[T.patient],C(syntactic_role)[T.subject],C(valence)[T.-val],C(dominance)[T.-dom]
Group,2.335890259312608,0.11205004200615339,-0.21030612806725354,0.11079513328931569,-0.06020419092345578
C(semantic_role)[T.patient],0.11205004200615339,0.008084560652523973,-0.011671813505307143,0.006312228929776491,-0.0031995849274778416
C(syntactic_role)[T.subject],-0.21030612806725354,-0.011671813505307143,0.06577363508600916,-0.0065636022207659975,0.004320190540596325
C(valence)[T.-val],0.11079513328931569,0.006312228929776491,-0.0065636022207659975,0.013291378091896247,-0.006684164149764918
C(dominance)[T.-dom],-0.06020419092345578,-0.0031995849274778416,0.004320190540596325,-0.006684164149764918,0.006709023975613486
