,Group,C(semantic_role)[T.patient],C(syntactic_role)[T.subject],C(valence)[T.-val],C(dominance)[T.-dom]
Group,1.8550625372892906,0.09495970463605707,-0.15546192175799067,0.07006757785805987,0.03669946311961677
C(semantic_role)[T.patient],0.09495970463605707,0.01083270177186899,-0.0029389166327660793,0.0036919499446903146,0.0008024377394310337
C(syntactic_role)[T.subject],-0.15546192175799067,-0.0029389166327660793,0.048624661186098955,-0.0034488276597526993,-0.0025937781149813297
C(valence)[T.-val],0.07006757785805987,0.0036919499446903146,-0.0034488276597526993,0.004839775846403783,0.0010466153097523322
C(dominance)[T.-dom],0.03669946311961677,0.0008024377394310337,-0.0025937781149813297,0.0010466153097523322,0.0031527148393786287
