,Group,C(semantic_role)[T.patient],C(syntactic_role)[T.subject]
Group,0.8168244005166185,0.008265546651352259,0.03866704104929551
C(semantic_role)[T.patient],0.008265546651352259,0.004439487942180793,0.0033290745618433353
C(syntactic_role)[T.subject],0.03866704104929551,0.0033290745618433353,0.030522903998204315
