,Group,C(semantic_role)[T.patient],C(syntactic_role)[T.subject],C(valence)[T.-val],C(dominance)[T.-dom]
Group,2.4665206870143193,-0.07127683289459069,-0.2800119666123448,0.27410654974446325,-0.007363732475828544
C(semantic_role)[T.patient],-0.07127683289459069,0.08519071345266124,0.006078743783904604,-0.006477051413426382,-0.00024124150966664323
C(syntactic_role)[T.subject],-0.2800119666123448,0.006078743783904604,0.064127584308987,-0.02577999039087148,-0.0009098447891696433
C(valence)[T.-val],0.27410654974446325,-0.006477051413426382,-0.02577999039087148,0.09134454767350465,0.0008594225557196756
C(dominance)[T.-dom],-0.007363732475828544,-0.00024124150966664323,-0.0009098447891696433,0.0008594225557196756,0.07555083821259331
