,Group,C(semantic_role)[T.patient],C(syntactic_role)[T.subject],C(valence)[T.-val],C(dominance)[T.-dom]
Group,2.5526976767865555,-0.07592960850033403,-0.2886096659794293,0.24087859266059192,0.035300076846564034
C(semantic_role)[T.patient],-0.07592960850033403,0.09821329614238879,0.005807740971428532,-0.005256069193389867,-0.0018335795147146527
C(syntactic_role)[T.subject],-0.2886096659794293,0.005807740971428532,0.07111981951701785,-0.021116827812552978,-0.006490115229907304
C(valence)[T.-val],0.24087859266059192,-0.005256069193389867,-0.021116827812552978,0.09524346554864632,0.00503737676997147
C(dominance)[T.-dom],0.035300076846564034,-0.0018335795147146527,-0.006490115229907304,0.00503737676997147,0.08669807331470167
