,Group,C(semantic_role)[T.patient],C(syntactic_role)[T.subject],C(valence)[T.-val],C(dominance)[T.-dom]
Group,2.540936292217502,-0.07552855380380391,-0.28707998771106225,0.23959811369872178,0.03511067308487959
C(semantic_role)[T.patient],-0.07552855380380391,0.09590286937632254,0.0057980837842250155,-0.005241776843167682,-0.0018153526521667357
C(syntactic_role)[T.subject],-0.28707998771106225,0.0057980837842250155,0.06962442064014211,-0.0210769527100287,-0.006415350733306378
C(valence)[T.-val],0.23959811369872178,-0.005241776843167682,-0.0210769527100287,0.09319912106428435,0.004984880898003583
C(dominance)[T.-dom],0.03511067308487959,-0.0018153526521667357,-0.006415350733306378,0.004984880898003583,0.0845530969095572
