,Group,C(semantic_role)[T.patient],C(syntactic_role)[T.subject],C(valence)[T.-val],C(dominance)[T.-dom]
Group,2.4563304591850725,-0.07093870696493998,-0.2786797109671164,0.27279930087844684,-0.00733013507592457
C(semantic_role)[T.patient],-0.07093870696493998,0.08332423884111692,0.006063162023891708,-0.006454385075421735,-0.00023601149099402696
C(syntactic_role)[T.subject],-0.2786797109671164,0.006063162023891708,0.06292103766969682,-0.025713383946260982,-0.0008810916215280626
C(valence)[T.-val],0.27279930087844684,-0.006454385075421735,-0.025713383946260982,0.08966852608221214,0.0008350120899951825
C(dominance)[T.-dom],-0.00733013507592457,-0.00023601149099402696,-0.0008810916215280626,0.0008350120899951825,0.07380662297645427
