,Group,C(semantic_role)[T.patient],C(syntactic_role)[T.subject]
Group,1.0082699424587058,0.11413421792762055,-0.15620472887099524
C(semantic_role)[T.patient],0.11413421792762055,0.015170595809777289,-0.01676860914832598
C(syntactic_role)[T.subject],-0.15620472887099524,-0.01676860914832598,0.07442658751604671
