,Group,C(semantic_role)[T.patient],C(syntactic_role)[T.subject]
Group,1.253728126088239,0.05990205507081157,-0.048333931506288695
C(semantic_role)[T.patient],0.05990205507081157,0.005352607200180943,0.001458653780356266
C(syntactic_role)[T.subject],-0.048333931506288695,0.001458653780356266,0.019132099881402423
