,Group,C(semantic_role)[T.patient],C(syntactic_role)[T.subject],C(valence)[T.-val],C(dominance)[T.-dom]
Group,1.5095676683755834,0.07428881144335345,-0.013273555430547234,0.11216377497718487,-0.015668966427919716
C(semantic_role)[T.patient],0.07428881144335345,0.005424480564839393,0.0036147570331130055,0.006079776118350417,-0.0019873090348184086
C(syntactic_role)[T.subject],-0.013273555430547234,0.0036147570331130055,0.04022787133956646,0.0023586013305443433,0.0027262396318391753
C(valence)[T.-val],0.11216377497718487,0.006079776118350417,0.0023586013305443433,0.012437116822411432,-0.0028449505568150764
C(dominance)[T.-dom],-0.015668966427919716,-0.0019873090348184086,0.0027262396318391753,-0.0028449505568150764,0.004293249902191867
