random_term,Group,C(semantic_role)[T.patient],C(syntactic_role)[T.subject]
Group,1.2537757247969634,0.05998396835075508,-0.048282996558203804
C(semantic_role)[T.patient],0.05998396835075508,0.0051973235875800205,0.0014566981513866636
C(syntactic_role)[T.subject],-0.048282996558203804,0.0014566981513866636,0.018978789882492825
