,Group,C(semantic_role)[T.patient],C(syntactic_role)[T.subject],C(valence)[T.-val],C(dominance)[T.-dom]
Group,1.8538866706188382,0.0949158517538178,-0.155256769452874,0.0699979093952097,0.036681592071410724
C(semantic_role)[T.patient],0.0949158517538178,0.010830979592771753,-0.002931655342069931,0.0036892573457455815,0.0008017589473635945
C(syntactic_role)[T.subject],-0.155256769452874,-0.002931655342069931,0.048584558382018424,-0.0034376185810133662,-0.002590611260487417
C(valence)[T.-val],0.0699979093952097,0.0036892573457455815,-0.0034376185810133662,0.004835424943843743,0.001045578637030303
C(dominance)[T.-dom],0.036681592071410724,0.0008017589473635945,-0.002590611260487417,0.001045578637030303,0.0031524768686916746
