,Group,C(semantic_role)[T.patient],C(syntactic_role)[T.subject],C(valence)[T.-val],C(dominance)[T.-dom]
Group,1.8637744568191021,0.08125678234300106,-0.1419942330903419,0.061085367707239685,0.04606281495680696
C(semantic_role)[T.patient],0.08125678234300106,0.00892964751968981,-0.0012951491289585196,0.002304515112129011,0.0013851025172627628
C(syntactic_role)[T.subject],-0.1419942330903419,-0.0012951491289585196,0.04643140097445595,-0.003484385158437988,-0.001677647600233261
C(valence)[T.-val],0.061085367707239685,0.002304515112129011,-0.003484385158437988,0.004146376484329053,0.0006623391276492668
C(dominance)[T.-dom],0.04606281495680696,0.0013851025172627628,-0.001677647600233261,0.0006623391276492668,0.004533068920124142
