,Group,C(semantic_role)[T.patient],C(syntactic_role)[T.subject],C(valence)[T.-val],C(dominance)[T.-dom]
Group,0.6116095029258041,0.009672181982832173,0.03266770567723208,-0.006931965293102968,0.030589753111111277
C(semantic_role)[T.patient],0.009672181982832173,0.015705522151567054,0.0033717294826675196,0.0028845601976469604,0.006887386561920362
C(syntactic_role)[T.subject],0.03266770567723208,0.0033717294826675196,0.027660810602003226,-0.004791796564509008,0.00370385321195318
C(valence)[T.-val],-0.006931965293102968,0.0028845601976469604,-0.004791796564509008,0.0044819125972814814,0.0028214980625534992
C(dominance)[T.-dom],0.030589753111111277,0.006887386561920362,0.00370385321195318,0.0028214980625534992,0.005832167188926158
