term,coef,std_err,z,p_value,ci_low,ci_high
Intercept,-0.9416960512413967,0.9797521346874946,-0.961157437581663,0.3364730133421657,-2.861974949005122,0.9785828465223289
C(semantic_role)[T.patient],-0.10488040806496365,0.009503502995343577,-11.035973589565007,2.5626089625421584e-28,-0.12350693166280559,-0.08625388446712172
C(syntactic_role)[T.subject],-0.0024159975326540893,0.041930060408321056,-0.057619700738008775,0.9540515568230044,-0.08459740580255219,0.07976541073724401
C(valence)[T.-val],0.028047578622265344,0.007530317712029228,3.724620885180054,0.00019560896247694428,0.013288427114543994,0.04280673012998669
C(dominance)[T.-dom],0.024641762032680266,0.0116076972418175,2.122881181282596,0.03376380978764556,0.0018910934952730413,0.04739243057008749
log_frequency,-0.20579576441873523,0.07703877429885381,-2.671327085506306,0.007555198694821465,-0.3567889874575987,-0.05480254137987181
lex_emb_norm,1.2358932854944047,0.3454370593356179,3.5777669248094255,0.0003465422535739235,0.5588490902711679,1.9129374807176416
