,Group,C(semantic_role)[T.patient],C(syntactic_role)[T.subject],C(valence)[T.-val],C(dominance)[T.-dom]
Group,1.118439537252182,-0.013109055388968368,0.07656718456714741,0.0014087980765495486,0.046557456222366164
C(semantic_role)[T.patient],-0.013109055388968368,0.0020275020092535793,0.0017816420798912609,-0.00020418911957477108,-0.00046842266989713063
C(syntactic_role)[T.subject],0.07656718456714741,0.0017816420798912609,0.05539753070239774,-0.001502218162082972,0.005113219983867934
C(valence)[T.-val],0.0014087980765495486,-0.00020418911957477108,-0.001502218162082972,0.0009519537104260401,0.0004366467822650571
C(dominance)[T.-dom],0.046557456222366164,-0.00046842266989713063,0.005113219983867934,0.0004366467822650571,0.0034490081236407608
