,Group,C(semantic_role)[T.patient],C(syntactic_role)[T.subject],C(valence)[T.-val],C(dominance)[T.-dom]
Group,2.449178675390487,-0.07070773566693495,-0.27784575251384047,0.2718986690192681,-0.007308578106642836
C(semantic_role)[T.patient],-0.07070773566693495,0.08210261496508732,0.006054814543725367,-0.006438826111248838,-0.00023254188911868144
C(syntactic_role)[T.subject],-0.27784575251384047,0.006054814543725367,0.061548064963023105,-0.02572760987120604,-0.0008447593431904861
C(valence)[T.-val],0.2718986690192681,-0.006438826111248838,-0.02572760987120604,0.08856871967727634,0.0008189686292747053
C(dominance)[T.-dom],-0.007308578106642836,-0.00023254188911868144,-0.0008447593431904861,0.0008189686292747053,0.07266551815846675
