,Group,C(semantic_role)[T.patient],C(syntactic_role)[T.subject],C(valence)[T.-val],C(dominance)[T.-dom]
Group,2.5326194747307613,-0.07525733931639779,-0.28618585815656417,0.23871970101991985,0.034978197193070146
C(semantic_role)[T.patient],-0.07525733931639779,0.09444473999895055,0.005795693620473103,-0.005231623924104943,-0.0018035497325645826
C(syntactic_role)[T.subject],-0.28618585815656417,0.005795693620473103,0.06752232018918687,-0.021160917220051232,-0.006327953714458165
C(valence)[T.-val],0.23871970101991985,-0.005231623924104943,-0.021160917220051232,0.0919049305976052,0.004950904129192178
C(dominance)[T.-dom],0.034978197193070146,-0.0018035497325645826,-0.006327953714458165,0.004950904129192178,0.08319992017297917
