,Group,C(semantic_role)[T.patient],C(syntactic_role)[T.subject],C(valence)[T.-val],C(dominance)[T.-dom]
Group,0.6066314200753639,0.009511390606995537,0.03322684089200939,-0.006093524871583184,0.029043625326314524
C(semantic_role)[T.patient],0.009511390606995537,0.014472934938660335,0.0030207894375227145,0.002541871399152612,0.005973476103105984
C(syntactic_role)[T.subject],0.03322684089200939,0.0030207894375227145,0.0259211280209396,-0.0048100740634955605,0.0037478231582625645
C(valence)[T.-val],-0.006093524871583184,0.002541871399152612,-0.0048100740634955605,0.004425172039223202,0.0026252789507812996
C(dominance)[T.-dom],0.029043625326314524,0.005973476103105984,0.0037478231582625645,0.0026252789507812996,0.005282959271005117
