,Group,C(semantic_role)[T.patient],C(syntactic_role)[T.subject]
Group,1.3617010689645885,0.04092565958027201,0.003994774389699773
C(semantic_role)[T.patient],0.04092565958027201,0.004428156041679683,0.0008121369226623761
C(syntactic_role)[T.subject],0.003994774389699773,0.0008121369226623761,0.006746444129627896
