,Group,C(semantic_role)[T.patient],C(syntactic_role)[T.subject],C(valence)[T.-val],C(dominance)[T.-dom]
Group,1.6271819890703376,0.08070340244532936,-0.010784410361604851,0.12644720308303511,-0.018691127273760894
C(semantic_role)[T.patient],0.08070340244532936,0.005774413658733122,0.0037466851565449,0.006854422432733203,-0.002150385436875555
C(syntactic_role)[T.subject],-0.010784410361604851,0.0037466851565449,0.04029456810153217,0.0026544491763501377,0.0026684923593313127
C(valence)[T.-val],0.12644720308303511,0.006854422432733203,0.0026544491763501377,0.014169200125188495,-0.0032094166475799073
C(dominance)[T.-dom],-0.018691127273760894,-0.002150385436875555,0.0026684923593313127,-0.0032094166475799073,0.004369869878208948
