,Group,C(semantic_role)[T.patient],C(syntactic_role)[T.subject],C(valence)[T.-val],C(dominance)[T.-dom]
Group,1.6460029726356418,0.07222946219697318,-0.015481742005230061,0.1392420614512369,-0.030296870047344805
C(semantic_role)[T.patient],0.07222946219697318,0.005007729625404706,0.0037880776795662136,0.006834310888674911,-0.0025712375183352164
C(syntactic_role)[T.subject],-0.015481742005230061,0.0037880776795662136,0.03959274240789923,0.0024792363928116327,0.002522990516518109
C(valence)[T.-val],0.1392420614512369,0.006834310888674911,0.0024792363928116327,0.016456922622001692,-0.004542483677624184
C(dominance)[T.-dom],-0.030296870047344805,-0.0025712375183352164,0.002522990516518109,-0.004542483677624184,0.004879812712847664
