,Group,C(semantic_role)[T.patient],C(syntactic_role)[T.subject]
Group,1.3590364687482717,0.040843206152422755,0.003967030320844367
C(semantic_role)[T.patient],0.040843206152422755,0.004431488191682937,0.0008081945788477613
C(syntactic_role)[T.subject],0.003967030320844367,0.0008081945788477613,0.0067541737392855525
