,Group,C(semantic_role)[T.patient],C(syntactic_role)[T.subject],C(valence)[T.-val],C(dominance)[T.-dom]
Group,1.855058742918142,0.09496048783610414,-0.1554523249689958,0.07006579846620456,0.03670086922339068
C(semantic_role)[T.patient],0.09496048783610414,0.010834726017786346,-0.002937414520020987,0.003692149882404366,0.0008024559646957791
C(syntactic_role)[T.subject],-0.1554523249689958,-0.002937414520020987,0.048623920131835044,-0.003448153492801581,-0.0025940941919113166
C(valence)[T.-val],0.07006579846620456,0.003692149882404366,-0.003448153492801581,0.004841532789486151,0.0010468048641074598
C(dominance)[T.-dom],0.03670086922339068,0.0008024559646957791,-0.0025940941919113166,0.0010468048641074598,0.0031547437827491934
