,Group,C(semantic_role)[T.patient],C(syntactic_role)[T.subject],C(valence)[T.-val],C(dominance)[T.-dom]
Group,1.5092355681094611,0.0742859495950005,-0.01320080838132641,0.11214994407033393,-0.015672461301848777
C(semantic_role)[T.patient],0.0742859495950005,0.0054184362363289525,0.0036198484124346096,0.006078206932452147,-0.001986894655811364
C(syntactic_role)[T.subject],-0.01320080838132641,0.0036198484124346096,0.04020694343751715,0.00235880023844153,0.002723985259216157
C(valence)[T.-val],0.11214994407033393,0.006078206932452147,0.00235880023844153,0.012430908313783212,-0.0028459460786547427
C(dominance)[T.-dom],-0.015672461301848777,-0.001986894655811364,0.002723985259216157,-0.0028459460786547427,0.004285122251887822
