,Group,C(semantic_role)[T.patient],C(syntactic_role)[T.subject],C(valence)[T.-val],C(dominance)[T.-dom]
Group,1.5113025468516152,0.065609679188662,-0.017876058287807275,0.12230819898570203,-0.025935688736665692
C(semantic_role)[T.patient],0.065609679188662,0.004676567557595506,0.003657256552888371,0.006000241495674652,-0.002357656897371867
C(syntactic_role)[T.subject],-0.017876058287807275,0.003657256552888371,0.03951010569807756,0.00217156609651245,0.0026065408615804026
C(valence)[T.-val],0.12230819898570203,0.006000241495674652,0.00217156609651245,0.01431472040569966,-0.003991644562420549
C(dominance)[T.-dom],-0.025935688736665692,-0.002357656897371867,0.0026065408615804026,-0.003991644562420549,0.004732811415772775
