,Group,C(semantic_role)[T.patient],C(syntactic_role)[T.subject]
Group,1.3595832165564141,0.04088402280311563,0.003971064554444305
C(semantic_role)[T.patient],0.04088402280311563,0.004422453307128196,0.0008136077414099829
C(syntactic_role)[T.subject],0.003971064554444305,0.0008136077414099829,0.006741548123247936
