,Group,C(semantic_role)[T.patient],C(syntactic_role)[T.subject],C(valence)[T.-val],C(dominance)[T.-dom]
Group,1.512637561053277,0.06565760985743502,-0.018056020940444367,0.12243223467194413,-0.025993230073659345
C(semantic_role)[T.patient],0.06565760985743502,0.004684515925336698,0.0036661677733261775,0.006003638654568165,-0.002356089104171053
C(syntactic_role)[T.subject],-0.018056020940444367,0.0036661677733261775,0.039572295042875495,0.0021633533465852755,0.0026086351973839635
C(valence)[T.-val],0.12243223467194413,0.006003638654568165,0.0021633533465852755,0.014330662076714873,-0.003992759774270693
C(dominance)[T.-dom],-0.025993230073659345,-0.002356089104171053,0.0026086351973839635,-0.003992759774270693,0.004734613683815721
