,Group,C(semantic_role)[T.patient],C(syntactic_role)[T.subject],C(valence)[T.-val],C(dominance)[T.-dom]
Group,1.8636248587460236,0.08124562919747272,-0.14200737107124278,0.06107917495709723,0.046071050820808104
C(semantic_role)[T.patient],0.08124562919747272,0.008931062569831746,-0.0013001377611548733,0.0023035701457116906,0.001385268327881476
C(syntactic_role)[T.subject],-0.14200737107124278,-0.0013001377611548733,0.04644295623044714,-0.003484892020653957,-0.0016783124264981015
C(valence)[T.-val],0.06107917495709723,0.0023035701457116906,-0.003484892020653957,0.004152482514827334,0.0006629476871604925
C(dominance)[T.-dom],0.046071050820808104,0.001385268327881476,-0.0016783124264981015,0.0006629476871604925,0.004534918548525189
