,Group,C(semantic_role)[T.patient],C(syntactic_role)[T.subject],C(valence)[T.-val],C(dominance)[T.-dom]
Group,1.8538806737235412,0.09491617390565493,-0.15524850696141052,0.06999610392896403,0.036682518947983966
C(semantic_role)[T.patient],0.09491617390565493,0.010832938469007168,-0.002930371600340172,0.003689429397842424,0.0008017576755051633
C(syntactic_role)[T.subject],-0.15524850696141052,-0.002930371600340172,0.048583672736842304,-0.003437050878393678,-0.0025908666631607805
C(valence)[T.-val],0.06999610392896403,0.003689429397842424,-0.003437050878393678,0.004837170228329501,0.0010457523651788495
C(dominance)[T.-dom],0.036682518947983966,0.0008017576755051633,-0.0025908666631607805,0.0010457523651788495,0.00315447656550799
