,Group,C(semantic_role)[T.patient],C(syntactic_role)[T.subject],C(valence)[T.-val],C(dominance)[T.-dom]
Group,1.868178936999124,0.0950778501298074,-0.1573173996143755,0.07056348196078611,0.03666355480529017
C(semantic_role)[T.patient],0.0950778501298074,0.0108247467650539,-0.002971164896681642,0.003688416544209873,0.0007996657817860367
C(syntactic_role)[T.subject],-0.1573173996143755,-0.002971164896681642,0.04923963152790334,-0.0034468029333748484,-0.0026115681489905646
C(valence)[T.-val],0.07056348196078611,0.003688416544209873,-0.0034468029333748484,0.004844496500688406,0.001045865859724464
C(dominance)[T.-dom],0.03666355480529017,0.0007996657817860367,-0.0026115681489905646,0.001045865859724464,0.003156139679628672
