,Group,C(semantic_role)[T.patient],C(syntactic_role)[T.subject],C(valence)[T.-val],C(dominance)[T.-dom]
Group,2.3365906678479567,0.11207796090327514,-0.21031092044826658,0.11087075574672284,-0.0603811092215492
C(semantic_role)[T.patient],0.11207796090327514,0.0080864082421397,-0.01166843288092406,0.0063158913348720785,-0.0032081713886222985
C(syntactic_role)[T.subject],-0.21031092044826658,-0.01166843288092406,0.06576080992521924,-0.006572068591405514,0.004327015622213834
C(valence)[T.-val],0.11087075574672284,0.0063158913348720785,-0.006572068591405514,0.013299165243997548,-0.006701386596089957
C(dominance)[T.-dom],-0.0603811092215492,-0.0032081713886222985,0.004327015622213834,-0.006701386596089957,0.006732381652824964
