,Group,C(semantic_role)[T.patient],C(syntactic_role)[T.subject]
Group,0.81681787364379,0.008286560803921162,0.03897157858953133
C(semantic_role)[T.patient],0.008286560803921162,0.0044378433450639135,0.003323651732433437
C(syntactic_role)[T.subject],0.03897157858953133,0.003323651732433437,0.030561909463309347
