term,coef,std_err,z,p_value,ci_low,ci_high
Intercept,1.6729076657181468,0.6353762782587906,2.632940074978321,0.008464928108025847,0.42759304369981743,2.918222287736476
C(semantic_role)[T.patient],0.13311487833590113,0.025622643223436638,5.195204771619464,2.0449462202082037e-07,0.08289542042924605,0.1833343362425562
C(syntactic_role)[T.subject],-0.3379105885824643,0.04270424166715777,-7.912810891624816,2.5164145846181946e-15,-0.42160936423718826,-0.25421181292774037
C(valence)[T.-val],0.21850077311130717,0.02569661343841762,8.503096084429494,1.8459999099624764e-17,0.16813633624736068,0.26886520997525365
C(dominance)[T.-dom],-0.06275087992355956,0.01599804937399669,-3.9224081921859266,8.76683028057474e-05,-0.09410648051948664,-0.03139527932763248
log_frequency,0.11870920110241398,0.08031532508038426,1.478039228299243,0.13939727865435753,-0.0387059434617657,0.27612434566659366
lex_emb_norm,-0.07175712632084026,0.6551436718693254,-0.10952883985904224,0.912783048468076,-1.3558151278840451,1.2123008752423645
