{
  "formula": "log_he_she_odds ~ C(semantic_role) + C(syntactic_role) + C(valence) + C(dominance) + log_frequency + lex_emb_norm",
  "re_formula": "1 + C(semantic_role) + C(syntactic_role) + C(valence) + C(dominance)",
  "group_col": "profession",
  "optimizer": "lbfgs",
  "converged": true,
  "aic": 23079.733768456063,
  "bic": 23255.4427746102,
  "log_likelihood": -11516.866884228031,
  "nobs": 15360,
  "residual_variance": 0.2544862318727088,
  "R2m": 0.04536056304197561,
  "R2c": 0.8951018765224933,
  "random_effect_variance_semantic_role": 0.018887916465281745,
  "random_effect_variance_syntactic_role": 0.05623615360480164,
  "random_effect_variance_valence": 0.019009391551615292,
  "random_effect_variance_dominance": 0.0060692840817916085
}