,Group,C(semantic_role)[T.patient],C(syntactic_role)[T.subject],C(valence)[T.-val],C(dominance)[T.-dom]
Group,1.6945779669026304,0.15666442735028824,-0.017526616326368843,0.15812527094857884,0.005967687368015348
C(semantic_role)[T.patient],0.15666442735028824,0.018887916465281745,0.003667534718840584,0.015949309634918588,0.0023060976383358833
C(syntactic_role)[T.subject],-0.017526616326368843,0.003667534718840584,0.05623615360480164,-0.000778156365613569,0.008023078293478902
C(valence)[T.-val],0.15812527094857884,0.015949309634918588,-0.000778156365613569,0.019009391551615292,-0.001988398886743005
C(dominance)[T.-dom],0.005967687368015348,0.0023060976383358833,0.008023078293478902,-0.001988398886743005,0.0060692840817916085
