,Group,C(semantic_role)[T.patient],C(syntactic_role)[T.subject],C(valence)[T.-val],C(dominance)[T.-dom]
Group,2.33005384957475,0.21462601170321047,-0.4514123908079591,0.166089276133258,0.06034591775476243
C(semantic_role)[T.patient],0.21462601170321047,0.12362188254990253,-0.04024318915737528,0.007924927852244766,0.0038643264842283453
C(syntactic_role)[T.subject],-0.4514123908079591,-0.04024318915737528,0.11699713049987706,-0.028407742123365137,-0.012208521791322225
C(valence)[T.-val],0.166089276133258,0.007924927852244766,-0.028407742123365137,0.12217221494137455,0.0042985843994057
C(dominance)[T.-dom],0.06034591775476243,0.0038643264842283453,-0.012208521791322225,0.0042985843994057,0.11689599445702634
