,Group,C(semantic_role)[T.patient],C(syntactic_role)[T.subject],C(valence)[T.-val],C(dominance)[T.-dom]
Group,2.353564121674912,0.19825788973134942,-0.465965748390829,0.17385940443250056,0.05441648310301957
C(semantic_role)[T.patient],0.19825788973134942,0.12422286831085796,-0.03809281007561325,0.007047810885935047,0.003144100831589392
C(syntactic_role)[T.subject],-0.465965748390829,-0.03809281007561325,0.12375528776016358,-0.031380941146232556,-0.010393512224818324
C(valence)[T.-val],0.17385940443250056,0.007047810885935047,-0.031380941146232556,0.12605282395088335,0.004732271686918562
C(dominance)[T.-dom],0.05441648310301957,0.003144100831589392,-0.010393512224818324,0.004732271686918562,0.1183942311851425
