random_term,Group,C(semantic_role)[T.patient],C(syntactic_role)[T.subject]
Group,1.2538435261505976,0.059926069556611346,-0.04838862411204915
C(semantic_role)[T.patient],0.059926069556611346,0.005340650240490102,0.0014548100251593143
C(syntactic_role)[T.subject],-0.04838862411204915,0.0014548100251593143,0.019104408371292302
