,Group,C(semantic_role)[T.patient],C(syntactic_role)[T.subject],C(valence)[T.-val],C(dominance)[T.-dom]
Group,2.3358863547449995,0.11212826826303034,-0.21057537044865746,0.11076628847031755,-0.06015864687626128
C(semantic_role)[T.patient],0.11212826826303034,0.008090796659343872,-0.01170646673380766,0.00631590562043936,-0.003199622453311369
C(syntactic_role)[T.subject],-0.21057537044865746,-0.01170646673380766,0.06586675747773377,-0.0065694372943822755,0.004312275879730247
C(valence)[T.-val],0.11076628847031755,0.00631590562043936,-0.0065694372943822755,0.013294698744081221,-0.00668480831470432
C(dominance)[T.-dom],-0.06015864687626128,-0.003199622453311369,0.004312275879730247,-0.00668480831470432,0.006711886055867514
