,Group,C(semantic_role)[T.patient],C(syntactic_role)[T.subject],C(valence)[T.-val],C(dominance)[T.-dom]
Group,1.853876566650363,0.09491579892784595,-0.15524656469610185,0.06999536511853868,0.03668229778668981
C(semantic_role)[T.patient],0.09491579892784595,0.010833816654525286,-0.0029300245149987626,0.0036894817150171146,0.0008017310513771885
C(syntactic_role)[T.subject],-0.15524656469610185,-0.0029300245149987626,0.04858333700708931,-0.0034369275884756504,-0.002590917751884769
C(valence)[T.-val],0.06999536511853868,0.0036894817150171146,-0.0034369275884756504,0.004838014846607482,0.001045811527912434
C(dominance)[T.-dom],0.03668229778668981,0.0008017310513771885,-0.002590917751884769,0.001045811527912434,0.0031553977332008836
