,Group,C(semantic_role)[T.patient],C(syntactic_role)[T.subject],C(valence)[T.-val],C(dominance)[T.-dom]
Group,1.869806913137242,0.09436079947942949,-0.15628810464953027,0.07062967715971416,0.03831377114236297
C(semantic_role)[T.patient],0.09436079947942949,0.010902936993255041,-0.002878353995551355,0.0036703249617398882,0.0006146601239029347
C(syntactic_role)[T.subject],-0.15628810464953027,-0.002878353995551355,0.04866103997083936,-0.0034537424846348506,-0.002776090946872531
C(valence)[T.-val],0.07062967715971416,0.0036703249617398882,-0.0034537424846348506,0.0048402436979623755,0.0010878450924391488
C(dominance)[T.-dom],0.03831377114236297,0.0006146601239029347,-0.002776090946872531,0.0010878450924391488,0.003610821452004735
