,Group,C(semantic_role)[T.patient],C(syntactic_role)[T.subject],C(valence)[T.-val],C(dominance)[T.-dom]
Group,4.232653471364986,0.18703421848930965,-0.28539601564996475,0.2966704063925101,0.08386407690256592
C(semantic_role)[T.patient],0.18703421848930965,0.01517797159644769,-0.007783976045028775,0.01215290075063189,0.0022052198616872498
C(syntactic_role)[T.subject],-0.28539601564996475,-0.007783976045028775,0.05603212826229783,-0.01599085912694339,-0.0049602685417834734
C(valence)[T.-val],0.2966704063925101,0.01215290075063189,-0.01599085912694339,0.026510389811380573,0.005629553839341567
C(dominance)[T.-dom],0.08386407690256592,0.0022052198616872498,-0.0049602685417834734,0.005629553839341567,0.00453023406411521
