,Group,C(semantic_role)[T.patient],C(syntactic_role)[T.subject],C(valence)[T.-val],C(dominance)[T.-dom]
Group,1.9609206657339873,0.05904807601445292,-0.0636255931148111,0.13275244061793262,0.01607716311579215
C(semantic_role)[T.patient],0.05904807601445292,0.003903308677964869,-0.001367305315254892,0.004795035178097676,0.0005132371503812853
C(syntactic_role)[T.subject],-0.0636255931148111,-0.001367305315254892,0.033891167479453865,-0.004817887476750807,-0.0005050457259181591
C(valence)[T.-val],0.13275244061793262,0.004795035178097676,-0.004817887476750807,0.012472949479908532,0.0014242563528511006
C(dominance)[T.-dom],0.01607716311579215,0.0005132371503812853,-0.0005050457259181591,0.0014242563528511006,0.003175880253443846
