,Group,C(semantic_role)[T.patient],C(syntactic_role)[T.subject],C(valence)[T.-val],C(dominance)[T.-dom]
Group,2.001877984078105,0.05363578560548579,-0.05785095414453486,0.11158000879698093,0.03964992384808887
C(semantic_role)[T.patient],0.05363578560548579,0.0033555888965702664,-0.0014531522895075105,0.003409522509416335,0.00122901244067554
C(syntactic_role)[T.subject],-0.05785095414453486,-0.0014531522895075105,0.03341239262018428,-0.004681676430551209,0.00010674889346417446
C(valence)[T.-val],0.11158000879698093,0.003409522509416335,-0.004681676430551209,0.010111606190465616,0.001026827720247974
C(dominance)[T.-dom],0.03964992384808887,0.00122901244067554,0.00010674889346417446,0.001026827720247974,0.00638233375008651
