,Group,C(semantic_role)[T.patient],C(syntactic_role)[T.subject],C(valence)[T.-val],C(dominance)[T.-dom]
Group,1.195322155293353,0.03862327361244378,0.0037295241879678645,0.10664286368414388,0.05278145396029299
C(semantic_role)[T.patient],0.03862327361244378,0.004452740173978317,0.0008193393191067905,0.0036391475900996225,0.0011388022030787972
C(syntactic_role)[T.subject],0.0037295241879678645,0.0008193393191067905,0.006754276074738979,0.0012728915526497376,-0.0007495617013901057
C(valence)[T.-val],0.10664286368414388,0.0036391475900996225,0.0012728915526497376,0.011290555860060272,0.0030338628698491146
C(dominance)[T.-dom],0.05278145396029299,0.0011388022030787972,-0.0007495617013901057,0.0030338628698491146,0.005584358797283032
