,Group,C(semantic_role)[T.patient],C(syntactic_role)[T.subject],C(valence)[T.-val],C(dominance)[T.-dom]
Group,1.0970944040582582,-0.016444181886233214,0.0718671345172112,0.02068430040908623,0.027005651878672664
C(semantic_role)[T.patient],-0.016444181886233214,0.0016805294143455907,0.0005781898351564122,-0.00018686398243745813,-0.00038123663970424207
C(syntactic_role)[T.subject],0.0718671345172112,0.0005781898351564122,0.05397552767012159,0.0005886915732054265,0.002957304812301306
C(valence)[T.-val],0.02068430040908623,-0.00018686398243745813,0.0005886915732054265,0.002148168393193672,0.0008088157119855088
C(dominance)[T.-dom],0.027005651878672664,-0.00038123663970424207,0.002957304812301306,0.0008088157119855088,0.0018489500045722953
