,Group,C(semantic_role)[T.patient],C(syntactic_role)[T.subject],C(valence)[T.-val],C(dominance)[T.-dom]
Group,0.8925344368745325,-0.015444179632069063,0.07787838112676765,0.0006670288935372483,0.04497083033749644
C(semantic_role)[T.patient],-0.015444179632069063,0.0017446417567956404,-0.0016458397123570267,-3.069234861709497e-05,-0.0006794047699193404
C(syntactic_role)[T.subject],0.07787838112676765,-0.0016458397123570267,0.03780388017407082,-0.0007804264760519175,0.00531887280803822
C(valence)[T.-val],0.0006670288935372483,-3.069234861709497e-05,-0.0007804264760519175,0.0021494179851612514,-0.00028198494790219184
C(dominance)[T.-dom],0.04497083033749644,-0.0006794047699193404,0.00531887280803822,-0.00028198494790219184,0.003465323857056727
