,Group,C(semantic_role)[T.patient],C(syntactic_role)[T.subject]
Group,0.8180043766357132,0.008285454699538449,0.03845437582732847
C(semantic_role)[T.patient],0.008285454699538449,0.004432259201307058,0.0033247093193089186
C(syntactic_role)[T.subject],0.03845437582732847,0.0033247093193089186,0.030499848459963144
