,Group,C(semantic_role)[T.patient],C(syntactic_role)[T.subject]
Group,1.0082541897008315,0.1141320518478204,-0.1562028826635661
C(semantic_role)[T.patient],0.1141320518478204,0.015170749646379832,-0.01676821220975407
C(syntactic_role)[T.subject],-0.1562028826635661,-0.01676821220975407,0.07442667725000898
