,Group,C(semantic_role)[T.patient],C(syntactic_role)[T.subject]
Group,1.3592525239819884,0.040893600643387526,0.003914013880670252
C(semantic_role)[T.patient],0.040893600643387526,0.004434856693525199,0.0008140880173333929
C(syntactic_role)[T.subject],0.003914013880670252,0.0008140880173333929,0.006760557073107325
