,Group,C(semantic_role)[T.patient],C(syntactic_role)[T.subject],C(valence)[T.-val],C(dominance)[T.-dom]
Group,3.3480029565367317,0.29586235282412254,-0.20096907279474988,0.12533004152982716,0.0454939894231302
C(semantic_role)[T.patient],0.29586235282412254,0.040091030277099905,-0.008558473331456925,0.01006682693205713,0.0012408452850933627
C(syntactic_role)[T.subject],-0.20096907279474988,-0.008558473331456925,0.05035091427134293,-0.005484069800548556,-0.002725028719904308
C(valence)[T.-val],0.12533004152982716,0.01006682693205713,-0.005484069800548556,0.007313269554218216,0.0016351212423558565
C(dominance)[T.-dom],0.0454939894231302,0.0012408452850933627,-0.002725028719904308,0.0016351212423558565,0.003711647056328932
