,Group,C(semantic_role)[T.patient],C(syntactic_role)[T.subject]
Group,1.007895798279332,0.11408707798294368,-0.15614667698764326
C(semantic_role)[T.patient],0.11408707798294368,0.015168588380415278,-0.016758296608343683
C(syntactic_role)[T.subject],-0.15614667698764326,-0.016758296608343683,0.0744225092166729
