,Group,C(semantic_role)[T.patient],C(syntactic_role)[T.subject],C(valence)[T.-val],C(dominance)[T.-dom]
Group,1.5980266926222213,0.1441502333367738,-0.0066401693423063955,0.15311825742730828,-0.004069201591490458
C(semantic_role)[T.patient],0.1441502333367738,0.018117780239545512,0.006607116592274821,0.015184439095532845,0.0019163883280083529
C(syntactic_role)[T.subject],-0.0066401693423063955,0.006607116592274821,0.04943379505577943,0.0014726357370452659,0.00899952422080029
C(valence)[T.-val],0.15311825742730828,0.015184439095532845,0.0014726357370452659,0.01867047356575223,-0.002279825608549562
C(dominance)[T.-dom],-0.004069201591490458,0.0019163883280083529,0.00899952422080029,-0.002279825608549562,0.006195574440473828
