,Group,C(semantic_role)[T.patient],C(syntactic_role)[T.subject],C(valence)[T.-val],C(dominance)[T.-dom]
Group,1.5897133417783378,0.12593604102406528,0.009268714128526201,0.13494599080942266,0.012690135008498608
C(semantic_role)[T.patient],0.12593604102406528,0.015273494682137009,0.009035197464271614,0.011260714604290496,0.004301025093055767
C(syntactic_role)[T.subject],0.009268714128526201,0.009035197464271614,0.04983847296836162,0.002007747735878972,0.010144525825059847
C(valence)[T.-val],0.13494599080942266,0.011260714604290496,0.002007747735878972,0.015432510655917475,-0.0016343627447132237
C(dominance)[T.-dom],0.012690135008498608,0.004301025093055767,0.010144525825059847,-0.0016343627447132237,0.007830034461148683
