,Group,C(semantic_role)[T.patient],C(syntactic_role)[T.subject],C(valence)[T.-val],C(dominance)[T.-dom]
Group,2.544692516350573,-0.07565662207016773,-0.2875684363213469,0.24000697629983925,0.03517114446332256
C(semantic_role)[T.patient],-0.07565662207016773,0.0966375473826765,0.005801184932588581,-0.005246351909513459,-0.0018211662532583274
C(syntactic_role)[T.subject],-0.2875684363213469,0.005801184932588581,0.07009941172180142,-0.021089745310437173,-0.0064391927754696736
C(valence)[T.-val],0.24000697629983925,-0.005246351909513459,-0.021089745310437173,0.09384905302407365,0.00500162385647298
C(dominance)[T.-dom],0.03517114446332256,-0.0018211662532583274,-0.0064391927754696736,0.00500162385647298,0.0852350302138879
