,Group,C(semantic_role)[T.patient],C(syntactic_role)[T.subject],C(valence)[T.-val],C(dominance)[T.-dom]
Group,2.4646109521156436,-0.07121345604815398,-0.2797622428170154,0.2738615060203734,-0.0073574384975706435
C(semantic_role)[T.patient],-0.07121345604815398,0.08483922446879906,0.006075830217811241,-0.006472807250290731,-0.00024025911267468273
C(syntactic_role)[T.subject],-0.2797622428170154,0.006075830217811241,0.06390009320883518,-0.025767535389447146,-0.0009044428489240701
C(valence)[T.-val],0.2738615060203734,-0.006472807250290731,-0.025767535389447146,0.09102888145391715,0.0008548368286024467
C(dominance)[T.-dom],-0.0073574384975706435,-0.00024025911267468273,-0.0009044428489240701,0.0008548368286024467,0.0752223056598492
