,Group,C(semantic_role)[T.patient],C(syntactic_role)[T.subject],C(valence)[T.-val],C(dominance)[T.-dom]
Group,1.8641667526993673,0.08125869249087805,-0.14210901478217555,0.06109209721555798,0.046078406560978113
C(semantic_role)[T.patient],0.08125869249087805,0.008932597192536718,-0.0012977144823920074,0.0023037032369854333,0.0013855342208067812
C(syntactic_role)[T.subject],-0.14210901478217555,-0.0012977144823920074,0.04647349767898976,-0.0034879180150641756,-0.001680064349738507
C(valence)[T.-val],0.06109209721555798,0.0023037032369854333,-0.0034879180150641756,0.0041527294508649035,0.000663441399589766
C(dominance)[T.-dom],0.046078406560978113,0.0013855342208067812,-0.001680064349738507,0.000663441399589766,0.004534700116350773
