,Group,C(semantic_role)[T.patient],C(syntactic_role)[T.subject],C(valence)[T.-val],C(dominance)[T.-dom]
Group,1.8542461783612187,0.09492310850851753,-0.15536391144284478,0.07000374558689741,0.03668853406237965
C(semantic_role)[T.patient],0.09492310850851753,0.010833955357111518,-0.0029318377952500304,0.003689722516419072,0.000801831614578387
C(syntactic_role)[T.subject],-0.15536391144284478,-0.0029318377952500304,0.04862118652796945,-0.0034394399770376676,-0.0025929347539510312
C(valence)[T.-val],0.07000374558689741,0.003689722516419072,-0.0034394399770376676,0.004838158524784313,0.001045996477548668
C(dominance)[T.-dom],0.03668853406237965,0.000801831614578387,-0.0025929347539510312,0.001045996477548668,0.003155479669070677
