,Group,C(semantic_role)[T.patient],C(syntactic_role)[T.subject],C(valence)[T.-val],C(dominance)[T.-dom]
Group,1.8871304972147471,0.09552936542485121,-0.15662349562195357,0.07112458469538604,0.04013555156568062
C(semantic_role)[T.patient],0.09552936542485121,0.010831186052422418,-0.002993498503821188,0.003701016806567866,0.0008682307069428207
C(syntactic_role)[T.subject],-0.15662349562195357,-0.002993498503821188,0.04859403596537965,-0.0034654550328567634,-0.0027247679803140065
C(valence)[T.-val],0.07112458469538604,0.003701016806567866,-0.0034654550328567634,0.004857310492007635,0.0011364101918048056
C(dominance)[T.-dom],0.04013555156568062,0.0008682307069428207,-0.0027247679803140065,0.0011364101918048056,0.003698221478870897
