,Group,C(semantic_role)[T.patient],C(syntactic_role)[T.subject],C(valence)[T.-val],C(dominance)[T.-dom]
Group,2.3193522890231404,0.21367726539470727,-0.44909997438034943,0.16523129802735545,0.06003031536186381
C(semantic_role)[T.patient],0.21367726539470727,0.11949861537562491,-0.04006776039125759,0.008016121852608526,0.00387492164454855
C(syntactic_role)[T.subject],-0.44909997438034943,-0.04006776039125759,0.11551895842356859,-0.028299670464890778,-0.012131539339851933
C(valence)[T.-val],0.16523129802735545,0.008016121852608526,-0.028299670464890778,0.11987646492936575,0.004274229941097215
C(dominance)[T.-dom],0.06003031536186381,0.00387492164454855,-0.012131539339851933,0.004274229941097215,0.1145838458887137
