,Group,C(semantic_role)[T.patient],C(syntactic_role)[T.subject],C(valence)[T.-val],C(dominance)[T.-dom]
Group,2.341842984382698,0.19724963942693055,-0.4633513449047207,0.17287738743535258,0.05410507241522831
C(semantic_role)[T.patient],0.19724963942693055,0.12022273197547938,-0.03789355533062906,0.0071285405645374516,0.0031488669542744474
C(syntactic_role)[T.subject],-0.4633513449047207,-0.03789355533062906,0.12202925407113348,-0.031231558245427525,-0.010333677597458903
C(valence)[T.-val],0.17287738743535258,0.0071285405645374516,-0.031231558245427525,0.12342252755444803,0.004697587576491066
C(dominance)[T.-dom],0.05410507241522831,0.0031488669542744474,-0.010333677597458903,0.004697587576491066,0.11576976610754454
