,Group,C(semantic_role)[T.patient],C(syntactic_role)[T.subject],C(valence)[T.-val],C(dominance)[T.-dom]
Group,1.6623490364490494,0.11301681362158815,-0.032438701204178834,0.07638121424115403,0.062475974394474845
C(semantic_role)[T.patient],0.11301681362158815,0.011574407044493952,0.0029096996882127125,0.005011350526929743,0.005419211287595867
C(syntactic_role)[T.subject],-0.032438701204178834,0.0029096996882127125,0.019512514492146953,-0.004476436036585154,-0.00021657067281539289
C(valence)[T.-val],0.07638121424115403,0.005011350526929743,-0.004476436036585154,0.0060078475375306235,0.0015528321190342417
C(dominance)[T.-dom],0.062475974394474845,0.005419211287595867,-0.00021657067281539289,0.0015528321190342417,0.004399473034309126
