,Group,C(semantic_role)[T.patient],C(syntactic_role)[T.subject],C(valence)[T.-val],C(dominance)[T.-dom]
Group,1.1840688730715254,-0.013783361415597668,0.08460457499241117,0.0019587905209540804,0.052863188651549015
C(semantic_role)[T.patient],-0.013783361415597668,0.002151454642061942,0.0016975724231650105,-0.00020999569029804023,-0.0005316556969157447
C(syntactic_role)[T.subject],0.08460457499241117,0.0016975724231650105,0.05637981751720789,-0.0014288364202909882,0.0058546962327171515
C(valence)[T.-val],0.0019587905209540804,-0.00020999569029804023,-0.0014288364202909882,0.001077543437537504,0.0004955844867131059
C(dominance)[T.-dom],0.052863188651549015,-0.0005316556969157447,0.0058546962327171515,0.0004955844867131059,0.00417358497733443
