,Group,C(semantic_role)[T.patient],C(syntactic_role)[T.subject],C(valence)[T.-val],C(dominance)[T.-dom]
Group,0.9537971545211043,-0.020234824034171078,0.08529822566509798,0.0005713886415625253,0.05569431592987665
C(semantic_role)[T.patient],-0.020234824034171078,0.00484641568300836,-0.0022978575362732926,-1.517075265304409e-05,-0.0011187987968256036
C(syntactic_role)[T.subject],0.08529822566509798,-0.0022978575362732926,0.033914536398160895,-0.0008389615446007763,0.006681671883483541
C(valence)[T.-val],0.0005713886415625253,-1.517075265304409e-05,-0.0008389615446007763,0.004858860793921915,-0.00020181324372545961
C(dominance)[T.-dom],0.05569431592987665,-0.0011187987968256036,0.006681671883483541,-0.00020181324372545961,0.007374955665964921
