,Group,C(semantic_role)[T.patient],C(syntactic_role)[T.subject],C(valence)[T.-val],C(dominance)[T.-dom]
Group,1.5095647652941866,0.07428879269812294,-0.013273667917937243,0.1121635178445986,-0.01566859327872806
C(semantic_role)[T.patient],0.07428879269812294,0.005424474081187582,0.0036147951278492395,0.006079801704438173,-0.0019872721896765856
C(syntactic_role)[T.subject],-0.013273667917937243,0.0036147951278492395,0.040228520518934587,0.002358786084902987,0.002726234158368465
C(valence)[T.-val],0.1121635178445986,0.006079801704438173,0.002358786084902987,0.012437146155143908,-0.002844896201669437
C(dominance)[T.-dom],-0.01566859327872806,-0.0019872721896765856,0.002726234158368465,-0.002844896201669437,0.004293159588476067
