,Group,C(semantic_role)[T.patient],C(syntactic_role)[T.subject],C(valence)[T.-val],C(dominance)[T.-dom]
Group,1.512634744929275,0.06565797077106907,-0.018053024942490715,0.12243192605064412,-0.025992922632049713
C(semantic_role)[T.patient],0.06565797077106907,0.004684548482175134,0.0036663142435417683,0.00600371596461332,-0.002356126335097301
C(syntactic_role)[T.subject],-0.018053024942490715,0.0036663142435417683,0.03957275849461105,0.0021636872537415283,0.0026085380204151263
C(valence)[T.-val],0.12243192605064412,0.00600371596461332,0.0021636872537415283,0.014330639916767175,-0.003992779842312993
C(dominance)[T.-dom],-0.025992922632049713,-0.002356126335097301,0.0026085380204151263,-0.003992779842312993,0.004734653817455178
