,Group,C(semantic_role)[T.patient],C(syntactic_role)[T.subject],C(valence)[T.-val],C(dominance)[T.-dom]
Group,1.6593849653736519,0.11284423520956337,-0.032557126204465235,0.07629054684313957,0.062402029068283356
C(semantic_role)[T.patient],0.11284423520956337,0.011556128759564199,0.0028832911653000784,0.005010088059689166,0.005415141456142299
C(syntactic_role)[T.subject],-0.032557126204465235,0.0028832911653000784,0.019467201071466458,-0.004476395930565994,-0.00022073417831605587
C(valence)[T.-val],0.07629054684313957,0.005010088059689166,-0.004476395930565994,0.005998699975945839,0.0015510885963915934
C(dominance)[T.-dom],0.062402029068283356,0.005415141456142299,-0.00022073417831605587,0.0015510885963915934,0.004391535480593465
