,Group,C(semantic_role)[T.patient],C(syntactic_role)[T.subject],C(valence)[T.-val],C(dominance)[T.-dom]
Group,2.370125648929125,0.19987264922042733,-0.4697465694612647,0.1752755073653624,0.05486335050244276
C(semantic_role)[T.patient],0.19987264922042733,0.12818464599227056,-0.03842933510529042,0.007012743463835186,0.0031542024710540157
C(syntactic_role)[T.subject],-0.4697465694612647,-0.03842933510529042,0.12639377138077995,-0.0315966144027853,-0.010480540786855383
C(valence)[T.-val],0.1752755073653624,0.007012743463835186,-0.0315966144027853,0.13009766370629505,0.0047834594947796395
C(dominance)[T.-dom],0.05486335050244276,0.0031542024710540157,-0.010480540786855383,0.0047834594947796395,0.12243473638562756
