,Group,C(semantic_role)[T.patient],C(syntactic_role)[T.subject],C(valence)[T.-val],C(dominance)[T.-dom]
Group,2.3487884416529003,0.21662344729646374,-0.4555986926819067,0.16763575708529954,0.06091140385217389
C(semantic_role)[T.patient],0.21662344729646374,0.12807466743062734,-0.04064767991999208,0.007896170435546511,0.0038793325590039344
C(syntactic_role)[T.subject],-0.4555986926819067,-0.04064767991999208,0.11988269306801896,-0.028600012195934162,-0.012351601362341489
C(valence)[T.-val],0.16763575708529954,0.007896170435546511,-0.028600012195934162,0.12669700147918228,0.00434318176496448
C(dominance)[T.-dom],0.06091140385217389,0.0038793325590039344,-0.012351601362341489,0.00434318176496448,0.1214595971451666
