{
  "formula": "log_he_she_odds ~ C(tense) + C(semantic_role) + C(syntactic_role) + C(valence) + C(dominance) + log_frequency + lex_emb_norm + C(tense):log_frequency + C(semantic_role):C(dominance) + C(valence):C(dominance) + log_frequency:lex_emb_norm + profession_embedding_1 + profession_embedding_2 + profession_embedding_3 + profession_embedding_4 + profession_embedding_5",
  "model_type": "OLS",
  "optimizer": "closed_form",
  "converged": true,
  "nobs": 15360,
  "aic": 52087.899930743224,
  "bic": 52278.88798091077,
  "log_likelihood": -26018.949965371612,
  "residual_variance": 1.7360908951387948,
  "R2m": 0.22714018137112346,
  "R2c": 0.22714018137112346,
  "warnings": [],
  "fixed_effect_variance_profession_embedding": 1.0178066771930618,
  "fixed_effect_variance_Intercept": 1.1360336640432597e-28,
  "fixed_effect_variance_C(tense)": 0.0200306195934765,
  "fixed_effect_variance_C(semantic_role)": 0.012214590214209895,
  "fixed_effect_variance_C(syntactic_role)": 0.04101306327328811,
  "fixed_effect_variance_C(valence)": 0.013442818411350154,
  "fixed_effect_variance_C(dominance)": 0.006143522354789813,
  "fixed_effect_variance_C(semantic_role):C(dominance)": 0.00384130880018105,
  "fixed_effect_variance_C(valence):C(dominance)": 0.007097369825790455,
  "fixed_effect_variance_log_frequency": 0.0036945203240911616,
  "fixed_effect_variance_C(tense):log_frequency": 0.012138264611977706,
  "fixed_effect_variance_lex_emb_norm": 0.0023668791646134116,
  "fixed_effect_variance_log_frequency:lex_emb_norm": 0.4698258373699559
}