,Group,C(semantic_role)[T.patient],C(syntactic_role)[T.subject],C(valence)[T.-val],C(dominance)[T.-dom]
Group,1.195445115627367,0.03862628134768951,0.0037197927110977306,0.10663188043915811,0.05278774962748924
C(semantic_role)[T.patient],0.03862628134768951,0.004462288094900696,0.0008102953919395967,0.00363669123655301,0.0011425251103534464
C(syntactic_role)[T.subject],0.0037197927110977306,0.0008102953919395967,0.00676220864906684,0.0012701625867084588,-0.0007479266807766343
C(valence)[T.-val],0.10663188043915811,0.00363669123655301,0.0012701625867084588,0.011297683652074826,0.003034862935330837
C(dominance)[T.-dom],0.05278774962748924,0.0011425251103534464,-0.0007479266807766343,0.003034862935330837,0.005592743041191549
