,Group,C(semantic_role)[T.patient],C(syntactic_role)[T.subject],C(valence)[T.-val],C(dominance)[T.-dom]
Group,1.5882983686351004,0.14280853450873157,-0.007075680349662505,0.15210683862190932,-0.004186817071793837
C(semantic_role)[T.patient],0.14280853450873157,0.01792457755135252,0.006542582868457476,0.015044837438688922,0.0018985733783456055
C(syntactic_role)[T.subject],-0.007075680349662505,0.006542582868457476,0.04936820345720066,0.0014310963095580974,0.008984194789929404
C(valence)[T.-val],0.15210683862190932,0.015044837438688922,0.0014310963095580974,0.018561240750171973,-0.0022911055438176375
C(dominance)[T.-dom],-0.004186817071793837,0.0018985733783456055,0.008984194789929404,-0.0022911055438176375,0.006182804336708415
