,Group,C(semantic_role)[T.patient],C(syntactic_role)[T.subject],C(valence)[T.-val],C(dominance)[T.-dom]
Group,1.6043071700389087,0.12687002722619245,0.009395788541359187,0.13616336046705166,0.012741540571299441
C(semantic_role)[T.patient],0.12687002722619245,0.01529944413035007,0.008996293573802853,0.011335471020402818,0.004288950630102018
C(syntactic_role)[T.subject],0.009395788541359187,0.008996293573802853,0.04973865297057431,0.002006250248295904,0.010120053368217957
C(valence)[T.-val],0.13616336046705166,0.011335471020402818,0.002006250248295904,0.015530894419247826,-0.0016335915531129441
C(dominance)[T.-dom],0.012741540571299441,0.004288950630102018,0.010120053368217957,-0.0016335915531129441,0.00781493415379032
