,Group,C(semantic_role)[T.patient],C(syntactic_role)[T.subject],C(valence)[T.-val],C(dominance)[T.-dom]
Group,1.8836008782106957,0.0955793439212775,-0.157449558304869,0.07087070389912958,0.04030938552897125
C(semantic_role)[T.patient],0.0955793439212775,0.010847352939280632,-0.0029743683260600212,0.003710581877135827,0.0008829340141306158
C(syntactic_role)[T.subject],-0.157449558304869,-0.0029743683260600212,0.04876538754582213,-0.0035025331448636675,-0.0028510834700107386
C(valence)[T.-val],0.07087070389912958,0.003710581877135827,-0.0035025331448636675,0.004864950127304395,0.0011514893771375498
C(dominance)[T.-dom],0.04030938552897125,0.0008829340141306158,-0.0028510834700107386,0.0011514893771375498,0.0036139539437037866
