,Group,C(semantic_role)[T.patient],C(syntactic_role)[T.subject],C(valence)[T.-val],C(dominance)[T.-dom]
Group,1.9008408837031945,0.0823771956607726,-0.14339252077354014,0.06165026158364767,0.05093256516387301
C(semantic_role)[T.patient],0.0823771956607726,0.008963520108225306,-0.0013322773192734876,0.0023210236110324475,0.0015339630107912752
C(syntactic_role)[T.subject],-0.14339252077354014,-0.0013322773192734876,0.04650289437815723,-0.00350886743184466,-0.0018599509287692893
C(valence)[T.-val],0.06165026158364767,0.0023210236110324475,-0.00350886743184466,0.004161352742071889,0.0007351156886427057
C(dominance)[T.-dom],0.05093256516387301,0.0015339630107912752,-0.0018599509287692893,0.0007351156886427057,0.005176259656665328
