,Group,C(semantic_role)[T.patient],C(syntactic_role)[T.subject],C(valence)[T.-val],C(dominance)[T.-dom]
Group,2.3363396273154784,0.11203742667681603,-0.2101392407349179,0.11094443234668865,-0.06008845989423436
C(semantic_role)[T.patient],0.11203742667681603,0.008071169010301018,-0.011651415448294617,0.006319373456416179,-0.0031941097317332977
C(syntactic_role)[T.subject],-0.2101392407349179,-0.011651415448294617,0.0657196227795968,-0.006569217936006348,0.004296640386453384
C(valence)[T.-val],0.11094443234668865,0.006319373456416179,-0.006569217936006348,0.013295083627429613,-0.006683420829484731
C(dominance)[T.-dom],-0.06008845989423436,-0.0031941097317332977,0.004296640386453384,-0.006683420829484731,0.006685679866975809
