,Group,C(semantic_role)[T.patient],C(syntactic_role)[T.subject],C(valence)[T.-val],C(dominance)[T.-dom]
Group,1.3547991902939112,0.03253818292602433,-0.1090871836990314,0.13545956225995592,0.08127089875547142
C(semantic_role)[T.patient],0.03253818292602433,0.0026952384178462597,-0.0016164681896812512,0.0036853319170695345,-0.0007413166897361324
C(syntactic_role)[T.subject],-0.1090871836990314,-0.0016164681896812512,0.03040458236250948,-0.013930597206368425,-0.0003361756488411811
C(valence)[T.-val],0.13545956225995592,0.0036853319170695345,-0.013930597206368425,0.015801116166603933,0.004949187508211733
C(dominance)[T.-dom],0.08127089875547142,-0.0007413166897361324,-0.0003361756488411811,0.004949187508211733,0.014131296340052103
