,Group,C(semantic_role)[T.patient],C(syntactic_role)[T.subject],C(valence)[T.-val],C(dominance)[T.-dom]
Group,1.5887472601014523,0.14282618149653092,-0.00711711259650653,0.15215256715383643,-0.004193400867459297
C(semantic_role)[T.patient],0.14282618149653092,0.01793725822162656,0.006554233832398722,0.015046604294822262,0.001906506686058978
C(syntactic_role)[T.subject],-0.00711711259650653,0.006554233832398722,0.049453462895150256,0.0014224069918169577,0.009019011829304214
C(valence)[T.-val],0.15215256715383643,0.015046604294822262,0.0014224069918169577,0.01857757011583443,-0.0022935801468516124
C(dominance)[T.-dom],-0.004193400867459297,0.001906506686058978,0.009019011829304214,-0.0022935801468516124,0.006208025411415933
