,Group,C(semantic_role)[T.patient],C(syntactic_role)[T.subject],C(valence)[T.-val],C(dominance)[T.-dom]
Group,1.6049263594917804,0.12696998091911213,0.009488073189553747,0.13618733467112776,0.012789153957678928
C(semantic_role)[T.patient],0.12696998091911213,0.015321346782003245,0.00900344337116187,0.011341406629092526,0.004298764870546095
C(syntactic_role)[T.subject],0.009488073189553747,0.00900344337116187,0.04975668522135614,0.0019981468193895004,0.01013686954206441
C(valence)[T.-val],0.13618733467112776,0.011341406629092526,0.0019981468193895004,0.015540547635805023,-0.0016422302305894101
C(dominance)[T.-dom],0.012789153957678928,0.004298764870546095,0.01013686954206441,-0.0016422302305894101,0.007849851764074043
