,Group,C(semantic_role)[T.patient],C(syntactic_role)[T.subject],C(valence)[T.-val],C(dominance)[T.-dom]
Group,2.548181750505343,-0.07577560102703247,-0.28802223667410753,0.24038684705435007,0.03522733301857045
C(semantic_role)[T.patient],-0.07577560102703247,0.09732269625449383,0.005804051404811235,-0.005250592927028491,-0.0018265729357615373
C(syntactic_role)[T.subject],-0.28802223667410753,0.005804051404811235,0.07054282068007116,-0.02110158007415536,-0.006461369955052635
C(valence)[T.-val],0.24038684705435007,-0.005250592927028491,-0.02110158007415536,0.09445528402177074,0.00501719575742786
C(dominance)[T.-dom],0.03522733301857045,-0.0018265729357615373,-0.006461369955052635,0.00501719575742786,0.08587110348163904
