,Group,C(semantic_role)[T.patient],C(syntactic_role)[T.subject],C(valence)[T.-val],C(dominance)[T.-dom]
Group,2.4645305001059166,-0.0712107862469579,-0.27975172310395324,0.2738511835338346,-0.007357173327072135
C(semantic_role)[T.patient],-0.0712107862469579,0.08482443435650006,0.006075707410671127,-0.006472628417927322,-0.0002402177495430144
C(syntactic_role)[T.subject],-0.27975172310395324,0.006075707410671127,0.06389052353800173,-0.02576701041396152,-0.0009042154144259807
C(valence)[T.-val],0.2738511835338346,-0.006472628417927322,-0.02576701041396152,0.0910155991402284,0.0008546437551602564
C(dominance)[T.-dom],-0.007357173327072135,-0.0002402177495430144,-0.0009042154144259807,0.0008546437551602564,0.07520848219514943
