term,coef,std_err,z,p_value,ci_low,ci_high
Intercept,0.8919423697379307,0.37468780514347655,2.3804947945834147,0.01728940530960478,0.15756776621035506,1.6263169732655065
C(tense)[T.past perfect],-0.17814655303955054,0.011807377311581288,-15.087732723236952,1.9502963547063447e-51,-0.20128858732212523,-0.15500451875697585
C(tense)[T.present continuous],-0.2031368255615232,0.011807377311581288,-17.204229203573945,2.46839423255618e-66,-0.2262788598440979,-0.17999479127894852
C(tense)[T.present perfect],-0.26716880798339826,0.011807377311581291,-22.627277924060678,2.3358390445550726e-113,-0.290310842265973,-0.24402677370082357
C(tense)[T.simple future],-0.016876792907714606,0.011807377311581291,-1.4293430676735441,0.1529056532052269,-0.040018827190289305,0.006265241374860092
C(tense)[T.simple past],-0.04237403869628882,0.011807377311581288,-3.58877654013192,0.0003322334557719245,-0.06551607297886351,-0.01923200441371413
C(semantic_role)[T.patient],0.10519548048424945,0.03981050582692805,2.642405020965462,0.008231955005755983,0.027168322857148514,0.1832226381113504
C(syntactic_role)[T.subject],-0.35161189053270536,0.08190198733969851,-4.293081303074516,1.7621044386270324e-05,-0.5121368359807699,-0.1910869450846408
