,Group,C(semantic_role)[T.patient],C(syntactic_role)[T.subject],C(valence)[T.-val],C(dominance)[T.-dom]
Group,3.4043995878116973,0.17092279596167892,-0.23540345613277203,0.2513754785066871,0.014398382178581269
C(semantic_role)[T.patient],0.17092279596167892,0.015447733764182,-0.006806055047453932,0.012456014750238215,-0.0010412576763051027
C(syntactic_role)[T.subject],-0.23540345613277203,-0.006806055047453932,0.05342678945717179,-0.013359788829727761,-0.0011538227891323466
C(valence)[T.-val],0.2513754785066871,0.012456014750238215,-0.013359788829727761,0.02648090806171097,-0.0017378565435645587
C(dominance)[T.-dom],0.014398382178581269,-0.0010412576763051027,-0.0011538227891323466,-0.0017378565435645587,0.004167233250426974
