,Group,C(semantic_role)[T.patient],C(syntactic_role)[T.subject],C(valence)[T.-val],C(dominance)[T.-dom]
Group,1.8644036375823267,0.09519360043490128,-0.15567310378204538,0.0704785530431894,0.036595039026317354
C(semantic_role)[T.patient],0.09519360043490128,0.010895816442119162,-0.0029133438927215704,0.003669280880789504,0.000796908263858208
C(syntactic_role)[T.subject],-0.15567310378204538,-0.0029133438927215704,0.04861701775690755,-0.0034549159204978748,-0.002588480692967193
C(valence)[T.-val],0.0704785530431894,0.003669280880789504,-0.0034549159204978748,0.004843247023797444,0.001046040145319621
C(dominance)[T.-dom],0.036595039026317354,0.000796908263858208,-0.002588480692967193,0.001046040145319621,0.003152396200456492
