,Group,C(semantic_role)[T.patient],C(syntactic_role)[T.subject]
Group,1.3591288172344649,0.04087575785452289,0.003990448612886895
C(semantic_role)[T.patient],0.04087575785452289,0.0044237424968580664,0.0008108473428738611
C(syntactic_role)[T.subject],0.003990448612886895,0.0008108473428738611,0.006744411192168715
