,Group,C(semantic_role)[T.patient],C(syntactic_role)[T.subject],C(valence)[T.-val],C(dominance)[T.-dom]
Group,0.8904799970685897,-0.01695557803844351,0.07770575214749506,0.0006197677371964388,0.047978761131929865
C(semantic_role)[T.patient],-0.01695557803844351,0.001795637736550128,-0.001758606849275764,-2.167174497301646e-05,-0.0008494104491686359
C(syntactic_role)[T.subject],0.07770575214749506,-0.001758606849275764,0.037536809274558075,-0.0008206394881763341,0.005753141860304963
C(valence)[T.-val],0.0006197677371964388,-2.167174497301646e-05,-0.0008206394881763341,0.0019085708515697783,-0.00018807530548378923
C(dominance)[T.-dom],0.047978761131929865,-0.0008494104491686359,0.005753141860304963,-0.00018807530548378923,0.0038604853486813983
