,Group,C(semantic_role)[T.patient],C(syntactic_role)[T.subject],C(valence)[T.-val],C(dominance)[T.-dom]
Group,1.1221212777123886,-0.015060934235192077,0.07081841784545238,0.0021442769394646503,0.046545039862275525
C(semantic_role)[T.patient],-0.015060934235192077,0.0017358335637692136,0.00093239419268175,-1.2721573786189544e-05,-0.0005945692837903667
C(syntactic_role)[T.subject],0.07081841784545238,0.00093239419268175,0.05337872090238738,-0.0010735416292269344,0.004535068405421269
C(valence)[T.-val],0.0021442769394646503,-1.2721573786189544e-05,-0.0010735416292269344,0.0010503059114899932,0.0005489869297150095
C(dominance)[T.-dom],0.046545039862275525,-0.0005945692837903667,0.004535068405421269,0.0005489869297150095,0.003423585488553452
