,Group,C(semantic_role)[T.patient],C(syntactic_role)[T.subject],C(valence)[T.-val],C(dominance)[T.-dom]
Group,2.3357146055833904,0.11204251200986022,-0.21055187572738912,0.11074344305422146,-0.06021477820530669
C(semantic_role)[T.patient],0.11204251200986022,0.008079792331720308,-0.011680266611271015,0.006308946132727036,-0.003199348525119776
C(syntactic_role)[T.subject],-0.21055187572738912,-0.011680266611271015,0.06580174521504845,-0.006564000423904491,0.00432262639072105
C(valence)[T.-val],0.11074344305422146,0.006308946132727036,-0.006564000423904491,0.013284053947624707,-0.006684385861030106
C(dominance)[T.-dom],-0.06021477820530669,-0.003199348525119776,0.00432262639072105,-0.006684385861030106,0.006705871700734096
