,Group,C(semantic_role)[T.patient],C(syntactic_role)[T.subject]
Group,1.5411292274678854,0.029081502374861123,-0.11422763049891553
C(semantic_role)[T.patient],0.029081502374861123,0.0020611743858757543,-0.0013776938655892029
C(syntactic_role)[T.subject],-0.11422763049891553,-0.0013776938655892029,0.030277836376592596
