,Group,C(semantic_role)[T.patient],C(syntactic_role)[T.subject],C(valence)[T.-val],C(dominance)[T.-dom]
Group,1.096559802397976,-0.0164585994161819,0.07189920647665919,0.020697066562070723,0.026986029107378084
C(semantic_role)[T.patient],-0.0164585994161819,0.0016719077179705615,0.0005705122297371812,-0.00018651958689226632,-0.0003816028577409582
C(syntactic_role)[T.subject],0.07189920647665919,0.0005705122297371812,0.05393659369649961,0.0005886566508850061,0.0029557239101713827
C(valence)[T.-val],0.020697066562070723,-0.00018651958689226632,0.0005886566508850061,0.0021395696913913843,0.0008085035098193857
C(dominance)[T.-dom],0.026986029107378084,-0.0003816028577409582,0.0029557239101713827,0.0008085035098193857,0.001839067890940918
