,Group,C(semantic_role)[T.patient],C(syntactic_role)[T.subject],C(valence)[T.-val],C(dominance)[T.-dom]
Group,0.926639385598517,-0.01942775886959392,0.08207759374919146,0.0005872852170644469,0.05359375948751628
C(semantic_role)[T.patient],-0.01942775886959392,0.003411287057214078,-0.0021120919864988925,-1.474304056964688e-05,-0.001073197715569126
C(syntactic_role)[T.subject],0.08207759374919146,-0.0021120919864988925,0.035143688728234805,-0.0008196916921105015,0.006453347189577251
C(valence)[T.-val],0.0005872852170644469,-1.474304056964688e-05,-0.0008196916921105015,0.0033674372636461696,-0.00016299228908697597
C(dominance)[T.-dom],0.05359375948751628,-0.001073197715569126,0.006453347189577251,-0.00016299228908697597,0.005886534532486206
