,Group,C(semantic_role)[T.patient],C(syntactic_role)[T.subject]
Group,1.2536675390509446,0.059898279364423664,-0.04832114637772784
C(semantic_role)[T.patient],0.059898279364423664,0.005370125743182352,0.0014584255622445772
C(syntactic_role)[T.subject],-0.04832114637772784,0.0014584255622445772,0.01914135044234252
