,Group,C(semantic_role)[T.patient],C(syntactic_role)[T.subject],C(valence)[T.-val],C(dominance)[T.-dom]
Group,1.8641147352964658,0.0950590536293724,-0.15562330366762464,0.07055950289714927,0.03659256004514919
C(semantic_role)[T.patient],0.0950590536293724,0.010826350481030596,-0.00294800533603964,0.003689930182581465,0.0007993829201432646
C(syntactic_role)[T.subject],-0.15562330366762464,-0.00294800533603964,0.048572346182635624,-0.0034430694722406147,-0.0025853550450663037
C(valence)[T.-val],0.07055950289714927,0.003689930182581465,-0.0034430694722406147,0.004845121051339428,0.0010453609919537808
C(dominance)[T.-dom],0.03659256004514919,0.0007993829201432646,-0.0025853550450663037,0.0010453609919537808,0.003152565314874439
