,Group,C(semantic_role)[T.patient],C(syntactic_role)[T.subject],C(valence)[T.-val],C(dominance)[T.-dom]
Group,1.8550583299285788,0.09496048262096222,-0.1554516851383552,0.07006563970739756,0.036700897237499946
C(semantic_role)[T.patient],0.09496048262096222,0.01083493242511459,-0.0029373016107466154,0.0036921666217435744,0.000802453022908841
C(syntactic_role)[T.subject],-0.1554516851383552,-0.0029373016107466154,0.048623849071084135,-0.00344810930360116,-0.002594114914880893
C(valence)[T.-val],0.07006563970739756,0.0036921666217435744,-0.00344810930360116,0.004841723061400445,0.001046821211498729
C(dominance)[T.-dom],0.036700897237499946,0.000802453022908841,-0.002594114914880893,0.001046821211498729,0.0031549548598338957
