{
  "formula": "log_he_she_odds ~ C(tense) + C(syntactic_role) + C(valence) + C(dominance) + C(tense):C(valence) + C(tense):C(dominance) + C(syntactic_role):C(valence) + C(valence):C(dominance)",
  "re_formula": "1 + C(semantic_role) + C(syntactic_role) + C(valence) + C(dominance)",
  "group_col": "profession",
  "optimizer": "lbfgs",
  "converged": true,
  "aic": 7033.0051158812785,
  "bic": 7285.080322921414,
  "log_likelihood": -3479.5025579406392,
  "nobs": 6720,
  "residual_variance": 0.16006169782206217,
  "R2m": 0.029027326858716066,
  "R2c": 0.9076319115581221,
  "random_effect_variance_semantic_role": 0.0026959084127807405,
  "random_effect_variance_syntactic_role": 0.03040480439682377,
  "random_effect_variance_valence": 0.015801789492217784,
  "random_effect_variance_dominance": 0.014132101236398464
}