,Group,C(semantic_role)[T.patient],C(syntactic_role)[T.subject],C(valence)[T.-val],C(dominance)[T.-dom]
Group,1.1949987020795447,0.03860777520914379,0.0037223467619564503,0.10659995420855786,0.05276323657708979
C(semantic_role)[T.patient],0.03860777520914379,0.0044512997593329,0.0008179481757741395,0.0036373070576831636,0.0011377938842996134
C(syntactic_role)[T.subject],0.0037223467619564503,0.0008179481757741395,0.006757656452419369,0.0012731790469640459,-0.0007517423950681794
C(valence)[T.-val],0.10659995420855786,0.0036373070576831636,0.0012731790469640459,0.011284891835155355,0.003031418561144429
C(dominance)[T.-dom],0.05276323657708979,0.0011377938842996134,-0.0007517423950681794,0.003031418561144429,0.005581529185211617
