,Group,C(semantic_role)[T.patient],C(syntactic_role)[T.subject],C(valence)[T.-val],C(dominance)[T.-dom]
Group,1.3541279478807784,0.03249727748401269,-0.10906962270498281,0.13537584813121153,0.08118694783972884
C(semantic_role)[T.patient],0.03249727748401269,0.0027108114554731783,-0.001597253109806946,0.0036831957949088503,-0.0007445004804859363
C(syntactic_role)[T.subject],-0.10906962270498281,-0.001597253109806946,0.030405188769569765,-0.013919147399058321,-0.0003533023073448269
C(valence)[T.-val],0.13537584813121153,0.0036831957949088503,-0.013919147399058321,0.015805223903790747,0.004946384467727414
C(dominance)[T.-dom],0.08118694783972884,-0.0007445004804859363,-0.0003533023073448269,0.004946384467727414,0.01413506205174204
