random_term,Group,C(semantic_role)[T.patient],C(syntactic_role)[T.subject]
Group,0.8185975395367326,0.0083038752672649,0.03899415635516069
C(semantic_role)[T.patient],0.0083038752672649,0.004362731727404768,0.003339908083254108
C(syntactic_role)[T.subject],0.03899415635516069,0.003339908083254108,0.030481982495568848
