,Group,C(semantic_role)[T.patient],C(syntactic_role)[T.subject],C(valence)[T.-val],C(dominance)[T.-dom]
Group,1.854411008730974,0.09494357494297175,-0.15527861928608563,0.07004353664297319,0.03668947922598429
C(semantic_role)[T.patient],0.09494357494297175,0.010834401986487297,-0.0029321679372500704,0.003691836419438483,0.0008021698858643521
C(syntactic_role)[T.subject],-0.15527861928608563,-0.0029321679372500704,0.04858700347187736,-0.003439617709248606,-0.002591140711289179
C(valence)[T.-val],0.07004353664297319,0.003691836419438483,-0.003439617709248606,0.004841495683767071,0.0010463524066490378
C(dominance)[T.-dom],0.03668947922598429,0.0008021698858643521,-0.002591140711289179,0.0010463524066490378,0.003154541505283649
