,Group,C(semantic_role)[T.patient],C(syntactic_role)[T.subject],C(valence)[T.-val],C(dominance)[T.-dom]
Group,1.3549344760917073,0.03249518750195363,-0.10920032154693576,0.13545290588960981,0.08129333476259396
C(semantic_role)[T.patient],0.03249518750195363,0.0027009212481754587,-0.001601835843990098,0.0036789406278148152,-0.0007381538076181228
C(syntactic_role)[T.subject],-0.10920032154693576,-0.001601835843990098,0.030415240477132184,-0.01393568571132586,-0.0003593773833923643
C(valence)[T.-val],0.13545290588960981,0.0036789406278148152,-0.01393568571132586,0.015805055547086624,0.004953576485238114
C(dominance)[T.-dom],0.08129333476259396,-0.0007381538076181228,-0.0003593773833923643,0.004953576485238114,0.014133461617331205
