,Group,C(semantic_role)[T.patient],C(syntactic_role)[T.subject]
Group,1.5415561252786762,0.02908654079326813,-0.11427540965835974
C(semantic_role)[T.patient],0.02908654079326813,0.0020557704723723237,-0.001378674217601433
C(syntactic_role)[T.subject],-0.11427540965835974,-0.001378674217601433,0.030271134432512642
