,Group,C(semantic_role)[T.patient],C(syntactic_role)[T.subject],C(valence)[T.-val],C(dominance)[T.-dom]
Group,1.6032383116308166,0.12676711211633446,0.00930553286184788,0.13606841138288236,0.012718729521436547
C(semantic_role)[T.patient],0.12676711211633446,0.015292110239833989,0.008983257088431063,0.011330167707566691,0.004282333478462067
C(syntactic_role)[T.subject],0.00930553286184788,0.008983257088431063,0.04973333011195346,0.001995950216737812,0.010114140228428128
C(valence)[T.-val],0.13606841138288236,0.011330167707566691,0.001995950216737812,0.015528770136642202,-0.0016367843138816055
C(dominance)[T.-dom],0.012718729521436547,0.004282333478462067,0.010114140228428128,-0.0016367843138816055,0.007821086964690657
