,Group,C(semantic_role)[T.patient],C(syntactic_role)[T.subject],C(valence)[T.-val],C(dominance)[T.-dom]
Group,1.8546625775176406,0.09492184041958457,-0.15550445250734368,0.07007447133357429,0.0366648031222639
C(semantic_role)[T.patient],0.09492184041958457,0.010813638441167561,-0.0029617055896764685,0.0036902750043474966,0.0007995589200677159
C(syntactic_role)[T.subject],-0.15550445250734368,-0.0029617055896764685,0.048587639195913475,-0.0034545885032252876,-0.002586817340897232
C(valence)[T.-val],0.07007447133357429,0.0036902750043474966,-0.0034545885032252876,0.004828279947001729,0.0010462173962124258
C(dominance)[T.-dom],0.0366648031222639,0.0007995589200677159,-0.002586817340897232,0.0010462173962124258,0.003137915639391198
