,Group,C(semantic_role)[T.patient],C(syntactic_role)[T.subject],C(valence)[T.-val],C(dominance)[T.-dom]
Group,2.5332921582865886,-0.07527043750838025,-0.28609398141450265,0.2388024711649303,0.03498802481985912
C(semantic_role)[T.patient],-0.07527043750838025,0.09445098271378262,0.005791628228383506,-0.005233347471548505,-0.0018037651614298065
C(syntactic_role)[T.subject],-0.28609398141450265,0.005791628228383506,0.06868618604242493,-0.021053763215351774,-0.006367838759572943
C(valence)[T.-val],0.2388024711649303,-0.005233347471548505,-0.021053763215351774,0.09164249782520419,0.004947592111147639
C(dominance)[T.-dom],0.03498802481985912,-0.0018037651614298065,-0.006367838759572943,0.004947592111147639,0.08320584887640363
