,Group,C(semantic_role)[T.patient],C(syntactic_role)[T.subject],C(valence)[T.-val],C(dominance)[T.-dom]
Group,2.4493570639819144,-0.07071073319367202,-0.27777920653409266,0.27196440661703686,-0.007308136098214149
C(semantic_role)[T.patient],-0.07071073319367202,0.08210329880183978,0.006052499731228512,-0.00644046946443948,-0.00023255935159933222
C(syntactic_role)[T.subject],-0.27777920653409266,0.006052499731228512,0.06213237540371471,-0.025673110281380272,-0.0008621508358338054
C(valence)[T.-val],0.27196440661703686,-0.00644046946443948,-0.025673110281380272,0.08821118727606818,0.0008124147468187492
C(dominance)[T.-dom],-0.007308136098214149,-0.00023255935159933222,-0.0008621508358338054,0.0008124147468187492,0.07266620958451808
