,Group,C(semantic_role)[T.patient],C(syntactic_role)[T.subject]
Group,1.2534195843794882,0.05986714571877062,-0.048321083702419006
C(semantic_role)[T.patient],0.05986714571877062,0.005350200103013019,0.0014597284118436115
C(syntactic_role)[T.subject],-0.048321083702419006,0.0014597284118436115,0.019127934687449315
