,Group,C(semantic_role)[T.patient],C(syntactic_role)[T.subject],C(valence)[T.-val],C(dominance)[T.-dom]
Group,2.3368063808773623,0.1121737896433089,-0.2110145086790913,0.11077482056970608,-0.06018912548107898
C(semantic_role)[T.patient],0.1121737896433089,0.008085906799997872,-0.011728152977200493,0.006314675144224644,-0.0032003680396849137
C(syntactic_role)[T.subject],-0.2110145086790913,-0.011728152977200493,0.06591192198505198,-0.006588284347478905,0.004328006436916778
C(valence)[T.-val],0.11077482056970608,0.006314675144224644,-0.006588284347478905,0.013291391726485646,-0.006684907395960829
C(dominance)[T.-dom],-0.06018912548107898,-0.0032003680396849137,0.004328006436916778,-0.006684907395960829,0.006699952406484801
