,Group,C(semantic_role)[T.patient],C(syntactic_role)[T.subject],C(valence)[T.-val],C(dominance)[T.-dom]
Group,1.864358282086613,0.09520789960607236,-0.1556750957561834,0.07046866389521918,0.036594088178292586
C(semantic_role)[T.patient],0.09520789960607236,0.010896449536331912,-0.0029194606785798833,0.0036689869913995683,0.0007963448157254048
C(syntactic_role)[T.subject],-0.1556750957561834,-0.0029194606785798833,0.04861188421389639,-0.0034551354863407296,-0.002588691888886417
C(valence)[T.-val],0.07046866389521918,0.0036689869913995683,-0.0034551354863407296,0.004840164239405171,0.001046220917694901
C(dominance)[T.-dom],0.036594088178292586,0.0007963448157254048,-0.002588691888886417,0.001046220917694901,0.003150756193662554
