,Group,C(semantic_role)[T.patient],C(syntactic_role)[T.subject],C(valence)[T.-val],C(dominance)[T.-dom]
Group,1.9632179583908929,0.10046884663518847,-0.15937117431426065,0.07966179345553814,0.03808325782403176
C(semantic_role)[T.patient],0.10046884663518847,0.011125248760851213,-0.003146759798425404,0.004186313572466023,0.0008804888868828644
C(syntactic_role)[T.subject],-0.15937117431426065,-0.003146759798425404,0.0487295619775977,-0.0037761936414672926,-0.0026404115216353595
C(valence)[T.-val],0.07966179345553814,0.004186313572466023,-0.0037761936414672926,0.005690510002706564,0.0011814897321875575
C(dominance)[T.-dom],0.03808325782403176,0.0008804888868828644,-0.0026404115216353595,0.0011814897321875575,0.0031756695873482355
