{
  "formula": "log_he_she_odds ~ C(tense) + C(syntactic_role) + C(valence) + C(dominance) + C(tense):C(syntactic_role) + C(tense):C(valence) + C(tense):C(dominance)",
  "re_formula": "1 + C(semantic_role) + C(syntactic_role) + C(valence) + C(dominance)",
  "group_col": "profession",
  "optimizer": "lbfgs",
  "converged": true,
  "aic": 5547.481925261876,
  "bic": 5819.995662602564,
  "log_likelihood": -2733.740962630938,
  "nobs": 6720,
  "residual_variance": 0.12831409434188754,
  "R2m": 0.029173879926430623,
  "R2c": 0.9194071829825056,
  "random_effect_variance_semantic_role": 0.004458729942525627,
  "random_effect_variance_syntactic_role": 0.006761000136456477,
  "random_effect_variance_valence": 0.011304420774218869,
  "random_effect_variance_dominance": 0.00558817811083858
}