,Group,C(semantic_role)[T.patient],C(syntactic_role)[T.subject],C(valence)[T.-val],C(dominance)[T.-dom]
Group,0.9407466134516252,-0.019846517734752774,0.0837557121609138,0.0005825153754842906,0.054683831500826306
C(semantic_role)[T.patient],-0.019846517734752774,0.004125516535813572,-0.00220816189081503,-1.50353631653895e-05,-0.0010968496213223167
C(syntactic_role)[T.subject],0.0837557121609138,-0.00220816189081503,0.03454617290641558,-0.0008203340547470821,0.006573870161885503
C(valence)[T.-val],0.0005825153754842906,-1.50353631653895e-05,-0.0008203340547470821,0.00411317975603673,-0.00018220023368293938
C(dominance)[T.-dom],0.054683831500826306,-0.0010968496213223167,0.006573870161885503,-0.00018220023368293938,0.006628624369935532
