,Group,C(semantic_role)[T.patient],C(syntactic_role)[T.subject],C(valence)[T.-val],C(dominance)[T.-dom]
Group,2.3362121840071635,0.11207691713552775,-0.2102810936330437,0.11084049345373587,-0.06027318812083553
C(semantic_role)[T.patient],0.11207691713552775,0.008086256869769081,-0.011669069996762827,0.00631544670125687,-0.0032030488523815365
C(syntactic_role)[T.subject],-0.2102810936330437,-0.011669069996762827,0.06576134491032254,-0.006568318702436542,0.0043191307441453955
C(valence)[T.-val],0.11084049345373587,0.00631544670125687,-0.006568318702436542,0.013298654223732328,-0.006690631175503781
C(dominance)[T.-dom],-0.06027318812083553,-0.0032030488523815365,0.0043191307441453955,-0.006690631175503781,0.006713945091924559
