,Group,C(semantic_role)[T.patient],C(syntactic_role)[T.subject],C(valence)[T.-val],C(dominance)[T.-dom]
Group,1.19528637591444,0.03862326285921345,0.003732265638419879,0.10663186024396801,0.052776471484001004
C(semantic_role)[T.patient],0.03862326285921345,0.004458273399219589,0.0008129791908605054,0.0036377059813767114,0.0011410580358433386
C(syntactic_role)[T.subject],0.003732265638419879,0.0008129791908605054,0.006761633252913911,0.0012730789561916267,-0.0007494444545878135
C(valence)[T.-val],0.10663186024396801,0.0036377059813767114,0.0012730789561916267,0.011295100303583962,0.0030332283382399736
C(dominance)[T.-dom],0.052776471484001004,0.0011410580358433386,-0.0007494444545878135,0.0030332283382399736,0.005589488851142307
