,Group,C(semantic_role)[T.patient],C(syntactic_role)[T.subject],C(valence)[T.-val],C(dominance)[T.-dom]
Group,1.8647686598813953,0.09508442226858416,-0.1558678757856394,0.07058499463362176,0.036595295121560026
C(semantic_role)[T.patient],0.09508442226858416,0.010824820041116246,-0.002962862525780608,0.003689521746945571,0.0007992001711037
C(syntactic_role)[T.subject],-0.1558678757856394,-0.002962862525780608,0.04860171066891207,-0.003454846346572686,-0.002585316003421512
C(valence)[T.-val],0.07058499463362176,0.003689521746945571,-0.003454846346572686,0.004839767723828228,0.0010464450486265937
C(dominance)[T.-dom],0.036595295121560026,0.0007992001711037,-0.002585316003421512,0.0010464450486265937,0.0031506397305803907
