{
  "formula": "log_he_she_odds ~ C(semantic_role) + C(syntactic_role) + C(valence) + C(dominance)",
  "re_formula": "1 + C(semantic_role) + C(syntactic_role) + C(valence) + C(dominance)",
  "group_col": "profession",
  "optimizer": "lbfgs",
  "converged": true,
  "aic": 18530.68364052911,
  "bic": 18691.113602669844,
  "log_likelihood": -9244.341820264555,
  "nobs": 15360,
  "residual_variance": 0.18905853885809645,
  "R2m": 0.02502310121331367,
  "R2c": 0.9152662774784776,
  "random_effect_variance_semantic_role": 0.011154893342903625,
  "random_effect_variance_syntactic_role": 0.049136601893009946,
  "random_effect_variance_valence": 0.005542636834920527,
  "random_effect_variance_dominance": 0.0036006962459004324
}