,Group,C(semantic_role)[T.patient],C(syntactic_role)[T.subject],C(valence)[T.-val],C(dominance)[T.-dom]
Group,1.9028126683289306,0.09148876115270849,-0.15637284491978784,0.07446877899547094,0.04137007695845467
C(semantic_role)[T.patient],0.09148876115270849,0.011154893342903625,-0.0026098853975395934,0.003089947255780344,0.0003843487493760688
C(syntactic_role)[T.subject],-0.15637284491978784,-0.0026098853975395934,0.049136601893009946,-0.004067494524953686,-0.0025622156763941612
C(valence)[T.-val],0.07446877899547094,0.003089947255780344,-0.004067494524953686,0.005542636834920527,0.0014305489027179347
C(dominance)[T.-dom],0.04137007695845467,0.0003843487493760688,-0.0025622156763941612,0.0014305489027179347,0.0036006962459004324
