,Group,C(semantic_role)[T.patient],C(syntactic_role)[T.subject],C(valence)[T.-val],C(dominance)[T.-dom]
Group,2.659079840124602,0.2872153426109568,0.005363780845133614,0.25718384759387125,0.0201282276427447
C(semantic_role)[T.patient],0.2872153426109568,0.03677473839357924,0.006732842510223973,0.0293771623562071,0.004242741520310516
C(syntactic_role)[T.subject],0.005363780845133614,0.006732842510223973,0.05696243294662021,0.0015537336139018918,0.008357310204542346
C(valence)[T.-val],0.25718384759387125,0.0293771623562071,0.0015537336139018918,0.029384015474159943,-0.0005188309227464582
C(dominance)[T.-dom],0.0201282276427447,0.004242741520310516,0.008357310204542346,-0.0005188309227464582,0.006471731263433686
