,Group,C(semantic_role)[T.patient],C(syntactic_role)[T.subject],C(valence)[T.-val],C(dominance)[T.-dom]
Group,1.35493569332242,0.03253372123474289,-0.10911195131335727,0.13545976446270555,0.0812776768458808
C(semantic_role)[T.patient],0.03253372123474289,0.002707491963886923,-0.0016145050585559084,0.003684760426885461,-0.0007403152833885041
C(syntactic_role)[T.subject],-0.10911195131335727,-0.0016145050585559084,0.030415862340491758,-0.013931814513507548,-0.00034042568369821376
C(valence)[T.-val],0.13545976446270555,0.003684760426885461,-0.013931814513507548,0.015812209209464245,0.004950380911662035
C(dominance)[T.-dom],0.0812776768458808,-0.0007403152833885041,-0.00034042568369821376,0.004950380911662035,0.014143517245538589
