{
  "formula": "log_he_she_odds ~ C(tense) + C(semantic_role) + C(syntactic_role) + C(valence) + lex_emb_norm",
  "re_formula": "1 + C(semantic_role) + C(syntactic_role) + C(valence) + C(dominance)",
  "group_col": "profession",
  "optimizer": "lbfgs",
  "converged": true,
  "aic": 17664.752593886922,
  "bic": 17863.380166061164,
  "log_likelihood": -8806.376296943461,
  "nobs": 15360,
  "residual_variance": 0.17845074512903594,
  "R2m": 0.03749653843950376,
  "R2c": 0.9220397749240234,
  "random_effect_variance_semantic_role": 0.011239561959372611,
  "random_effect_variance_syntactic_role": 0.049324418707643036,
  "random_effect_variance_valence": 0.0056643282970942265,
  "random_effect_variance_dominance": 0.004163067574909452
}