,Group,C(semantic_role)[T.patient],C(syntactic_role)[T.subject],C(valence)[T.-val],C(dominance)[T.-dom]
Group,1.9406136310098796,0.09054925529095237,-0.16131434577361645,0.07784982116438689,0.04405620015197517
C(semantic_role)[T.patient],0.09054925529095237,0.011239561959372611,-0.002612185291114262,0.0030944265270388036,0.00041733537899041936
C(syntactic_role)[T.subject],-0.16131434577361645,-0.002612185291114262,0.049324418707643036,-0.004130485985709031,-0.0027993432578512127
C(valence)[T.-val],0.07784982116438689,0.0030944265270388036,-0.004130485985709031,0.0056643282970942265,0.0015639220878615496
C(dominance)[T.-dom],0.04405620015197517,0.00041733537899041936,-0.0027993432578512127,0.0015639220878615496,0.004163067574909452
