,Group,C(semantic_role)[T.patient],C(syntactic_role)[T.subject]
Group,1.5414354160810873,0.02909411693750632,-0.11422061306852989
C(semantic_role)[T.patient],0.02909411693750632,0.002054881815897627,-0.001378197541992411
C(syntactic_role)[T.subject],-0.11422061306852989,-0.001378197541992411,0.030265854438440286
