,Group,C(semantic_role)[T.patient],C(syntactic_role)[T.subject]
Group,0.8159210321353698,0.008257827687702526,0.0389391810708708
C(semantic_role)[T.patient],0.008257827687702526,0.004432106803977319,0.0033275918863663696
C(syntactic_role)[T.subject],0.0389391810708708,0.0033275918863663696,0.03055094590410592
