,Group,C(semantic_role)[T.patient],C(syntactic_role)[T.subject],C(valence)[T.-val],C(dominance)[T.-dom]
Group,2.3428521421936823,0.19721406989350693,-0.46352147308123887,0.1729440122706086,0.05412768156260763
C(semantic_role)[T.patient],0.19721406989350693,0.12169561536811761,-0.037875320347377874,0.007069992786324979,0.003137484582054011
C(syntactic_role)[T.subject],-0.46352147308123887,-0.037875320347377874,0.12207604118968898,-0.031241250332816533,-0.01033724691479161
C(valence)[T.-val],0.1729440122706086,0.007069992786324979,-0.031241250332816533,0.1234722582211156,0.0046992358379071755
C(dominance)[T.-dom],0.05412768156260763,0.003137484582054011,-0.01033724691479161,0.0046992358379071755,0.11581686377514269
