,Group,C(semantic_role)[T.patient],C(syntactic_role)[T.subject],C(valence)[T.-val],C(dominance)[T.-dom]
Group,2.3205414358718848,0.21361242499552238,-0.44928785634948765,0.16530454318213403,0.06005902321647166
C(semantic_role)[T.patient],0.21361242499552238,0.12139343988440679,-0.040037974221801,0.007939077471185716,0.0038566161887702947
C(syntactic_role)[T.subject],-0.44928785634948765,-0.040037974221801,0.11555709295556232,-0.028309814027825682,-0.012136019423045619
C(valence)[T.-val],0.16530454318213403,0.007939077471185716,-0.028309814027825682,0.11990764937916286,0.004275963757055821
C(dominance)[T.-dom],0.06005902321647166,0.0038566161887702947,-0.012136019423045619,0.004275963757055821,0.11461218652537469
