,Group,C(semantic_role)[T.patient],C(syntactic_role)[T.subject]
Group,1.3584490824166293,0.04081191178261508,0.003983950264129515
C(semantic_role)[T.patient],0.04081191178261508,0.004431114728622351,0.0008089603318250442
C(syntactic_role)[T.subject],0.003983950264129515,0.0008089603318250442,0.00675287948461154
