,Group,C(semantic_role)[T.patient],C(syntactic_role)[T.subject],C(valence)[T.-val],C(dominance)[T.-dom]
Group,2.5324657377675215,-0.07525308752417019,-0.28602069962128235,0.23887178593070355,0.03497631556950028
C(semantic_role)[T.patient],-0.07525308752417019,0.0944401118938297,0.005790518797472068,-0.005236351386612228,-0.0018034639213163036
C(syntactic_role)[T.subject],-0.28602069962128235,0.005790518797472068,0.06867477245588352,-0.02106418911629131,-0.006366586407666418
C(valence)[T.-val],0.23887178593070355,-0.005236351386612228,-0.02106418911629131,0.09043835189937398,0.00492945199017502
C(dominance)[T.-dom],0.03497631556950028,-0.0018034639213163036,-0.006366586407666418,0.00492945199017502,0.08319588706493684
