,Group,C(semantic_role)[T.patient],C(syntactic_role)[T.subject],C(valence)[T.-val],C(dominance)[T.-dom]
Group,2.448171672761501,-0.07068683422832775,-0.27767422562583843,0.2720866118503812,-0.0073088875372676766
C(semantic_role)[T.patient],-0.07068683422832775,0.08208967534462377,0.006050910074871383,-0.006445340259135173,-0.0002324610919817302
C(syntactic_role)[T.subject],-0.27767422562583843,0.006050910074871383,0.06211712123098204,-0.025690855710295002,-0.0008617530289986984
C(valence)[T.-val],0.2720866118503812,-0.006445340259135173,-0.025690855710295002,0.08654027479971832,0.000781893861319021
C(dominance)[T.-dom],-0.0073088875372676766,-0.0002324610919817302,-0.0008617530289986984,0.000781893861319021,0.07265380176428195
