,Group,C(semantic_role)[T.patient],C(syntactic_role)[T.subject]
Group,0.8177866769204057,0.008337716223737714,0.03905387354977032
C(semantic_role)[T.patient],0.008337716223737714,0.004435652447893111,0.003339955619448995
C(syntactic_role)[T.subject],0.03905387354977032,0.003339955619448995,0.030574574868531264
