,Group,C(semantic_role)[T.patient],C(syntactic_role)[T.subject]
Group,1.3596414487515325,0.04089181670951232,0.003974576657834499
C(semantic_role)[T.patient],0.04089181670951232,0.004435178771484856,0.0008094773150650521
C(syntactic_role)[T.subject],0.003974576657834499,0.0008094773150650521,0.006753361369622648
