,Group,C(semantic_role)[T.patient],C(syntactic_role)[T.subject],C(valence)[T.-val],C(dominance)[T.-dom]
Group,1.1185308772871683,0.14994188337146702,-0.19196753390777455,0.06947643361789023,0.08611028239333063
C(semantic_role)[T.patient],0.14994188337146702,0.022633053464095016,-0.026414460681679384,0.009514306036713155,0.015165905091772191
C(syntactic_role)[T.subject],-0.19196753390777455,-0.026414460681679384,0.06669737385826965,-0.009239612141798819,-0.015759452173314998
C(valence)[T.-val],0.06947643361789023,0.009514306036713155,-0.009239612141798819,0.004797786570033698,0.005296385079228495
C(dominance)[T.-dom],0.08611028239333063,0.015165905091772191,-0.015759452173314998,0.005296385079228495,0.012457638961546906
