,Group,C(semantic_role)[T.patient],C(syntactic_role)[T.subject],C(valence)[T.-val],C(dominance)[T.-dom]
Group,1.0962633048048251,-0.013558257434402374,0.07200136658908836,0.0021477511646388484,0.04436717907983042
C(semantic_role)[T.patient],-0.013558257434402374,0.0017375598140655546,0.000945230695160781,-1.2965466814931207e-05,-0.0005947697276783934
C(syntactic_role)[T.subject],0.07200136658908836,0.000945230695160781,0.0535041889344806,-0.0010514651433819017,0.004555062967798625
C(valence)[T.-val],0.0021477511646388484,-1.2965466814931207e-05,-0.0010514651433819017,0.0010427035069467344,0.0005474226268518287
C(dominance)[T.-dom],0.04436717907983042,-0.0005947697276783934,0.004555062967798625,0.0005474226268518287,0.0034270310963945556
