,Group,C(semantic_role)[T.patient],C(syntactic_role)[T.subject],C(valence)[T.-val],C(dominance)[T.-dom]
Group,1.0988430138137057,-0.01645915842004276,0.07329960196717246,0.02073421516971307,0.027062838918142738
C(semantic_role)[T.patient],-0.01645915842004276,0.0016851413203517467,0.0005910492874997827,-0.00018721725357842821,-0.0003807400437839598
C(syntactic_role)[T.subject],0.07329960196717246,0.0005910492874997827,0.0549723703274344,0.0006026736200729227,0.0030135416477985316
C(valence)[T.-val],0.02073421516971307,-0.00018721725357842821,0.0006026736200729227,0.0021540279235848798,0.0008101988830975526
C(dominance)[T.-dom],0.027062838918142738,-0.0003807400437839598,0.0030135416477985316,0.0008101988830975526,0.0018546265133330055
