,Group,C(semantic_role)[T.patient],C(syntactic_role)[T.subject],C(valence)[T.-val],C(dominance)[T.-dom]
Group,1.1242162638881703,-0.015031680633999376,0.07252648923426475,0.002134129575472303,0.04668215566420846
C(semantic_role)[T.patient],-0.015031680633999376,0.0017371659377125874,0.0009672625808981989,-1.3120167838214782e-05,-0.0005920515118018953
C(syntactic_role)[T.subject],0.07252648923426475,0.0009672625808981989,0.054559594409656076,-0.001069757637029191,0.004647035308925836
C(valence)[T.-val],0.002134129575472303,-1.3120167838214782e-05,-0.001069757637029191,0.0010423409626740677,0.0005463186737351198
C(dominance)[T.-dom],0.04668215566420846,-0.0005920515118018953,0.004647035308925836,0.0005463186737351198,0.0034324463198511243
