,Group,C(semantic_role)[T.patient],C(syntactic_role)[T.subject],C(valence)[T.-val],C(dominance)[T.-dom]
Group,1.8738595626830532,0.09763610157926661,-0.1558634958246467,0.07057392946379833,0.03681873801698111
C(semantic_role)[T.patient],0.09763610157926661,0.011254371439208885,-0.002998925558416841,0.0037471463595638004,0.0008199969938080301
C(syntactic_role)[T.subject],-0.1558634958246467,-0.002998925558416841,0.04862633606815416,-0.0034618009534897057,-0.00259116715304737
C(valence)[T.-val],0.07057392946379833,0.0037471463595638004,-0.0034618009534897057,0.004867225673432485,0.0010506319762012785
C(dominance)[T.-dom],0.03681873801698111,0.0008199969938080301,-0.00259116715304737,0.0010506319762012785,0.003155931865593423
