,Group,C(semantic_role)[T.patient],C(syntactic_role)[T.subject],C(valence)[T.-val],C(dominance)[T.-dom]
Group,0.6055840551196874,0.009268907180738684,0.03295763400441649,-0.006655356657077181,0.029972852797676627
C(semantic_role)[T.patient],0.009268907180738684,0.014501014337542834,0.0030501137594920276,0.002589344943432843,0.005943687639662713
C(syntactic_role)[T.subject],0.03295763400441649,0.0030501137594920276,0.02614383010797359,-0.004683075767340433,0.003662772468424325
C(valence)[T.-val],-0.006655356657077181,0.002589344943432843,-0.004683075767340433,0.0043369398237935956,0.002568330016469341
C(dominance)[T.-dom],0.029972852797676627,0.005943687639662713,0.003662772468424325,0.002568330016469341,0.005261600584576859
