{
  "formula": "log_he_she_odds ~ C(tense) + C(semantic_role) + C(syntactic_role) + C(valence) + C(dominance)",
  "re_formula": "1 + C(semantic_role) + C(syntactic_role) + C(valence) + C(dominance)",
  "group_col": "profession",
  "optimizer": "lbfgs",
  "converged": true,
  "aic": 17662.938102823595,
  "bic": 17861.565674997837,
  "log_likelihood": -8805.469051411797,
  "nobs": 15360,
  "residual_variance": 0.17845038508583436,
  "R2m": 0.029746962816877658,
  "R2c": 0.919970681553312,
  "random_effect_variance_semantic_role": 0.011240294962814774,
  "random_effect_variance_syntactic_role": 0.04919983207537816,
  "random_effect_variance_valence": 0.005628775740490523,
  "random_effect_variance_dominance": 0.0036890746037134842
}