,Group,C(semantic_role)[T.patient],C(syntactic_role)[T.subject],C(valence)[T.-val],C(dominance)[T.-dom]
Group,1.9015366942648024,0.09138554244969543,-0.15626072343555622,0.07435249995418777,0.041305385207689886
C(semantic_role)[T.patient],0.09138554244969543,0.011240294962814774,-0.0026181306374053826,0.0030864847461171572,0.00038402225774946064
C(syntactic_role)[T.subject],-0.15626072343555622,-0.0026181306374053826,0.04919983207537816,-0.004059562280660432,-0.0025551558245678813
C(valence)[T.-val],0.07435249995418777,0.0030864847461171572,-0.004059562280660432,0.005628775740490523,0.001429751562123408
C(dominance)[T.-dom],0.041305385207689886,0.00038402225774946064,-0.0025551558245678813,0.001429751562123408,0.0036890746037134842
