,Group,C(semantic_role)[T.patient],C(syntactic_role)[T.subject]
Group,1.3601283210958093,0.04088511768634245,0.003982582043465765
C(semantic_role)[T.patient],0.04088511768634245,0.004430383418236348,0.0008074774600303132
C(syntactic_role)[T.subject],0.003982582043465765,0.0008074774600303132,0.006753529956733139
