,Group,C(semantic_role)[T.patient],C(syntactic_role)[T.subject],C(valence)[T.-val],C(dominance)[T.-dom]
Group,1.1644367384522234,0.16384223287826827,-0.19355241984580168,0.06990683229102766,0.09887049140353218
C(semantic_role)[T.patient],0.16384223287826827,0.02693672718477489,-0.0275037043402758,0.00941425642863398,0.0184482083304384
C(syntactic_role)[T.subject],-0.19355241984580168,-0.0275037043402758,0.08177608076995757,-0.007979933003582374,-0.017460645959937068
C(valence)[T.-val],0.06990683229102766,0.00941425642863398,-0.007979933003582374,0.006013255959026286,0.006408863259782419
C(dominance)[T.-dom],0.09887049140353218,0.0184482083304384,-0.017460645959937068,0.006408863259782419,0.014467376381973563
