,Group,C(semantic_role)[T.patient],C(syntactic_role)[T.subject],C(valence)[T.-val],C(dominance)[T.-dom]
Group,1.8641297871351694,0.0812675252297785,-0.1420743017809141,0.061098078771977725,0.04607692246374369
C(semantic_role)[T.patient],0.0812675252297785,0.008919249113436794,-0.001293357339945184,0.0023040765279206655,0.0013859481733188908
C(syntactic_role)[T.subject],-0.1420743017809141,-0.001293357339945184,0.04645649092818869,-0.003488386109027673,-0.0016803253045691543
C(valence)[T.-val],0.061098078771977725,0.0023040765279206655,-0.003488386109027673,0.004141948876029127,0.0006625439509993165
C(dominance)[T.-dom],0.04607692246374369,0.0013859481733188908,-0.0016803253045691543,0.0006625439509993165,0.004521900169324351
