,Group,C(semantic_role)[T.patient],C(syntactic_role)[T.subject],C(valence)[T.-val],C(dominance)[T.-dom]
Group,1.8542683374308362,0.09492132887580744,-0.15524797920786113,0.07003169563502154,0.03664983603787368
C(semantic_role)[T.patient],0.09492132887580744,0.010822708746018796,-0.0029400169761606386,0.003688817336801279,0.0007997829473900087
C(syntactic_role)[T.subject],-0.15524797920786113,-0.0029400169761606386,0.04856558857294452,-0.0034422596798880257,-0.0025840694237126947
C(valence)[T.-val],0.07003169563502154,0.003688817336801279,-0.0034422596798880257,0.004834503164837855,0.0010455276257973897
C(dominance)[T.-dom],0.03664983603787368,0.0007997829473900087,-0.0025840694237126947,0.0010455276257973897,0.003146178718676138
