,Group,C(semantic_role)[T.patient],C(syntactic_role)[T.subject]
Group,1.5412190279964726,0.029079028472063274,-0.11425816436463797
C(semantic_role)[T.patient],0.029079028472063274,0.0020613339331530204,-0.0013781117419630422
C(syntactic_role)[T.subject],-0.11425816436463797,-0.0013781117419630422,0.03027877201006319
