,Group,C(semantic_role)[T.patient],C(syntactic_role)[T.subject],C(valence)[T.-val],C(dominance)[T.-dom]
Group,1.5127764576128262,0.0656493152511074,-0.018177656213356416,0.12243458654692024,-0.0260041371629069
C(semantic_role)[T.patient],0.0656493152511074,0.004680240235771584,0.0036573240704696657,0.006001123837203537,-0.0023551952081428272
C(syntactic_role)[T.subject],-0.018177656213356416,0.0036573240704696657,0.03958226974618229,0.002155680424330503,0.00261227308301847
C(valence)[T.-val],0.12243458654692024,0.006001123837203537,0.002155680424330503,0.014329796117346003,-0.003992569415620128
C(dominance)[T.-dom],-0.0260041371629069,-0.0023551952081428272,0.00261227308301847,-0.003992569415620128,0.004736182412510494
