,Group,C(semantic_role)[T.patient],C(syntactic_role)[T.subject],C(valence)[T.-val],C(dominance)[T.-dom]
Group,1.5098916458093512,0.07429878853887806,-0.013246250853793242,0.11219628023693144,-0.01568461813072225
C(semantic_role)[T.patient],0.07429878853887806,0.00542422673176023,0.003617009947399576,0.006078996020010284,-0.0019878586095640736
C(syntactic_role)[T.subject],-0.013246250853793242,0.003617009947399576,0.04024254251416106,0.002354088711811268,0.002728612071438929
C(valence)[T.-val],0.11219628023693144,0.006078996020010284,0.002354088711811268,0.012440457106608533,-0.0028463324750594736
C(dominance)[T.-dom],-0.01568461813072225,-0.0019878586095640736,0.002728612071438929,-0.0028463324750594736,0.004291834101959044
