,Group,C(semantic_role)[T.patient],C(syntactic_role)[T.subject],C(valence)[T.-val],C(dominance)[T.-dom]
Group,2.530837638895427,-0.07522230627315575,-0.2863488554530942,0.23858129528483685,0.03495231178347199
C(semantic_role)[T.patient],-0.07522230627315575,0.09442745373659157,0.0058038430746828835,-0.005229488120915014,-0.0018029717645350423
C(syntactic_role)[T.subject],-0.2863488554530942,0.0058038430746828835,0.06511329102524792,-0.02139340356929002,-0.006242835670441987
C(valence)[T.-val],0.23858129528483685,-0.005229488120915014,-0.02139340356929002,0.09187996734680733,0.004949268794297307
C(dominance)[T.-dom],0.03495231178347199,-0.0018029717645350423,-0.006242835670441987,0.004949268794297307,0.083183606906304
