,Group,C(semantic_role)[T.patient],C(syntactic_role)[T.subject],C(valence)[T.-val],C(dominance)[T.-dom]
Group,2.447755216377051,-0.0706811995299439,-0.2779947695834275,0.2717702076735564,-0.007310646794617502
C(semantic_role)[T.patient],-0.0706811995299439,0.08209126229480482,0.006061451067944994,-0.006436913411806713,-0.00023241525057595357
C(syntactic_role)[T.subject],-0.2779947695834275,0.006061451067944994,0.059626838217916076,-0.025922777049744442,-0.000786352216016253
C(valence)[T.-val],0.2717702076735564,-0.006436913411806713,-0.025922777049744442,0.0885482240893046,0.0008188652284567139
C(dominance)[T.-dom],-0.007310646794617502,-0.00023241525057595357,-0.000786352216016253,0.0008188652284567139,0.07265493372436929
