{
  "formula": "log_he_she_odds ~ C(tense) + C(semantic_role) + C(syntactic_role) + C(valence) + C(dominance) + log_frequency + lex_emb_norm + C(tense):C(syntactic_role) + C(tense):log_frequency + C(valence):C(dominance) + log_frequency:lex_emb_norm + profession_embedding_1 + profession_embedding_2 + profession_embedding_3 + profession_embedding_4 + profession_embedding_5",
  "model_type": "OLS",
  "optimizer": "closed_form",
  "converged": true,
  "nobs": 15360,
  "aic": 52091.04289818903,
  "bic": 52312.589036383375,
  "log_likelihood": -26016.521449094515,
  "residual_variance": 1.7359948263131881,
  "R2m": 0.22738453110161438,
  "R2c": 0.22738453110161438,
  "warnings": [],
  "fixed_effect_variance_profession_embedding": 1.017806677193071,
  "fixed_effect_variance_Intercept": 2.019615402743573e-28,
  "fixed_effect_variance_C(tense)": 0.016797850891713997,
  "fixed_effect_variance_C(semantic_role)": 0.005585537421969042,
  "fixed_effect_variance_C(syntactic_role)": 0.025270460142161277,
  "fixed_effect_variance_C(valence)": 0.013442818411350008,
  "fixed_effect_variance_C(dominance)": 0.0018145419571850634,
  "fixed_effect_variance_C(tense):C(syntactic_role)": 0.005553532665611415,
  "fixed_effect_variance_C(valence):C(dominance)": 0.007097369825791733,
  "fixed_effect_variance_log_frequency": 0.0036945203240909543,
  "fixed_effect_variance_C(tense):log_frequency": 0.012138264611971764,
  "fixed_effect_variance_lex_emb_norm": 0.0023668791646127615,
  "fixed_effect_variance_log_frequency:lex_emb_norm": 0.4698258373700049
}