,Group,C(semantic_role)[T.patient],C(syntactic_role)[T.subject],C(valence)[T.-val],C(dominance)[T.-dom]
Group,1.8641621723651993,0.09518650978173478,-0.15565440275297,0.0704703933161373,0.03658189030022008
C(semantic_role)[T.patient],0.09518650978173478,0.010895247297049914,-0.002912999152377314,0.0036691421034153555,0.0007966572990378984
C(syntactic_role)[T.subject],-0.15565440275297,-0.002912999152377314,0.048621151599136964,-0.0034536502327465984,-0.0025882367507965394
C(valence)[T.-val],0.0704703933161373,0.0036691421034153555,-0.0034536502327465984,0.004842953819357006,0.0010457696612975178
C(dominance)[T.-dom],0.03658189030022008,0.0007966572990378984,-0.0025882367507965394,0.0010457696612975178,0.003151608882343058
