,Group,C(semantic_role)[T.patient],C(syntactic_role)[T.subject]
Group,1.541375978925265,0.029055637630050483,-0.11419636384124263
C(semantic_role)[T.patient],0.029055637630050483,0.0020499344164965614,-0.0013752911656013471
C(syntactic_role)[T.subject],-0.11419636384124263,-0.0013752911656013471,0.03024104844382711
