target_model,term,coef,std_err,t,p_value,ci_low,ci_high
EleutherAI_pythia-12b-deduped — log(1 + x) counts,Intercept,3.6697304017812353,0.0919535152268948,39.90853849062966,0.0,3.489491438324244,3.8499693652382265
EleutherAI_pythia-12b-deduped — log(1 + x) counts,C(tense)[T.past perfect],0.0915952284808416,0.036059923477632,2.540083828454551,0.0110917925876378,0.0209138280590136,0.1622766289026697
EleutherAI_pythia-12b-deduped — log(1 + x) counts,C(tense)[T.present continuous],0.1197110832055304,0.0360599234776317,3.319781953497156,0.0009028543849184,0.0490296827837028,0.1903924836273579
EleutherAI_pythia-12b-deduped — log(1 + x) counts,C(tense)[T.present perfect],0.1599342301592513,0.0360599234776316,4.435234873930338,9.25738742971416e-06,0.089252829737424,0.2306156305810786
EleutherAI_pythia-12b-deduped — log(1 + x) counts,C(tense)[T.simple future],0.4540423027327175,0.0360599234776318,12.591327405737918,3.47360530393404e-36,0.3833609023108899,0.5247237031545452
EleutherAI_pythia-12b-deduped — log(1 + x) counts,C(tense)[T.simple past],0.0662640137868484,0.0360599234776317,1.837608275235317,0.0661383411952511,-0.0044173866349791,0.136945414208676
EleutherAI_pythia-12b-deduped — log(1 + x) counts,C(semantic_role)[T.patient],0.0210090139810285,0.020819206526768,1.0091169398803186,0.312933535906184,-0.0197989115792134,0.0618169395412704
EleutherAI_pythia-12b-deduped — log(1 + x) counts,C(syntactic_role)[T.subject],-0.0808924643325436,0.020819206526768,-3.885472975568842,0.0001025347581406,-0.1217003898927855,-0.0400845387723017
EleutherAI_pythia-12b-deduped — log(1 + x) counts,"C(valence, Treatment(reference='-val'))[T.+val]",-0.0133137291353456,0.020819206526768,-0.6394926299533882,0.5225114947846249,-0.0541216546955876,0.0274941964248963
EleutherAI_pythia-12b-deduped — log(1 + x) counts,"C(dominance, Treatment(reference='-dom'))[T.+dom]",0.024702349578137,0.020819206526768,1.1865173413970522,0.2354353527338483,-0.0161055759821049,0.0655102751383789
EleutherAI_pythia-12b-deduped — log(1 + x) counts,log_frequency,0.7178440781900455,0.0368059255363837,19.503492107009635,9.226950917898866e-84,0.6457004320076892,0.7899877243724017
EleutherAI_pythia-12b-deduped — log(1 + x) counts,lex_emb_norm,-0.0106435231611008,0.0131974851882511,-0.8064811598027875,0.419977234650185,-0.0365120399296,0.0152249936073982
EleutherAI_pythia-12b-deduped — log(1 + x) counts,profession_embedding_1,-0.1502462537268704,0.0053914923866437,-27.867284779826974,5.3378320158586736e-167,-0.160814169448821,-0.1396783380049197
EleutherAI_pythia-12b-deduped — log(1 + x) counts,profession_embedding_2,-0.1905766881269006,0.0075097044673895,-25.377388544977777,2.2496717463774884e-139,-0.205296531579658,-0.1758568446741432
EleutherAI_pythia-12b-deduped — log(1 + x) counts,profession_embedding_3,0.0426418389064394,0.004660679553751,9.149274996201012,6.396031065411335e-20,0.0335063963983364,0.0517772814145425
EleutherAI_pythia-12b-deduped — log(1 + x) counts,profession_embedding_4,-0.4330219970723495,0.0060931014379531,-71.06758380471217,0.0,-0.444965143396937,-0.4210788507477621
EleutherAI_pythia-12b-deduped — log(1 + x) counts,profession_embedding_5,-0.1107159380768748,0.0056081794073317,-19.74186808862292,9.448739087230141e-86,-0.1217085840976837,-0.0997232920560659
EleutherAI_pythia-12b-deduped — log(1 + x) counts,profession_embedding_6,-0.3738336889827303,0.0059151058831699,-63.19983046227227,0.0,-0.3854279445203269,-0.3622394334451336
EleutherAI_pythia-12b-deduped — log(1 + x) counts,profession_embedding_7,0.033478154473492,0.0062730944627375,5.336784687741251,9.587498332851968e-08,0.0211822021018865,0.0457741068450975
EleutherAI_pythia-12b-deduped — log(1 + x) counts,profession_embedding_8,-0.0362472787346561,0.0065339094581322,-5.54756367025291,2.9418535580805864e-08,-0.0490544570698148,-0.0234401003994973
EleutherAI_pythia-12b-deduped — log(1 + x) counts,profession_embedding_9,0.0531787646569034,0.0071562779177586,7.43106476132482,1.1306318319855769e-13,0.0391516759597035,0.0672058533541033
EleutherAI_pythia-12b-deduped — log(1 + x) counts,profession_embedding_10,0.2052223390671104,0.007630212497045,26.89601883913279,6.080613387073694e-156,0.1902662866744365,0.2201783914597844
EleutherAI_pythia-12b-deduped — PPMI,Intercept,0.561490853665843,0.0419713382652549,13.377959266327712,1.3320704323010049e-40,0.479222433407756,0.6437592739239298
EleutherAI_pythia-12b-deduped — PPMI,C(tense)[T.past perfect],0.0915952284808414,0.0412035428857379,2.2229939967746275,0.0262298661748258,0.0108317712657512,0.1723586856959316
EleutherAI_pythia-12b-deduped — PPMI,C(tense)[T.present continuous],0.1197110832055294,0.0412035428857377,2.905358976957448,0.0036732539965353,0.0389476259904396,0.2004745404206191
EleutherAI_pythia-12b-deduped — PPMI,C(tense)[T.present perfect],0.1599342301592515,0.0412035428857376,3.881565005290161,0.0001041952435262,0.079170772944162,0.240697687374341
EleutherAI_pythia-12b-deduped — PPMI,C(tense)[T.simple future],0.4540423027327186,0.0412035428857378,11.019496648427308,3.868747872406159e-28,0.3732788455176288,0.5348057599478084
EleutherAI_pythia-12b-deduped — PPMI,C(tense)[T.simple past],0.0662640137868465,0.0412035428857377,1.6082115552685443,0.1078082204623257,-0.0144994434282432,0.1470274710019362
EleutherAI_pythia-12b-deduped — PPMI,C(semantic_role)[T.patient],0.0210090139810273,0.0237888765766469,0.8831444357339451,0.3771712627819182,-0.0256197897827895,0.0676378177448442
EleutherAI_pythia-12b-deduped — PPMI,C(syntactic_role)[T.subject],-0.0808924643325457,0.0237888765766469,-3.400432301706758,0.0006744074706563,-0.1275212680963625,-0.0342636605687288
EleutherAI_pythia-12b-deduped — PPMI,"C(dominance, Treatment(reference='-dom'))[T.+dom]",0.0247023495781354,0.023788876576647,1.0383991651957694,0.2990996611761948,-0.0219264541856814,0.0713311533419523
EleutherAI_pythia-12b-deduped — PPMI,log_frequency,-0.6132545976181317,0.0166365622320813,-36.86185818098609,8.879787891989873e-286,-0.6458640818501773,-0.5806451133860862
EleutherAI_pythia-12b-deduped — PPMI,lex_emb_norm,-0.1239826054223562,0.013954470760018,-8.884794526037352,7.060925625557908e-19,-0.1513348965908916,-0.0966303142538208
EleutherAI_pythia-12b-deduped — PPMI,profession_embedding_1,0.1969444544831443,0.0069141267182351,28.48435710090872,3.293830957082806e-174,0.1833920087884518,0.2104969001778368
EleutherAI_pythia-12b-deduped — PPMI,profession_embedding_3,-0.2331345162014616,0.0070126343234009,-33.24492700603215,1.527291567855307e-234,-0.2468800475921399,-0.2193889848107834
EleutherAI_pythia-12b-deduped — PPMI,profession_embedding_4,-0.2670086747610504,0.0063557433428032,-42.01061313518762,0.0,-0.2794666278783358,-0.254550721643765
EleutherAI_pythia-12b-deduped — PPMI,profession_embedding_5,-0.28166704073237,0.0068945346215966,-40.85366978215894,0.0,-0.2951810837716643,-0.2681529976930756
EleutherAI_pythia-12b-deduped — PPMI,profession_embedding_6,0.0661422813833227,0.006783320212981,9.750723732125802,2.1089254436305225e-22,0.0528462307665934,0.0794383320000521
EleutherAI_pythia-12b-deduped — PPMI,profession_embedding_7,0.2178664331883827,0.0070487156003967,30.908671244463363,6.680742943113616e-204,0.2040501785426923,0.2316826878340731
EleutherAI_pythia-12b-deduped — PPMI,profession_embedding_8,-0.0718939647266316,0.0068709447137593,-10.463475944241056,1.5314385565054843e-25,-0.0853617689626851,-0.058426160490578
EleutherAI_pythia-12b-deduped — PPMI,profession_embedding_9,0.1462299064846846,0.0071299423737218,20.50926905435176,2.596874305853392e-92,0.1322544384662425,0.1602053745031268
EleutherAI_pythia-12b-deduped — PPMI,profession_embedding_10,-0.1760673495284826,0.00762636209314,-23.086675845991675,4.5545247969145e-116,-0.1910158545714627,-0.1611188444855025
EleutherAI_pythia-12b-deduped — Raw counts,Intercept,1.324158056200497,0.0301430264261766,43.929167479035165,0.0,1.2650744227407515,1.3832416896602426
EleutherAI_pythia-12b-deduped — Raw counts,C(tense)[T.past perfect],0.0915952284808442,0.0343325860014682,2.667880260372088,0.0076406933783703,0.0242995993573409,0.1588908576043475
EleutherAI_pythia-12b-deduped — Raw counts,C(tense)[T.present continuous],0.1197110832055281,0.0343325860014666,3.4868064759355466,0.0004901120913154,0.0524154540820279,0.1870067123290283
EleutherAI_pythia-12b-deduped — Raw counts,C(tense)[T.present perfect],0.1599342301592488,0.0343325860014667,4.658379947039707,3.212257850737022e-06,0.0926386010357485,0.227229859282749
EleutherAI_pythia-12b-deduped — Raw counts,C(tense)[T.simple future],0.4540423027327178,0.0343325860014664,13.224820953286905,1.0105466561131154e-39,0.3867466736092181,0.5213379318562175
EleutherAI_pythia-12b-deduped — Raw counts,C(tense)[T.simple past],0.0662640137868443,0.0343325860014667,1.930061830588976,0.0536165064880522,-0.0010316153366559,0.1335596429103447
EleutherAI_pythia-12b-deduped — Raw counts,C(semantic_role)[T.patient],0.0210090139810268,0.0198219277699229,1.0598875258190172,0.2892114761724812,-0.0178441356087114,0.0598621635707652
EleutherAI_pythia-12b-deduped — Raw counts,C(syntactic_role)[T.subject],-0.0808924643325459,0.0198219277699228,-4.08095848554596,4.5063979489918256e-05,-0.1197456139222842,-0.0420393147428076
EleutherAI_pythia-12b-deduped — Raw counts,"C(dominance, Treatment(reference='-dom'))[T.+dom]",0.0247023495781367,0.0198219277699229,1.2462132777831616,0.2127040157463049,-0.0141508000116016,0.0635554991678751
EleutherAI_pythia-12b-deduped — Raw counts,log_frequency,-0.2323651031012653,0.0106560791058759,-21.805872572129843,6.214280606799929e-104,-0.2532521853440381,-0.2114780208584925
EleutherAI_pythia-12b-deduped — Raw counts,lex_emb_norm,-0.0948035070461995,0.010702026692288,-8.85846295959209,8.934679296685058e-19,-0.1157806515911297,-0.0738263625012692
EleutherAI_pythia-12b-deduped — Raw counts,profession_embedding_2,-0.0012443490837143,1.4596389335041346e-05,-85.2504722333696,0.0,-0.0012729596056014,-0.0012157385618273
EleutherAI_pythia-12b-deduped — Raw counts,profession_embedding_3,0.0001472123562236,6.390133552975605e-05,2.3037445931804528,0.0212495035307111,2.195873926272884e-05,0.0002724659731846
EleutherAI_pythia-12b-deduped — Raw counts,profession_embedding_4,0.0058009245114628,0.0001917857269962,30.24690420040937,1.3963671155162096e-195,0.005425003479631,0.0061768455432945
EleutherAI_pythia-12b-deduped — Raw counts,profession_embedding_5,0.0010296228994234,0.00026273215085,3.918907130674063,8.931469969157134e-05,0.0005146391058441,0.0015446066930027
EleutherAI_pythia-12b-deduped — Raw counts,profession_embedding_6,0.0036712981286487,0.0003495479574254,10.50298836156468,1.0111471984155578e-25,0.0029861458449617,0.0043564504123356
EleutherAI_pythia-12b-deduped — Raw counts,profession_embedding_7,0.002313963316264,0.0004941903109194,4.682332423634142,2.8591475919426933e-06,0.001345296176578,0.00328263045595
EleutherAI_pythia-12b-deduped — Raw counts,profession_embedding_8,-0.0198966741622414,0.0005832456374324,-34.11371279145948,1.9626549374819915e-246,-0.0210398994964145,-0.0187534488280683
EleutherAI_pythia-12b-deduped — Raw counts,profession_embedding_9,-0.0638399259373245,0.000765084352665,-83.44168288757967,0.0,-0.0653395750707437,-0.0623402768039053
EleutherAI_pythia-12b-deduped — Raw counts,profession_embedding_10,-0.0044670949918205,0.0008749304282019,-5.105657373238949,3.333587656971968e-07,-0.0061820544650926,-0.0027521355185484
EleutherAI_pythia-12b-deduped — TF-IDF,Intercept,0.5422254143969374,0.2193645587882579,2.471800446672525,0.013453590806361,0.1122468494940928,0.972203979299782
EleutherAI_pythia-12b-deduped — TF-IDF,C(tense)[T.past perfect],0.09159522848084,0.0246088010474614,3.722051647464904,0.0001982751575419,0.0433592827254425,0.1398311742362374
EleutherAI_pythia-12b-deduped — TF-IDF,C(tense)[T.present continuous],0.119711083205528,0.0246088010474613,4.86456381904382,1.1578067882433496e-06,0.0714751374501308,0.1679470289609251
EleutherAI_pythia-12b-deduped — TF-IDF,C(tense)[T.present perfect],0.1599342301592506,0.0246088010474612,6.499066323905705,8.316470085238775e-11,0.1116982844038537,0.2081701759146476
EleutherAI_pythia-12b-deduped — TF-IDF,C(tense)[T.simple future],0.4540423027327207,0.0246088010474613,18.450403246263008,3.018685362784551e-75,0.4058063569773236,0.5022782484881179
EleutherAI_pythia-12b-deduped — TF-IDF,C(tense)[T.simple past],0.0662640137868497,0.0246088010474613,2.6926957416190604,0.0070949367471979,0.0180280680314526,0.1144999595422468
EleutherAI_pythia-12b-deduped — TF-IDF,C(semantic_role)[T.patient],0.0210090139810249,0.0142078979091857,1.4786855955265652,0.1392436884680333,-0.0068400222854697,0.0488580502475197
EleutherAI_pythia-12b-deduped — TF-IDF,C(syntactic_role)[T.subject],-0.08089246433253,0.0142078979091857,-5.693485753457667,1.266154739116156e-08,-0.1087415005990247,-0.0530434280660352
EleutherAI_pythia-12b-deduped — TF-IDF,"C(dominance, Treatment(reference='-dom'))[T.+dom]",0.0247023495781187,0.0142078979091857,1.7386350701568667,0.0821178560977045,-0.0031466866883759,0.0525513858446134
EleutherAI_pythia-12b-deduped — TF-IDF,log_frequency,-0.4062207159775052,0.0093930697662695,-43.24685391310958,0.0,-0.4246321616569842,-0.3878092702980263
EleutherAI_pythia-12b-deduped — TF-IDF,lex_emb_norm,-0.3897747287265998,0.0086632833093914,-44.991571302310135,0.0,-0.4067557130081788,-0.3727937444450209
EleutherAI_pythia-12b-deduped — TF-IDF,profession_embedding_1,0.8151449482040037,0.2272379758919326,3.587186274672951,0.0003352442774229,0.3697336233064723,1.2605562731015352
EleutherAI_pythia-12b-deduped — TF-IDF,profession_embedding_2,-5.755273251303833,0.0570988010392364,-100.79499300430132,0.0,-5.867193156069407,-5.643353346538259
EleutherAI_pythia-12b-deduped — TF-IDF,profession_embedding_3,-3.2144526698022453,0.1231165202435645,-26.10902796345292,3.0196771100256066e-147,-3.4557745359349505,-2.97313080366954
EleutherAI_pythia-12b-deduped — TF-IDF,profession_embedding_4,-3.189649078203891,0.1650895879155059,-19.32071621522477,2.9857928564202185e-82,-3.5132427547960594,-2.866055401611723
EleutherAI_pythia-12b-deduped — TF-IDF,profession_embedding_5,-1.0355463159732885,0.21054308178658,-4.918453302697377,8.808074870776967e-07,-1.4482338196287865,-0.6228588123177904
EleutherAI_pythia-12b-deduped — TF-IDF,profession_embedding_6,2.079541125240316,0.2147453373108793,9.683754493955956,4.054827992007067e-22,1.6586167404328476,2.500465510047784
EleutherAI_pythia-12b-deduped — TF-IDF,profession_embedding_7,-2.911271248156009,0.2318301322825473,-12.557777625765413,5.288841543406671e-36,-3.36568370261409,-2.456858793697928
EleutherAI_pythia-12b-deduped — TF-IDF,profession_embedding_8,-5.370141707338417,0.2677811924601247,-20.05421537637705,2.1553859535781e-88,-5.895022177903018,-4.845261236773816
EleutherAI_pythia-12b-deduped — TF-IDF,profession_embedding_9,-21.08308697695766,0.3447362397645149,-61.15715304941325,0.0,-21.75880777006457,-20.407366183850748
EleutherAI_pythia-12b-deduped — TF-IDF,profession_embedding_10,15.871432764803334,0.3228645199116985,49.15818179446931,0.0,15.238582938484402,16.504282591122266
EleutherAI_pythia-2.8b-deduped — log(1 + x) counts,Intercept,3.5078279696074377,0.0768597882016783,45.63931350426022,0.0,3.35717436465485,3.6584815745600254
EleutherAI_pythia-2.8b-deduped — log(1 + x) counts,C(tense)[T.past perfect],0.1532911547954735,0.0301102146672573,5.091001724480111,3.601438091528576e-07,0.0942718354393534,0.2123104741515935
EleutherAI_pythia-2.8b-deduped — log(1 + x) counts,C(tense)[T.present continuous],-0.1785413801476122,0.0301102146672572,-5.929595060036679,3.0981768995911275e-09,-0.237560699503732,-0.1195220607914925
EleutherAI_pythia-2.8b-deduped — log(1 + x) counts,C(tense)[T.present perfect],-0.0794169543714557,0.030110214667257,-2.6375419520943044,0.0083588572950282,-0.1384362737275752,-0.0203976350153362
EleutherAI_pythia-2.8b-deduped — log(1 + x) counts,C(tense)[T.simple future],0.0416667147944012,0.0301102146672572,1.383806633557846,0.1664366218561072,-0.0173526045617185,0.100686034150521
EleutherAI_pythia-2.8b-deduped — log(1 + x) counts,C(tense)[T.simple past],-0.0263987087114836,0.0301102146672572,-0.8767359848878947,0.3806429788018136,-0.0854180280676034,0.0326206106446361
EleutherAI_pythia-2.8b-deduped — log(1 + x) counts,C(semantic_role)[T.patient],-0.0747258655390929,0.0173841405434983,-4.298507904495758,1.7295006687749692e-05,-0.1088006854567372,-0.0406510456214487
EleutherAI_pythia-2.8b-deduped — log(1 + x) counts,C(syntactic_role)[T.subject],0.0166624569436236,0.0173841405434983,0.9584860926504288,0.3378319190382941,-0.0174123629740205,0.0507372768612678
EleutherAI_pythia-2.8b-deduped — log(1 + x) counts,"C(valence, Treatment(reference='-val'))[T.+val]",-0.1134376793546863,0.0173841405434983,-6.525354478747107,6.984090765597637e-11,-0.1475124992723306,-0.079362859437042
EleutherAI_pythia-2.8b-deduped — log(1 + x) counts,"C(dominance, Treatment(reference='-dom'))[T.+dom]",-0.1181616051419547,0.0173841405434983,-6.79709214535468,1.1045285552849111e-11,-0.152236425059599,-0.0840867852243104
EleutherAI_pythia-2.8b-deduped — log(1 + x) counts,log_frequency,0.964449250767922,0.0306840564415263,31.43160854907961,1.3738193000025368e-210,0.904305138669215,1.024593362866629
EleutherAI_pythia-2.8b-deduped — log(1 + x) counts,lex_emb_norm,0.1272543745693322,0.0112207479898283,11.34098855839994,1.0623181565205985e-29,0.1052604792635521,0.1492482698751122
EleutherAI_pythia-2.8b-deduped — log(1 + x) counts,profession_embedding_1,-0.1477591029701406,0.0045023985002072,-32.81786429240735,8.551553515435802e-229,-0.1565842972734283,-0.1389339086668529
EleutherAI_pythia-2.8b-deduped — log(1 + x) counts,profession_embedding_2,-0.1381943390404049,0.0062921886810096,-21.96284092012168,2.194205407508964e-105,-0.1505277181716171,-0.1258609599091927
EleutherAI_pythia-2.8b-deduped — log(1 + x) counts,profession_embedding_3,0.0188110947378765,0.0038929356408422,4.832110384903977,1.363227217660951e-06,0.0111805144062944,0.0264416750694586
EleutherAI_pythia-2.8b-deduped — log(1 + x) counts,profession_embedding_4,-0.2768361058577364,0.0051592734643887,-53.65796323233607,0.0,-0.2869488470522199,-0.2667233646632529
EleutherAI_pythia-2.8b-deduped — log(1 + x) counts,profession_embedding_5,-0.1274474745869835,0.0046943968938729,-27.148849462074068,8.712993366454895e-159,-0.1366490067754985,-0.1182459423984686
EleutherAI_pythia-2.8b-deduped — log(1 + x) counts,profession_embedding_6,-0.3431748823861067,0.0049419234496007,-69.44156174936968,0.0,-0.3528615937406641,-0.3334881710315492
EleutherAI_pythia-2.8b-deduped — log(1 + x) counts,profession_embedding_7,0.0503502859464345,0.0052389047151179,9.610842090931476,8.220992104245504e-22,0.0400814587768277,0.0606191131160414
EleutherAI_pythia-2.8b-deduped — log(1 + x) counts,profession_embedding_8,-0.0338306420909776,0.0054880473457587,-6.164422418316543,7.240612948542888e-10,-0.0445878161104992,-0.0230734680714559
EleutherAI_pythia-2.8b-deduped — log(1 + x) counts,profession_embedding_9,0.1105235091463792,0.0059843680614715,18.46870179291779,2.1664666807360927e-75,0.098793492151561,0.1222535261411975
EleutherAI_pythia-2.8b-deduped — log(1 + x) counts,profession_embedding_10,0.0785393287893507,0.0064329313344076,12.208948721288149,3.925160024184668e-34,0.0659300786389605,0.0911485789397409
EleutherAI_pythia-2.8b-deduped — PPMI,Intercept,0.8359483924972432,0.0369386724277295,22.630710243655223,1.1296779397831458e-111,0.7635445478652761,0.9083522371292102
EleutherAI_pythia-2.8b-deduped — PPMI,C(tense)[T.past perfect],0.1532911547954732,0.0326542846515301,4.694365729683509,2.696121011658916e-06,0.0892851795644154,0.217297130026531
EleutherAI_pythia-2.8b-deduped — PPMI,C(tense)[T.present continuous],-0.1785413801476131,0.0326542846515299,-5.4676249090407705,4.62812071635313e-08,-0.2425473553786706,-0.1145354049165556
EleutherAI_pythia-2.8b-deduped — PPMI,C(tense)[T.present perfect],-0.0794169543714577,0.0326542846515298,-2.432053104790247,0.015024200349295,-0.1434229296025149,-0.0154109791404004
EleutherAI_pythia-2.8b-deduped — PPMI,C(tense)[T.simple future],0.0416667147944011,0.0326542846515299,1.2759953322832591,0.2019753531035657,-0.0223392604366563,0.1056726900254586
EleutherAI_pythia-2.8b-deduped — PPMI,C(tense)[T.simple past],-0.0263987087114846,0.03265428465153,-0.8084301644699419,0.4188547931049968,-0.0904046839425422,0.0376072665195728
EleutherAI_pythia-2.8b-deduped — PPMI,C(semantic_role)[T.patient],-0.0747258655390933,0.0188529600337555,-3.9636144884039215,7.413823586082513e-05,-0.1116797325684889,-0.0377719985096978
EleutherAI_pythia-2.8b-deduped — PPMI,C(syntactic_role)[T.subject],0.0166624569436218,0.0188529600337554,0.8838111847576371,0.3768111845051461,-0.0202914100857737,0.0536163239730173
EleutherAI_pythia-2.8b-deduped — PPMI,"C(valence, Treatment(reference='-val'))[T.+val]",-0.1134376793546871,0.0188529600337555,-6.016969173624792,1.8151569809965359e-09,-0.1503915463840827,-0.0764838123252915
EleutherAI_pythia-2.8b-deduped — PPMI,"C(dominance, Treatment(reference='-dom'))[T.+dom]",-0.1181616051419559,0.0188529600337555,-6.26753596943886,3.76024969212481e-10,-0.1551154721713515,-0.0812077381125603
EleutherAI_pythia-2.8b-deduped — PPMI,log_frequency,-0.5476839989804234,0.0132181340599879,-41.4342899303992,0.0,-0.5735929897996341,-0.5217750081612127
EleutherAI_pythia-2.8b-deduped — PPMI,lex_emb_norm,-0.1812948789043078,0.0113762919511035,-15.93620132847608,9.532486197807204e-57,-0.2035936574142053,-0.1589961003944103
EleutherAI_pythia-2.8b-deduped — PPMI,profession_embedding_1,0.1527913875760155,0.0060663178780475,25.186841614239743,2.3360635871394083e-137,0.1409007399630125,0.1646820351890185
EleutherAI_pythia-2.8b-deduped — PPMI,profession_embedding_2,-0.0732181213793932,0.0052955989798522,-13.826220916266712,3.106421883667475e-43,-0.0835980755188005,-0.0628381672399859
EleutherAI_pythia-2.8b-deduped — PPMI,profession_embedding_3,-0.2101867241353182,0.0056855759123297,-36.96841399646209,2.3556679319884768e-287,-0.2213310757847984,-0.199042372485838
EleutherAI_pythia-2.8b-deduped — PPMI,profession_embedding_4,-0.2655032527637866,0.0051564033914487,-51.49000817199257,0.0,-0.275610368300888,-0.2553961372266852
EleutherAI_pythia-2.8b-deduped — PPMI,profession_embedding_5,-0.2508481219376231,0.0055194019095566,-45.44842467501568,0.0,-0.2616667543371169,-0.2400294895381293
EleutherAI_pythia-2.8b-deduped — PPMI,profession_embedding_6,0.1207152711512546,0.0054189884578102,22.27634771527697,2.578875317265793e-108,0.1100934601175917,0.1313370821849176
EleutherAI_pythia-2.8b-deduped — PPMI,profession_embedding_7,0.1160305263296495,0.0056671844735602,20.47410435834232,5.252906738123088e-92,0.1049222239149606,0.1271388287443384
EleutherAI_pythia-2.8b-deduped — PPMI,profession_embedding_8,-0.0658946145397661,0.0054470469575605,-12.09730979981797,1.5195012868116597e-33,-0.0765714233067802,-0.055217805772752
EleutherAI_pythia-2.8b-deduped — PPMI,profession_embedding_9,0.177658120530025,0.0056611157839066,31.38217399387428,5.9480160632215145e-210,0.166561713411889,0.1887545276481609
EleutherAI_pythia-2.8b-deduped — PPMI,profession_embedding_10,-0.1265811675912879,0.0060973803250141,-20.759926533038573,1.6611212914847254e-94,-0.1385327010032718,-0.1146296341793041
EleutherAI_pythia-2.8b-deduped — Raw counts,Intercept,1.507928411961494,0.0283113103192199,53.26240272735786,0.0,1.4524351424524138,1.563421681470574
EleutherAI_pythia-2.8b-deduped — Raw counts,C(tense)[T.past perfect],0.1532911547954717,0.0299719191194644,5.114492474921997,3.18152350685105e-07,0.0945429101311596,0.2120393994597838
EleutherAI_pythia-2.8b-deduped — Raw counts,C(tense)[T.present continuous],-0.1785413801476245,0.0299719191194663,-5.956955223186367,2.622666525187955e-09,-0.2372896248119404,-0.1197931354833087
EleutherAI_pythia-2.8b-deduped — Raw counts,C(tense)[T.present perfect],-0.0794169543714543,0.0299719191194637,-2.649712020605349,0.0080638147713919,-0.138165199035765,-0.0206687097071436
EleutherAI_pythia-2.8b-deduped — Raw counts,C(tense)[T.simple future],0.0416667147944016,0.0299719191194641,1.3901917534317212,0.164489640584368,-0.0170815298699099,0.1004149594587132
EleutherAI_pythia-2.8b-deduped — Raw counts,C(tense)[T.simple past],-0.026398708711483,0.0299719191194642,-0.8807813942864694,0.3784491390673167,-0.0851469533757946,0.0323495359528286
EleutherAI_pythia-2.8b-deduped — Raw counts,C(semantic_role)[T.patient],-0.0747258655390927,0.0173042955717522,-4.318341953259067,1.581345590034524e-05,-0.1086441804104508,-0.0408075506677346
EleutherAI_pythia-2.8b-deduped — Raw counts,C(syntactic_role)[T.subject],0.0166624569436228,0.0173042955717523,0.9629087109921318,0.3356076228443468,-0.0172558579277353,0.0505807718149811
EleutherAI_pythia-2.8b-deduped — Raw counts,"C(valence, Treatment(reference='-val'))[T.+val]",-0.1134376793546851,0.0173042955717522,-6.555463577486645,5.7134602195596286e-11,-0.1473559942260431,-0.079519364483327
EleutherAI_pythia-2.8b-deduped — Raw counts,"C(dominance, Treatment(reference='-dom'))[T.+dom]",-0.1181616051419557,0.0173042955717523,-6.82845508804437,8.88646243816474e-12,-0.1520799200133139,-0.0842432902705974
EleutherAI_pythia-2.8b-deduped — Raw counts,lex_emb_norm,-0.0317908639202942,0.0093559275387583,-3.3979382363315564,0.0006805814503807,-0.0501295067652095,-0.0134522210753788
EleutherAI_pythia-2.8b-deduped — Raw counts,profession_embedding_1,-3.79775772647491e-05,1.96941811366306e-06,-19.283653888057284,6.020250833146596e-82,-4.183785250193494e-05,-3.4117302027563263e-05
EleutherAI_pythia-2.8b-deduped — Raw counts,profession_embedding_2,-0.0009691908538997,1.2751236670871508e-05,-76.00759666815414,0.0,-0.0009941846745732,-0.0009441970332262
EleutherAI_pythia-2.8b-deduped — Raw counts,profession_embedding_3,0.0003321548028768,5.49134094198153e-05,6.048701153074414,1.4920797700609002e-09,0.0002245185050779,0.0004397911006757
EleutherAI_pythia-2.8b-deduped — Raw counts,profession_embedding_4,0.0032622502462884,0.0001658403366204,19.671030056790723,3.706652103081788e-85,0.002937185019996,0.0035873154725809
EleutherAI_pythia-2.8b-deduped — Raw counts,profession_embedding_5,0.0040209536243251,0.0002270283152909,17.711242842865456,1.5386131059576347e-69,0.0035759532571721,0.0044659539914781
EleutherAI_pythia-2.8b-deduped — Raw counts,profession_embedding_6,0.0060861712791144,0.0003051332554446,19.94594548616216,1.7935168419720175e-87,0.0054880766734727,0.0066842658847561
EleutherAI_pythia-2.8b-deduped — Raw counts,profession_embedding_7,0.0026788455833949,0.0004327645088612,6.190076886027937,6.157376332709273e-10,0.0018305797400476,0.0035271114267422
EleutherAI_pythia-2.8b-deduped — Raw counts,profession_embedding_8,-0.0137135942652579,0.0005094076430039,-26.920668454031507,3.217795913999684e-156,-0.014712089047183,-0.0127150994833329
EleutherAI_pythia-2.8b-deduped — Raw counts,profession_embedding_9,-0.0482033038758695,0.0006666953987645,-72.30183973850491,0.0,-0.0495100998887332,-0.0468965078630059
EleutherAI_pythia-2.8b-deduped — Raw counts,profession_embedding_10,-0.0045131599951584,0.0007630487617781,-5.914641660175759,3.392513113733305e-09,-0.0060088191542888,-0.003017500836028
EleutherAI_pythia-2.8b-deduped — TF-IDF,Intercept,4.229983365443884,0.1895156455555092,22.31996916689878,1.0015813460149033e-108,3.858511938500362,4.601454792387406
EleutherAI_pythia-2.8b-deduped — TF-IDF,C(tense)[T.past perfect],0.1532911547954764,0.021022337279738,7.291822633976237,3.198283308679507e-13,0.112085070706208,0.1944972388847448
EleutherAI_pythia-2.8b-deduped — TF-IDF,C(tense)[T.present continuous],-0.1785413801476116,0.0210223372797379,-8.49293671639909,2.1864644317604848e-17,-0.2197474642368797,-0.1373352960583435
EleutherAI_pythia-2.8b-deduped — TF-IDF,C(tense)[T.present perfect],-0.0794169543714567,0.0210223372797378,-3.777741424023384,0.0001588199241112,-0.1206230384607247,-0.0382108702821887
EleutherAI_pythia-2.8b-deduped — TF-IDF,C(tense)[T.simple future],0.0416667147944023,0.0210223372797379,1.9820210398090303,0.0474936557362979,0.0004606307051341,0.0828727988836704
EleutherAI_pythia-2.8b-deduped — TF-IDF,C(tense)[T.simple past],-0.0263987087114834,0.0210223372797379,-1.2557456556901267,0.2092262023448579,-0.0676047928007516,0.0148073753777846
EleutherAI_pythia-2.8b-deduped — TF-IDF,C(semantic_role)[T.patient],-0.0747258655390928,0.0121372520874518,-6.15673671442886,7.59986495893889e-10,-0.0985162092802821,-0.0509355217979035
EleutherAI_pythia-2.8b-deduped — TF-IDF,C(syntactic_role)[T.subject],0.0166624569436211,0.0121372520874517,1.3728360277568743,0.1698222164610438,-0.0071278867975681,0.0404528006848104
EleutherAI_pythia-2.8b-deduped — TF-IDF,"C(valence, Treatment(reference='-val'))[T.+val]",-0.1134376793546869,0.0121372520874518,-9.34624069248469,1.0232446876573303e-20,-0.1372280230958762,-0.0896473356134975
EleutherAI_pythia-2.8b-deduped — TF-IDF,"C(dominance, Treatment(reference='-dom'))[T.+dom]",-0.1181616051419526,0.0121372520874518,-9.735449530962194,2.448998311445813e-22,-0.1419519488831419,-0.0943712614007632
EleutherAI_pythia-2.8b-deduped — TF-IDF,log_frequency,-0.2876307382518342,0.0080262046207149,-35.83645718544018,8.59460221451357e-271,-0.3033629785882891,-0.2718984979153793
EleutherAI_pythia-2.8b-deduped — TF-IDF,lex_emb_norm,-0.4012340035920851,0.0075022616038708,-53.48173987762104,0.0,-0.4159392582169716,-0.3865287489671987
EleutherAI_pythia-2.8b-deduped — TF-IDF,profession_embedding_1,-2.980674000270321,0.1962312806026821,-15.189596638802046,9.37235630779558e-52,-3.365308807611767,-2.5960391929288757
EleutherAI_pythia-2.8b-deduped — TF-IDF,profession_embedding_2,-5.599181645131866,0.0495476145455026,-113.0060790311064,0.0,-5.696300397638632,-5.5020628926251
EleutherAI_pythia-2.8b-deduped — TF-IDF,profession_embedding_3,-2.338230559154482,0.1055061371684256,-22.16203362105682,3.0496593381171287e-107,-2.545034146322036,-2.131426971986928
EleutherAI_pythia-2.8b-deduped — TF-IDF,profession_embedding_4,-4.622291553212071,0.1412729676158546,-32.7188678146896,1.7989660360890515e-227,-4.89920204635358,-4.3453810600705625
EleutherAI_pythia-2.8b-deduped — TF-IDF,profession_embedding_5,1.154921873143063,0.1799111483629184,6.419401374801655,1.4059126116063408e-10,0.8022763128806207,1.5075674334055054
EleutherAI_pythia-2.8b-deduped — TF-IDF,profession_embedding_6,0.9878433375537592,0.1836503703755225,5.37893463287794,7.596151479678573e-08,0.6278684925105844,1.3478181825969342
EleutherAI_pythia-2.8b-deduped — TF-IDF,profession_embedding_7,-7.393278458852673,0.1962258218571575,-37.67739836113213,5.990453036660917e-298,-7.777902566454879,-7.008654351250467
EleutherAI_pythia-2.8b-deduped — TF-IDF,profession_embedding_8,-4.421284461469954,0.2294979046280129,-19.2650319341098,8.560188353013678e-82,-4.871125496297582,-3.971443426642325
EleutherAI_pythia-2.8b-deduped — TF-IDF,profession_embedding_9,-15.166697401228994,0.2961482722508194,-51.213188873118696,0.0,-15.747180458220974,-14.586214344237014
EleutherAI_pythia-2.8b-deduped — TF-IDF,profession_embedding_10,12.96506542854032,0.2777071148422045,46.686111862518096,0.0,12.420729060319012,13.509401796761626
EleutherAI_pythia-6.9b-deduped — log(1 + x) counts,Intercept,4.453733780854165,0.0863688552633561,51.56643291466381,0.0,4.284441362731567,4.623026198976763
EleutherAI_pythia-6.9b-deduped — log(1 + x) counts,C(tense)[T.past perfect],0.0126121571860422,0.0338683705303591,0.3723874809606463,0.7096092155176478,-0.0537735593720106,0.0789978737440951
EleutherAI_pythia-6.9b-deduped — log(1 + x) counts,C(tense)[T.present continuous],-0.0333745186788679,0.033868370530359,-0.985418493899836,0.3244331775137639,-0.0997602352369205,0.0330111978791846
EleutherAI_pythia-6.9b-deduped — log(1 + x) counts,C(tense)[T.present perfect],0.1033620007959918,0.0338683705303589,3.05187403991994,0.002277834692349,0.0369762842379395,0.1697477173540443
EleutherAI_pythia-6.9b-deduped — log(1 + x) counts,C(tense)[T.simple future],0.2037683722508447,0.0338683705303589,6.016479950465597,1.8206363994361783e-09,0.1373826556927922,0.2701540888088973
EleutherAI_pythia-6.9b-deduped — log(1 + x) counts,C(tense)[T.simple past],-0.0513158128446731,0.033868370530359,-1.515154465393442,0.1297526841567432,-0.1177015294027256,0.0150699037133794
EleutherAI_pythia-6.9b-deduped — log(1 + x) counts,C(semantic_role)[T.patient],0.0313927409243521,0.0195539128427167,1.6054454766604445,0.1084151773483694,-0.0069350704007856,0.06972055224949
EleutherAI_pythia-6.9b-deduped — log(1 + x) counts,C(syntactic_role)[T.subject],-0.1168410851974271,0.0195539128427167,-5.975330162164807,2.3440584170587387e-09,-0.155168896522565,-0.0785132738722893
EleutherAI_pythia-6.9b-deduped — log(1 + x) counts,"C(valence, Treatment(reference='-val'))[T.+val]",-0.1021506537715483,0.0195539128427167,-5.224051809640558,1.772049106071452e-07,-0.1404784650966861,-0.0638228424464104
EleutherAI_pythia-6.9b-deduped — log(1 + x) counts,"C(dominance, Treatment(reference='-dom'))[T.+dom]",0.0260407463512682,0.0195539128427167,1.3317409441644157,0.1829639539140226,-0.0122870649738695,0.0643685576764061
EleutherAI_pythia-6.9b-deduped — log(1 + x) counts,log_frequency,0.9803778704676424,0.0345635467648353,28.364504289388226,8.50349321588574e-173,0.9126295323326684,1.0481262086026164
EleutherAI_pythia-6.9b-deduped — log(1 + x) counts,lex_emb_norm,0.0085330848193232,0.0125857626007993,0.6779950559993287,0.4977844530752377,-0.0161363886628646,0.0332025583015111
EleutherAI_pythia-6.9b-deduped — log(1 + x) counts,profession_embedding_1,-0.1834759506108564,0.005063811250593,-36.23277834247222,1.53187134324127e-276,-0.1934015754083062,-0.1735503258134066
EleutherAI_pythia-6.9b-deduped — log(1 + x) counts,profession_embedding_2,-0.213488015119161,0.0070459770135184,-30.29927783039349,3.111765092942232e-196,-0.2272989019604604,-0.1996771282778615
EleutherAI_pythia-6.9b-deduped — log(1 + x) counts,profession_embedding_3,0.0728352082962786,0.0043774649532438,16.638673084590845,1.1791406251502262e-61,0.0642548974316515,0.0814155191609057
EleutherAI_pythia-6.9b-deduped — log(1 + x) counts,profession_embedding_4,-0.38728747070066,0.00577577067017,-67.05381719895361,0.0,-0.3986086139564456,-0.3759663274448744
EleutherAI_pythia-6.9b-deduped — log(1 + x) counts,profession_embedding_5,-0.1125223969000849,0.0052631084931661,-21.379456084971174,4.891042288550497e-100,-0.1228386661262178,-0.1022061276739521
EleutherAI_pythia-6.9b-deduped — log(1 + x) counts,profession_embedding_6,-0.3727512531475506,0.005567673273693,-66.94919669743938,0.0,-0.3836645027089345,-0.3618380035861666
EleutherAI_pythia-6.9b-deduped — log(1 + x) counts,profession_embedding_7,0.0270447140434082,0.0058998882450738,4.583936664561323,4.59691682785597e-06,0.0154802867435896,0.0386091413432269
EleutherAI_pythia-6.9b-deduped — log(1 + x) counts,profession_embedding_8,-0.0197917371309732,0.0061416895311221,-3.222523221123664,0.0012731661881987,-0.0318301214410527,-0.0077533528208937
EleutherAI_pythia-6.9b-deduped — log(1 + x) counts,profession_embedding_9,0.0688749076304758,0.0067571908551523,10.192831474925486,2.525122399575663e-24,0.0556300732964262,0.0821197419645253
EleutherAI_pythia-6.9b-deduped — log(1 + x) counts,profession_embedding_10,0.2192325737347874,0.0072306358887303,30.31995762315779,1.7180581268484654e-196,0.2050597352684827,0.2334054122010922
EleutherAI_pythia-6.9b-deduped — PPMI,Intercept,1.0173471894536426,0.0433725195154521,23.456031625997564,1.0943060498235084e-119,0.932332299694466,1.102362079212819
EleutherAI_pythia-6.9b-deduped — PPMI,C(tense)[T.past perfect],0.0126121571860404,0.0383472491659087,0.3288934007097664,0.7422404884180026,-0.062552652163943,0.0877769665360239
EleutherAI_pythia-6.9b-deduped — PPMI,C(tense)[T.present continuous],-0.03337451867887,0.0383472491659085,-0.8703236713141002,0.3841363645064936,-0.1085393280288532,0.041790290671113
EleutherAI_pythia-6.9b-deduped — PPMI,C(tense)[T.present perfect],0.1033620007959917,0.0383472491659083,2.695421524208912,0.0070371761040185,0.0281971914460088,0.1785268101459745
EleutherAI_pythia-6.9b-deduped — PPMI,C(tense)[T.simple future],0.2037683722508452,0.0383472491659085,5.31376765434323,1.0879411841063296e-07,0.128603562900862,0.2789331816008283
EleutherAI_pythia-6.9b-deduped — PPMI,C(tense)[T.simple past],-0.0513158128446725,0.0383472491659084,-1.338187587397882,0.1808539633464594,-0.1264806221946555,0.0238489965053105
EleutherAI_pythia-6.9b-deduped — PPMI,C(semantic_role)[T.patient],0.0313927409243515,0.0221397946286189,1.4179327970717384,0.156229504613644,-0.0120036819874481,0.0747891638361512
EleutherAI_pythia-6.9b-deduped — PPMI,C(syntactic_role)[T.subject],-0.1168410851974285,0.0221397946286189,-5.277424075397438,1.3269048603258906e-07,-0.1602375081092282,-0.0734446622856288
EleutherAI_pythia-6.9b-deduped — PPMI,"C(valence, Treatment(reference='-val'))[T.+val]",-0.1021506537715496,0.0221397946286189,-4.613893465818545,3.98204789693746e-06,-0.1455470766833493,-0.0587542308597499
EleutherAI_pythia-6.9b-deduped — PPMI,"C(dominance, Treatment(reference='-dom'))[T.+dom]",0.0260407463512664,0.0221397946286189,1.1761963824906,0.239533589324355,-0.0173556765605332,0.0694371692630661
EleutherAI_pythia-6.9b-deduped — PPMI,log_frequency,-0.5548573382915544,0.0155267756244683,-35.73551597004887,2.4539379109581218e-269,-0.5852915194914584,-0.5244231570916503
EleutherAI_pythia-6.9b-deduped — PPMI,lex_emb_norm,-0.1543298180934361,0.0133338006516433,-11.57433068975837,7.341400544680787e-31,-0.1804655281036984,-0.1281941080831739
EleutherAI_pythia-6.9b-deduped — PPMI,profession_embedding_1,0.154861348837659,0.0071223484599502,21.74301772911872,2.3570456140268296e-103,0.1409007655947744,0.1688219320805437
EleutherAI_pythia-6.9b-deduped — PPMI,profession_embedding_2,-0.0169596817252185,0.006213214164393,-2.7296148622096155,0.0063476421747894,-0.029138262152114,-0.004781101298323
EleutherAI_pythia-6.9b-deduped — PPMI,profession_embedding_3,-0.210912851568712,0.0066767352239834,-31.58921905590829,1.2672846076415238e-212,-0.2239999840516644,-0.1978257190857595
EleutherAI_pythia-6.9b-deduped — PPMI,profession_embedding_4,-0.2765610833082453,0.0060283065396333,-45.87707700163949,0.0,-0.288377224533771,-0.2647449420827197
EleutherAI_pythia-6.9b-deduped — PPMI,profession_embedding_5,-0.2570373915189954,0.0064597661219801,-39.790510471330514,0.0,-0.2696992407928091,-0.2443755422451816
EleutherAI_pythia-6.9b-deduped — PPMI,profession_embedding_6,0.1371124578032907,0.0063658317845975,21.538812592415788,1.7456291865554987e-101,0.1246347301213603,0.1495901854852211
EleutherAI_pythia-6.9b-deduped — PPMI,profession_embedding_7,0.2112183823076138,0.0067181348610315,31.44003308608516,1.0699908767547704e-210,0.1980501020006697,0.2243866626145579
EleutherAI_pythia-6.9b-deduped — PPMI,profession_embedding_8,-0.0748818841704627,0.0063961687677525,-11.707302744729567,1.5639651670834727e-31,-0.0874190756628279,-0.0623446926780976
EleutherAI_pythia-6.9b-deduped — PPMI,profession_embedding_9,0.1531992060246756,0.0066470232543833,23.04779149428277,1.0879256724888677e-115,0.1401703122571195,0.1662280997922317
EleutherAI_pythia-6.9b-deduped — PPMI,profession_embedding_10,-0.2061930608268454,0.0071404765962239,-28.87665242623782,7.261028083093718e-179,-0.2201891772027845,-0.1921969444509062
EleutherAI_pythia-6.9b-deduped — Raw counts,Intercept,1.7449573599979196,0.0326568240533323,53.43316169227613,0.0,1.680946407261135,1.808968312734704
EleutherAI_pythia-6.9b-deduped — Raw counts,C(tense)[T.past perfect],0.0126121571860433,0.0327634370580816,0.3849460959692682,0.7002823760161856,-0.0516077687196257,0.0768320830917124
EleutherAI_pythia-6.9b-deduped — Raw counts,C(tense)[T.present continuous],-0.0333745186788704,0.0327634370580808,-1.0186513282994791,0.308383647688531,-0.097594444584538,0.0308454072267971
EleutherAI_pythia-6.9b-deduped — Raw counts,C(tense)[T.present perfect],0.1033620007959936,0.0327634370580817,3.154797239763264,0.0016090159462935,0.0391420748903243,0.167581926701663
EleutherAI_pythia-6.9b-deduped — Raw counts,C(tense)[T.simple future],0.2037683722508478,0.0327634370580816,6.219383268294353,5.112808537993459e-10,0.1395484463451787,0.2679882981565169
EleutherAI_pythia-6.9b-deduped — Raw counts,C(tense)[T.simple past],-0.0513158128446726,0.0327634370580816,-1.5662524280862904,0.1173089476149465,-0.1155357387503417,0.0129041130609964
EleutherAI_pythia-6.9b-deduped — Raw counts,C(semantic_role)[T.patient],0.031392740924353,0.0189159792050607,1.6595884666628458,0.0970165094838975,-0.0056846505846227,0.0684701324333288
EleutherAI_pythia-6.9b-deduped — Raw counts,C(syntactic_role)[T.subject],-0.1168410851974272,0.0189159792050606,-6.176845720266397,6.694660862862976e-10,-0.1539184767064029,-0.0797636936884515
EleutherAI_pythia-6.9b-deduped — Raw counts,"C(valence, Treatment(reference='-val'))[T.+val]",-0.1021506537715483,0.0189159792050607,-5.400230813545157,6.748757248478455e-08,-0.1392280452805241,-0.0650732622625726
EleutherAI_pythia-6.9b-deduped — Raw counts,"C(dominance, Treatment(reference='-dom'))[T.+dom]",0.0260407463512675,0.0189159792050607,1.3766533611065028,0.1686383552942458,-0.0110366451577082,0.0631181378602433
EleutherAI_pythia-6.9b-deduped — Raw counts,log_frequency,-0.1351110023684905,0.0168892629021301,-7.999816401191168,1.3292081497703658e-15,-0.1682158078946441,-0.1020061968423369
EleutherAI_pythia-6.9b-deduped — Raw counts,lex_emb_norm,-0.0887789242909863,0.0105009425828144,-8.454376699124124,3.0404601585801905e-17,-0.1093619221435172,-0.0681959264384554
EleutherAI_pythia-6.9b-deduped — Raw counts,profession_embedding_1,-2.165414843285092e-05,3.5741135973382464e-06,-6.0586066567602765,1.4032469370651776e-09,-2.8659802631847403e-05,-1.464849423385443e-05
EleutherAI_pythia-6.9b-deduped — Raw counts,profession_embedding_2,-0.001045672220893,1.413395488877672e-05,-73.98298842197595,0.0,-0.0010733763208659,-0.0010179681209202
EleutherAI_pythia-6.9b-deduped — Raw counts,profession_embedding_3,0.0005582596999218,6.6347553951795e-05,8.414171535659724,4.2813024950644656e-17,0.0004282112257262,0.0006883081741174
EleutherAI_pythia-6.9b-deduped — Raw counts,profession_embedding_4,0.005487229190503,0.0001847491146027,29.70097692918534,7.734242371365402e-189,0.0051251006864058,0.0058493576946002
EleutherAI_pythia-6.9b-deduped — Raw counts,profession_embedding_5,0.0026495599588135,0.0003052640280201,8.679568228190648,4.342875991608855e-18,0.0020512090218722,0.0032479108957549
EleutherAI_pythia-6.9b-deduped — Raw counts,profession_embedding_6,0.0060536292032592,0.0003362878562618,18.00133156918116,9.4157627031087e-72,0.0053944681642684,0.00671279024225
EleutherAI_pythia-6.9b-deduped — Raw counts,profession_embedding_7,0.0024318637103804,0.0004780938131258,5.086582682341538,3.68619699528998e-07,0.0014947474609323,0.0033689799598285
EleutherAI_pythia-6.9b-deduped — Raw counts,profession_embedding_8,-0.0194963997595534,0.0005572264559274,-34.98828806881058,1.1379192474096046e-258,-0.0205886246579639,-0.0184041748611429
EleutherAI_pythia-6.9b-deduped — Raw counts,profession_embedding_9,-0.0651937101644342,0.0007328098794476,-88.96401644253315,0.0,-0.0666300978083082,-0.0637573225205602
EleutherAI_pythia-6.9b-deduped — Raw counts,profession_embedding_10,-0.0056649775750312,0.0008488440890884,-6.673755107507353,2.573767136881332e-11,-0.0073288049814809,-0.0040011501685816
EleutherAI_pythia-6.9b-deduped — TF-IDF,Intercept,4.670311126065225,0.204545543386158,22.83262225492845,1.3093554251378038e-113,4.269379454658146,5.071242797472304
EleutherAI_pythia-6.9b-deduped — TF-IDF,C(tense)[T.past perfect],0.0126121571860442,0.0252315963480355,0.4998556972803745,0.6171834369140758,-0.0368445355808499,0.0620688499529384
EleutherAI_pythia-6.9b-deduped — TF-IDF,C(tense)[T.present continuous],-0.0333745186788669,0.0252315963480353,-1.3227271956364193,0.1859446741122971,-0.0828312114457608,0.0160821740880269
EleutherAI_pythia-6.9b-deduped — TF-IDF,C(tense)[T.present perfect],0.1033620007959997,0.0252315963480352,4.096530372880995,4.2141519770878975e-05,0.053905308029106,0.1528186935628934
EleutherAI_pythia-6.9b-deduped — TF-IDF,C(tense)[T.simple future],0.203768372250848,0.0252315963480353,8.075920740017475,7.161395526509309e-16,0.1543116794839542,0.2532250650177419
EleutherAI_pythia-6.9b-deduped — TF-IDF,C(tense)[T.simple past],-0.0513158128446684,0.0252315963480353,-2.0337917639786616,0.0419887576013044,-0.1007725056115622,-0.0018591200777745
EleutherAI_pythia-6.9b-deduped — TF-IDF,C(semantic_role)[T.patient],0.0313927409243475,0.0145674689436222,2.1549893839376684,0.0311772647607115,0.0028389060421527,0.0599465758065423
EleutherAI_pythia-6.9b-deduped — TF-IDF,C(syntactic_role)[T.subject],-0.116841085197429,0.0145674689436222,-8.02068538121602,1.122490198646203e-15,-0.1453949200796238,-0.0882872503152342
EleutherAI_pythia-6.9b-deduped — TF-IDF,"C(valence, Treatment(reference='-val'))[T.+val]",-0.1021506537715523,0.0145674689436222,-7.012244485770808,2.437312361077519e-12,-0.1307044886537471,-0.0735968188893575
EleutherAI_pythia-6.9b-deduped — TF-IDF,"C(dominance, Treatment(reference='-dom'))[T.+dom]",0.0260407463512593,0.0145674689436222,1.787595803501624,0.0738598159466045,-0.0025130885309355,0.0545945812334541
EleutherAI_pythia-6.9b-deduped — TF-IDF,log_frequency,-0.384801483553473,0.0086418938379419,-44.527448585866246,0.0,-0.4017405421279609,-0.3678624249789851
EleutherAI_pythia-6.9b-deduped — TF-IDF,lex_emb_norm,-0.4451271616042251,0.008846335632187,-50.317688601441446,0.0,-0.4624669484904389,-0.4277873747180114
EleutherAI_pythia-6.9b-deduped — TF-IDF,profession_embedding_1,-3.1585998730483387,0.211613970745277,-14.926235077599832,4.763132033169259e-50,-3.573386436370422,-2.7438133097262547
EleutherAI_pythia-6.9b-deduped — TF-IDF,profession_embedding_2,-6.253509913035492,0.0545892826604352,-114.55563451775954,0.0,-6.3605108868804345,-6.146508939190549
EleutherAI_pythia-6.9b-deduped — TF-IDF,profession_embedding_3,-3.865653157355049,0.1200895554074025,-32.18975325739912,1.8460597726474157e-220,-4.101041840828469,-3.630264473881629
EleutherAI_pythia-6.9b-deduped — TF-IDF,profession_embedding_4,-3.2327542185268263,0.1603005207704659,-20.16683541007207,2.3516282250404097e-89,-3.5469607989097325,-2.91854763814392
EleutherAI_pythia-6.9b-deduped — TF-IDF,profession_embedding_6,3.818131070194295,0.2190865565269238,17.427500485293724,2.0833334528509662e-67,3.3886974201766464,4.247564720211943
EleutherAI_pythia-6.9b-deduped — TF-IDF,profession_embedding_7,-1.8264546423373864,0.2346318515319539,-7.784342280948355,7.426316333342842e-15,-2.286358773430813,-1.3665505112439589
EleutherAI_pythia-6.9b-deduped — TF-IDF,profession_embedding_8,-4.74542162018528,0.2742210243122513,-17.305097711186942,1.6910052494403441e-66,-5.282924866613442,-4.207918373757119
EleutherAI_pythia-6.9b-deduped — TF-IDF,profession_embedding_9,-20.29259509738335,0.3460848453597954,-58.63474049632783,0.0,-20.970959305186245,-19.61423088958046
EleutherAI_pythia-6.9b-deduped — TF-IDF,profession_embedding_10,16.22038493759635,0.3301214309025702,49.13460145028732,0.0,15.573310770797264,16.867459104395433
Qwen_Qwen3-4B-Base — log(1 + x) counts,Intercept,5.223974710934406,0.0769523773874918,67.88581312607413,0.0,5.073139621034373,5.374809800834439
Qwen_Qwen3-4B-Base — log(1 + x) counts,C(tense)[T.past perfect],-0.149852584634379,0.0298547505094335,-5.019388274138435,5.238276856708492e-07,-0.208371166254775,-0.0913340030139829
Qwen_Qwen3-4B-Base — log(1 + x) counts,C(tense)[T.present continuous],-0.1640555636906052,0.0298547505094333,-5.49512425631452,3.962896724827183e-08,-0.2225741453110008,-0.1055369820702096
Qwen_Qwen3-4B-Base — log(1 + x) counts,C(tense)[T.present perfect],-0.2062474302674613,0.0298547505094332,-6.908362211980076,5.084149227905476e-12,-0.2647660118878568,-0.1477288486470659
Qwen_Qwen3-4B-Base — log(1 + x) counts,C(tense)[T.simple future],0.0180795077130699,0.0298547505094333,0.6055822743304226,0.5448006084761303,-0.0404390739073257,0.0765980893334656
Qwen_Qwen3-4B-Base — log(1 + x) counts,C(tense)[T.simple past],0.0055821155801155,0.0298547505094333,0.1869757906150222,0.851681941822276,-0.0529364660402801,0.0641006972005112
Qwen_Qwen3-4B-Base — log(1 + x) counts,C(semantic_role)[T.patient],0.1412065458924952,0.0172366482432104,8.192227624539282,2.7528782020800367e-16,0.1074208270413646,0.1749922647436257
Qwen_Qwen3-4B-Base — log(1 + x) counts,C(syntactic_role)[T.subject],-0.3587785554694865,0.0172366482432104,-20.81486785638909,5.446247099189718e-95,-0.3925642743206171,-0.324992836618356
Qwen_Qwen3-4B-Base — log(1 + x) counts,"C(valence, Treatment(reference='-val'))[T.+val]",-0.1252605694775497,0.0172366482432104,-7.267107137658856,3.839005955227822e-13,-0.1590462883286802,-0.0914748506264191
Qwen_Qwen3-4B-Base — log(1 + x) counts,"C(dominance, Treatment(reference='-dom'))[T.+dom]",0.0278511228801182,0.0172366482432104,1.615808507961448,0.1061550770009636,-0.0059345959710123,0.0616368417312487
Qwen_Qwen3-4B-Base — log(1 + x) counts,log_frequency,1.1969974497587352,0.0302638295432027,39.55208140628656,0.0,1.1376770284170776,1.2563178711003928
Qwen_Qwen3-4B-Base — log(1 + x) counts,lex_emb_norm,0.1940616883940285,0.0102377955724808,18.95541740603468,2.835575947525663e-79,0.1739944875098059,0.2141288892782512
Qwen_Qwen3-4B-Base — log(1 + x) counts,profession_embedding_1,-0.2088258256941153,0.0045109761744045,-46.2928239078279,0.0,-0.2176678331785236,-0.1999838182097071
Qwen_Qwen3-4B-Base — log(1 + x) counts,profession_embedding_2,-0.256336993118007,0.0062818650841228,-40.80587368326141,0.0,-0.2686501368683593,-0.2440238493676547
Qwen_Qwen3-4B-Base — log(1 + x) counts,profession_embedding_3,0.0506242281899026,0.0039574428022429,12.79215663236123,2.7411391265254238e-37,0.042867206755142,0.0583812496246631
Qwen_Qwen3-4B-Base — log(1 + x) counts,profession_embedding_4,-0.3841569478852397,0.0047026800507226,-81.68893986870552,0.0,-0.3933747159686093,-0.3749391798018701
Qwen_Qwen3-4B-Base — log(1 + x) counts,profession_embedding_5,-0.0809513949880056,0.0045751128527583,-17.693857527295677,2.0831642131965625e-69,-0.0899191173882335,-0.0719836725877777
Qwen_Qwen3-4B-Base — log(1 + x) counts,profession_embedding_6,-0.3440765053421478,0.0048493749584655,-70.95275335257301,0.0,-0.3535818115152877,-0.3345711991690079
Qwen_Qwen3-4B-Base — log(1 + x) counts,profession_embedding_7,0.0304146541737754,0.0051569856282447,5.897758180126481,3.7576155225098264e-09,0.0203063973887691,0.0405229109587817
Qwen_Qwen3-4B-Base — log(1 + x) counts,profession_embedding_8,-0.0401132092474325,0.0052662836942897,-7.616986014431225,2.738764747808701e-14,-0.0504357022156145,-0.0297907162792504
Qwen_Qwen3-4B-Base — log(1 + x) counts,profession_embedding_9,0.0781716840835598,0.006027828017565,12.9684662295886,2.856309334729729e-38,0.0663564808137107,0.0899868873534089
Qwen_Qwen3-4B-Base — log(1 + x) counts,profession_embedding_10,0.1586817296271821,0.005910518471732,26.847345184030942,2.131237243286014e-155,0.1470964659185599,0.1702669933358044
Qwen_Qwen3-4B-Base — PPMI,Intercept,1.472757567145789,0.0396668459312569,37.128174236441545,9.989324247591208e-290,1.3950062035723954,1.5505089307191833
Qwen_Qwen3-4B-Base — PPMI,C(tense)[T.past perfect],-0.1498525846343774,0.0351097486898459,-4.268118976246506,1.98242059717589e-05,-0.218671538379415,-0.0810336308893398
Qwen_Qwen3-4B-Base — PPMI,C(tense)[T.present continuous],-0.1640555636906073,0.0351097486898457,-4.672649899600524,2.9971583778105186e-06,-0.2328745174356445,-0.0952366099455701
Qwen_Qwen3-4B-Base — PPMI,C(tense)[T.present perfect],-0.2062474302674655,0.0351097486898456,-5.874363615912635,4.327363871734229e-09,-0.2750663840125025,-0.1374284765224285
Qwen_Qwen3-4B-Base — PPMI,C(tense)[T.simple future],0.0180795077130681,0.0351097486898457,0.5149426694215271,0.6066000660927784,-0.050739446031969,0.0868984614581052
Qwen_Qwen3-4B-Base — PPMI,C(tense)[T.simple past],0.0055821155801119,0.0351097486898457,0.1589904738260463,0.8736783491502256,-0.0632368381649251,0.0744010693251491
Qwen_Qwen3-4B-Base — PPMI,C(semantic_role)[T.patient],0.1412065458924964,0.0202706228572626,6.966068427537474,3.3838237474975017e-12,0.1014739044224507,0.1809391873625421
Qwen_Qwen3-4B-Base — PPMI,C(syntactic_role)[T.subject],-0.358778555469489,0.0202706228572625,-17.699434200708147,1.8903329043278853e-69,-0.3985111969395346,-0.3190459139994434
Qwen_Qwen3-4B-Base — PPMI,"C(valence, Treatment(reference='-val'))[T.+val]",-0.1252605694775491,0.0202706228572625,-6.179413941030952,6.586915901770003e-10,-0.1649932109475948,-0.0855279280075034
Qwen_Qwen3-4B-Base — PPMI,"C(dominance, Treatment(reference='-dom'))[T.+dom]",0.0278511228801202,0.0202706228572625,1.3739648296076756,0.1694714966190316,-0.0118815185899254,0.0675837643501659
Qwen_Qwen3-4B-Base — PPMI,log_frequency,-0.4676675300420587,0.0142759367553108,-32.75914835277471,5.2136287463497816e-228,-0.495649930027592,-0.4396851300565255
Qwen_Qwen3-4B-Base — PPMI,lex_emb_norm,0.1201377541624292,0.0125426021659444,9.57837556935559,1.1242934554868014e-21,0.0955528798608316,0.1447226284640268
Qwen_Qwen3-4B-Base — PPMI,profession_embedding_1,0.1374701760492029,0.0065198549481405,21.084851908923135,2.181048396437284e-97,0.1246905460933153,0.1502498060050904
Qwen_Qwen3-4B-Base — PPMI,profession_embedding_2,-0.0588410020765266,0.0056600468972944,-10.395850625310793,3.105548089642049e-25,-0.0699353140598049,-0.0477466900932483
Qwen_Qwen3-4B-Base — PPMI,profession_embedding_3,-0.1912457995923825,0.0061391757390267,-31.151706307514942,5.368076619593121e-207,-0.2032792565945663,-0.1792123425901988
Qwen_Qwen3-4B-Base — PPMI,profession_embedding_4,-0.2360426230826205,0.0053021395341793,-44.51837254772518,0.0,-0.2464353974250342,-0.2256498487402067
Qwen_Qwen3-4B-Base — PPMI,profession_embedding_5,-0.18494436847478,0.0056600098221328,-32.67562677216125,6.78881935417585e-227,-0.19603860778668,-0.1738501291628799
Qwen_Qwen3-4B-Base — PPMI,profession_embedding_6,0.1236325649685221,0.0058420132661987,21.16266419383976,4.388274882645501e-98,0.1121815789675683,0.1350835509694758
Qwen_Qwen3-4B-Base — PPMI,profession_embedding_7,0.1947902625593687,0.0067460506089867,28.87471112355424,7.659244861715928e-179,0.1815672643282305,0.2080132607905069
Qwen_Qwen3-4B-Base — PPMI,profession_embedding_8,-0.0411171193022844,0.0058619623193375,-7.014224429018659,2.4031569425270115e-12,-0.0526072076328316,-0.0296270309717371
Qwen_Qwen3-4B-Base — PPMI,profession_embedding_9,0.1949118060816869,0.0064525723162089,30.206837913628146,4.407834455044182e-195,0.1822640574552742,0.2075595547080995
Qwen_Qwen3-4B-Base — PPMI,profession_embedding_10,-0.1432245575684493,0.0062221348352226,-23.01855574676313,2.0910376159303445e-115,-0.1554206234874404,-0.1310284916494581
Qwen_Qwen3-4B-Base — Raw counts,Intercept,2.1191531430557067,0.0288319208066384,73.50024152979002,0.0,2.062639419704947,2.1756668664064662
Qwen_Qwen3-4B-Base — Raw counts,C(tense)[T.past perfect],-0.1498525846343783,0.0290368458551048,-5.160773500749676,2.488193416749987e-07,-0.2067679835299042,-0.0929371857388524
Qwen_Qwen3-4B-Base — Raw counts,C(tense)[T.present continuous],-0.1640555636906119,0.0290368458551062,-5.649909928552443,1.6321511419651203e-08,-0.2209709625861405,-0.1071401647950832
Qwen_Qwen3-4B-Base — Raw counts,C(tense)[T.present perfect],-0.206247430267462,0.0290368458551042,-7.102955716907071,1.2716333304157589e-12,-0.2631628291629866,-0.1493320313719374
Qwen_Qwen3-4B-Base — Raw counts,C(tense)[T.simple future],0.0180795077130679,0.0290368458551047,0.6226402069730831,0.5335296945999194,-0.0388358911824576,0.0749949066085934
Qwen_Qwen3-4B-Base — Raw counts,C(tense)[T.simple past],0.0055821155801127,0.0290368458551045,0.1922424910738528,0.8475546586412176,-0.0513332833154124,0.062497514475638
Qwen_Qwen3-4B-Base — Raw counts,C(semantic_role)[T.patient],0.1412065458924983,0.0167644307708622,8.42298481961733,3.97239228675776e-17,0.108346425019132,0.1740666667658647
Qwen_Qwen3-4B-Base — Raw counts,C(syntactic_role)[T.subject],-0.3587785554694867,0.0167644307708622,-21.40117731244821,3.109573834395213e-100,-0.3916386763428531,-0.3259184345961203
Qwen_Qwen3-4B-Base — Raw counts,"C(valence, Treatment(reference='-val'))[T.+val]",-0.1252605694775484,0.0167644307708622,-7.471805705163568,8.310719365570164e-14,-0.1581206903509148,-0.092400448604182
Qwen_Qwen3-4B-Base — Raw counts,"C(dominance, Treatment(reference='-dom'))[T.+dom]",0.0278511228801209,0.0167644307708622,1.6613223115531075,0.0966679648857287,-0.0050089979932454,0.0607112437534873
Qwen_Qwen3-4B-Base — Raw counts,log_frequency,-0.0356792574309274,0.0147578962948595,-2.417638443722846,0.0156324880488483,-0.0646063509131923,-0.0067521639486625
Qwen_Qwen3-4B-Base — Raw counts,lex_emb_norm,0.0344356415761836,0.0092630141180709,3.7175417350389424,0.00020184426584,0.0162791191310225,0.0525921640213448
Qwen_Qwen3-4B-Base — Raw counts,profession_embedding_1,-3.3919670181807014e-05,3.1811717904203618e-06,-10.66263390237245,1.8607911725329396e-26,-4.015511539202216e-05,-2.7684224971591877e-05
Qwen_Qwen3-4B-Base — Raw counts,profession_embedding_2,-0.0010504140460084,1.2359843179710614e-05,-84.98603345815339,0.0,-0.0010746406926755,-0.0010261873993412
Qwen_Qwen3-4B-Base — Raw counts,profession_embedding_3,8.74165469609438e-05,5.885923148816607e-05,1.4851798902355584,0.1375155184495056,-2.795399485167928e-05,0.0002027870887735
Qwen_Qwen3-4B-Base — Raw counts,profession_embedding_4,0.0045912955370611,0.000163573973259,28.0686190203975,2.459871152506848e-169,0.0042706726297584,0.0049119184443638
Qwen_Qwen3-4B-Base — Raw counts,profession_embedding_5,0.0034545085410071,0.0002546589437258,13.565235488945222,1.0839975077546598e-41,0.0029553491131272,0.0039536679688869
Qwen_Qwen3-4B-Base — Raw counts,profession_embedding_6,0.0049300764025148,0.0002941356790851,16.761232156020363,1.5650394802413178e-62,0.0043535382486094,0.0055066145564202
Qwen_Qwen3-4B-Base — Raw counts,profession_embedding_7,-0.0008164213279466,0.0004250432521535,-1.920795880913721,0.0547748721644258,-0.0016495526661396,1.6710010246407314e-05
Qwen_Qwen3-4B-Base — Raw counts,profession_embedding_8,-0.0191838461745895,0.0004948573445897,-38.76641699739452,0.0,-0.0201538207821708,-0.0182138715670081
Qwen_Qwen3-4B-Base — Raw counts,profession_embedding_9,-0.0561925035690977,0.0006371602414071,-88.1921060312787,0.0,-0.0574414074438856,-0.0549435996943098
Qwen_Qwen3-4B-Base — Raw counts,profession_embedding_10,0.0006086410503454,0.0007808798404433,0.7794298416000393,0.4357378682954805,-0.000921968983199,0.0021392510838898
Qwen_Qwen3-4B-Base — TF-IDF,Intercept,1.1624506287226004,0.1867760227524116,6.223767974027015,4.972203358082173e-10,0.7963491626019468,1.528552094843254
Qwen_Qwen3-4B-Base — TF-IDF,C(tense)[T.past perfect],-0.1498525846343763,0.0218020091655481,-6.87333830091108,6.498975644741432e-12,-0.1925869110337751,-0.1071182582349775
Qwen_Qwen3-4B-Base — TF-IDF,C(tense)[T.present continuous],-0.1640555636906077,0.021802009165548,-7.524791061451886,5.5555727500107514e-14,-0.2067898900900063,-0.1213212372912091
Qwen_Qwen3-4B-Base — TF-IDF,C(tense)[T.present perfect],-0.2062474302674596,0.0218020091655479,-9.460019427630405,3.489243812435024e-21,-0.2489817566668581,-0.1635131038680612
Qwen_Qwen3-4B-Base — TF-IDF,C(tense)[T.simple future],0.0180795077130731,0.021802009165548,0.8292587887561633,0.4069701300539517,-0.0246548186863255,0.0608138341124717
Qwen_Qwen3-4B-Base — TF-IDF,C(tense)[T.simple past],0.0055821155801164,0.021802009165548,0.2560367504540576,0.7979256914599389,-0.0371522108192821,0.048316441979515
Qwen_Qwen3-4B-Base — TF-IDF,C(semantic_role)[T.patient],0.1412065458924966,0.0125873958606038,11.218090497530664,4.2486256007441366e-29,0.1165338710421665,0.1658792207428268
Qwen_Qwen3-4B-Base — TF-IDF,C(syntactic_role)[T.subject],-0.3587785554694891,0.0125873958606038,-28.503000894124444,1.98689100806884e-174,-0.3834512303198192,-0.334105880619159
Qwen_Qwen3-4B-Base — TF-IDF,"C(valence, Treatment(reference='-val'))[T.+val]",-0.1252605694775474,0.0125873958606038,-9.951269576703268,2.901014229562552e-23,-0.1499332443278775,-0.1005878946272173
Qwen_Qwen3-4B-Base — TF-IDF,"C(dominance, Treatment(reference='-dom'))[T.+dom]",0.0278511228801189,0.0125873958606038,2.212619924609477,0.0269376682177822,0.0031784480297887,0.052523797730449
Qwen_Qwen3-4B-Base — TF-IDF,log_frequency,-0.32893391916007,0.0083237334773039,-39.51759388463904,0.0,-0.3452493486500642,-0.3126184896700757
Qwen_Qwen3-4B-Base — TF-IDF,lex_emb_norm,-0.2591252080138419,0.0072623104648467,-35.68082213892382,1.5035604609342967e-268,-0.2733601321193207,-0.2448902839083631
Qwen_Qwen3-4B-Base — TF-IDF,profession_embedding_1,0.8616117599290503,0.193319887778847,4.456922512363094,8.369905256358385e-06,0.4826836014687196,1.2405399183893808
Qwen_Qwen3-4B-Base — TF-IDF,profession_embedding_2,-4.885509322892407,0.0472754229790588,-103.34141960097304,0.0,-4.97817433100777,-4.792844314777044
Qwen_Qwen3-4B-Base — TF-IDF,profession_embedding_3,-1.6978286458138847,0.1083098365907655,-15.675664364898886,5.592886585494133e-55,-1.9101277909976888,-1.4855295006300808
Qwen_Qwen3-4B-Base — TF-IDF,profession_embedding_4,-3.850596765327361,0.1459231561245589,-26.387839103757603,2.6688273368346334e-150,-4.136622137379376,-3.5645713932753464
Qwen_Qwen3-4B-Base — TF-IDF,profession_embedding_5,0.8641720603314459,0.1874954145493836,4.609030372333907,4.076197669725969e-06,0.4966605074785367,1.2316836131843552
Qwen_Qwen3-4B-Base — TF-IDF,profession_embedding_6,1.2939131281131826,0.1855837390888878,6.972125545403767,3.2416587290053053e-12,0.930148668589068,1.6576775876372971
Qwen_Qwen3-4B-Base — TF-IDF,profession_embedding_7,-0.9006766827323394,0.2003257677228828,-4.4960600574274325,6.970152080576644e-06,-1.293337133385104,-0.5080162320795748
Qwen_Qwen3-4B-Base — TF-IDF,profession_embedding_8,-8.484501869830895,0.2552543488387939,-33.23940182969925,1.8180555923887857e-234,-8.98482835695944,-7.98417538270235
Qwen_Qwen3-4B-Base — TF-IDF,profession_embedding_9,-14.889752256584927,0.2950382061714381,-50.46720033246449,0.0,-15.468059462452318,-14.31144505071754
Qwen_Qwen3-4B-Base — TF-IDF,profession_embedding_10,5.283801055449119,0.2748859647803078,19.22179278840953,1.9353831739854782e-81,4.74499445040933,5.822607660488907
Qwen_Qwen3-8B-Base — log(1 + x) counts,Intercept,4.831546370870179,0.0807673216035752,59.820559539965046,0.0,4.673233572375141,4.989859169365218
Qwen_Qwen3-8B-Base — log(1 + x) counts,C(tense)[T.past perfect],0.1430523042864129,0.0313425493051847,4.564156632362672,5.051698129703461e-06,0.0816174740362926,0.2044871345365331
Qwen_Qwen3-8B-Base — log(1 + x) counts,C(tense)[T.present continuous],-0.2680732758076827,0.0313425493051845,-8.553014408542039,1.304319519603271e-17,-0.3295081060578026,-0.2066384455575628
Qwen_Qwen3-8B-Base — log(1 + x) counts,C(tense)[T.present perfect],-0.0301111488862142,0.0313425493051844,-0.9607115424153932,0.3367114782819687,-0.0915459791363338,0.0313236813639054
Qwen_Qwen3-8B-Base — log(1 + x) counts,C(tense)[T.simple future],0.1311550945743121,0.0313425493051845,4.184570096619965,2.872034278404369e-05,0.0697202643241922,0.192589924824432
Qwen_Qwen3-8B-Base — log(1 + x) counts,C(tense)[T.simple past],0.0912011158885072,0.0313425493051845,2.909818055974825,0.0036212829632478,0.0297662856383873,0.1526359461386271
Qwen_Qwen3-8B-Base — log(1 + x) counts,C(semantic_role)[T.patient],0.0818839087489486,0.0180956292784374,4.525065555278633,6.0803512998596265e-06,0.046414492966423,0.1173533245314743
Qwen_Qwen3-8B-Base — log(1 + x) counts,C(syntactic_role)[T.subject],-0.3367921067128384,0.0180956292784374,-18.611793020879183,1.600026135786566e-76,-0.372261522495364,-0.3013226909303127
Qwen_Qwen3-8B-Base — log(1 + x) counts,"C(valence, Treatment(reference='-val'))[T.+val]",-0.1853325925653272,0.0180956292784374,-10.241842917624751,1.5281100057544424e-24,-0.2208020083478529,-0.1498631767828016
Qwen_Qwen3-8B-Base — log(1 + x) counts,"C(dominance, Treatment(reference='-dom'))[T.+dom]",0.0706149128404925,0.0180956292784374,3.902318717627389,9.565859635894932e-05,0.0351454970579668,0.1060843286230182
Qwen_Qwen3-8B-Base — log(1 + x) counts,log_frequency,1.1091735528986233,0.0316386733951526,35.05752403223581,1.1910430267926469e-259,1.0471582869914349,1.1711888188058115
Qwen_Qwen3-8B-Base — log(1 + x) counts,lex_emb_norm,0.1694716834058801,0.0105186696447428,16.11151306482767,5.935815134058777e-58,0.1488539385699496,0.1900894282418105
Qwen_Qwen3-8B-Base — log(1 + x) counts,profession_embedding_1,-0.1679564584607485,0.0047268930414407,-35.53210470139075,2.053702903273237e-266,-0.1772216866584864,-0.1586912302630106
Qwen_Qwen3-8B-Base — log(1 + x) counts,profession_embedding_2,-0.1590324342099958,0.0066429087825748,-23.94018033593307,1.6358806736237252e-124,-0.1720532631620623,-0.1460116052579293
Qwen_Qwen3-8B-Base — log(1 + x) counts,profession_embedding_3,0.0301402556889589,0.0040527450663979,7.436997688025632,1.0811781169524757e-13,0.022196431375983,0.0380840800019347
Qwen_Qwen3-8B-Base — log(1 + x) counts,profession_embedding_4,-0.3650068080013874,0.004934937298098,-73.96381877882501,0.0,-0.3746798257336587,-0.3553337902691161
Qwen_Qwen3-8B-Base — log(1 + x) counts,profession_embedding_5,-0.1283027254191166,0.004888600441273,-26.245287779277746,9.803889343840366e-149,-0.1378849178357556,-0.1187205330024776
Qwen_Qwen3-8B-Base — log(1 + x) counts,profession_embedding_6,-0.3606464348965763,0.0051735312439124,-69.70991724867622,0.0,-0.3707871229008822,-0.3505057468922704
Qwen_Qwen3-8B-Base — log(1 + x) counts,profession_embedding_7,0.0783841940768945,0.0053776299163901,14.5759740435078,7.985732680008058e-48,0.0678434503152903,0.0889249378384988
Qwen_Qwen3-8B-Base — log(1 + x) counts,profession_embedding_8,-0.0765567432440752,0.0055709156006465,-13.742219184794244,9.815744672525329e-43,-0.0874763481214888,-0.0656371383666616
Qwen_Qwen3-8B-Base — log(1 + x) counts,profession_embedding_9,0.084551955904489,0.0061050838163359,13.84943408610474,2.25768723207477e-43,0.0725853228055882,0.0965185890033898
Qwen_Qwen3-8B-Base — log(1 + x) counts,profession_embedding_10,0.1397775031473242,0.0062525309536053,22.35534764793541,4.645217279812931e-109,0.1275218575063736,0.1520331487882748
Qwen_Qwen3-8B-Base — PPMI,Intercept,1.759283657744941,0.0407806009917782,43.14020919161123,0.0,1.6793492126040297,1.8392181028858527
Qwen_Qwen3-8B-Base — PPMI,C(tense)[T.past perfect],0.1430523042864158,0.0360971836258326,3.9629768839927375,7.433638368309413e-05,0.0722978702146309,0.2138067383582006
Qwen_Qwen3-8B-Base — PPMI,C(tense)[T.present continuous],-0.2680732758076799,0.0360971836258324,-7.426431895252823,1.1707852402988165e-13,-0.3388277098794644,-0.1973188417358954
Qwen_Qwen3-8B-Base — PPMI,C(tense)[T.present perfect],-0.0301111488862109,0.0360971836258323,-0.834168925707058,0.4041980242454963,-0.1008655829579952,0.0406432851855733
Qwen_Qwen3-8B-Base — PPMI,C(tense)[T.simple future],0.1311550945743149,0.0360971836258324,3.633388574959509,0.0002805825489376,0.0604006605025305,0.2019095286460994
Qwen_Qwen3-8B-Base — PPMI,C(tense)[T.simple past],0.0912011158885061,0.0360971836258324,2.5265438111143785,0.011528486920376,0.0204466818167217,0.1619555499602906
Qwen_Qwen3-8B-Base — PPMI,C(semantic_role)[T.patient],0.0818839087489483,0.0208407186833616,3.929034789684149,8.5639298975609e-05,0.041033817191244,0.1227340003066526
Qwen_Qwen3-8B-Base — PPMI,C(syntactic_role)[T.subject],-0.3367921067128393,0.0208407186833616,-16.160292350269078,2.7271771116148865e-58,-0.3776421982705436,-0.295942015155135
Qwen_Qwen3-8B-Base — PPMI,"C(valence, Treatment(reference='-val'))[T.+val]",-0.1853325925653289,0.0208407186833616,-8.892811969737417,6.571777406246051e-19,-0.2261826841230332,-0.1444825010076245
Qwen_Qwen3-8B-Base — PPMI,"C(dominance, Treatment(reference='-dom'))[T.+dom]",0.0706149128404932,0.0208407186833616,3.3883146696312965,0.0007048997630078,0.029764821282789,0.1114650043981975
Qwen_Qwen3-8B-Base — PPMI,log_frequency,-0.4286502097220059,0.0145445081050844,-29.47161957111212,4.876974489942001e-186,-0.4571590388454858,-0.400141380598526
Qwen_Qwen3-8B-Base — PPMI,profession_embedding_1,0.1516906996704793,0.0067018039871714,22.63430860718174,1.0435023470613068e-111,0.1385544297252251,0.1648269696157335
Qwen_Qwen3-8B-Base — PPMI,profession_embedding_2,-0.0299136482432777,0.0057704999106712,-5.183891986196779,2.1989894179377377e-07,-0.0412244601814878,-0.0186028363050677
Qwen_Qwen3-8B-Base — PPMI,profession_embedding_3,-0.207855728650855,0.006283761991453,-33.07823067353187,2.7253547056486463e-232,-0.2201725904912583,-0.1955388668104516
Qwen_Qwen3-8B-Base — PPMI,profession_embedding_4,-0.221102204313905,0.005448012558436,-40.58401149819967,0.0,-0.2317809057157579,-0.2104235029120521
Qwen_Qwen3-8B-Base — PPMI,profession_embedding_5,-0.2262856294237716,0.0056592047638723,-39.98541117797132,0.0,-0.2373782906827399,-0.2151929681648032
Qwen_Qwen3-8B-Base — PPMI,profession_embedding_6,0.1398161550677077,0.0059873357651527,23.351981674630583,1.1589980133916817e-118,0.1280803211020358,0.1515519890333795
Qwen_Qwen3-8B-Base — PPMI,profession_embedding_7,0.219188006052333,0.0060919523856315,35.97992764508617,7.221867767721473e-273,0.2072471120505873,0.2311289000540788
Qwen_Qwen3-8B-Base — PPMI,profession_embedding_8,-0.0444153537004179,0.0060137968875004,-7.385575956636319,1.5913015682565741e-13,-0.0562030543645011,-0.0326276530363348
Qwen_Qwen3-8B-Base — PPMI,profession_embedding_9,0.1600522471559522,0.0062518479144205,25.600790253834187,9.334742637902748e-142,0.1477979404024709,0.1723065539094336
Qwen_Qwen3-8B-Base — PPMI,profession_embedding_10,-0.1497827808347243,0.0063807539183729,-23.4741509782152,7.245708125842704e-120,-0.1622897574766003,-0.1372758041928482
Qwen_Qwen3-8B-Base — Raw counts,Intercept,2.5682299895001117,0.0303260952095717,84.68713072857166,0.0,2.508787520631096,2.6276724583691267
Qwen_Qwen3-8B-Base — Raw counts,C(tense)[T.past perfect],0.1430523042864095,0.0304642596639009,4.69574202244348,2.6780536938036664e-06,0.0833390179508356,0.2027655906219835
Qwen_Qwen3-8B-Base — Raw counts,C(tense)[T.present continuous],-0.2680732758076882,0.0304642596639008,-8.799599227594118,1.5084416940139917e-18,-0.3277865621432619,-0.2083599894721145
Qwen_Qwen3-8B-Base — Raw counts,C(tense)[T.present perfect],-0.0301111488862241,0.0304642596639018,-0.988409014971202,0.3229670475756171,-0.0898244352217998,0.0296021374493515
Qwen_Qwen3-8B-Base — Raw counts,C(tense)[T.simple future],0.131155094574315,0.0304642596638999,4.305211944137058,1.6780026028218882e-05,0.0714418082387429,0.1908683809098871
Qwen_Qwen3-8B-Base — Raw counts,C(tense)[T.simple past],0.0912011158885096,0.0304642596638998,2.9937085914673647,0.0027602242251863,0.0314878295529378,0.1509144022240814
Qwen_Qwen3-8B-Base — Raw counts,C(semantic_role)[T.patient],0.0818839087489445,0.0175885485176153,4.655523943146068,3.257055071315047e-06,0.0474084268089047,0.1163593906889843
Qwen_Qwen3-8B-Base — Raw counts,C(syntactic_role)[T.subject],-0.3367921067128378,0.0175885485176152,-19.14837408985364,7.701872272809162e-81,-0.3712675886528774,-0.3023166247727982
Qwen_Qwen3-8B-Base — Raw counts,"C(valence, Treatment(reference='-val'))[T.+val]",-0.1853325925653298,0.0175885485176152,-10.53711694172578,7.056256855315107e-26,-0.2198080745053695,-0.1508571106252902
Qwen_Qwen3-8B-Base — Raw counts,"C(dominance, Treatment(reference='-dom'))[T.+dom]",0.0706149128404908,0.0175885485176152,4.014823211237047,5.975670098974462e-05,0.0361394309004511,0.1050903947805305
Qwen_Qwen3-8B-Base — Raw counts,log_frequency,0.0860602645344956,0.0156780216207938,5.4892298668827815,4.0971767880683706e-08,0.0553296246126225,0.1167909044563687
Qwen_Qwen3-8B-Base — Raw counts,lex_emb_norm,0.0227112819057764,0.0099621112015407,2.2797659498384224,0.0226344349761071,0.0031844525901332,0.0422381112214197
Qwen_Qwen3-8B-Base — Raw counts,profession_embedding_1,-4.77802540185294e-05,3.3250067913625687e-06,-14.369971857696363,1.5373136735439803e-46,-5.4297631587879366e-05,-4.126287644917943e-05
Qwen_Qwen3-8B-Base — Raw counts,profession_embedding_2,-0.00106093071873,1.3107040689621828e-05,-80.94357405711979,0.0,-0.0010866219543729,-0.0010352394830871
Qwen_Qwen3-8B-Base — Raw counts,profession_embedding_3,0.0002927324011159,6.273555335976982e-05,4.666132447054523,3.093628589498592e-06,0.0001697638437795,0.0004157009584523
Qwen_Qwen3-8B-Base — Raw counts,profession_embedding_4,0.0051015775788335,0.0001765989156238,28.887932639973755,5.323952098820042e-179,0.0047554243575985,0.0054477308000685
Qwen_Qwen3-8B-Base — Raw counts,profession_embedding_5,0.0057847185038578,0.000270309545011,21.40034863963662,3.1637963452452534e-100,0.0052548821829178,0.0063145548247979
Qwen_Qwen3-8B-Base — Raw counts,profession_embedding_6,0.004997058006567,0.0003083662445749,16.204944913654217,1.3357154960359668e-58,0.004392626385327,0.005601489627807
Qwen_Qwen3-8B-Base — Raw counts,profession_embedding_7,-0.0020203258789484,0.0004472450213906,-4.517268571635657,6.308224955654124e-06,-0.0028969751170753,-0.0011436766408215
Qwen_Qwen3-8B-Base — Raw counts,profession_embedding_8,-0.0164460326425862,0.0005209443450642,-31.569653838086037,2.2697991654343178e-212,-0.0174671406289581,-0.0154249246562142
Qwen_Qwen3-8B-Base — Raw counts,profession_embedding_9,-0.0567864378443896,0.0006749017698865,-84.14030067506886,0.0,-0.0581093192496244,-0.0554635564391547
Qwen_Qwen3-8B-Base — Raw counts,profession_embedding_10,-0.0036755027241562,0.0008311258417466,-4.422317944575137,9.827957877839351e-06,-0.0053046004247617,-0.0020464050235506
Qwen_Qwen3-8B-Base — TF-IDF,Intercept,0.2783896320070647,0.2015092410539873,1.3815229046120023,0.1671371782546424,-0.1165905560255153,0.6733698200396447
Qwen_Qwen3-8B-Base — TF-IDF,C(tense)[T.past perfect],0.1430523042864142,0.0232664336160125,6.148441426276959,8.00712320679891e-10,0.0974475455347394,0.188657063038089
Qwen_Qwen3-8B-Base — TF-IDF,C(tense)[T.present continuous],-0.2680732758076818,0.0232664336160123,-11.52188944089776,1.3445579775790972e-30,-0.3136780345593563,-0.2224685170560073
Qwen_Qwen3-8B-Base — TF-IDF,C(tense)[T.present perfect],-0.0301111488862095,0.0232664336160123,-1.2941884168051694,0.1956186843978536,-0.0757159076378838,0.0154936098654647
Qwen_Qwen3-8B-Base — TF-IDF,C(tense)[T.simple future],0.1311550945743145,0.0232664336160123,5.637094912735192,1.7580785305029943e-08,0.08555033582264,0.176759853325989
Qwen_Qwen3-8B-Base — TF-IDF,C(tense)[T.simple past],0.0912011158885075,0.0232664336160123,3.919857997735471,8.896342698576747e-05,0.045596357136833,0.136805874640182
Qwen_Qwen3-8B-Base — TF-IDF,C(semantic_role)[T.patient],0.0818839087489477,0.0134328817112873,6.095781270830574,1.1135716746475121e-09,0.0555539890073405,0.1082138284905549
Qwen_Qwen3-8B-Base — TF-IDF,C(syntactic_role)[T.subject],-0.3367921067128395,0.0134328817112872,-25.072215623684237,3.7558298225310806e-136,-0.3631220264544467,-0.3104621869712323
Qwen_Qwen3-8B-Base — TF-IDF,"C(valence, Treatment(reference='-val'))[T.+val]",-0.18533259256533,0.0134328817112873,-13.796934756717144,4.6429700910522845e-43,-0.2116625123069372,-0.1590026728237228
Qwen_Qwen3-8B-Base — TF-IDF,"C(dominance, Treatment(reference='-dom'))[T.+dom]",0.0706149128404909,0.0134328817112873,5.256869996938556,1.48376286096941e-07,0.0442849930988837,0.0969448325820981
Qwen_Qwen3-8B-Base — TF-IDF,log_frequency,-0.2103145050370949,0.0088910429416954,-23.6546495631918,1.1766700674441296e-121,-0.2277419232266942,-0.1928870868474957
Qwen_Qwen3-8B-Base — TF-IDF,lex_emb_norm,-0.3461536460608287,0.007486151690557,-46.23919743671005,0.0,-0.3608273234907608,-0.3314799686308965
Qwen_Qwen3-8B-Base — TF-IDF,profession_embedding_1,2.168508480131578,0.2085961008027698,10.395728739828792,3.1094952282103967e-25,1.759637270617831,2.5773796896453254
Qwen_Qwen3-8B-Base — TF-IDF,profession_embedding_2,-4.691557916659235,0.0506646404626582,-92.60024099286946,0.0,-4.790866162335087,-4.592249670983383
Qwen_Qwen3-8B-Base — TF-IDF,profession_embedding_3,-1.666513400393575,0.1155510938287981,-14.422307441439722,7.279748180119647e-47,-1.893006203051897,-1.4400205977352531
Qwen_Qwen3-8B-Base — TF-IDF,profession_embedding_4,-2.0969506212403517,0.157491332324055,-13.314704944686442,3.0848938800895183e-40,-2.4056508859502506,-1.788250356530452
Qwen_Qwen3-8B-Base — TF-IDF,profession_embedding_5,-2.0226034738870977,0.2000617082787329,-10.109898047402137,5.875870733469787e-24,-2.4147463391013155,-1.63046060867288
Qwen_Qwen3-8B-Base — TF-IDF,profession_embedding_6,0.804145216836616,0.2002029098176735,4.016650994578239,5.929577864258876e-05,0.411725581137285,1.196564852535947
Qwen_Qwen3-8B-Base — TF-IDF,profession_embedding_7,-1.3993410862082214,0.21376325537441,-6.546219011107646,6.077391667223302e-11,-1.818340484750049,-0.9803416876663936
Qwen_Qwen3-8B-Base — TF-IDF,profession_embedding_8,-4.7954575913153965,0.2582968768466271,-18.56568166777668,3.7128180050070856e-76,-5.301747766651701,-4.289167415979092
Qwen_Qwen3-8B-Base — TF-IDF,profession_embedding_9,-11.576391174989055,0.3107772766066213,-37.24979928195436,1.5399984471868396e-291,-12.185548683142487,-10.967233666835622
Qwen_Qwen3-8B-Base — TF-IDF,profession_embedding_10,11.242937293529748,0.2988909016695384,37.6155220206744,5.114901614844353e-297,10.657078382418904,11.828796204640591
allenai_Olmo-3-1025-7B — log(1 + x) counts,Intercept,4.787258011387385,0.0786540936156625,60.86470253894183,0.0,4.633087371255187,4.941428651519582
allenai_Olmo-3-1025-7B — log(1 + x) counts,C(tense)[T.past perfect],0.0373854045384474,0.030353297045759,1.231675243782815,0.2180881917851218,-0.0221103829094871,0.096881191986382
allenai_Olmo-3-1025-7B — log(1 + x) counts,C(tense)[T.present continuous],-0.0756523960100014,0.0303532970457588,-2.492394677782528,0.0126983483399524,-0.1351481834579356,-0.0161566085620671
allenai_Olmo-3-1025-7B — log(1 + x) counts,C(tense)[T.present perfect],-0.0131335555504296,0.0303532970457587,-0.4326895865918731,0.6652460212818174,-0.0726293429983637,0.0463622318975043
allenai_Olmo-3-1025-7B — log(1 + x) counts,C(tense)[T.simple future],0.2525567303850327,0.0303532970457588,8.320569920437089,9.439909973359118e-17,0.1930609429370984,0.3120525178329669
allenai_Olmo-3-1025-7B — log(1 + x) counts,C(tense)[T.simple past],0.0238226672887568,0.0303532970457588,0.7848461158220524,0.4325552059435892,-0.0356731201591774,0.0833184547366911
allenai_Olmo-3-1025-7B — log(1 + x) counts,C(semantic_role)[T.patient],0.0522911630891443,0.0175244842201615,2.983891704440832,0.0028502927646847,0.0179412541904306,0.0866410719878579
allenai_Olmo-3-1025-7B — log(1 + x) counts,C(syntactic_role)[T.subject],-0.2199739549421186,0.0175244842201615,-12.552378271369816,5.658638012275085e-36,-0.2543238638408322,-0.185624046043405
allenai_Olmo-3-1025-7B — log(1 + x) counts,"C(valence, Treatment(reference='-val'))[T.+val]",-0.1590754731839393,0.0175244842201615,-9.077326966400898,1.2375424338024878e-19,-0.1934253820826529,-0.1247255642852257
allenai_Olmo-3-1025-7B — log(1 + x) counts,"C(dominance, Treatment(reference='-dom'))[T.+dom]",0.0433410479804194,0.0175244842201615,2.473171103692541,0.0134021197446139,0.0089911390817058,0.077690956879133
allenai_Olmo-3-1025-7B — log(1 + x) counts,log_frequency,1.2266205445338405,0.0306666557781393,39.99851021930586,0.0,1.1665105396416344,1.286730549426046
allenai_Olmo-3-1025-7B — log(1 + x) counts,lex_emb_norm,-0.0953735009623884,0.0107113696262211,-8.903950128741409,5.947328102569399e-19,-0.1163689588725187,-0.0743780430522581
allenai_Olmo-3-1025-7B — log(1 + x) counts,profession_embedding_1,-0.1929827104999052,0.0045948767406611,-41.99954022534652,0.0,-0.2019891722855789,-0.1839762487142315
allenai_Olmo-3-1025-7B — log(1 + x) counts,profession_embedding_2,-0.1987170942487148,0.0065696672324549,-30.247665097408245,1.3682412052259044e-195,-0.2115943617388511,-0.1858398267585785
allenai_Olmo-3-1025-7B — log(1 + x) counts,profession_embedding_3,0.0345578277274442,0.0040958405252704,8.437298159982094,3.5169112114009915e-17,0.0265295315939217,0.0425861238609666
allenai_Olmo-3-1025-7B — log(1 + x) counts,profession_embedding_4,-0.4063572656475525,0.0047894538074722,-84.84417680646106,0.0,-0.4157451198003152,-0.3969694114947897
allenai_Olmo-3-1025-7B — log(1 + x) counts,profession_embedding_5,-0.1168428643580191,0.004643876324166,-25.1606322394906,4.413021852693967e-137,-0.1259453706953227,-0.1077403580207155
allenai_Olmo-3-1025-7B — log(1 + x) counts,profession_embedding_6,-0.3793032940356233,0.0049107709046222,-77.23905297203058,0.0,-0.3889289429892262,-0.3696776450820205
allenai_Olmo-3-1025-7B — log(1 + x) counts,profession_embedding_7,0.013886455426225,0.0052210970054942,2.659681559567284,0.007829106378182,0.0036525333183354,0.0241203775341147
allenai_Olmo-3-1025-7B — log(1 + x) counts,profession_embedding_8,-0.0365323357721344,0.0054214570682453,-6.738471837416551,1.6542226743696525e-11,-0.0471589855526892,-0.0259056859915796
allenai_Olmo-3-1025-7B — log(1 + x) counts,profession_embedding_9,-0.0586679036760276,0.0059274782305775,-9.897616050849852,4.951112288787165e-23,-0.0702864103699479,-0.0470493969821073
allenai_Olmo-3-1025-7B — log(1 + x) counts,profession_embedding_10,0.1729648987083172,0.0060439926620395,28.617655311638185,8.753353779737204e-176,0.1611180109644429,0.1848117864521916
allenai_Olmo-3-1025-7B — PPMI,Intercept,1.2284711697225985,0.0413728159625699,29.692713467557965,9.764198400083448e-189,1.1473759179968717,1.309566421448325
allenai_Olmo-3-1025-7B — PPMI,C(tense)[T.past perfect],0.0373854045384485,0.0366160837148938,1.0210104616742972,0.3072646371877771,-0.0343861308763999,0.1091569399532969
allenai_Olmo-3-1025-7B — PPMI,C(tense)[T.present continuous],-0.0756523960100005,0.0366160837148936,-2.066097417710152,0.0388350462625242,-0.1474239314248485,-0.0038808605951525
allenai_Olmo-3-1025-7B — PPMI,C(tense)[T.present perfect],-0.01313355555043,0.0366160837148935,-0.3586826939956998,0.719837122240523,-0.0849050909652778,0.0586379798644176
allenai_Olmo-3-1025-7B — PPMI,C(tense)[T.simple future],0.2525567303850326,0.0366160837148936,6.897426069689275,5.489943230337444e-12,0.1807851949701845,0.3243282657998806
allenai_Olmo-3-1025-7B — PPMI,C(tense)[T.simple past],0.0238226672887585,0.0366160837148936,0.6506066425413114,0.5153096127562106,-0.0479488681260894,0.0955942027036065
allenai_Olmo-3-1025-7B — PPMI,C(semantic_role)[T.patient],0.0522911630891455,0.0211403057894637,2.473529172657816,0.0133887020442913,0.0108538477972302,0.0937284783810608
allenai_Olmo-3-1025-7B — PPMI,C(syntactic_role)[T.subject],-0.2199739549421187,0.0211403057894637,-10.405429189759078,2.8103956683941853e-25,-0.261411270234034,-0.1785366396502034
allenai_Olmo-3-1025-7B — PPMI,"C(valence, Treatment(reference='-val'))[T.+val]",-0.1590754731839389,0.0211403057894637,-7.524747975179328,5.5573986751901e-14,-0.2005127884758542,-0.1176381578920237
allenai_Olmo-3-1025-7B — PPMI,"C(dominance, Treatment(reference='-dom'))[T.+dom]",0.0433410479804212,0.0211403057894637,2.0501618288805585,0.0403646044239231,0.0019037326885059,0.0847783632723365
allenai_Olmo-3-1025-7B — PPMI,log_frequency,-0.4476085017828599,0.0150243209440365,-29.79226172351724,5.869444759050584e-190,-0.4770578167646354,-0.4181591868010844
allenai_Olmo-3-1025-7B — PPMI,lex_emb_norm,-0.0348940230946649,0.0131054067429941,-2.662566967890445,0.0077623281057836,-0.0605820560231619,-0.0092059901661679
allenai_Olmo-3-1025-7B — PPMI,profession_embedding_1,0.169187279454668,0.0068206135707662,24.80528733951733,2.3117146531531024e-133,0.1558181296499846,0.1825564292593514
allenai_Olmo-3-1025-7B — PPMI,profession_embedding_2,-0.0472382440778258,0.0059393894528493,-7.953383837317452,1.9331397913596185e-15,-0.0588800980722867,-0.0355963900833648
allenai_Olmo-3-1025-7B — PPMI,profession_embedding_3,-0.237711619756768,0.0064477997918248,-36.86709070250028,7.453813267230858e-286,-0.2503500137125523,-0.2250732258009836
allenai_Olmo-3-1025-7B — PPMI,profession_embedding_4,-0.2301391578896966,0.0055352091811627,-41.57731900591891,0.0,-0.240988774273243,-0.2192895415061502
allenai_Olmo-3-1025-7B — PPMI,profession_embedding_5,-0.2375490238601908,0.0058921520209601,-40.31617361791714,0.0,-0.2490982873132345,-0.2259997604071471
allenai_Olmo-3-1025-7B — PPMI,profession_embedding_6,0.163435867531806,0.0060828033587903,26.86851076578388,1.2356291768077785e-155,0.151512906570544,0.1753588284930681
allenai_Olmo-3-1025-7B — PPMI,profession_embedding_7,0.1551682396986372,0.0068574158063672,22.62780092094755,1.2042861613680413e-111,0.141726953480449,0.1686095259168255
allenai_Olmo-3-1025-7B — PPMI,profession_embedding_8,0.0375798840213156,0.0061455623901879,6.114962575486359,9.878205878107107e-10,0.0255339084831911,0.0496258595594402
allenai_Olmo-3-1025-7B — PPMI,profession_embedding_9,0.1560859809830771,0.0068315721358408,22.84773956556712,9.366640486642612e-114,0.1426953511903241,0.1694766107758301
allenai_Olmo-3-1025-7B — PPMI,profession_embedding_10,-0.1947675172868995,0.0064760482514184,-30.075056535324425,1.90530707423197e-193,-0.2074612813181383,-0.1820737532556607
allenai_Olmo-3-1025-7B — Raw counts,Intercept,2.0507951454579483,0.0295439971789922,69.41495197935508,0.0,1.9928856744085983,2.1087046165072985
allenai_Olmo-3-1025-7B — Raw counts,C(tense)[T.past perfect],0.0373854045384463,0.0296861265030985,1.259356101394506,0.2079197731726491,-0.0208026555565813,0.0955734646334739
allenai_Olmo-3-1025-7B — Raw counts,C(tense)[T.present continuous],-0.075652396010004,0.0296861265030985,-2.5484091365745405,0.0108306377758917,-0.1338404561050317,-0.0174643359149763
allenai_Olmo-3-1025-7B — Raw counts,C(tense)[T.present perfect],-0.0131335555504304,0.0296861265030975,-0.4424139184699641,0.6581955798546096,-0.0713216156454561,0.0450545045445952
allenai_Olmo-3-1025-7B — Raw counts,C(tense)[T.simple future],0.2525567303850325,0.0296861265030978,8.507567680097214,1.9286087109227992e-17,0.1943686702900062,0.3107447904800587
allenai_Olmo-3-1025-7B — Raw counts,C(tense)[T.simple past],0.0238226672887558,0.0296861265030978,0.8024848673426597,0.4222842398436092,-0.0343653928062703,0.082010727383782
allenai_Olmo-3-1025-7B — Raw counts,C(semantic_role)[T.patient],0.052291163089144,0.0171392931277608,3.0509521425038777,0.0022848360944213,0.0186962709296584,0.0858860552486296
allenai_Olmo-3-1025-7B — Raw counts,C(syntactic_role)[T.subject],-0.2199739549421202,0.0171392931277608,-12.834482338470774,1.5971460990663218e-37,-0.2535688471016057,-0.1863790627826346
allenai_Olmo-3-1025-7B — Raw counts,"C(valence, Treatment(reference='-val'))[T.+val]",-0.1590754731839394,0.0171392931277608,-9.281332199534068,1.879680608190341e-20,-0.1926703653434248,-0.1254805810244539
allenai_Olmo-3-1025-7B — Raw counts,"C(dominance, Treatment(reference='-dom'))[T.+dom]",0.0433410479804199,0.0171392931277608,2.528753528943363,0.0114561935336201,0.0097461558209344,0.0769359401399055
allenai_Olmo-3-1025-7B — Raw counts,log_frequency,0.1325121166042962,0.0153721575104947,8.620267943119172,7.284782154263148e-18,0.1023810038463709,0.1626432293622215
allenai_Olmo-3-1025-7B — Raw counts,lex_emb_norm,-0.1518340109666684,0.0096334575510259,-15.761112784526416,1.4816095280902306e-55,-0.1707166431229212,-0.1329513788104155
allenai_Olmo-3-1025-7B — Raw counts,profession_embedding_1,-5.5604255976653575e-05,3.33416879749045e-06,-16.67709685799519,6.269994834994756e-62,-6.213959208172239e-05,-4.906891987158476e-05
allenai_Olmo-3-1025-7B — Raw counts,profession_embedding_2,-0.0012059426174759,1.26440625743283e-05,-95.37619814729656,0.0,-0.001230726365293,-0.0011811588696588
allenai_Olmo-3-1025-7B — Raw counts,profession_embedding_3,0.0009363266374311,6.133300635639317e-05,15.266276562253337,2.9492358058823295e-52,0.0008161072258719,0.0010565460489903
allenai_Olmo-3-1025-7B — Raw counts,profession_embedding_4,0.0055826313139791,0.0001678151939566,33.266542691120506,7.802290772455618e-235,0.0052536951494785,0.0059115674784798
allenai_Olmo-3-1025-7B — Raw counts,profession_embedding_5,0.0037639289995276,0.0002600447804903,14.47415707567924,3.462271732339475e-47,0.0032542127415648,0.0042736452574904
allenai_Olmo-3-1025-7B — Raw counts,profession_embedding_6,0.0034708460463753,0.000302691038793,11.466629670356223,2.5366052888847512e-30,0.002877538450193,0.0040641536425576
allenai_Olmo-3-1025-7B — Raw counts,profession_embedding_7,0.0035053008335843,0.0004341065265891,8.074748060403033,7.230307057446169e-16,0.0026544044846053,0.0043561971825633
allenai_Olmo-3-1025-7B — Raw counts,profession_embedding_8,-0.0166494365793733,0.0005052525729662,-32.95270023391936,1.3319687007357091e-230,-0.0176397869733817,-0.0156590861853649
allenai_Olmo-3-1025-7B — Raw counts,profession_embedding_9,-0.0563327863455484,0.000658781106884,-85.51062827529495,0.0,-0.0576240694852613,-0.0550415032058354
allenai_Olmo-3-1025-7B — Raw counts,profession_embedding_10,0.0075245956203799,0.0007742181884573,9.71896002000761,2.87715357948944e-22,0.0060070431545195,0.0090421480862403
allenai_Olmo-3-1025-7B — TF-IDF,Intercept,3.474178154360529,0.2050650767479796,16.941832365879716,7.778413376567458e-64,3.072228138821876,3.8761281698991823
allenai_Olmo-3-1025-7B — TF-IDF,C(tense)[T.past perfect],0.0373854045384491,0.0236906208075731,1.578067744282083,0.1145694549291176,-0.0090508075788742,0.0838216166557725
allenai_Olmo-3-1025-7B — TF-IDF,C(tense)[T.present continuous],-0.0756523960099969,0.023690620807573,-3.1933479761667387,0.0014090066401153,-0.12208860812732,-0.0292161838926738
allenai_Olmo-3-1025-7B — TF-IDF,C(tense)[T.present perfect],-0.013133555550425,0.0236906208075729,-0.5543778551479241,0.5793278849265644,-0.059569767667748,0.0333026565668978
allenai_Olmo-3-1025-7B — TF-IDF,C(tense)[T.simple future],0.2525567303850358,0.023690620807573,10.66062102958072,1.9012240650750898e-26,0.2061205182677126,0.2989929425023589
allenai_Olmo-3-1025-7B — TF-IDF,C(tense)[T.simple past],0.0238226672887605,0.023690620807573,1.005573787291608,0.3146355673966463,-0.0226135448285625,0.0702588794060837
allenai_Olmo-3-1025-7B — TF-IDF,C(semantic_role)[T.patient],0.0522911630891441,0.0136777863005216,3.8230720922398,0.0001322895450476,0.0254812035230611,0.0791011226552272
allenai_Olmo-3-1025-7B — TF-IDF,C(syntactic_role)[T.subject],-0.2199739549421203,0.0136777863005216,-16.082569950206857,9.406189802452263e-58,-0.2467839145082034,-0.1931639953760373
allenai_Olmo-3-1025-7B — TF-IDF,"C(valence, Treatment(reference='-val'))[T.+val]",-0.1590754731839391,0.0136777863005216,-11.630206064695733,3.841456995594715e-31,-0.1858854327500222,-0.132265513617856
allenai_Olmo-3-1025-7B — TF-IDF,"C(dominance, Treatment(reference='-dom'))[T.+dom]",0.0433410479804207,0.0136777863005216,3.168718024112409,0.001533956966832,0.0165310884143376,0.0701510075465038
allenai_Olmo-3-1025-7B — TF-IDF,log_frequency,-0.2568252242652397,0.0090397160698359,-28.410762271862133,2.429398581495815e-173,-0.2745440580733047,-0.2391063904571746
allenai_Olmo-3-1025-7B — TF-IDF,lex_emb_norm,-0.2002458169243888,0.0074091366357923,-27.026875973245417,2.0659729790434638e-157,-0.2147685364098951,-0.1857230974388824
allenai_Olmo-3-1025-7B — TF-IDF,profession_embedding_1,-1.665011701921115,0.2122784459624392,-7.843526903413095,4.6505185648135606e-15,-2.0811007113529185,-1.2489226924893115
allenai_Olmo-3-1025-7B — TF-IDF,profession_embedding_2,-5.571178187442759,0.0516992128590927,-107.761373516984,0.0,-5.672514308354206,-5.469842066531312
allenai_Olmo-3-1025-7B — TF-IDF,profession_embedding_3,-2.861013055944176,0.1181300366427839,-24.219183683110657,2.4627721600729046e-127,-3.092560869044031,-2.6294652428443204
allenai_Olmo-3-1025-7B — TF-IDF,profession_embedding_4,-5.543390552024399,0.1584888336774473,-34.97653697992487,1.6684309677673534e-258,-5.8540460286643565,-5.232735075384442
allenai_Olmo-3-1025-7B — TF-IDF,profession_embedding_5,1.3359911370350452,0.2026601175481753,6.592274558991413,4.4643544381312657e-11,0.9387551049940266,1.733227169076064
allenai_Olmo-3-1025-7B — TF-IDF,profession_embedding_6,-0.8595927810956441,0.2022005006019248,-4.251190172807423,2.138209373093965e-05,-1.255927913570452,-0.4632576486208362
allenai_Olmo-3-1025-7B — TF-IDF,profession_embedding_7,-3.843791552141157,0.2158724012255168,-17.80584979978816,2.9451948452710715e-70,-4.266925107610484,-3.420657996671831
allenai_Olmo-3-1025-7B — TF-IDF,profession_embedding_8,-5.291629432911165,0.2633002963492836,-20.097316661928485,9.246162982973414e-89,-5.80772685860298,-4.775532007219351
allenai_Olmo-3-1025-7B — TF-IDF,profession_embedding_9,-10.808493103637552,0.3156234563028202,-34.244898114503584,2.9870886769017447e-248,-11.427149654900038,-10.189836552375066
allenai_Olmo-3-1025-7B — TF-IDF,profession_embedding_10,11.210215459556158,0.2986749044716983,37.53316831015647,8.840013084753283e-296,10.62477992661582,11.795650992496498
allenai_Olmo-3-1125-32B — log(1 + x) counts,Intercept,5.081881904409545,0.0873997609133191,58.145260940125766,0.0,4.910568799056756,5.253195009762333
allenai_Olmo-3-1125-32B — log(1 + x) counts,C(tense)[T.past perfect],0.0196759041841105,0.0339437455165509,0.5796621405412268,0.5621504908833729,-0.0468575553011195,0.0862093636693406
allenai_Olmo-3-1125-32B — log(1 + x) counts,C(tense)[T.present continuous],0.025251232024071,0.0339437455165507,0.7439141332166406,0.4569391483388762,-0.0412822274611586,0.0917846915093008
allenai_Olmo-3-1125-32B — log(1 + x) counts,C(tense)[T.present perfect],0.0953159661119503,0.0339437455165506,2.808056820526046,0.0049900679296074,0.0287825066267208,0.1618494255971797
allenai_Olmo-3-1125-32B — log(1 + x) counts,C(tense)[T.simple future],0.5803092617338995,0.0339437455165507,17.096205881314567,5.833396413353701e-65,0.5137758022486698,0.6468427212191292
allenai_Olmo-3-1125-32B — log(1 + x) counts,C(tense)[T.simple past],0.0630890984109018,0.0339437455165507,1.8586369138355727,0.0630966337779153,-0.0034443610743277,0.1296225578961315
allenai_Olmo-3-1125-32B — log(1 + x) counts,C(syntactic_role)[T.subject],-0.5624167464197203,0.0195974306112847,-28.698494081967365,9.613824125374987e-177,-0.6008298571636347,-0.5240036356758059
allenai_Olmo-3-1125-32B — log(1 + x) counts,"C(valence, Treatment(reference='-val'))[T.+val]",-0.1141218314321187,0.0195974306112847,-5.8233058045070605,5.8780404932560166e-09,-0.1525349421760331,-0.0757087206882042
allenai_Olmo-3-1125-32B — log(1 + x) counts,"C(dominance, Treatment(reference='-dom'))[T.+dom]",0.114204514201239,0.0195974306112847,5.827524866217764,5.731695939821059e-09,0.0757914034573245,0.1526176249451535
allenai_Olmo-3-1125-32B — log(1 + x) counts,log_frequency,1.1985781635166697,0.0343445980161951,34.898593454245216,2.1033217572608337e-257,1.1312589892218694,1.2658973378114695
allenai_Olmo-3-1125-32B — log(1 + x) counts,lex_emb_norm,0.0637767616079739,0.0124417135476061,5.126043238653803,2.992789894567079e-07,0.0393896401619077,0.0881638830540401
allenai_Olmo-3-1125-32B — log(1 + x) counts,profession_embedding_1,-0.2088572796013699,0.0051431947471209,-40.60847194601798,0.0,-0.2189385047026296,-0.1987760545001103
allenai_Olmo-3-1125-32B — log(1 + x) counts,profession_embedding_2,-0.2360198117561431,0.0072995986727391,-32.333258626611354,2.368474393069696e-222,-0.250327824768859,-0.2217117987434272
allenai_Olmo-3-1125-32B — log(1 + x) counts,profession_embedding_3,0.0623216350527665,0.0046291481084809,13.462873425585403,4.288905712586573e-41,0.0532479976730446,0.0713952724324884
allenai_Olmo-3-1125-32B — log(1 + x) counts,profession_embedding_4,-0.3769946986689158,0.0053543913044653,-70.40850719194128,0.0,-0.3874898921575073,-0.3664995051803242
allenai_Olmo-3-1125-32B — log(1 + x) counts,profession_embedding_5,-0.079767315999259,0.005183977933254,-15.387279233495615,4.70267968522244e-53,-0.0899284806128195,-0.0696061513856984
allenai_Olmo-3-1125-32B — log(1 + x) counts,profession_embedding_6,-0.3673927884450823,0.0054977632400363,-66.82586579385983,0.0,-0.3781690066326711,-0.3566165702574934
allenai_Olmo-3-1125-32B — log(1 + x) counts,profession_embedding_7,0.0398032818361636,0.0058513912181309,6.802362096868536,1.0649642084022044e-11,0.0283339140743201,0.0512726495980071
allenai_Olmo-3-1125-32B — log(1 + x) counts,profession_embedding_8,-0.0399283124281585,0.0060187945652835,-6.633938406614775,3.3713357677069205e-11,-0.0517258090881529,-0.028130815768164
allenai_Olmo-3-1125-32B — log(1 + x) counts,profession_embedding_9,-0.039525917056322,0.006883779087175,-5.741892143221399,9.529140513255512e-09,-0.0530188781315373,-0.0260329559811068
allenai_Olmo-3-1125-32B — log(1 + x) counts,profession_embedding_10,0.2377288415756886,0.0068150119332115,34.88311449862118,3.4780413333863975e-257,0.2243706716551476,0.2510870114962297
allenai_Olmo-3-1125-32B — PPMI,Intercept,1.3703817313367963,0.0432384650454358,31.6935795453602,5.624114488525909e-214,1.2856296034108632,1.4551338592627294
allenai_Olmo-3-1125-32B — PPMI,C(tense)[T.past perfect],0.0196759041841094,0.0395857737406268,0.4970448301207795,0.6191641424004576,-0.0579165486605317,0.0972683570287506
allenai_Olmo-3-1125-32B — PPMI,C(tense)[T.present continuous],0.0252512320240719,0.0395857737406265,0.6378865344283211,0.5235565049980726,-0.0523412208205687,0.1028436848687126
allenai_Olmo-3-1125-32B — PPMI,C(tense)[T.present perfect],0.0953159661119499,0.0395857737406264,2.407833853052322,0.0160585182672838,0.0177235132673095,0.1729084189565904
allenai_Olmo-3-1125-32B — PPMI,C(tense)[T.simple future],0.5803092617339003,0.0395857737406266,14.65954071117051,2.378033786467792e-48,0.5027168088892595,0.6579017145785411
allenai_Olmo-3-1125-32B — PPMI,C(tense)[T.simple past],0.0630890984109031,0.0395857737406265,1.5937315972216373,0.1110155541450413,-0.0145033544337375,0.1406815512555439
allenai_Olmo-3-1125-32B — PPMI,C(syntactic_role)[T.subject],-0.562416746419721,0.0228548571252303,-24.608193494189337,2.5444078000473137e-131,-0.6072147699566576,-0.5176187228827843
allenai_Olmo-3-1125-32B — PPMI,"C(valence, Treatment(reference='-val'))[T.+val]",-0.1141218314321189,0.0228548571252303,-4.993329461952107,5.996033230359786e-07,-0.1589198549690556,-0.0693238078951822
allenai_Olmo-3-1125-32B — PPMI,"C(dominance, Treatment(reference='-dom'))[T.+dom]",0.1142045142012389,0.0228548571252303,4.996947194877188,5.884845419629965e-07,0.0694064906643022,0.1590025377381756
allenai_Olmo-3-1125-32B — PPMI,log_frequency,-0.4725183662776427,0.0162382183223524,-29.099150959634915,1.5624448141777152e-181,-0.5043470529597227,-0.4406896795955627
allenai_Olmo-3-1125-32B — PPMI,lex_emb_norm,0.0292163460503089,0.0142395175039437,2.051779215287127,0.0402070660671758,0.0013053319144084,0.0571273601862095
allenai_Olmo-3-1125-32B — PPMI,profession_embedding_1,0.1293843149529493,0.0073743797923489,17.545111398681705,2.749136166253878e-68,0.1149297227541093,0.1438389071517893
allenai_Olmo-3-1125-32B — PPMI,profession_embedding_2,-0.0638133045245137,0.0064441433291473,-9.90252718866153,4.715192100417432e-23,-0.0764445313553236,-0.0511820776937037
allenai_Olmo-3-1125-32B — PPMI,profession_embedding_3,-0.1849278257398452,0.0069148479473908,-26.74358527429693,3.0658929910451646e-154,-0.1984816851844351,-0.1713739662952554
allenai_Olmo-3-1125-32B — PPMI,profession_embedding_4,-0.1899590911078871,0.0059752870157395,-31.790789397649817,3.067186099119465e-215,-0.2016713082048625,-0.1782468740109118
allenai_Olmo-3-1125-32B — PPMI,profession_embedding_5,-0.2420016634834375,0.0063410627050398,-38.16421233164821,2.537279430208896e-305,-0.2544308409993177,-0.2295724859675572
allenai_Olmo-3-1125-32B — PPMI,profession_embedding_6,0.1882250171018427,0.006577382143005,28.61701099456678,8.903301243601595e-176,0.175332627600598,0.2011174066030873
allenai_Olmo-3-1125-32B — PPMI,profession_embedding_7,0.1679998144280409,0.0075426256536249,22.27338623749684,2.7491067134918307e-108,0.153215441911077,0.1827841869450049
allenai_Olmo-3-1125-32B — PPMI,profession_embedding_8,-0.0480891582920143,0.0066074449068633,-7.278026373260099,3.5417190281939537e-13,-0.0610404741035627,-0.0351378424804659
allenai_Olmo-3-1125-32B — PPMI,profession_embedding_9,0.1736103023963345,0.007390622695166,23.49061906649435,4.981237758098328e-120,0.1591238723286894,0.1880967324639795
allenai_Olmo-3-1125-32B — PPMI,profession_embedding_10,-0.1500985608907372,0.0069974179816197,-21.45056380582161,1.1083815182502424e-100,-0.1638142666473194,-0.1363828551341551
allenai_Olmo-3-1125-32B — Raw counts,Intercept,2.016130784829563,0.0303000931216093,66.53876530140766,0.0,1.95673928344274,2.0755222862163865
allenai_Olmo-3-1125-32B — Raw counts,C(tense)[T.past perfect],0.019675904184115,0.0320463295939213,0.6139830811653142,0.5392350760208736,-0.0431384119594417,0.0824902203276717
allenai_Olmo-3-1125-32B — Raw counts,C(tense)[T.present continuous],0.0252512320240771,0.0320463295939232,0.787960192135869,0.4307314493456582,-0.0375630841194833,0.0880655481676377
allenai_Olmo-3-1125-32B — Raw counts,C(tense)[T.present perfect],0.0953159661119627,0.032046329593922,2.974317724362432,0.002940709099564,0.0325016499684045,0.1581302822555208
allenai_Olmo-3-1125-32B — Raw counts,C(tense)[T.simple future],0.580309261733908,0.0320463295939209,18.10844702302477,1.40547012203227e-72,0.517494945590352,0.6431235778774639
allenai_Olmo-3-1125-32B — Raw counts,C(tense)[T.simple past],0.0630890984109102,0.0320463295939207,1.968684064925746,0.0490062990363532,0.0002747822673545,0.1259034145544659
allenai_Olmo-3-1125-32B — Raw counts,C(syntactic_role)[T.subject],-0.5624167464197205,0.0185019570175896,-30.39768960035062,1.8336753161052065e-197,-0.5986826087541648,-0.5261508840852762
allenai_Olmo-3-1125-32B — Raw counts,"C(valence, Treatment(reference='-val'))[T.+val]",-0.1141218314321179,0.0185019570175896,-6.168095154670558,7.074822093517465e-10,-0.1503876937665621,-0.0778559690976736
allenai_Olmo-3-1125-32B — Raw counts,"C(dominance, Treatment(reference='-dom'))[T.+dom]",0.1142045142012396,0.0185019570175896,6.172564020804197,6.878106824138925e-10,0.0779386518667955,0.1504703765356838
allenai_Olmo-3-1125-32B — Raw counts,log_frequency,-0.0333939724976565,0.0162873159885045,-2.0503054352985948,0.0403505937070568,-0.0653188958382062,-0.0014690491571067
allenai_Olmo-3-1125-32B — Raw counts,lex_emb_norm,-0.0514644767896389,0.0105480718048757,-4.879041187968602,1.076097242735796e-06,-0.0721398528920578,-0.03078910068722
allenai_Olmo-3-1125-32B — Raw counts,profession_embedding_1,-3.981440584644163e-05,3.5258518838843715e-06,-11.292137944994662,1.8462413648598206e-29,-4.6725461736963264e-05,-3.290334995591999e-05
allenai_Olmo-3-1125-32B — Raw counts,profession_embedding_2,-0.0010734382596917,1.364460024958785e-05,-78.67128681356589,0.0,-0.0011001831707187,-0.0010466933486648
allenai_Olmo-3-1125-32B — Raw counts,profession_embedding_3,0.0006153330545158,6.556829844450967e-05,9.384612215254814,7.128637878125193e-21,0.000486812007654,0.0007438541013776
allenai_Olmo-3-1125-32B — Raw counts,profession_embedding_4,0.005028635442457,0.0001804833137107,27.862051837742904,6.129499924642935e-167,0.0046748683786552,0.0053824025062587
allenai_Olmo-3-1125-32B — Raw counts,profession_embedding_5,0.0027840757892717,0.0002788745534939,9.983255031307712,2.1065206223704138e-23,0.0022374511183802,0.0033307004601633
allenai_Olmo-3-1125-32B — Raw counts,profession_embedding_6,0.004893289410271,0.0003271773841101,14.956074740862809,3.062069532897492e-50,0.0042519859006044,0.0055345929199377
allenai_Olmo-3-1125-32B — Raw counts,profession_embedding_8,-0.0171116922626979,0.0005446798308078,-31.416056359782893,2.1752707200461232e-210,-0.0181793243916478,-0.0160440601337481
allenai_Olmo-3-1125-32B — Raw counts,profession_embedding_9,-0.0632768773238502,0.0007150540939092,-88.4924341568439,0.0,-0.06467846167013,-0.0618752929775704
allenai_Olmo-3-1125-32B — Raw counts,profession_embedding_10,0.0174198887120841,0.0008435489936527,20.65071364338021,1.5113762431973168e-93,0.0157664402878398,0.0190733371363284
allenai_Olmo-3-1125-32B — TF-IDF,Intercept,1.6302999291276044,0.2049269506017389,7.955517438484589,1.900225330986077e-15,1.228620659627913,2.031979198627296
allenai_Olmo-3-1125-32B — TF-IDF,C(tense)[T.past perfect],0.0196759041841048,0.0244039655481652,0.8062584806256657,0.420105587681383,-0.028158541336598,0.0675103497048077
allenai_Olmo-3-1125-32B — TF-IDF,C(tense)[T.present continuous],0.0252512320240695,0.0244039655481651,1.0347183933788229,0.3008157941893174,-0.022583213496633,0.0730856775447721
allenai_Olmo-3-1125-32B — TF-IDF,C(tense)[T.present perfect],0.0953159661119485,0.024403965548165,3.9057572804644254,9.43095726637122e-05,0.047481520591246,0.1431504116326509
allenai_Olmo-3-1125-32B — TF-IDF,C(tense)[T.simple future],0.5803092617338996,0.0244039655481651,23.779301793741958,6.715887779099626e-123,0.532474816213197,0.6281437072546022
allenai_Olmo-3-1125-32B — TF-IDF,C(tense)[T.simple past],0.0630890984109017,0.024403965548165,2.5851986344754248,0.0097408923470603,0.0152546528901991,0.1109235439316042
allenai_Olmo-3-1125-32B — TF-IDF,C(syntactic_role)[T.subject],-0.5624167464197242,0.0140896360785274,-39.91705273898762,0.0,-0.5900339764176383,-0.53479951642181
allenai_Olmo-3-1125-32B — TF-IDF,"C(valence, Treatment(reference='-val'))[T.+val]",-0.1141218314321212,0.0140896360785274,-8.099700432010614,5.896147120423615e-16,-0.1417390614300353,-0.0865046014342071
allenai_Olmo-3-1125-32B — TF-IDF,"C(dominance, Treatment(reference='-dom'))[T.+dom]",0.1142045142012423,0.0140896360785274,8.105568771594418,5.619485126728025e-16,0.0865872842033281,0.1418217441991564
allenai_Olmo-3-1125-32B — TF-IDF,log_frequency,-0.3700233035925591,0.0092538296052583,-39.985964662921695,0.0,-0.3881618232211396,-0.3518847839639785
allenai_Olmo-3-1125-32B — TF-IDF,lex_emb_norm,-0.2456161441208835,0.0076044978485562,-32.298798554794075,6.745383470043947e-222,-0.2605217928496171,-0.23071049539215
allenai_Olmo-3-1125-32B — TF-IDF,profession_embedding_1,0.2605611310967363,0.2122004617601116,1.2279008675829155,0.2195019146491989,-0.1553750169648722,0.6764972791583448
allenai_Olmo-3-1125-32B — TF-IDF,profession_embedding_2,-5.292031728325774,0.0521161873051286,-101.54295626696762,0.0,-5.3941851639005645,-5.189878292750983
allenai_Olmo-3-1125-32B — TF-IDF,profession_embedding_3,-1.609734884271147,0.1201006334863211,-13.403217264915494,9.51562253366817e-41,-1.845145280920197,-1.374324487622097
allenai_Olmo-3-1125-32B — TF-IDF,profession_embedding_4,-5.38122198607992,0.162212103891725,-33.17398552250966,1.3903201761283452e-233,-5.699175477330881,-5.063268494828959
allenai_Olmo-3-1125-32B — TF-IDF,profession_embedding_5,1.9506829050923145,0.2075274644415156,9.399637346034488,6.185482908290519e-21,1.54390634362386,2.357459466560769
allenai_Olmo-3-1125-32B — TF-IDF,profession_embedding_6,1.2538220621241984,0.2078456889619066,6.03246604914666,1.649663583997848e-09,0.8464217457396034,1.6612223785087936
allenai_Olmo-3-1125-32B — TF-IDF,profession_embedding_8,-8.805247652768116,0.2725515388667966,-32.30672514042007,5.3014631325644703e-222,-9.339478522410026,-8.271016783126207
allenai_Olmo-3-1125-32B — TF-IDF,profession_embedding_9,-12.010134341711847,0.3247940206322666,-36.97769533543778,1.7105669827644433e-287,-12.646766197904263,-11.373502485519433
allenai_Olmo-3-1125-32B — TF-IDF,profession_embedding_10,15.563390819174868,0.3071848364048129,50.66458032669682,0.0,14.9612748928599,16.165506745489832
google_gemma-3-12b-pt — log(1 + x) counts,Intercept,4.348150319854259,0.0871631824369585,49.88517167783649,0.0,4.177300933451954,4.518999706256564
google_gemma-3-12b-pt — log(1 + x) counts,C(tense)[T.past perfect],0.1274870289969467,0.0301122378939005,4.233728142230514,2.311080580161776e-05,0.0684637438949592,0.1865103140989342
google_gemma-3-12b-pt — log(1 + x) counts,C(tense)[T.present continuous],0.0096884560292651,0.0301122378939003,0.3217448023425617,0.7476501599449471,-0.0493348290727218,0.0687117411312522
google_gemma-3-12b-pt — log(1 + x) counts,C(tense)[T.present perfect],0.1009788843768249,0.0301122378939002,3.3534167979351714,0.0008000221010825,0.0419555992748381,0.1600021694788118
google_gemma-3-12b-pt — log(1 + x) counts,C(tense)[T.simple future],0.3031307183367638,0.0301122378939003,10.066695122588923,9.099041021118619e-24,0.2441074332347768,0.3621540034387509
google_gemma-3-12b-pt — log(1 + x) counts,C(tense)[T.simple past],0.0985381382917198,0.0301122378939003,3.272361843012678,0.0010687484439936,0.0395148531897327,0.1575614233937068
google_gemma-3-12b-pt — log(1 + x) counts,C(semantic_role)[T.patient],-0.0093433139134061,0.0173853086539453,-0.537425828864177,0.5909808432781446,-0.0434204234554943,0.024733795628682
google_gemma-3-12b-pt — log(1 + x) counts,C(syntactic_role)[T.subject],-0.1497140348423267,0.0173853086539454,-8.611525847621394,7.859723328363658e-18,-0.183791144384415,-0.1156369253002384
google_gemma-3-12b-pt — log(1 + x) counts,"C(valence, Treatment(reference='-val'))[T.+val]",-0.0593626372666284,0.0173853086539453,-3.414528809826841,0.0006404806245344,-0.0934397468087166,-0.0252855277245401
google_gemma-3-12b-pt — log(1 + x) counts,"C(dominance, Treatment(reference='-dom'))[T.+dom]",0.0114461776546752,0.0173853086539453,0.6583821939840976,0.5103018740845247,-0.0226309318874129,0.0455232871967635
google_gemma-3-12b-pt — log(1 + x) counts,log_frequency,1.0427362645858047,0.0309041540444693,33.74097420966014,2.6797677005958678e-241,0.9821607370733864,1.103311792098223
google_gemma-3-12b-pt — log(1 + x) counts,lex_emb_norm,-0.0765870568696096,0.0132232512429129,-5.791847667619333,7.0898672937250674e-09,-0.1025060779279465,-0.0506680358112726
google_gemma-3-12b-pt — log(1 + x) counts,profession_embedding_1,-0.1689848619906947,0.0049826559701309,-33.91461561939932,1.1024909817677658e-243,-0.1787514135477853,-0.1592183104336041
google_gemma-3-12b-pt — log(1 + x) counts,profession_embedding_2,-0.1626889369955113,0.0083191821816781,-19.555881028042727,3.3864370134579663e-84,-0.1789954454474794,-0.1463824285435431
google_gemma-3-12b-pt — log(1 + x) counts,profession_embedding_3,0.0445480732595263,0.00420950182197,10.582742363246728,4.354329205909941e-26,0.0362969885327482,0.0527991579863044
google_gemma-3-12b-pt — log(1 + x) counts,profession_embedding_4,-0.340651281895191,0.0051288453093338,-66.41870856881752,0.0,-0.3507043805723279,-0.3305981832180541
google_gemma-3-12b-pt — log(1 + x) counts,profession_embedding_5,-0.1141034046705256,0.0047504982203492,-24.01925006134132,2.6120642503446613e-125,-0.1234149016048984,-0.1047919077361528
google_gemma-3-12b-pt — log(1 + x) counts,profession_embedding_6,-0.3341414710331448,0.0048986047837465,-68.21155936927599,0.0,-0.3437432730570188,-0.3245396690092708
google_gemma-3-12b-pt — log(1 + x) counts,profession_embedding_7,0.0392333240345476,0.0052108555184493,7.529152150858841,5.373776403293586e-14,0.0290194763632325,0.0494471717058627
google_gemma-3-12b-pt — log(1 + x) counts,profession_embedding_8,-0.0328312656928299,0.0054143584430783,-6.063740706860916,1.3592541373473055e-09,-0.0434440013903948,-0.0222185299952651
google_gemma-3-12b-pt — log(1 + x) counts,profession_embedding_9,0.0315139800503385,0.0057942241783309,5.438861024430762,5.4394625450975966e-08,0.0201566658969547,0.0428712942037223
google_gemma-3-12b-pt — log(1 + x) counts,profession_embedding_10,0.160021120854099,0.0061551712314301,25.997834152359943,4.895003364595925e-146,0.1479563109344801,0.1720859307737179
google_gemma-3-12b-pt — PPMI,Intercept,1.3192421070271798,0.0372625689371665,35.403949449962326,1.3977307397055954e-264,1.2462033904190777,1.392280823635282
google_gemma-3-12b-pt — PPMI,C(tense)[T.past perfect],0.1274870289969432,0.0348380032283802,3.6594241111123154,0.0002535802388301,0.0592007267486877,0.1957733312451986
google_gemma-3-12b-pt — PPMI,C(tense)[T.present continuous],0.0096884560292635,0.03483800322838,0.278100210444066,0.7809389615503802,-0.0585978462189915,0.0779747582775185
google_gemma-3-12b-pt — PPMI,C(tense)[T.present perfect],0.1009788843768232,0.0348380032283798,2.8985267529501635,0.0037542019280275,0.0326925821285684,0.1692651866250779
google_gemma-3-12b-pt — PPMI,C(tense)[T.simple future],0.3031307183367623,0.03483800322838,8.70115076198809,3.594556696451655e-18,0.2348444160885072,0.3714170205850173
google_gemma-3-12b-pt — PPMI,C(tense)[T.simple past],0.0985381382917213,0.0348380032283799,2.8284668798540533,0.0046828609259006,0.0302518360434663,0.1668244405399762
google_gemma-3-12b-pt — PPMI,C(syntactic_role)[T.subject],-0.1497140348423247,0.0201137305419342,-7.443374789683709,1.0303859032544288e-13,-0.1891391498273189,-0.1102889198573305
google_gemma-3-12b-pt — PPMI,"C(valence, Treatment(reference='-val'))[T.+val]",-0.0593626372666249,0.0201137305419342,-2.951348937625585,0.003168397313055,-0.0987877522516192,-0.0199375222816307
google_gemma-3-12b-pt — PPMI,log_frequency,-0.4433967747162478,0.014038666277965,-31.583967161624145,1.4793745503450872e-212,-0.4709140983221703,-0.4158794511103253
google_gemma-3-12b-pt — PPMI,lex_emb_norm,0.2039408862973989,0.0142551138393509,14.306507025880416,3.7921216640502794e-46,0.1759993017629496,0.2318824708318483
google_gemma-3-12b-pt — PPMI,profession_embedding_1,0.1329312097156303,0.006607213218488,20.119103973164847,6.0216348191208425e-89,0.1199803480976833,0.1458820713335773
google_gemma-3-12b-pt — PPMI,profession_embedding_2,-0.0419089111567311,0.006176632646254,-6.785074255977945,1.2002066841360916e-11,-0.0540157876901987,-0.0298020346232635
google_gemma-3-12b-pt — PPMI,profession_embedding_3,-0.1458718765676872,0.0064477749474823,-22.623599265766035,1.3201714964152705e-111,-0.1585102217106669,-0.1332335314247074
google_gemma-3-12b-pt — PPMI,profession_embedding_4,-0.2303309848563958,0.0055720341059602,-41.3369660838967,0.0,-0.2412527820272287,-0.2194091876855628
google_gemma-3-12b-pt — PPMI,profession_embedding_5,-0.264625642274393,0.0057931262608512,-45.67924646536358,0.0,-0.2759808042857602,-0.2532704802630258
google_gemma-3-12b-pt — PPMI,profession_embedding_6,0.1870821550863587,0.0062403373556988,29.979493803409515,2.894211165501416e-192,0.1748504103445937,0.1993138998281236
google_gemma-3-12b-pt — PPMI,profession_embedding_7,0.2177904363776759,0.0061299047769593,35.529171219150385,2.256325726628222e-266,0.2057751515862825,0.2298057211690692
google_gemma-3-12b-pt — PPMI,profession_embedding_8,-0.0282448763177439,0.0058122444774436,-4.859547189963798,1.1874878676072074e-06,-0.0396375121277133,-0.0168522405077746
google_gemma-3-12b-pt — PPMI,profession_embedding_9,0.1194523754123281,0.0061817554225104,19.323374551078132,2.838822314518056e-82,0.1073354576762834,0.1315692931483728
google_gemma-3-12b-pt — PPMI,profession_embedding_10,-0.1225149650707327,0.0061588648387959,-19.892458801658552,5.087240440478784e-87,-0.1345870147554164,-0.110442915386049
google_gemma-3-12b-pt — Raw counts,Intercept,2.0448287777394287,0.0284255429469897,71.93631381299525,0.0,1.9891116000204816,2.100545955458376
google_gemma-3-12b-pt — Raw counts,C(tense)[T.past perfect],0.1274870289969483,0.029564283557513,4.312197478046123,1.6258974589026983e-05,0.0695377949513858,0.1854362630425107
google_gemma-3-12b-pt — Raw counts,C(tense)[T.present continuous],0.0096884560292667,0.0295642835575118,0.3277081283035198,0.7431365657891025,-0.0482607780162933,0.0676376900748268
google_gemma-3-12b-pt — Raw counts,C(tense)[T.present perfect],0.1009788843768235,0.0295642835575134,3.4155701483643983,0.0006380382266539,0.0430296503312602,0.1589281184223868
google_gemma-3-12b-pt — Raw counts,C(tense)[T.simple future],0.3031307183367623,0.0295642835575134,10.253274622639204,1.3586960605421434e-24,0.245181484291199,0.3610799523823255
google_gemma-3-12b-pt — Raw counts,C(tense)[T.simple past],0.0985381382917274,0.0295642835575134,3.3330128937518277,0.0008610223051992,0.0405889042461642,0.1564873723372906
google_gemma-3-12b-pt — Raw counts,C(syntactic_role)[T.subject],-0.1497140348423248,0.0170689470703288,-8.771134752803514,1.940806651841297e-18,-0.1831710407178634,-0.1162570289667863
google_gemma-3-12b-pt — Raw counts,"C(valence, Treatment(reference='-val'))[T.+val]",-0.0593626372666246,0.0170689470703288,-3.477814830758685,0.0005068373579455,-0.0928196431421632,-0.025905631391086
google_gemma-3-12b-pt — Raw counts,"C(dominance, Treatment(reference='-dom'))[T.+dom]",0.0114461776546792,0.0170689470703288,0.6705848701456388,0.5024945245301787,-0.0220108282208593,0.0449031835302178
google_gemma-3-12b-pt — Raw counts,log_frequency,0.0804561625525297,0.0163215426231295,4.929445972742422,8.327362557500537e-07,0.0484641512591595,0.1124481738458999
google_gemma-3-12b-pt — Raw counts,lex_emb_norm,-0.098779439897099,0.0103872130406553,-9.509715407826787,2.1723226568681112e-21,-0.1191395152022584,-0.0784193645919396
google_gemma-3-12b-pt — Raw counts,profession_embedding_1,-5.620981429181809e-05,3.593084316629868e-06,-15.643889577448062,9.14838175878842e-55,-6.325265311470953e-05,-4.9166975468926645e-05
google_gemma-3-12b-pt — Raw counts,profession_embedding_2,-0.0009864745008743,1.2590356958795074e-05,-78.35159115049682,0.0,-0.0010111529795766,-0.000961796022172
google_gemma-3-12b-pt — Raw counts,profession_embedding_3,0.0007779115902416,6.194782739966024e-05,12.557528211972016,5.305252163805125e-36,0.0006564870631897,0.0008993361172934
google_gemma-3-12b-pt — Raw counts,profession_embedding_4,0.0052228233968984,0.0001724683042391,30.282801352634166,4.986422989863775e-196,0.0048847666295714,0.0055608801642255
google_gemma-3-12b-pt — Raw counts,profession_embedding_5,0.0048888170124205,0.0002657522869417,18.39614277145308,8.059462847402731e-75,0.004367913421296,0.005409720603545
google_gemma-3-12b-pt — Raw counts,profession_embedding_6,0.0043590792895276,0.0002986344619126,14.596705489408912,5.916130940724964e-48,0.0037737230337678,0.0049444355452875
google_gemma-3-12b-pt — Raw counts,profession_embedding_7,0.0009262191468055,0.0004310926941,2.1485382598265224,0.03168570641773,8.123024737440683e-05,0.0017712080462366
google_gemma-3-12b-pt — Raw counts,profession_embedding_8,-0.0133544869648661,0.0005030038761322,-26.54947128350713,4.385151733049466e-152,-0.0143404296577478,-0.0123685442719844
google_gemma-3-12b-pt — Raw counts,profession_embedding_9,-0.0529499404070859,0.0006765340529982,-78.26648218581384,0.0,-0.0542760212539538,-0.051623859560218
google_gemma-3-12b-pt — TF-IDF,Intercept,1.841515710764441,0.0178662629905611,103.07223797933126,0.0,1.8064958785121588,1.876535543016724
google_gemma-3-12b-pt — TF-IDF,C(tense)[T.past perfect],0.1274870289969463,0.0218750579464777,5.827963030263599,5.716689225485943e-09,0.0846095195704185,0.1703645384234741
google_gemma-3-12b-pt — TF-IDF,C(tense)[T.present continuous],0.0096884560292636,0.0218750579464776,0.442899673818862,0.6578441804306188,-0.0331890533972639,0.0525659654557912
google_gemma-3-12b-pt — TF-IDF,C(tense)[T.present perfect],0.100978884376826,0.0218750579464775,4.616165343373924,3.938776444065085e-06,0.0581013749502986,0.1438563938033534
google_gemma-3-12b-pt — TF-IDF,C(tense)[T.simple future],0.3031307183367648,0.0218750579464776,13.8573675589086,2.0239493937420177e-43,0.2602532089102373,0.3460082277632923
google_gemma-3-12b-pt — TF-IDF,C(tense)[T.simple past],0.0985381382917224,0.0218750579464776,4.504588675048025,6.696344244517703e-06,0.0556606288651948,0.14141564771825
google_gemma-3-12b-pt — TF-IDF,C(syntactic_role)[T.subject],-0.1497140348423253,0.0126295705939375,-11.854245853314374,2.776171984222857e-32,-0.1744693764519117,-0.1249586932327388
google_gemma-3-12b-pt — TF-IDF,"C(valence, Treatment(reference='-val'))[T.+val]",-0.0593626372666218,0.0126295705939375,-4.700289437799022,2.6191760892847698e-06,-0.0841179788762082,-0.0346072956570353
google_gemma-3-12b-pt — TF-IDF,log_frequency,-0.2639658965311569,0.0084357047993456,-31.29150471832916,8.67555101163947e-209,-0.2805008018529318,-0.2474309912093819
google_gemma-3-12b-pt — TF-IDF,lex_emb_norm,0.1131259227281101,0.0098178228222648,11.522506035815098,1.334979482012786e-30,0.09388191470584,0.1323699307503802
google_gemma-3-12b-pt — TF-IDF,profession_embedding_2,-5.036054714753211,0.0259607041036731,-193.98760120842303,0.0,-5.086940538125568,-4.985168891380854
google_gemma-3-12b-pt — TF-IDF,profession_embedding_3,-2.124875123837688,0.0951782786828178,-22.32521068088283,8.932791276214542e-109,-2.3114349743948077,-1.9383152732805689
google_gemma-3-12b-pt — TF-IDF,profession_embedding_4,-2.385075043456067,0.1368905851541429,-17.423221916762213,2.241690856983908e-67,-2.6533955832101004,-2.116754503702033
google_gemma-3-12b-pt — TF-IDF,profession_embedding_5,0.2654967901422965,0.1983759366967005,1.3383517908637172,0.1808004529906053,-0.1233417727781113,0.6543353530627044
google_gemma-3-12b-pt — TF-IDF,profession_embedding_6,-1.157028500935069,0.186178249105728,-6.214627683376744,5.269670708237171e-10,-1.5219582602334056,-0.7920987416367322
google_gemma-3-12b-pt — TF-IDF,profession_embedding_7,1.660337514715596,0.2080503707173883,7.980459294499248,1.554224534232355e-15,1.2525360015285738,2.068139027902618
google_gemma-3-12b-pt — TF-IDF,profession_embedding_8,-3.761854799380535,0.2311335373242145,-16.2756770087576,4.293857408949411e-59,-4.21490184728568,-3.30880775147539
google_gemma-3-12b-pt — TF-IDF,profession_embedding_9,-9.503529618223872,0.3102221518435855,-30.63459382815308,1.9489362185756917e-200,-10.111599012715825,-8.895460223731922
google_gemma-3-12b-pt — TF-IDF,profession_embedding_10,11.821610717035265,0.3271043989077626,36.140176520122985,3.3995548621293843e-275,11.180450269280444,12.462771164790084
google_gemma-3-4b-pt — log(1 + x) counts,Intercept,3.798570031300146,0.0822764195734461,46.16839248709964,0.0,3.63729923546076,3.959840827139532
google_gemma-3-4b-pt — log(1 + x) counts,C(tense)[T.past perfect],0.0026098962925666,0.0283963463944959,0.0919095807717208,0.9267710089224208,-0.0530500534927206,0.058269846077854
google_gemma-3-4b-pt — log(1 + x) counts,C(tense)[T.present continuous],-0.218374640050853,0.0283963463944958,-7.690237223376787,1.5521543159911666e-14,-0.2740345898361401,-0.1627146902655659
google_gemma-3-4b-pt — log(1 + x) counts,C(tense)[T.present perfect],-0.1057575747871253,0.0283963463944956,-3.72433739601181,0.0001964890222953,-0.1614175245724121,-0.0500976250018386
google_gemma-3-4b-pt — log(1 + x) counts,C(tense)[T.simple future],0.1399194381467863,0.0283963463944958,4.927374677113655,8.415974092732765e-07,0.0842594883614993,0.1955793879320733
google_gemma-3-4b-pt — log(1 + x) counts,C(tense)[T.simple past],-0.0526547484888317,0.0283963463944957,-1.8542789891814415,0.0637173081850805,-0.1083146982741186,0.0030052012964552
google_gemma-3-4b-pt — log(1 + x) counts,C(semantic_role)[T.patient],-0.0346159949967523,0.016394638234864,-2.111421703904374,0.0347512628092398,-0.0667512819883688,-0.0024807080051358
google_gemma-3-4b-pt — log(1 + x) counts,C(syntactic_role)[T.subject],-0.3930888786622247,0.016394638234864,-23.976672923852743,7.019838799556242e-125,-0.4252241656538412,-0.3609535916706082
google_gemma-3-4b-pt — log(1 + x) counts,"C(valence, Treatment(reference='-val'))[T.+val]",-0.1110887363998678,0.016394638234864,-6.77591873687289,1.2785102525772179e-11,-0.1432240233914843,-0.0789534494082512
google_gemma-3-4b-pt — log(1 + x) counts,"C(dominance, Treatment(reference='-dom'))[T.+dom]",-0.0359872044530996,0.016394638234864,-2.1950593808511765,0.0281733904288184,-0.0681224914447161,-0.0038519174614831
google_gemma-3-4b-pt — log(1 + x) counts,log_frequency,0.8172355868791904,0.0291524867044516,28.03313470869015,6.365141468382252e-169,0.7600935192503583,0.8743776545080225
google_gemma-3-4b-pt — log(1 + x) counts,lex_emb_norm,-0.0515700944073013,0.0124852878437568,-4.130469001008128,3.6382928179682e-05,-0.0760426263585618,-0.0270975624560407
google_gemma-3-4b-pt — log(1 + x) counts,profession_embedding_1,-0.12852754043458,0.004702991894044,-27.328888360906927,7.949909975862137e-161,-0.1377459197650224,-0.1193091611041376
google_gemma-3-4b-pt — log(1 + x) counts,profession_embedding_2,-0.090049319986551,0.0078562460233342,-11.462130859839478,2.6707883339367772e-30,-0.105448422852982,-0.07465021712012
google_gemma-3-4b-pt — log(1 + x) counts,profession_embedding_3,0.0389598327162081,0.0039717952688953,9.809124105997608,1.1883420175855097e-22,0.0311746788744799,0.0467449865579363
google_gemma-3-4b-pt — log(1 + x) counts,profession_embedding_4,-0.3116579837250733,0.0048382311190989,-64.41568748024457,0.0,-0.3211414467522344,-0.3021745206979122
google_gemma-3-4b-pt — log(1 + x) counts,profession_embedding_5,-0.094045463723077,0.004481819278947,-20.983769730485637,1.7365094081559753e-96,-0.1028303204982176,-0.0852606069479364
google_gemma-3-4b-pt — log(1 + x) counts,profession_embedding_6,-0.3256762899278351,0.0046195032774152,-70.50028333567086,0.0,-0.3347310224234121,-0.3166215574322581
google_gemma-3-4b-pt — log(1 + x) counts,profession_embedding_7,0.0306437869044693,0.0049139822619448,6.236039381294245,4.5984549517626915e-10,0.0210118433387063,0.0402757304702322
google_gemma-3-4b-pt — log(1 + x) counts,profession_embedding_8,-0.032553530783447,0.0051058828958269,-6.375690834988192,1.8703817463119583e-10,-0.0425616206145519,-0.0225454409523421
google_gemma-3-4b-pt — log(1 + x) counts,profession_embedding_9,0.0864787050006616,0.0054649121119104,15.824354212794429,5.518467667576987e-56,0.0757668785739737,0.0971905314273495
google_gemma-3-4b-pt — log(1 + x) counts,profession_embedding_10,0.1220786165180551,0.0058049164110306,21.030210923636727,6.702288888249879e-97,0.1107003444172336,0.1334568886188766
google_gemma-3-4b-pt — PPMI,Intercept,1.3430725311871268,0.0374600281436461,35.85348430697677,4.879087755333213e-271,1.269646772236851,1.4164982901374026
google_gemma-3-4b-pt — PPMI,C(tense)[T.past perfect],0.0026098962925664,0.0327245685354511,0.0797534210340809,0.9364343500712472,-0.0615338430506559,0.0667536356357888
google_gemma-3-4b-pt — PPMI,C(tense)[T.present continuous],-0.2183746400508545,0.0327245685354509,-6.673109832274381,2.5850829894657403e-11,-0.2825183793940766,-0.1542309007076325
google_gemma-3-4b-pt — PPMI,C(tense)[T.present perfect],-0.1057575747871253,0.0327245685354508,-3.2317484850123277,0.0012327969358058,-0.1699013141303471,-0.0416138354439034
google_gemma-3-4b-pt — PPMI,C(tense)[T.simple future],0.1399194381467876,0.0327245685354509,4.27566945596887,1.9164785854723223e-05,0.0757756988035655,0.2040631774900097
google_gemma-3-4b-pt — PPMI,C(tense)[T.simple past],-0.0526547484888314,0.0327245685354509,-1.6090280436177458,0.1076295778584966,-0.1167984878320534,0.0114889908543905
google_gemma-3-4b-pt — PPMI,C(semantic_role)[T.patient],-0.0346159949967502,0.0188935384530569,-1.8321605072949871,0.0669457480477301,-0.0716494001733886,0.0024174101798882
google_gemma-3-4b-pt — PPMI,C(syntactic_role)[T.subject],-0.393088878662226,0.0188935384530569,-20.80546635765968,6.592597751978755e-95,-0.4301222838388644,-0.3560554734855876
google_gemma-3-4b-pt — PPMI,"C(valence, Treatment(reference='-val'))[T.+val]",-0.1110887363998678,0.0188935384530569,-5.879721084320952,4.189895686941567e-09,-0.1481221415765063,-0.0740553312232293
google_gemma-3-4b-pt — PPMI,"C(dominance, Treatment(reference='-dom'))[T.+dom]",-0.0359872044530988,0.0188935384530569,-1.9047360843768333,0.0568319719695169,-0.0730206096297373,0.0010462007235396
google_gemma-3-4b-pt — PPMI,log_frequency,-0.4796015861048771,0.0131867953639921,-36.369836102445205,1.5295771123912702e-278,-0.5054491496467461,-0.4537540225630079
google_gemma-3-4b-pt — PPMI,lex_emb_norm,0.2025312208332644,0.0135240673325686,14.97561464704701,2.2920368095985085e-50,0.1760225672844572,0.2290398743820715
google_gemma-3-4b-pt — PPMI,profession_embedding_1,0.1553606114566792,0.006205091381271,25.03760249617078,8.668534836979496e-136,0.143197952574563,0.1675232703387954
google_gemma-3-4b-pt — PPMI,profession_embedding_2,0.0159017678835476,0.0058023193012764,2.740588212725464,0.0061396107328332,0.0045285864023607,0.0272749493647345
google_gemma-3-4b-pt — PPMI,profession_embedding_3,-0.1823117518164962,0.0060740548477242,-30.014834634692416,1.0600970691238673e-192,-0.1942175647376594,-0.170405938895333
google_gemma-3-4b-pt — PPMI,profession_embedding_4,-0.2161231334401496,0.0052336367337133,-41.29501997109532,0.0,-0.2263816347890901,-0.2058646320912091
google_gemma-3-4b-pt — PPMI,profession_embedding_5,-0.2432716340756239,0.0054488763433953,-44.64620203218498,0.0,-0.2539520286392855,-0.2325912395119622
google_gemma-3-4b-pt — PPMI,profession_embedding_6,0.1476965827660681,0.0058721408503648,25.152084483275114,5.429671830657202e-137,0.1361865433996377,0.1592066221324985
google_gemma-3-4b-pt — PPMI,profession_embedding_7,0.1901291598315018,0.005791388271542,32.829634435972004,5.950009889673416e-229,0.178777404366101,0.2014809152969026
google_gemma-3-4b-pt — PPMI,profession_embedding_8,-0.0299083576436148,0.0054607339393108,-5.476984957701335,4.3903776974822964e-08,-0.0406119943942839,-0.0192047208929457
google_gemma-3-4b-pt — PPMI,profession_embedding_9,0.1310199915246615,0.0058240336005454,22.496434689592185,2.1448184079901347e-110,0.1196042476380811,0.1424357354112419
google_gemma-3-4b-pt — PPMI,profession_embedding_10,-0.0646829138353406,0.0057868410636136,-11.177586030840176,6.687426481028928e-29,-0.07602575627505,-0.0533400713956313
google_gemma-3-4b-pt — Raw counts,Intercept,2.194673623964376,0.0290143083582643,75.64108014793507,0.0,2.1378024010316654,2.251544846897086
google_gemma-3-4b-pt — Raw counts,C(tense)[T.past perfect],0.002609896292572,0.0287566233732759,0.0907580927946305,0.9276859249991628,-0.0537562358398773,0.0589760284250213
google_gemma-3-4b-pt — Raw counts,C(tense)[T.present continuous],-0.218374640050863,0.0287566233732777,-7.593890187183416,3.2722204022836734e-14,-0.2747407721833158,-0.1620085079184103
google_gemma-3-4b-pt — Raw counts,C(tense)[T.present perfect],-0.1057575747871221,0.0287566233732756,-3.6776770837916186,0.0002361243691818,-0.1621237069195708,-0.0493914426546735
google_gemma-3-4b-pt — Raw counts,C(tense)[T.simple future],0.139919438146792,0.0287566233732757,4.865642128095699,1.1515213201705574e-06,0.0835533060143431,0.196285570279241
google_gemma-3-4b-pt — Raw counts,C(tense)[T.simple past],-0.0526547484888275,0.0287566233732757,-1.831047679184784,0.067111673110417,-0.1090208806212764,0.0037113836436214
google_gemma-3-4b-pt — Raw counts,C(semantic_role)[T.patient],-0.0346159949967473,0.0166026442455454,-2.08496878477866,0.0370876587559249,-0.0671589965565948,-0.0020729934368999
google_gemma-3-4b-pt — Raw counts,C(syntactic_role)[T.subject],-0.3930888786622249,0.0166026442455455,-23.676281491587744,7.166881684284631e-122,-0.4256318802220724,-0.3605458771023774
google_gemma-3-4b-pt — Raw counts,"C(valence, Treatment(reference='-val'))[T.+val]",-0.1110887363998667,0.0166026442455455,-6.691026727846189,2.2882727244994874e-11,-0.1436317379597142,-0.0785457348400192
google_gemma-3-4b-pt — Raw counts,"C(dominance, Treatment(reference='-dom'))[T.+dom]",-0.0359872044530989,0.0166026442455455,-2.167558608187026,0.0302067158201898,-0.0685302060129465,-0.0034442028932514
google_gemma-3-4b-pt — Raw counts,log_frequency,0.1012002116438704,0.0161532766604574,6.264995874899126,3.821908797407341e-10,0.0695380197795259,0.1328624035082148
google_gemma-3-4b-pt — Raw counts,lex_emb_norm,-0.0400541862427761,0.0101357141022142,-3.951787297752006,7.789672691447843e-05,-0.0599212962621348,-0.0201870762234173
google_gemma-3-4b-pt — Raw counts,profession_embedding_1,-6.4697540073323e-05,3.5531277540705477e-06,-18.208616337874133,2.3511947037858322e-73,-7.166205972049177e-05,-5.773302042615422e-05
google_gemma-3-4b-pt — Raw counts,profession_embedding_2,-0.0009181355690564,1.2254147099130326e-05,-74.92447753639144,0.0,-0.0009421550398264,-0.0008941160982863
google_gemma-3-4b-pt — Raw counts,profession_embedding_3,0.0009130959789353,6.05985324033707e-05,15.067955323692772,5.799882027623414e-51,0.0007943162167865,0.0010318757410841
google_gemma-3-4b-pt — Raw counts,profession_embedding_4,0.0059754721488499,0.0001679153920781,35.58620847615556,3.4399275930447745e-267,0.0056463395850543,0.0063046047126455
google_gemma-3-4b-pt — Raw counts,profession_embedding_5,0.004408234616231,0.0002610716756847,16.885150810288007,2.0020745596225666e-63,0.0038965055311897,0.0049199637012724
google_gemma-3-4b-pt — Raw counts,profession_embedding_6,0.0057454485807892,0.0002905107575122,19.77705965172844,4.782928923107092e-86,0.0051760156702809,0.0063148814912975
google_gemma-3-4b-pt — Raw counts,profession_embedding_7,0.0002813049565842,0.0004196567095063,0.6703215990877927,0.5026622988823349,-0.0005412681679185,0.001103878081087
google_gemma-3-4b-pt — Raw counts,profession_embedding_8,-0.012710019011196,0.0004892694992995,-25.97754208957051,8.128070235265832e-146,-0.0136690408298536,-0.0117509971925383
google_gemma-3-4b-pt — Raw counts,profession_embedding_9,-0.0420168428722458,0.0006581812122736,-63.8378034631209,0.0,-0.0433069501528033,-0.0407267355916882
google_gemma-3-4b-pt — Raw counts,profession_embedding_10,-0.0040206270695932,0.000743920258426,-5.404647909575657,6.584840225774884e-08,-0.0054787922734195,-0.002562461865767
google_gemma-3-4b-pt — TF-IDF,Intercept,1.973529619873415,0.0208961091264552,94.44483697564804,0.0,1.932570956979656,2.0144882827671737
google_gemma-3-4b-pt — TF-IDF,C(tense)[T.past perfect],0.0026098962925693,0.0228850552842783,0.1140436962091289,0.9092045594871656,-0.0422473189440742,0.047467111529213
google_gemma-3-4b-pt — TF-IDF,C(tense)[T.present continuous],-0.2183746400508514,0.0228850552842781,-9.542237820193195,1.59104102553755e-21,-0.2632318552874948,-0.1735174248142081
google_gemma-3-4b-pt — TF-IDF,C(tense)[T.present perfect],-0.1057575747871235,0.0228850552842781,-4.621250570444476,3.843563558180511e-06,-0.1506147900237667,-0.0609003595504803
google_gemma-3-4b-pt — TF-IDF,C(tense)[T.simple future],0.1399194381467902,0.0228850552842782,6.1140091823555,9.937285102843512e-10,0.0950622229101468,0.1847766533834336
google_gemma-3-4b-pt — TF-IDF,C(tense)[T.simple past],-0.0526547484888293,0.0228850552842781,-2.300835538072858,0.0214134896211803,-0.0975119637254726,-0.0077975332521859
google_gemma-3-4b-pt — TF-IDF,C(semantic_role)[T.patient],-0.0346159949967502,0.0132126928287974,-2.619904620903894,0.008803588029509,-0.0605143202887233,-0.0087176697047772
google_gemma-3-4b-pt — TF-IDF,C(syntactic_role)[T.subject],-0.393088878662226,0.0132126928287974,-29.75085274104583,1.8908483286604173e-189,-0.4189872039541991,-0.3671905533702529
google_gemma-3-4b-pt — TF-IDF,"C(valence, Treatment(reference='-val'))[T.+val]",-0.1110887363998657,0.0132126928287974,-8.40772867721139,4.521985942637767e-17,-0.1369870616918388,-0.0851904111078927
google_gemma-3-4b-pt — TF-IDF,"C(dominance, Treatment(reference='-dom'))[T.+dom]",-0.0359872044530996,0.0132126928287974,-2.723684332891201,0.0064626935036653,-0.0618855297450727,-0.0100888791611265
google_gemma-3-4b-pt — TF-IDF,log_frequency,-0.2942727883083584,0.0088308997135048,-33.3230812097587,1.3353731394428141e-235,-0.3115823191030705,-0.2769632575136463
google_gemma-3-4b-pt — TF-IDF,lex_emb_norm,0.1291336771607925,0.0103270748926228,12.504380814846163,1.030368736087727e-35,0.1088914791206784,0.1493758752009065
google_gemma-3-4b-pt — TF-IDF,profession_embedding_2,-4.412083389749371,0.0271427811822652,-162.55089558148043,0.0,-4.46528621414676,-4.358880565351983
google_gemma-3-4b-pt — TF-IDF,profession_embedding_3,-1.8511139343038796,0.0995807594021869,-18.589072280796707,2.4228146866022086e-76,-2.046303131028304,-1.6559247375794552
google_gemma-3-4b-pt — TF-IDF,profession_embedding_4,-2.5214091856914185,0.1432620082822945,-17.599984922192622,1.0638595558166695e-68,-2.8022184151612506,-2.2405999562215864
google_gemma-3-4b-pt — TF-IDF,profession_embedding_5,1.3746028587119077,0.208003658337848,6.608551357684401,4.00129534268485e-11,0.966892903189973,1.7823128142338422
google_gemma-3-4b-pt — TF-IDF,profession_embedding_6,-1.961564319705539,0.1947951278848389,-10.069883887779769,8.810493797275808e-24,-2.3433841086480016,-1.5797445307630764
google_gemma-3-4b-pt — TF-IDF,profession_embedding_7,-0.8489272166464816,0.2207492064264727,-3.8456637302985848,0.0001206838490282,-1.281619842597585,-0.4162345906953781
google_gemma-3-4b-pt — TF-IDF,profession_embedding_8,-2.9139508629858404,0.2417493569704808,-12.053603366323133,2.5728047741201937e-33,-3.387806084406033,-2.440095641565648
google_gemma-3-4b-pt — TF-IDF,profession_embedding_9,-11.058399508664817,0.3217006172739694,-34.37481594648967,4.653170819724611e-250,-11.688967958317331,-10.427831059012297
google_gemma-3-4b-pt — TF-IDF,profession_embedding_10,10.207684499737608,0.343706304903439,29.698857292144694,8.205149540908077e-189,9.533982491779744,10.881386507695472
gpt2 — log(1 + x) counts,Intercept,2.545183231629877,0.0586444388033224,43.400248745933645,0.0,2.430233707534123,2.6601327557256305
gpt2 — log(1 + x) counts,C(tense)[T.past perfect],0.0602535193512882,0.0237495922008518,2.537033850590796,0.0111888572992607,0.0137017170548788,0.1068053216476975
gpt2 — log(1 + x) counts,C(tense)[T.present continuous],0.1391034037334233,0.0237495922008517,5.857085989393737,4.8012603289906734e-09,0.0925516014370141,0.1856552060298325
gpt2 — log(1 + x) counts,C(tense)[T.present perfect],-0.1073701445334994,0.0237495922008516,-4.520925817397798,6.2003366955208215e-06,-0.1539219468299083,-0.0608183422370904
gpt2 — log(1 + x) counts,C(tense)[T.simple future],0.2449751705423594,0.0237495922008516,10.314921135091092,7.194970501177037e-25,0.1984233682459504,0.2915269728387685
gpt2 — log(1 + x) counts,C(tense)[T.simple past],0.027651988854468,0.0237495922008516,1.164314259403428,0.2443137218429512,-0.018899813441941,0.0742037911508771
gpt2 — log(1 + x) counts,C(semantic_role)[T.patient],-0.1032670068018867,0.0137118334503055,-7.531232579227803,5.2891086455089195e-14,-0.1301437023889808,-0.0763903112147927
gpt2 — log(1 + x) counts,C(syntactic_role)[T.subject],-0.0242303707959678,0.0137118334503055,-1.7671138497840977,0.0772278738538631,-0.0511070663830619,0.0026463247911262
gpt2 — log(1 + x) counts,"C(valence, Treatment(reference='-val'))[T.+val]",-0.0979271514182401,0.0137118334503055,-7.141798489104155,9.600834107929069e-13,-0.1248038470053342,-0.0710504558311461
gpt2 — log(1 + x) counts,"C(dominance, Treatment(reference='-dom'))[T.+dom]",0.0549771521514009,0.0137118334503055,4.009467614279968,6.11268503645859e-05,0.0281004565643069,0.081853847738495
gpt2 — log(1 + x) counts,log_frequency,0.6710885233142033,0.0233772770115732,28.70687304522129,7.644584321684937e-177,0.6252664995730074,0.7169105470553992
gpt2 — log(1 + x) counts,lex_emb_norm,0.2906784830446172,0.0080310353703664,36.19439706581106,5.542373246284256e-276,0.2749367739813617,0.3064201921078727
gpt2 — log(1 + x) counts,profession_embedding_1,-0.0836837724333003,0.0034323440633478,-24.380939348975566,5.509643163022285e-129,-0.0904115427840052,-0.0769560020825954
gpt2 — log(1 + x) counts,profession_embedding_2,-0.0979700821475461,0.004769195788434,-20.542264669682357,1.340061630976286e-92,-0.1073182283211081,-0.0886219359739842
gpt2 — log(1 + x) counts,profession_embedding_3,-0.0262323123248528,0.0030250569451835,-8.67167554204876,4.653285030683477e-18,-0.0321617553088259,-0.0203028693408796
gpt2 — log(1 + x) counts,profession_embedding_4,-0.2526175297164493,0.003818269175,-66.16022028264865,0.0,-0.2601017555610809,-0.2451333038718177
gpt2 — log(1 + x) counts,profession_embedding_5,-0.1181015400570998,0.0036095007844145,-32.719632744520155,1.7554273188421974e-227,-0.1251765569872335,-0.1110265231269661
gpt2 — log(1 + x) counts,profession_embedding_6,-0.3564930039811367,0.0038774278107547,-91.94059087117924,0.0,-0.364093187232215,-0.3488928207300583
gpt2 — log(1 + x) counts,profession_embedding_8,-0.0901587795920725,0.0042228774210621,-21.350082089144788,9.016163592348072e-100,-0.0984360819206659,-0.0818814772634791
gpt2 — log(1 + x) counts,profession_embedding_9,0.0920083215872106,0.004384031655145,20.987148092151795,1.620140390493998e-96,0.0834151393066242,0.100601503867797
gpt2 — log(1 + x) counts,profession_embedding_10,0.0480506571806313,0.00484018923095,9.927433595648903,3.679862484688137e-23,0.0385633560829596,0.0575379582783029
gpt2 — PPMI,Intercept,0.7549657685053072,0.0325447899662691,23.19774591533045,3.765808989144482e-117,0.6911744148526284,0.8187571221579859
gpt2 — PPMI,C(tense)[T.past perfect],0.0602535193512852,0.0286454949778702,2.103420429559108,0.0354443203880694,0.0041052110480732,0.1164018276544971
gpt2 — PPMI,C(tense)[T.present continuous],0.1391034037334205,0.0286454949778701,4.856030724582832,1.2087300475634313e-06,0.0829550954302088,0.1952517120366321
gpt2 — PPMI,C(tense)[T.present perfect],-0.1073701445335003,0.02864549497787,-3.74823840944095,0.0001786958772498,-0.1635184528367118,-0.0512218362302888
gpt2 — PPMI,C(tense)[T.simple future],0.2449751705423577,0.0286454949778701,8.551961511979854,1.3162220101680237e-17,0.188826862239146,0.3011234788455694
gpt2 — PPMI,C(tense)[T.simple past],0.0276519888544683,0.0286454949778701,0.9653171947571764,0.3344002849896368,-0.0284963194487432,0.0838002971576799
gpt2 — PPMI,C(semantic_role)[T.patient],-0.1032670068018877,0.0165384842365434,-6.24404300447977,4.369618101814483e-10,-0.1356842477152891,-0.0708497658884864
gpt2 — PPMI,C(syntactic_role)[T.subject],-0.0242303707959676,0.0165384842365433,-1.465090176911635,0.1429156060911251,-0.0566476117093689,0.0081868701174336
gpt2 — PPMI,"C(valence, Treatment(reference='-val'))[T.+val]",-0.09792715141824,0.0165384842365434,-5.921168470920713,3.260840328860753e-09,-0.1303443923316414,-0.0655099105048386
gpt2 — PPMI,"C(dominance, Treatment(reference='-dom'))[T.+dom]",0.0549771521514009,0.0165384842365434,3.324195335260743,0.0008886957810346,0.0225599112379995,0.0873943930648023
gpt2 — PPMI,log_frequency,-0.380145079740665,0.0119091175167231,-31.920507897151328,6.252237259949478e-217,-0.4034882547308243,-0.3568019047505057
gpt2 — PPMI,lex_emb_norm,0.0553560561975778,0.0131413981450944,4.212341456090936,2.540952981315333e-05,0.0295974761780651,0.0811146362170905
gpt2 — PPMI,profession_embedding_1,0.1687862758842598,0.0053728223603091,31.41482531251015,2.2599756394698952e-210,0.1582549554592477,0.179317596309272
gpt2 — PPMI,profession_embedding_2,-0.0935136373726804,0.004640706855534,-20.15073140445498,3.23094414218433e-89,-0.1026099312042465,-0.0844173435411144
gpt2 — PPMI,profession_embedding_3,-0.245741685688927,0.0058760153418464,-41.82114432868488,0.0,-0.2572593194831162,-0.2342240518947377
gpt2 — PPMI,profession_embedding_4,-0.196962807329951,0.0047258729589478,-41.677550167113246,0.0,-0.2062260360542515,-0.1876995786056505
gpt2 — PPMI,profession_embedding_5,-0.145795779451675,0.0049993112417868,-29.163173165343007,2.650237098311112e-182,-0.1555949771658151,-0.1359965817375348
gpt2 — PPMI,profession_embedding_6,0.0702387037348933,0.0048753464389799,14.40691540878242,9.072227119988585e-47,0.0606824906147398,0.0797949168550468
gpt2 — PPMI,profession_embedding_7,0.1218259592911592,0.0050142191955492,24.29609766547382,4.055550707472807e-128,0.1119975403544613,0.1316543782278571
gpt2 — PPMI,profession_embedding_8,-0.053408604976868,0.0047897675212823,-11.150563099264824,9.042994233488631e-29,-0.0627970740430662,-0.0440201359106697
gpt2 — PPMI,profession_embedding_9,0.1575572280955898,0.0050871903307779,30.97136490890766,1.0690649643638199e-204,0.1475857777397728,0.1675286784514068
gpt2 — PPMI,profession_embedding_10,-0.070899108350203,0.0059825284923738,-11.851027277275938,2.8841117686326225e-32,-0.0826255195880629,-0.0591726971123431
gpt2 — Raw counts,Intercept,1.333181147658835,0.0239158037356766,55.744777068480815,0.0,1.2863035523333828,1.3800587429842874
gpt2 — Raw counts,C(tense)[T.past perfect],0.0602535193512862,0.0239658728631084,2.5141383205798675,0.0119419167618502,0.0132777830509375,0.1072292556516348
gpt2 — Raw counts,C(tense)[T.present continuous],0.1391034037334222,0.0239658728631088,5.804228559834643,6.58641993011699e-09,0.0921276674330729,0.1860791400337715
gpt2 — Raw counts,C(tense)[T.present perfect],-0.1073701445335001,0.0239658728631088,-4.480126601137791,7.510621013742899e-06,-0.1543458808338494,-0.0603944082331508
gpt2 — Raw counts,C(tense)[T.simple future],0.2449751705423576,0.0239658728631083,10.221833852730557,1.8764128758247374e-24,0.1979994342420092,0.2919509068427059
gpt2 — Raw counts,C(tense)[T.simple past],0.027651988854466,0.0239658728631082,1.1538068741502814,0.2485962746035847,-0.0193237474458822,0.0746277251548142
gpt2 — Raw counts,C(semantic_role)[T.patient],-0.1032670068018843,0.0138367031488798,-7.463266768879412,8.865748640585736e-14,-0.1303884608002712,-0.0761455528034974
gpt2 — Raw counts,C(syntactic_role)[T.subject],-0.0242303707959681,0.0138367031488799,-1.75116648346463,0.0799360475743212,-0.0513518247943551,0.0028910832024189
gpt2 — Raw counts,"C(valence, Treatment(reference='-val'))[T.+val]",-0.0979271514182413,0.0138367031488799,-7.077347137144312,1.5292572065142138e-12,-0.1250486054166284,-0.0708056974198543
gpt2 — Raw counts,"C(dominance, Treatment(reference='-dom'))[T.+dom]",0.0549771521514002,0.0138367031488799,3.97328406628789,7.11935126335129e-05,0.0278556981530132,0.0820986061497873
gpt2 — Raw counts,log_frequency,0.0932076000598691,0.0123287231210572,7.560198987733933,4.2382073573127785e-14,0.0690419521169433,0.1173732480027948
gpt2 — Raw counts,lex_emb_norm,0.1885583383814086,0.007869848011022,23.959590848174585,1.0432350618183562e-124,0.1731325741289964,0.2039841026338208
gpt2 — Raw counts,profession_embedding_1,-7.189798615470786e-06,2.6817142986540467e-06,-2.681045709857813,0.0073466360283724,-1.2446252425687124e-05,-1.93334480525445e-06
gpt2 — Raw counts,profession_embedding_2,-0.001068325133415,1.022330081294424e-05,-104.49904125508591,0.0,-0.0010883639229826,-0.0010482863438474
gpt2 — Raw counts,profession_embedding_3,-0.0001749630720563,4.908768192920504e-05,-3.564296890381892,0.0003658758427703,-0.000271180306249,-7.874583786364e-05
gpt2 — Raw counts,profession_embedding_4,0.0033670346026832,0.0001360558306642,24.747448060446608,9.218957958621835e-133,0.0031003502695102,0.0036337189358561
gpt2 — Raw counts,profession_embedding_5,0.0034660907629765,0.0002099212780381,16.511383673773164,9.460574723497327e-61,0.0030546220609067,0.0038775594650462
gpt2 — Raw counts,profession_embedding_6,0.0043117900024771,0.0002434955065564,17.707883251955767,1.6315505221610236e-69,0.0038345121344166,0.0047890678705377
gpt2 — Raw counts,profession_embedding_7,0.0050726507876149,0.0003614802652396,14.032995091036629,1.77738299010041e-44,0.0043641098671705,0.0057811917080592
gpt2 — Raw counts,profession_embedding_8,-0.0165299829107936,0.0004073321539098,-40.581090277624526,0.0,-0.017328398556158,-0.0157315672654292
gpt2 — Raw counts,profession_embedding_9,-0.0316072531497061,0.0005416087900423,-58.35808748088143,0.0,-0.0326688657120486,-0.0305456405873635
gpt2 — Raw counts,profession_embedding_10,-0.0019052281265566,0.0006241070195136,-3.0527266430063102,0.0022713770507614,-0.0031285462564378,-0.0006819099966753
gpt2 — TF-IDF,Intercept,1.3167318784288982,0.0192512172668133,68.39733094170514,0.0,1.2789973837651214,1.354466373092675
gpt2 — TF-IDF,C(tense)[T.past perfect],0.0602535193512839,0.02108258125908,2.8579763839559957,0.004268922843548,0.0189293506510113,0.1015776880515565
gpt2 — TF-IDF,C(tense)[T.present continuous],0.1391034037334212,0.0210825812590799,6.598025261897747,4.2950511066994206e-11,0.0977792350331488,0.1804275724336936
gpt2 — TF-IDF,C(tense)[T.present perfect],-0.1073701445334979,0.0210825812590798,-5.092836745844672,3.566794809219873e-07,-0.1486943132337701,-0.0660459758332257
gpt2 — TF-IDF,C(tense)[T.simple future],0.2449751705423596,0.0210825812590799,11.619790173314415,4.335336743893031e-31,0.2036510018420872,0.2862993392426319
gpt2 — TF-IDF,C(tense)[T.simple past],0.0276519888544733,0.0210825812590799,1.3116035704861384,0.1896724022114271,-0.0136721798457989,0.0689761575547457
gpt2 — TF-IDF,C(semantic_role)[T.patient],-0.1032670068018875,0.0121720339651419,-8.483956510277714,2.36126876807381e-17,-0.1271255267250272,-0.0794084868787477
gpt2 — TF-IDF,C(syntactic_role)[T.subject],-0.0242303707959666,0.0121720339651419,-1.990659150751403,0.0465350431995464,-0.0480888907191064,-0.0003718508728269
gpt2 — TF-IDF,"C(valence, Treatment(reference='-val'))[T.+val]",-0.0979271514182394,0.0121720339651419,-8.045257817935886,9.194125206443937e-16,-0.1217856713413791,-0.0740686314950996
gpt2 — TF-IDF,"C(dominance, Treatment(reference='-dom'))[T.+dom]",0.0549771521514001,0.0121720339651419,4.516677517401176,6.3258255818863565e-06,0.0311186322282603,0.0788356720745399
gpt2 — TF-IDF,log_frequency,-0.1586675203692017,0.0081145469582499,-19.55346628537116,3.546287589520751e-84,-0.1745729212927525,-0.142762119445651
gpt2 — TF-IDF,lex_emb_norm,-0.2106310939432608,0.007523309789212,-27.9971315610707,1.6673281788501275e-168,-0.2253776052500731,-0.1958845826364486
gpt2 — TF-IDF,profession_embedding_2,-3.6874854731931976,0.0262116762924238,-140.6810244432563,0.0,-3.738863230011213,-3.6361077163751823
gpt2 — TF-IDF,profession_embedding_3,-2.101697309111737,0.0917966296465505,-22.89514677395036,3.268570160483858e-114,-2.281628758824362,-1.9217658593991116
gpt2 — TF-IDF,profession_embedding_4,-9.067709359181876,0.1354481505416588,-66.94598134356205,0.0,-9.333202571532842,-8.80221614683091
gpt2 — TF-IDF,profession_embedding_5,-1.657868605658848,0.1643658939811295,-10.086451425556596,7.451417455225009e-24,-1.980043762864608,-1.335693448453088
gpt2 — TF-IDF,profession_embedding_6,-0.785108913469333,0.1821007422416397,-4.311398755462115,1.631776555562207e-05,-1.1420463159801082,-0.4281715109585577
gpt2 — TF-IDF,profession_embedding_7,-7.650143495400276,0.2050709617411465,-37.304859890679055,2.316626194798633e-292,-8.052105044338619,-7.248181946461933
gpt2 — TF-IDF,profession_embedding_8,-3.942323548835342,0.2204762996380604,-17.880940288399078,7.880317441970339e-71,-4.3744812475863455,-3.5101658500843387
gpt2 — TF-IDF,profession_embedding_9,-13.334050103161765,0.2670692269382385,-49.92731755742622,0.0,-13.857535043313192,-12.810565163010336
gpt2 — TF-IDF,profession_embedding_10,13.727771157587318,0.2649275668734522,51.81707332157191,0.0,13.20848410576504,14.247058209409596
meta-llama_Llama-3.1-70B — log(1 + x) counts,Intercept,3.86707189746347,0.073402750746686,52.68292888380698,0.0,3.723194465300665,4.010949329626275
meta-llama_Llama-3.1-70B — log(1 + x) counts,C(tense)[T.past perfect],0.1799127915326351,0.0282276351416581,6.373640251114087,1.8955080619622629e-10,0.1245835345375395,0.2352420485277308
meta-llama_Llama-3.1-70B — log(1 + x) counts,C(tense)[T.present continuous],0.0673774270450585,0.028227635141658,2.386931342527649,0.0170009965278167,0.0120481700499631,0.1227066840401539
meta-llama_Llama-3.1-70B — log(1 + x) counts,C(tense)[T.present perfect],0.1994785982019919,0.0282276351416579,7.066783922950893,1.6498584322028102e-12,0.1441493412068968,0.2548078551970871
meta-llama_Llama-3.1-70B — log(1 + x) counts,C(tense)[T.simple future],0.6293799007640327,0.028227635141658,22.296586221464963,1.6628713048690242e-108,0.5740506437689373,0.6847091577591281
meta-llama_Llama-3.1-70B — log(1 + x) counts,C(tense)[T.simple past],0.2039682724896873,0.028227635141658,7.225836364473662,5.200714969190718e-13,0.1486390154945919,0.2592975294847827
meta-llama_Llama-3.1-70B — log(1 + x) counts,C(semantic_role)[T.patient],-0.0226965511546394,0.0162972327476227,-1.39266288370031,0.1637407539771469,-0.0546409125748197,0.0092478102655407
meta-llama_Llama-3.1-70B — log(1 + x) counts,C(syntactic_role)[T.subject],0.0873145309149068,0.0162972327476227,5.357629253202083,8.546630457144462e-08,0.0553701694947265,0.119258892335087
meta-llama_Llama-3.1-70B — log(1 + x) counts,"C(valence, Treatment(reference='-val'))[T.+val]",-0.0201517441693487,0.0162972327476228,-1.236513246231216,0.2162856623928978,-0.052096105589529,0.0117926172508315
meta-llama_Llama-3.1-70B — log(1 + x) counts,"C(dominance, Treatment(reference='-dom'))[T.+dom]",0.0740457272997086,0.0162972327476228,4.543453998993129,5.5737125704550136e-06,0.0421013658795283,0.1059900887198888
meta-llama_Llama-3.1-70B — log(1 + x) counts,log_frequency,1.039403672929683,0.0287724825130568,36.12492152729627,5.681751731074156e-275,0.9830064554028624,1.0958008904565033
meta-llama_Llama-3.1-70B — log(1 + x) counts,lex_emb_norm,0.002064774047214,0.0089113109741244,0.2317026140384332,0.8167719096310491,-0.0154023716267392,0.0195319197211673
meta-llama_Llama-3.1-70B — log(1 + x) counts,profession_embedding_1,-0.17113298260098,0.0043053213096364,-39.749177887824125,0.0,-0.1795718839822646,-0.1626940812196953
meta-llama_Llama-3.1-70B — log(1 + x) counts,profession_embedding_2,-0.2018731505400479,0.0059966989983894,-33.66404593498264,3.028067391549064e-240,-0.213627337468533,-0.1901189636115628
meta-llama_Llama-3.1-70B — log(1 + x) counts,profession_embedding_3,0.0371472049974925,0.0038152128954949,9.736600817573276,2.4215581210330893e-22,0.0296689697954824,0.0446254401995026
meta-llama_Llama-3.1-70B — log(1 + x) counts,profession_embedding_4,-0.3507117060569932,0.0044531534662411,-78.75580949897672,0.0,-0.3594403746590836,-0.3419830374549027
meta-llama_Llama-3.1-70B — log(1 + x) counts,profession_embedding_5,-0.0972524507309263,0.00431670853864,-22.52930672997575,1.0446546838783743e-110,-0.1057136723284401,-0.0887912291334125
meta-llama_Llama-3.1-70B — log(1 + x) counts,profession_embedding_6,-0.3094419329096743,0.0045648034225891,-67.78866563637472,0.0,-0.3183894476565895,-0.3004944181627592
meta-llama_Llama-3.1-70B — log(1 + x) counts,profession_embedding_7,0.0343353950412005,0.0048418991201874,7.091307395902773,1.3830502368636826e-12,0.0248447423733184,0.0438260477090826
meta-llama_Llama-3.1-70B — log(1 + x) counts,profession_embedding_8,-0.0099892664691961,0.0050002534496258,-1.9977520279384249,0.0457601397129899,-0.0197903109692601,-0.0001882219691321
meta-llama_Llama-3.1-70B — log(1 + x) counts,profession_embedding_10,0.1755437009173147,0.0055907267702832,31.399084256879256,3.6007540134219844e-210,0.1645852640270115,0.1865021378076178
meta-llama_Llama-3.1-70B — PPMI,Intercept,0.6505459347389592,0.0371214400195153,17.52480330496223,3.9036977430740305e-68,0.5777838459362505,0.7233080235416678
meta-llama_Llama-3.1-70B — PPMI,C(tense)[T.past perfect],0.1799127915326329,0.0328582562358492,5.475421161770096,4.429252632758735e-08,0.1155070099444695,0.2443185731207964
meta-llama_Llama-3.1-70B — PPMI,C(tense)[T.present continuous],0.0673774270450613,0.032858256235849,2.0505478611354646,0.0403269554816067,0.0029716454568981,0.1317832086332244
meta-llama_Llama-3.1-70B — PPMI,C(tense)[T.present perfect],0.199478598201993,0.0328582562358489,6.070882056862112,1.300288179578167e-09,0.13507281661383,0.263884379790156
meta-llama_Llama-3.1-70B — PPMI,C(tense)[T.simple future],0.629379900764032,0.032858256235849,19.15439140307652,6.878018894560839e-81,0.5649741191758689,0.6937856823521952
meta-llama_Llama-3.1-70B — PPMI,C(tense)[T.simple past],0.2039682724896873,0.032858256235849,6.207519687765837,5.512971300455974e-10,0.1395624909015242,0.2683740540778505
meta-llama_Llama-3.1-70B — PPMI,C(semantic_role)[T.patient],-0.0226965511546356,0.0189707230828691,-1.196398843391007,0.2315583553532852,-0.0598812464919298,0.0144881441826584
meta-llama_Llama-3.1-70B — PPMI,C(syntactic_role)[T.subject],0.0873145309149025,0.0189707230828691,4.60259371946392,4.204094818489703e-06,0.0501298355776084,0.1244992262521967
meta-llama_Llama-3.1-70B — PPMI,"C(valence, Treatment(reference='-val'))[T.+val]",-0.0201517441693487,0.0189707230828691,-1.062254932577984,0.2881357064432649,-0.0573364395066429,0.0170329511679454
meta-llama_Llama-3.1-70B — PPMI,"C(dominance, Treatment(reference='-dom'))[T.+dom]",0.0740457272997092,0.018970723082869,3.903157880501345,9.532769146915889e-05,0.0368610319624151,0.1112304226370033
meta-llama_Llama-3.1-70B — PPMI,log_frequency,-0.403429321940039,0.013239458764845,-30.471738241390323,2.1703688665512398e-198,-0.4293801113986649,-0.377478532481413
meta-llama_Llama-3.1-70B — PPMI,profession_embedding_1,0.1528936873790702,0.0061004646494172,25.0626298430687,4.733629858212406e-136,0.1409361084078524,0.1648512663502881
meta-llama_Llama-3.1-70B — PPMI,profession_embedding_2,-0.0396977743896438,0.0052527246069715,-7.557558669067909,4.3247838217642e-14,-0.049993690014353,-0.0294018587649346
meta-llama_Llama-3.1-70B — PPMI,profession_embedding_3,-0.1907968181902485,0.0057199327177562,-33.35647945612439,4.7042116601183765e-236,-0.2020085128911032,-0.1795851234893938
meta-llama_Llama-3.1-70B — PPMI,profession_embedding_4,-0.1933616332704694,0.0049591733936025,-38.99069823207004,0.0,-0.2030821563607278,-0.183641110180211
meta-llama_Llama-3.1-70B — PPMI,profession_embedding_5,-0.2305203091506478,0.005151415748939,-44.74892347761408,0.0,-0.2406176483160174,-0.2204229699852781
meta-llama_Llama-3.1-70B — PPMI,profession_embedding_6,0.1385190011158368,0.0054501042181214,25.41584446316926,8.776454970908947e-140,0.1278361998318755,0.149201802399798
meta-llama_Llama-3.1-70B — PPMI,profession_embedding_7,0.1702265361042588,0.0055453338005135,30.69725687000014,3.1666861503030693e-201,0.1593570744071503,0.1810959978013672
meta-llama_Llama-3.1-70B — PPMI,profession_embedding_8,-0.0669888598526873,0.005474191037398,-12.237216311056672,2.780819956123524e-34,-0.0777188739409541,-0.0562588457644206
meta-llama_Llama-3.1-70B — PPMI,profession_embedding_9,0.146450840701597,0.0056908822264067,25.73429476752097,3.447825118197947e-143,0.1352960881460422,0.1576055932571519
meta-llama_Llama-3.1-70B — PPMI,profession_embedding_10,-0.1098025285792248,0.0058082217549447,-18.90467224081896,7.276699985304827e-79,-0.1211872794643451,-0.0984177776941046
meta-llama_Llama-3.1-70B — Raw counts,Intercept,1.3135563876387162,0.0257711511257544,50.97003161515785,0.0,1.263042108633623,1.3640706666438094
meta-llama_Llama-3.1-70B — Raw counts,C(tense)[T.past perfect],0.1799127915326304,0.0273150790796033,6.586574068056584,4.6385924711231895e-11,0.1263722446265062,0.2334533384387545
meta-llama_Llama-3.1-70B — Raw counts,C(tense)[T.present continuous],0.0673774270450584,0.0273150790796032,2.4666751594861926,0.013647609184719,0.0138368801389344,0.1209179739511824
meta-llama_Llama-3.1-70B — Raw counts,C(tense)[T.present perfect],0.1994785982019863,0.0273150790796028,7.302874636410788,2.946928933698999e-13,0.1459380512958633,0.2530191451081093
meta-llama_Llama-3.1-70B — Raw counts,C(tense)[T.simple future],0.6293799007640326,0.0273150790796033,23.04148192029223,1.2521227523822677e-115,0.5758393538579085,0.6829204476701567
meta-llama_Llama-3.1-70B — Raw counts,C(tense)[T.simple past],0.2039682724896877,0.0273150790796033,7.467240782839043,8.602995797671336e-14,0.1504277255835636,0.2575088193958119
meta-llama_Llama-3.1-70B — Raw counts,C(semantic_role)[T.patient],-0.0226965511546376,0.0157703682595449,-1.4391896740204937,0.1501159924719859,-0.0536082003234481,0.0082150980141729
meta-llama_Llama-3.1-70B — Raw counts,C(syntactic_role)[T.subject],0.0873145309149056,0.015770368259545,5.5366196576962246,3.1312618153347025e-08,0.0564028817460948,0.1182261800837164
meta-llama_Llama-3.1-70B — Raw counts,"C(valence, Treatment(reference='-val'))[T.+val]",-0.0201517441693473,0.015770368259545,-1.277823310001055,0.201329931037151,-0.0510633933381581,0.0107599049994633
meta-llama_Llama-3.1-70B — Raw counts,"C(dominance, Treatment(reference='-dom'))[T.+dom]",0.0740457272997074,0.0157703682595449,4.695244022275228,2.684575075660957e-06,0.0431340781308968,0.104957376468518
meta-llama_Llama-3.1-70B — Raw counts,lex_emb_norm,-0.0866639451896991,0.0085222072927611,-10.169190001199835,3.214612565101118e-24,-0.1033684049487963,-0.0699594854306019
meta-llama_Llama-3.1-70B — Raw counts,profession_embedding_1,-2.552611817668924e-05,1.803732579588156e-06,-14.15183074561839,3.3699028682838334e-45,-2.906163160142087e-05,-2.1990604751957605e-05
meta-llama_Llama-3.1-70B — Raw counts,profession_embedding_2,-0.0010003268222607,1.1566505848877596e-05,-86.48478938501783,0.0,-0.0010229984406418,-0.0009776552038796
meta-llama_Llama-3.1-70B — Raw counts,profession_embedding_3,0.0003977993877845,5.036025350534677e-05,7.899074371067565,2.9879194500635853e-15,0.0002990877747905,0.0004965110007785
meta-llama_Llama-3.1-70B — Raw counts,profession_embedding_4,0.0040555225621916,0.0001512156235637,26.81946790028983,4.363025980926149e-155,0.0037591233768639,0.0043519217475193
meta-llama_Llama-3.1-70B — Raw counts,profession_embedding_5,0.0017038558747321,0.0002019112899936,8.438635971203464,3.47703652822414e-17,0.0013080876303396,0.0020996241191247
meta-llama_Llama-3.1-70B — Raw counts,profession_embedding_6,0.0037595176179643,0.0002796919231504,13.441638126754668,5.697748712839447e-41,0.0032112908130167,0.0043077444229118
meta-llama_Llama-3.1-70B — Raw counts,profession_embedding_7,0.0021770702834425,0.0004036699881462,5.39319331972127,7.018102069572216e-08,0.0013858328913794,0.0029683076755055
meta-llama_Llama-3.1-70B — Raw counts,profession_embedding_8,-0.0148643216351813,0.0004631084069536,-32.09685121667494,3.0661642803914916e-219,-0.0157720648385915,-0.0139565784317712
meta-llama_Llama-3.1-70B — Raw counts,profession_embedding_9,-0.0531030508140914,0.0005998457107592,-88.5278495146239,0.0,-0.0542788141102456,-0.0519272875179373
meta-llama_Llama-3.1-70B — TF-IDF,Intercept,1.2296918566126411,0.019505015657029,63.04490487140391,0.0,1.1914598894765966,1.2679238237486856
meta-llama_Llama-3.1-70B — TF-IDF,C(tense)[T.past perfect],0.1799127915326326,0.0213622777532335,8.42198540862057,4.0062469706254604e-17,0.1380403872560252,0.2217851958092399
meta-llama_Llama-3.1-70B — TF-IDF,C(tense)[T.present continuous],0.0673774270450607,0.0213622777532334,3.1540375901564373,0.0016132072150597,0.0255050227684536,0.1092498313216678
meta-llama_Llama-3.1-70B — TF-IDF,C(tense)[T.present perfect],0.1994785982019947,0.0213622777532333,9.337889924767143,1.1067543560146196e-20,0.1576061939253878,0.2413510024786016
meta-llama_Llama-3.1-70B — TF-IDF,C(tense)[T.simple future],0.6293799007640328,0.0213622777532333,29.46220941578994,6.343481890196393e-186,0.5875074964874257,0.6712523050406399
meta-llama_Llama-3.1-70B — TF-IDF,C(tense)[T.simple past],0.2039682724896887,0.0213622777532334,9.548058256981328,1.5046176563572028e-21,0.1620958682130816,0.2458406767662958
meta-llama_Llama-3.1-70B — TF-IDF,C(semantic_role)[T.patient],-0.0226965511546348,0.0123335168113328,-1.840233528021768,0.0657521282659141,-0.0468715950353507,0.001478492726081
meta-llama_Llama-3.1-70B — TF-IDF,C(syntactic_role)[T.subject],0.0873145309149082,0.0123335168113328,7.079451242542417,1.5062809519064325e-12,0.0631394870341922,0.1114895747956241
meta-llama_Llama-3.1-70B — TF-IDF,"C(valence, Treatment(reference='-val'))[T.+val]",-0.0201517441693503,0.0123335168113328,-1.6339008960391177,0.1022989739128999,-0.0443267880500662,0.0040232997113656
meta-llama_Llama-3.1-70B — TF-IDF,"C(dominance, Treatment(reference='-dom'))[T.+dom]",0.0740457272997072,0.0123335168113328,6.003618305499776,1.9706082451268763e-09,0.0498706834189912,0.0982207711804232
meta-llama_Llama-3.1-70B — TF-IDF,log_frequency,-0.2025777557808011,0.0072873533227338,-27.798536287356026,3.320694101123785e-166,-0.2168617665010438,-0.1882937450605585
meta-llama_Llama-3.1-70B — TF-IDF,lex_emb_norm,-0.1840225618102855,0.0066679696745439,-27.59799021174657,6.73272526116248e-164,-0.1970925127369557,-0.1709526108836154
meta-llama_Llama-3.1-70B — TF-IDF,profession_embedding_2,-4.656674995148906,0.024535032914728,-189.79697363085944,0.0,-4.70476634706431,-4.608583643233502
meta-llama_Llama-3.1-70B — TF-IDF,profession_embedding_3,-1.8189919733859237,0.091841091154236,-19.805861957053036,2.7365452190255186e-86,-1.999010571703831,-1.638973375068016
meta-llama_Llama-3.1-70B — TF-IDF,profession_embedding_4,-3.743106019014133,0.1307984968527515,-28.617347363158093,8.816747128149284e-176,-3.999485399633409,-3.486726638394856
meta-llama_Llama-3.1-70B — TF-IDF,profession_embedding_6,-0.4202325756959161,0.1812156768178341,-2.318963696051265,0.0204093062770288,-0.7754351514056533,-0.0650299999861788
meta-llama_Llama-3.1-70B — TF-IDF,profession_embedding_7,0.7943238894634708,0.1904446348537007,4.170891398823964,3.0498046645425e-05,0.4210315451254253,1.167616233801516
meta-llama_Llama-3.1-70B — TF-IDF,profession_embedding_8,-5.185232345918511,0.2385132449053025,-21.739808822680757,2.5217299879664057e-103,-5.652744431070038,-4.717720260766984
meta-llama_Llama-3.1-70B — TF-IDF,profession_embedding_9,-10.857969542574931,0.2613729966808215,-41.54204787969839,0.0,-11.370289245109982,-10.345649840039885
meta-llama_Llama-3.1-70B — TF-IDF,profession_embedding_10,7.809469678974219,0.2684151580020798,29.094741657301288,1.7642502994606025e-181,7.283346568898502,8.335592789049937
meta-llama_Llama-3.1-8B — log(1 + x) counts,Intercept,5.035501273397752,0.0758685445305444,66.3713967963426,0.0,4.886790615310092,5.184211931485413
meta-llama_Llama-3.1-8B — log(1 + x) counts,C(tense)[T.past perfect],0.1208454805261971,0.0295604769773032,4.088076136896681,4.370509564498967e-05,0.0629037075308012,0.178787253521593
meta-llama_Llama-3.1-8B — log(1 + x) counts,C(tense)[T.present continuous],-0.0500480203067328,0.029560476977303,-1.693072149856051,0.0904608446144097,-0.1079897933021283,0.0078937526886627
meta-llama_Llama-3.1-8B — log(1 + x) counts,C(tense)[T.present perfect],0.051918747845837,0.0295604769773029,1.7563569047177807,0.0790462644327362,-0.0060230251495583,0.1098605208412324
meta-llama_Llama-3.1-8B — log(1 + x) counts,C(tense)[T.simple future],0.4196529612821832,0.029560476977303,14.19642049769354,1.7995188151033178e-45,0.3617111882867876,0.4775947342775787
meta-llama_Llama-3.1-8B — log(1 + x) counts,C(tense)[T.simple past],0.0699850643382699,0.029560476977303,2.3675214845824537,0.0179192893654882,0.0120432913428744,0.1279268373336654
meta-llama_Llama-3.1-8B — log(1 + x) counts,C(syntactic_role)[T.subject],-0.3043406168619751,0.0170667493402196,-17.832371636510935,1.849779851999381e-70,-0.337793315098191,-0.2708879186257592
meta-llama_Llama-3.1-8B — log(1 + x) counts,"C(valence, Treatment(reference='-val'))[T.+val]",-0.0255952722886019,0.0170667493402196,-1.4997157208071146,0.1337074250560809,-0.0590479705248178,0.0078574259476139
meta-llama_Llama-3.1-8B — log(1 + x) counts,"C(dominance, Treatment(reference='-dom'))[T.+dom]",0.0332095875459572,0.0170667493402196,1.9458648442029411,0.0516881419517891,-0.0002431106902586,0.0666622857821731
meta-llama_Llama-3.1-8B — log(1 + x) counts,log_frequency,1.2005630902322284,0.0300878703382814,39.90189656942001,0.0,1.1415875684774826,1.2595386119869745
meta-llama_Llama-3.1-8B — log(1 + x) counts,lex_emb_norm,0.017262233809445,0.0109706264601896,1.5734957226085955,0.1156234874633304,-0.0042413957991588,0.0387658634180489
meta-llama_Llama-3.1-8B — log(1 + x) counts,profession_embedding_1,-0.2139937227798562,0.0044801284984218,-47.76508594680626,0.0,-0.2227752653999254,-0.205212180159787
meta-llama_Llama-3.1-8B — log(1 + x) counts,profession_embedding_2,-0.2551573448454677,0.0061990293917834,-41.16085417882816,0.0,-0.2673081215087227,-0.2430065681822127
meta-llama_Llama-3.1-8B — log(1 + x) counts,profession_embedding_3,0.054869652972774,0.0039963701166561,13.729872702252434,1.1617175689830138e-42,0.0470363297729264,0.0627029761726217
meta-llama_Llama-3.1-8B — log(1 + x) counts,profession_embedding_4,-0.3707323174933303,0.0046560948707206,-79.62301623719942,0.0,-0.3798587734788499,-0.3616058615078107
meta-llama_Llama-3.1-8B — log(1 + x) counts,profession_embedding_5,-0.0802390748245076,0.004515791747637,-17.768550745612536,5.6572550398290296e-70,-0.0890905213196697,-0.0713876283293456
meta-llama_Llama-3.1-8B — log(1 + x) counts,profession_embedding_6,-0.3290102138258282,0.0047835271944907,-68.77983555832094,0.0,-0.3383864511251551,-0.3196339765265013
meta-llama_Llama-3.1-8B — log(1 + x) counts,profession_embedding_7,0.034934977993989,0.005077027546131,6.880990437133157,6.1601609880077056e-12,0.024983447854771,0.0448865081332071
meta-llama_Llama-3.1-8B — log(1 + x) counts,profession_embedding_8,-0.0274648540753731,0.0052214222535626,-5.260033136878271,1.4585054207869352e-07,-0.0376994136584721,-0.0172302944922741
meta-llama_Llama-3.1-8B — log(1 + x) counts,profession_embedding_9,0.0249693901330017,0.0065266771124681,3.825743131263836,0.000130864468821,0.0121763880459504,0.0377623922200531
meta-llama_Llama-3.1-8B — log(1 + x) counts,profession_embedding_10,0.1799605537952498,0.0058552461037723,30.73492567277537,1.0595049303141685e-201,0.1684836300352766,0.191437477555223
meta-llama_Llama-3.1-8B — PPMI,Intercept,1.0826671951421656,0.0380429887681702,28.45904673104994,6.549472880439873e-174,1.0080987701833553,1.157235620100976
meta-llama_Llama-3.1-8B — PPMI,C(tense)[T.past perfect],0.1208454805261975,0.034830225194416,3.469557829490329,0.0005226633734367,0.0525744240764654,0.1891165369759297
meta-llama_Llama-3.1-8B — PPMI,C(tense)[T.present continuous],-0.0500480203067319,0.0348302251944158,-1.4369134861280148,0.1507617711669969,-0.1183190767564636,0.0182230361429998
meta-llama_Llama-3.1-8B — PPMI,C(tense)[T.present perfect],0.0519187478458371,0.0348302251944157,1.4906233754170852,0.1360797537482172,-0.0163523086038943,0.1201898042955685
meta-llama_Llama-3.1-8B — PPMI,C(tense)[T.simple future],0.4196529612821828,0.0348302251944158,12.048528510503678,2.734656626876043e-33,0.3513819048324511,0.4879240177319145
meta-llama_Llama-3.1-8B — PPMI,C(tense)[T.simple past],0.0699850643382679,0.0348302251944158,2.0093198923528126,0.0445196730075376,0.0017140078885361,0.1382561207879997
meta-llama_Llama-3.1-8B — PPMI,C(syntactic_role)[T.subject],-0.3043406168619756,0.0201092398919312,-15.13436701225545,2.1476752077146703e-51,-0.3437569296810883,-0.2649243040428629
meta-llama_Llama-3.1-8B — PPMI,"C(valence, Treatment(reference='-val'))[T.+val]",-0.0255952722886042,0.0201092398919312,-1.2728115247595315,0.2031030844958335,-0.065011585107717,0.0138210405305085
meta-llama_Llama-3.1-8B — PPMI,"C(dominance, Treatment(reference='-dom'))[T.+dom]",0.0332095875459559,0.0201092398919312,1.6514591165268802,0.0986641252900181,-0.0062067252731568,0.0726259003650686
meta-llama_Llama-3.1-8B — PPMI,log_frequency,-0.5504797435380818,0.0140340171103976,-39.22467381988844,0.0,-0.5779879542663338,-0.5229715328098299
meta-llama_Llama-3.1-8B — PPMI,profession_embedding_1,0.1710711203143867,0.0064665804540764,26.45464964509118,4.8950186760609134e-151,0.1583959143186539,0.1837463263101195
meta-llama_Llama-3.1-8B — PPMI,profession_embedding_2,-0.0405207930778446,0.0055679637906487,-7.277488611886813,3.555805421352932e-13,-0.051434611984832,-0.0296069741708572
meta-llama_Llama-3.1-8B — PPMI,profession_embedding_3,-0.1968770903386572,0.0060632111219278,-32.47076283170183,3.5847432169424487e-224,-0.2087616482610144,-0.1849925324163
meta-llama_Llama-3.1-8B — PPMI,profession_embedding_4,-0.2168672126261987,0.0052567952735386,-41.25464305559915,0.0,-0.2271711071563432,-0.2065633180960542
meta-llama_Llama-3.1-8B — PPMI,profession_embedding_5,-0.2286059483083713,0.0054605749409747,-41.86481291429028,0.0,-0.2393092733073452,-0.2179026233093975
meta-llama_Llama-3.1-8B — PPMI,profession_embedding_6,0.1710359004215702,0.0057771890232902,29.60538416383016,1.1407788396878668e-187,0.1597119771414804,0.1823598237016601
meta-llama_Llama-3.1-8B — PPMI,profession_embedding_7,0.1981339485085264,0.0058781337531651,33.7069479580724,7.823216476398867e-241,0.1866121625010747,0.2096557345159781
meta-llama_Llama-3.1-8B — PPMI,profession_embedding_8,-0.0701346486312777,0.0058027213988855,-12.086509727099289,1.73091069022076e-33,-0.0815086181641792,-0.0587606790983762
meta-llama_Llama-3.1-8B — PPMI,profession_embedding_9,0.1194026728494937,0.0060324171823941,19.7935038707162,3.477251286383148e-86,0.1075784744215837,0.1312268712774037
meta-llama_Llama-3.1-8B — PPMI,profession_embedding_10,-0.081154348878263,0.0061567987738532,-13.181257315556596,1.7910562538916093e-39,-0.093222348849356,-0.0690863489071699
meta-llama_Llama-3.1-8B — Raw counts,Intercept,1.88590627894118,0.0272213932917613,69.28029945888011,0.0,1.8325493661978345,1.9392631916845249
meta-llama_Llama-3.1-8B — Raw counts,C(tense)[T.past perfect],0.1208454805261991,0.0286849943326716,4.212846588871674,2.535280420017048e-05,0.064619749416582,0.1770712116358163
meta-llama_Llama-3.1-8B — Raw counts,C(tense)[T.present continuous],-0.0500480203067279,0.0286849943326708,-1.7447456926887257,0.0810479931936656,-0.1062737514163434,0.0061777108028875
meta-llama_Llama-3.1-8B — Raw counts,C(tense)[T.present perfect],0.0519187478458362,0.0286849943326713,1.8099619349306395,0.0703201005671406,-0.0043069832637802,0.1081444789554526
meta-llama_Llama-3.1-8B — Raw counts,C(tense)[T.simple future],0.419652961282187,0.0286849943326719,14.629703475458138,3.667633294373123e-48,0.3634272301725694,0.4758786923918046
meta-llama_Llama-3.1-8B — Raw counts,C(tense)[T.simple past],0.0699850643382711,0.0286849943326721,2.4397796118285577,0.0147068096585649,0.0137593332286531,0.1262107954478891
meta-llama_Llama-3.1-8B — Raw counts,C(syntactic_role)[T.subject],-0.3043406168619774,0.016561289199671,-18.376625949386995,1.1467745148580109e-74,-0.3368025578534987,-0.2718786758704561
meta-llama_Llama-3.1-8B — Raw counts,"C(valence, Treatment(reference='-val'))[T.+val]",-0.0255952722886046,0.016561289199671,-1.5454879134115391,0.1222477048063206,-0.0580572132801259,0.0068666687029166
meta-llama_Llama-3.1-8B — Raw counts,"C(dominance, Treatment(reference='-dom'))[T.+dom]",0.0332095875459549,0.016561289199671,2.005253766513217,0.0449524267511003,0.0007476465544337,0.0656715285374761
meta-llama_Llama-3.1-8B — Raw counts,log_frequency,-0.0302863922605216,0.0144662244452278,-2.093593416526359,0.0363116272917545,-0.0586417768353176,-0.0019310076857256
meta-llama_Llama-3.1-8B — Raw counts,lex_emb_norm,-0.1246590143878313,0.0095348268246724,-13.0740722070864,7.265877591776293e-39,-0.1433483194301609,-0.1059697093455018
meta-llama_Llama-3.1-8B — Raw counts,profession_embedding_1,-4.42895968854606e-05,3.0958257146007958e-06,-14.306230701740816,3.807176650604318e-46,-5.0357754409658745e-05,-3.822143936126246e-05
meta-llama_Llama-3.1-8B — Raw counts,profession_embedding_2,-0.0010141892829943,1.2253529216856132e-05,-82.76711672578344,0.0,-0.0010382075425379,-0.0009901710234506
meta-llama_Llama-3.1-8B — Raw counts,profession_embedding_3,0.0003552887110098,5.812968582140063e-05,6.11200122604245,1.0062871340730902e-09,0.0002413481591458,0.0004692292628738
meta-llama_Llama-3.1-8B — Raw counts,profession_embedding_4,0.0043354634032831,0.0001616029956332,26.82786532695888,3.5169744443917217e-155,0.0040187038294931,0.0046522229770731
meta-llama_Llama-3.1-8B — Raw counts,profession_embedding_5,0.0035249415822044,0.0002534143338219,13.909795586707435,9.82204800936279e-44,0.0030282217283481,0.0040216614360607
meta-llama_Llama-3.1-8B — Raw counts,profession_embedding_6,0.0049516943552461,0.0002941634652339,16.833138511296124,4.753936060065848e-63,0.0043751017400724,0.0055282869704198
meta-llama_Llama-3.1-8B — Raw counts,profession_embedding_7,0.0022319413635115,0.0004292188126285,5.200008242516172,2.0168938831794346e-07,0.0013906254731836,0.0030732572538394
meta-llama_Llama-3.1-8B — Raw counts,profession_embedding_8,-0.0168232430839948,0.0004874816737619,-34.51051391156332,5.94381097235669e-252,-0.0177787605643865,-0.015867725603603
meta-llama_Llama-3.1-8B — Raw counts,profession_embedding_9,-0.0569168217553569,0.00062923192092,-90.45444114171876,0.0,-0.0581501852478135,-0.0556834582629003
meta-llama_Llama-3.1-8B — Raw counts,profession_embedding_10,0.0027847912378199,0.0007875480170802,3.536027235703288,0.0004073199318772,0.0012411108545948,0.004328471621045
meta-llama_Llama-3.1-8B — TF-IDF,Intercept,1.3504095101713474,0.1779445304401969,7.5889351970005565,3.399328483219923e-14,1.0016187380720123,1.6992002822706822
meta-llama_Llama-3.1-8B — TF-IDF,C(tense)[T.past perfect],0.1208454805261984,0.0208008301760814,5.809646995010665,6.377184125282014e-09,0.0800735748122385,0.1616173862401583
meta-llama_Llama-3.1-8B — TF-IDF,C(tense)[T.present continuous],-0.0500480203067288,0.0208008301760812,-2.4060587910706905,0.0161367305149045,-0.0908199260206885,-0.0092761145927692
meta-llama_Llama-3.1-8B — TF-IDF,C(tense)[T.present perfect],0.0519187478458385,0.0208008301760812,2.4959940255432564,0.0125702742788621,0.011146842131879,0.092690653559798
meta-llama_Llama-3.1-8B — TF-IDF,C(tense)[T.simple future],0.4196529612821832,0.0208008301760812,20.174817914947404,2.0089886673373483e-89,0.3788810555682235,0.4604248669961429
meta-llama_Llama-3.1-8B — TF-IDF,C(tense)[T.simple past],0.0699850643382677,0.0208008301760812,3.364532268464121,0.0007685030048142,0.029213158624308,0.1107569700522273
meta-llama_Llama-3.1-8B — TF-IDF,C(syntactic_role)[T.subject],-0.304340616861976,0.0120093649015282,-25.34194100665952,5.3471700378068485e-139,-0.3278802876013046,-0.2808009461226473
meta-llama_Llama-3.1-8B — TF-IDF,"C(valence, Treatment(reference='-val'))[T.+val]",-0.0255952722886037,0.0120093649015282,-2.1312760914897915,0.0330813217814958,-0.0491349430279324,-0.0020556015492751
meta-llama_Llama-3.1-8B — TF-IDF,"C(dominance, Treatment(reference='-dom'))[T.+dom]",0.0332095875459577,0.0120093649015282,2.765307559414044,0.0056933112011679,0.009669916806629,0.0567492582852863
meta-llama_Llama-3.1-8B — TF-IDF,log_frequency,-0.3096753391821246,0.0079366917235485,-39.01818918622007,0.0,-0.3252321243630057,-0.2941185540012435
meta-llama_Llama-3.1-8B — TF-IDF,lex_emb_norm,-0.2537782700678324,0.0065013276468165,-39.034837783033154,0.0,-0.2665215844253702,-0.2410349557102945
meta-llama_Llama-3.1-8B — TF-IDF,profession_embedding_1,0.3941145303969916,0.1842801437366782,2.1386706261752773,0.0324771726648443,0.0329052622194917,0.7553237985744915
meta-llama_Llama-3.1-8B — TF-IDF,profession_embedding_2,-4.942722657188995,0.0450968044743776,-109.60250321056051,0.0,-5.031117333962255,-4.854327980415734
meta-llama_Llama-3.1-8B — TF-IDF,profession_embedding_3,-1.5769273275331288,0.1027564356672494,-15.346263397453823,8.776005068085572e-53,-1.7783411976076615,-1.375513457458596
meta-llama_Llama-3.1-8B — TF-IDF,profession_embedding_4,-3.873383344492384,0.1391269860951362,-27.84063288658988,1.0846313478767535e-166,-4.14608747751593,-3.600679211468837
meta-llama_Llama-3.1-8B — TF-IDF,profession_embedding_5,-1.3360415787778717,0.1781172720932763,-7.500909726925382,6.6636016641818e-14,-1.685170943439744,-0.9869122141159992
meta-llama_Llama-3.1-8B — TF-IDF,profession_embedding_6,-0.4950813784242186,0.1770978292074003,-2.7955248273790296,0.0051876129344904,-0.8422125233577504,-0.1479502334906867
meta-llama_Llama-3.1-8B — TF-IDF,profession_embedding_7,3.1835451073528858,0.1900988904354596,16.746784266127683,1.9870310615705068e-62,2.8109304582474204,3.556159756458351
meta-llama_Llama-3.1-8B — TF-IDF,profession_embedding_8,-6.1131758348858165,0.236864407173417,-25.80875661242821,5.43957976314855e-144,-6.577456019595584,-5.648895650176049
meta-llama_Llama-3.1-8B — TF-IDF,profession_embedding_9,-11.661718390012664,0.2775308613288889,-42.01953733784187,0.0,-12.205709279560285,-11.11772750046504
meta-llama_Llama-3.1-8B — TF-IDF,profession_embedding_10,10.218869395688976,0.2620302301687652,38.99881852985944,0.0,9.705261441188538,10.732477350189413
mistralai_Mistral-7B-v0.3 — log(1 + x) counts,Intercept,4.903154388118323,0.0713396985817903,68.72967626148431,0.0,4.763320763552818,5.0429880126838285
mistralai_Mistral-7B-v0.3 — log(1 + x) counts,C(tense)[T.past perfect],0.0529991857908014,0.0272723500801254,1.94333035602327,0.0519934489726455,-0.0004576080832438,0.1064559796648466
mistralai_Mistral-7B-v0.3 — log(1 + x) counts,C(tense)[T.present continuous],0.0801398916722413,0.0272723500801252,2.938503335311878,0.0033026332914799,0.0266830977981963,0.1335966855462862
mistralai_Mistral-7B-v0.3 — log(1 + x) counts,C(tense)[T.present perfect],0.0740521037502814,0.0272723500801251,2.715281357591815,0.0066289238061755,0.0205953098762367,0.1275088976243261
mistralai_Mistral-7B-v0.3 — log(1 + x) counts,C(tense)[T.simple future],0.4402196439146772,0.0272723500801252,16.141610188389567,3.674590132301559e-58,0.3867628500406324,0.4936764377887221
mistralai_Mistral-7B-v0.3 — log(1 + x) counts,C(tense)[T.simple past],-0.0223563597615074,0.0272723500801252,-0.8197445286462356,0.4123737472424677,-0.0758131536355523,0.0311004341125374
mistralai_Mistral-7B-v0.3 — log(1 + x) counts,C(semantic_role)[T.patient],0.0215215956599353,0.015745698660194,1.3668237989555232,0.1716993944953762,-0.0093416986732588,0.0523848899931295
mistralai_Mistral-7B-v0.3 — log(1 + x) counts,C(syntactic_role)[T.subject],-0.075271879559769,0.015745698660194,-4.7804725077116,1.7641054030982393e-06,-0.1061351738929631,-0.0444085852265748
mistralai_Mistral-7B-v0.3 — log(1 + x) counts,"C(valence, Treatment(reference='-val'))[T.+val]",-0.0303105314848649,0.015745698660194,-1.9250039098926444,0.0542462525028345,-0.0611738258180591,0.0005527628483292
mistralai_Mistral-7B-v0.3 — log(1 + x) counts,"C(dominance, Treatment(reference='-dom'))[T.+dom]",0.0858826387074622,0.015745698660194,5.454355539305348,4.986663403734228e-08,0.055019344374268,0.1167459330406564
mistralai_Mistral-7B-v0.3 — log(1 + x) counts,log_frequency,1.493181998080109,0.0275348233569312,54.228856990442,0.0,1.4392107278292785,1.5471532683309404
mistralai_Mistral-7B-v0.3 — log(1 + x) counts,lex_emb_norm,0.5440073387461044,0.0121765246912978,44.67673269162656,0.0,0.5201400163990184,0.5678746610931904
mistralai_Mistral-7B-v0.3 — log(1 + x) counts,profession_embedding_1,-0.211908703032801,0.0041339468325822,-51.2606261315732,0.0,-0.220011691703244,-0.2038057143623579
mistralai_Mistral-7B-v0.3 — log(1 + x) counts,profession_embedding_2,-0.1485635726016206,0.0062102366480561,-23.92236898864761,2.471131688297528e-124,-0.1607363167703055,-0.1363908284329358
mistralai_Mistral-7B-v0.3 — log(1 + x) counts,profession_embedding_3,0.0360409222126362,0.0035879075996325,10.045108802781574,1.1313461884844815e-23,0.0290082302579941,0.0430736141672782
mistralai_Mistral-7B-v0.3 — log(1 + x) counts,profession_embedding_4,-0.2845313742626185,0.0046570835235811,-61.09647224961555,0.0,-0.2936597681576394,-0.2754029803675976
mistralai_Mistral-7B-v0.3 — log(1 + x) counts,profession_embedding_5,-0.1325921157141247,0.0044111754619345,-30.05822753102961,3.078901700403399e-193,-0.1412385028688102,-0.1239457285594391
mistralai_Mistral-7B-v0.3 — log(1 + x) counts,profession_embedding_6,-0.3851914308929358,0.0045868512704632,-83.97730996279522,0.0,-0.3941821618778223,-0.3762006999080492
mistralai_Mistral-7B-v0.3 — log(1 + x) counts,profession_embedding_7,0.1501050233484763,0.0054337344805626,27.624651864279933,3.3328368273865127e-164,0.1394543084947752,0.1607557382021774
mistralai_Mistral-7B-v0.3 — log(1 + x) counts,profession_embedding_8,-0.1244806627483819,0.005165003415651,-24.10079001519719,3.9153487326271404e-126,-0.1346046352750622,-0.1143566902217016
mistralai_Mistral-7B-v0.3 — log(1 + x) counts,profession_embedding_9,0.1042650923012208,0.005401812138693,19.30187307966026,4.2660455393124516e-82,0.093676948734713,0.1148532358677286
mistralai_Mistral-7B-v0.3 — log(1 + x) counts,profession_embedding_10,0.2563888113530713,0.005854904652217,43.79043324915418,0.0,0.2449125568232558,0.2678650658828868
mistralai_Mistral-7B-v0.3 — PPMI,Intercept,1.207899610736996,0.04041455715708,29.8877358977912,3.9273147891989276e-191,1.128682651248373,1.287116570225619
mistralai_Mistral-7B-v0.3 — PPMI,C(tense)[T.past perfect],0.052999185790806,0.0349451490910818,1.5166392809676592,0.1293771767812452,-0.0154971347085805,0.1214955062901927
mistralai_Mistral-7B-v0.3 — PPMI,C(tense)[T.present continuous],0.0801398916722426,0.0349451490910816,2.293305187033672,0.0218431096423809,0.0116435711728564,0.1486362121716288
mistralai_Mistral-7B-v0.3 — PPMI,C(tense)[T.present perfect],0.0740521037502807,0.0349451490910815,2.119095373073679,0.0340974883496371,0.0055557832508948,0.1425484242496666
mistralai_Mistral-7B-v0.3 — PPMI,C(tense)[T.simple future],0.4402196439146776,0.0349451490910816,12.597446437194508,3.216826033063859e-36,0.3717233234152914,0.5087159644140637
mistralai_Mistral-7B-v0.3 — PPMI,C(tense)[T.simple past],-0.0223563597615088,0.0349451490910816,-0.6397557412972772,0.5223404028439657,-0.0908526802608949,0.0461399607378773
mistralai_Mistral-7B-v0.3 — PPMI,C(semantic_role)[T.patient],0.0215215956599331,0.0201755912346076,1.0667144972196216,0.2861165795917837,-0.0180247734188864,0.0610679647387526
mistralai_Mistral-7B-v0.3 — PPMI,C(syntactic_role)[T.subject],-0.0752718795597725,0.0201755912346076,-3.7308388480163575,0.0001914908417366,-0.114818248638592,-0.0357255104809529
mistralai_Mistral-7B-v0.3 — PPMI,"C(valence, Treatment(reference='-val'))[T.+val]",-0.0303105314848667,0.0201755912346076,-1.5023367163027357,0.1330295450512834,-0.0698569005636862,0.0092358375939528
mistralai_Mistral-7B-v0.3 — PPMI,"C(dominance, Treatment(reference='-dom'))[T.+dom]",0.0858826387074608,0.0201755912346076,4.256759452984179,2.085714240032815e-05,0.0463362696286412,0.1254290077862804
mistralai_Mistral-7B-v0.3 — PPMI,log_frequency,-0.5256603168373456,0.014212149473574,-36.986686483614136,1.2623763315823362e-287,-0.5535176867627054,-0.4978029469119858
mistralai_Mistral-7B-v0.3 — PPMI,lex_emb_norm,0.1225519697954812,0.0141551626986911,8.65775776684028,5.254990375317379e-18,0.094806300191858,0.1502976393991044
mistralai_Mistral-7B-v0.3 — PPMI,profession_embedding_1,0.1783642668652001,0.0067168130870058,26.55489509009255,3.822378189668408e-152,0.1651985773801483,0.191529956350252
mistralai_Mistral-7B-v0.3 — PPMI,profession_embedding_2,-0.0211434658702918,0.0058704050973869,-3.60170474090505,0.0003170771291257,-0.0326501029707318,-0.0096368287698518
mistralai_Mistral-7B-v0.3 — PPMI,profession_embedding_3,-0.2238596189760779,0.0068415880122752,-32.72041791677993,1.7152779847920564e-227,-0.237269880983893,-0.2104493569682629
mistralai_Mistral-7B-v0.3 — PPMI,profession_embedding_4,-0.1637009365399218,0.0058485757854285,-27.989880365024263,2.025238786263106e-168,-0.1751647857974972,-0.1522370872823463
mistralai_Mistral-7B-v0.3 — PPMI,profession_embedding_5,-0.2459293196330602,0.0054786133825181,-44.88897143532715,0.0,-0.256668002051129,-0.2351906372149913
mistralai_Mistral-7B-v0.3 — PPMI,profession_embedding_6,0.1915769649510262,0.0063098814903985,30.36142045497032,5.216024324550876e-197,0.1792089059751443,0.2039450239269082
mistralai_Mistral-7B-v0.3 — PPMI,profession_embedding_7,0.2049839951503148,0.0058976242590234,34.757045574188005,2.0786345813789016e-255,0.1934240055111771,0.2165439847894524
mistralai_Mistral-7B-v0.3 — PPMI,profession_embedding_8,-0.0489003409534444,0.0064432930946979,-7.589339835197552,3.388778927639329e-14,-0.0615299012891463,-0.0362707806177426
mistralai_Mistral-7B-v0.3 — PPMI,profession_embedding_9,0.0829172250239952,0.0060919905661636,13.610859065432004,5.853063439671006e-42,0.0709762561298125,0.094858193918178
mistralai_Mistral-7B-v0.3 — PPMI,profession_embedding_10,-0.0621259939565082,0.0063619017574779,-9.76531803300535,1.8278756133918413e-22,-0.0745960183547452,-0.0496559695582711
mistralai_Mistral-7B-v0.3 — Raw counts,Intercept,2.5813617042465324,0.0272745189799628,94.6437114488772,0.0,2.5279006590912005,2.6348227494018643
mistralai_Mistral-7B-v0.3 — Raw counts,C(tense)[T.past perfect],0.0529991857908038,0.0263914771321968,2.008193233191422,0.0446392304408352,0.0012689993953329,0.1047293721862747
mistralai_Mistral-7B-v0.3 — Raw counts,C(tense)[T.present continuous],0.0801398916722493,0.0263914771321987,3.036582275058614,0.0023965482633003,0.0284097052767747,0.1318700780677238
mistralai_Mistral-7B-v0.3 — Raw counts,C(tense)[T.present perfect],0.0740521037502762,0.0263914771321964,2.805909778347941,0.0050234221616606,0.0223219173548059,0.1257822901457464
mistralai_Mistral-7B-v0.3 — Raw counts,C(tense)[T.simple future],0.4402196439146769,0.0263914771321969,16.680371534703497,5.941032844027516e-62,0.3884894575192057,0.4919498303101481
mistralai_Mistral-7B-v0.3 — Raw counts,C(tense)[T.simple past],-0.0223563597615089,0.0263914771321969,-0.8471052851465747,0.3969488781862272,-0.07408654615698,0.029373826633962
mistralai_Mistral-7B-v0.3 — Raw counts,C(semantic_role)[T.patient],0.0215215956599317,0.0152371264265858,1.4124445159410577,0.1578382108867979,-0.0083448413807231,0.0513880327005867
mistralai_Mistral-7B-v0.3 — Raw counts,C(syntactic_role)[T.subject],-0.0752718795597683,0.0152371264265857,-4.940031174673056,7.888428061603079e-07,-0.1051383166004231,-0.0454054425191135
mistralai_Mistral-7B-v0.3 — Raw counts,"C(valence, Treatment(reference='-val'))[T.+val]",-0.0303105314848656,0.0152371264265858,-1.9892551020630531,0.0466897404169157,-0.0601769685255205,-0.0004440944442107
mistralai_Mistral-7B-v0.3 — Raw counts,"C(dominance, Treatment(reference='-dom'))[T.+dom]",0.0858826387074634,0.0152371264265858,5.636406518069904,1.7651036612811217e-08,0.0560162016668085,0.1157490757481183
mistralai_Mistral-7B-v0.3 — Raw counts,log_frequency,0.4762908911323118,0.0151879493671942,31.35978923929603,1.1541763299989353e-209,0.4465208465154672,0.5060609357491564
mistralai_Mistral-7B-v0.3 — Raw counts,lex_emb_norm,0.614753189749963,0.0104320127011865,58.92949015294455,0.0,0.5943053020167697,0.6352010774831562
mistralai_Mistral-7B-v0.3 — Raw counts,profession_embedding_1,-0.0001583229913568,3.34326508583433e-06,-47.355799582762366,0.0,-0.0001648761571835,-0.00015176982553
mistralai_Mistral-7B-v0.3 — Raw counts,profession_embedding_2,-0.0008795702429973,1.1347593063398363e-05,-77.51161308686432,0.0,-0.0009018127685433,-0.0008573277174513
mistralai_Mistral-7B-v0.3 — Raw counts,profession_embedding_3,0.0010064443749626,5.418553884250035e-05,18.574040167581323,3.1878695729266403e-76,0.0009002347827438,0.0011126539671814
mistralai_Mistral-7B-v0.3 — Raw counts,profession_embedding_4,0.0072602669147315,0.0001561084613316,46.50783726134575,0.0,0.0069542772286618,0.0075662566008012
mistralai_Mistral-7B-v0.3 — Raw counts,profession_embedding_5,0.0149360255776809,0.0002851659950241,52.37660113162713,0.0,0.0143770689871743,0.0154949821681876
mistralai_Mistral-7B-v0.3 — Raw counts,profession_embedding_6,0.0116382723096024,0.0002842604915262,40.9422788482264,0.0,0.0110810906051505,0.0121954540140544
mistralai_Mistral-7B-v0.3 — Raw counts,profession_embedding_7,-0.0059578479389159,0.00039855240799,-14.948718962614493,3.414952017895966e-50,-0.0067390543204464,-0.0051766415573855
mistralai_Mistral-7B-v0.3 — Raw counts,profession_embedding_8,-0.0175400229755214,0.0004482348105485,-39.131327069527,0.0,-0.0184186123088303,-0.0166614336422125
mistralai_Mistral-7B-v0.3 — Raw counts,profession_embedding_9,-0.0634884965855023,0.0005977241908241,-106.21704384753664,0.0,-0.0646601014808833,-0.0623168916901214
mistralai_Mistral-7B-v0.3 — Raw counts,profession_embedding_10,0.000884914854651,0.0006806689230753,1.3000664855577964,0.193596568273497,-0.0004492708026321,0.0022191005119342
mistralai_Mistral-7B-v0.3 — TF-IDF,Intercept,1.8003093970140729,0.1784714817427173,10.087378551657798,7.3818972419214e-24,1.4504857410443417,2.1501330529838034
mistralai_Mistral-7B-v0.3 — TF-IDF,C(tense)[T.past perfect],0.052999185790806,0.0208718112487996,2.5392710368561917,0.0111175862188166,0.0120881492124751,0.093910222369137
mistralai_Mistral-7B-v0.3 — TF-IDF,C(tense)[T.present continuous],0.0801398916722405,0.0208718112487994,3.839623246729488,0.0001236892111261,0.0392288550939097,0.1210509282505712
mistralai_Mistral-7B-v0.3 — TF-IDF,C(tense)[T.present perfect],0.0740521037502813,0.0208718112487994,3.5479481328934024,0.0003893356904557,0.0331410671719507,0.1149631403286119
mistralai_Mistral-7B-v0.3 — TF-IDF,C(tense)[T.simple future],0.4402196439146768,0.0208718112487994,21.091588011557807,1.8987900747282662e-97,0.399308607336346,0.4811306804930075
mistralai_Mistral-7B-v0.3 — TF-IDF,C(tense)[T.simple past],-0.022356359761506,0.0208718112487994,-1.0711269613839558,0.2841282081459433,-0.0632673963398367,0.0185546768168246
mistralai_Mistral-7B-v0.3 — TF-IDF,C(semantic_role)[T.patient],0.0215215956599341,0.0120503458429694,1.785973277479879,0.0741221703501775,-0.0020984023213917,0.04514159364126
mistralai_Mistral-7B-v0.3 — TF-IDF,C(syntactic_role)[T.subject],-0.0752718795597698,0.0120503458429694,-6.246449731871054,4.3030069061873324e-10,-0.0988918775410956,-0.0516518815784439
mistralai_Mistral-7B-v0.3 — TF-IDF,"C(valence, Treatment(reference='-val'))[T.+val]",-0.0303105314848634,0.0120503458429694,-2.5153246122431927,0.0119018212971344,-0.0539305294661893,-0.0066905335035376
mistralai_Mistral-7B-v0.3 — TF-IDF,"C(dominance, Treatment(reference='-dom'))[T.+dom]",0.0858826387074639,0.0120503458429694,7.126985385035288,1.0688851286864176e-12,0.062262640726138,0.1095026366887898
mistralai_Mistral-7B-v0.3 — TF-IDF,log_frequency,-0.2797361183918653,0.0079677651961232,-35.10847916652624,2.256762081648539e-260,-0.2953538110540149,-0.2641184257297156
mistralai_Mistral-7B-v0.3 — TF-IDF,lex_emb_norm,-0.1721542969028929,0.0066343008274915,-25.94912431307192,1.652520763311893e-145,-0.1851582533199847,-0.1591503404858011
mistralai_Mistral-7B-v0.3 — TF-IDF,profession_embedding_1,0.1264714883314026,0.1847153989557822,0.6846829720010392,0.4935537327683399,-0.2355909294041747,0.48853390606698
mistralai_Mistral-7B-v0.3 — TF-IDF,profession_embedding_2,-4.972995286025779,0.0453657115962573,-109.62013183622253,0.0,-5.061917050619796,-4.8840735214317625
mistralai_Mistral-7B-v0.3 — TF-IDF,profession_embedding_3,-0.9726250615849,0.1038531487000682,-9.365388279115908,8.5453567543107e-21,-1.176188610267705,-0.769061512902095
mistralai_Mistral-7B-v0.3 — TF-IDF,profession_embedding_4,-3.105214497020192,0.1401470590250804,-22.15682953763937,3.411675862659146e-107,-3.3799180859792157,-2.8305109080611675
mistralai_Mistral-7B-v0.3 — TF-IDF,profession_embedding_5,-0.5757693217800508,0.180972856965008,-3.181523082720513,0.0014677752152043,-0.9304959472139748,-0.2210426963461267
mistralai_Mistral-7B-v0.3 — TF-IDF,profession_embedding_6,-0.7139302762909192,0.1796371132084334,-3.974291634616416,7.089312082800702e-05,-1.066038697629708,-0.3618218549521305
mistralai_Mistral-7B-v0.3 — TF-IDF,profession_embedding_7,4.214407210004136,0.1900790018101764,22.171871536935363,2.466762796148257e-107,3.841831543085148,4.586982876923125
mistralai_Mistral-7B-v0.3 — TF-IDF,profession_embedding_8,-1.2674984780617886,0.2242914558958374,-5.651122433528739,1.6207006115748253e-08,-1.707134303001967,-0.8278626531216102
mistralai_Mistral-7B-v0.3 — TF-IDF,profession_embedding_9,-14.124501669698818,0.2850741957599509,-49.546756177091765,0.0,-14.683278323591008,-13.565725015806628
mistralai_Mistral-7B-v0.3 — TF-IDF,profession_embedding_10,10.134308209020247,0.2672944405513085,37.91439952180717,1.5783384765382468e-301,9.61038182312942,10.658234594911075
tiiuae_Falcon3-10B-Base — log(1 + x) counts,Intercept,2.4403218794127883,0.0419400931560462,58.18589554231786,0.0,2.358114702616581,2.522529056208996
tiiuae_Falcon3-10B-Base — log(1 + x) counts,C(tense)[T.past perfect],0.011673001652682,0.0308617378330172,0.3782353967181248,0.7052606583031406,-0.048819385162899,0.0721653884682631
tiiuae_Falcon3-10B-Base — log(1 + x) counts,C(tense)[T.present continuous],0.0168945288099473,0.030861737833017,0.5474263601537352,0.5840933450175935,-0.0435978580056333,0.077386915625528
tiiuae_Falcon3-10B-Base — log(1 + x) counts,C(tense)[T.present perfect],0.1247602713164618,0.0308617378330169,4.042554958878207,5.311486573895989e-05,0.0642678845008813,0.1852526581320424
tiiuae_Falcon3-10B-Base — log(1 + x) counts,C(tense)[T.simple future],0.4759307418230394,0.030861737833017,15.42138503016738,2.795834343086916e-53,0.4154383550074587,0.5364231286386201
tiiuae_Falcon3-10B-Base — log(1 + x) counts,C(tense)[T.simple past],0.15597739095483,0.030861737833017,5.054070247073365,4.3717502002268004e-07,0.0954850041392492,0.2164697777704107
tiiuae_Falcon3-10B-Base — log(1 + x) counts,C(semantic_role)[T.patient],0.0257705525093348,0.017818032645552,1.446318626864116,0.1481070826401161,-0.0091547433025636,0.0606958483212333
tiiuae_Falcon3-10B-Base — log(1 + x) counts,C(syntactic_role)[T.subject],-0.2851397409284356,0.017818032645552,-16.002874537308433,3.3275284652675847e-57,-0.3200650367403341,-0.250214445116537
tiiuae_Falcon3-10B-Base — log(1 + x) counts,"C(valence, Treatment(reference='-val'))[T.+val]",-0.1801524486220632,0.017818032645552,-10.110681252289362,5.829316200054014e-24,-0.2150777444339617,-0.1452271528101646
tiiuae_Falcon3-10B-Base — log(1 + x) counts,"C(dominance, Treatment(reference='-dom'))[T.+dom]",-0.0243412110697796,0.017818032645552,-1.3660998132617048,0.1719264846576379,-0.0592665068816781,0.0105840847421188
tiiuae_Falcon3-10B-Base — log(1 + x) counts,log_frequency,0.4941817055136313,0.0238667842730677,20.70583535090168,4.965444337096698e-94,0.4474001939182004,0.5409632171090621
tiiuae_Falcon3-10B-Base — log(1 + x) counts,lex_emb_norm,-0.3285480779282037,0.0096696896544055,-33.97710678113819,1.5159739566930847e-244,-0.3475017288899821,-0.3095944269664252
tiiuae_Falcon3-10B-Base — log(1 + x) counts,profession_embedding_1,-0.0665424902930362,0.0024128171979043,-27.5787533141058,1.1191972023713e-163,-0.0712718763062492,-0.0618131042798233
tiiuae_Falcon3-10B-Base — log(1 + x) counts,profession_embedding_3,-0.0057318784807122,0.0032373065787342,-1.770570176567393,0.0766508929459096,-0.012077353996738,0.0006135970353135
tiiuae_Falcon3-10B-Base — log(1 + x) counts,profession_embedding_4,-0.3190557583182485,0.0041250959110429,-77.34505213906142,0.0,-0.327141398176002,-0.310970118460495
tiiuae_Falcon3-10B-Base — log(1 + x) counts,profession_embedding_5,-0.1012977032430566,0.0044475395071842,-22.776122186082254,4.574679535314624e-113,-0.1100153678704301,-0.0925800386156831
tiiuae_Falcon3-10B-Base — log(1 + x) counts,profession_embedding_6,-0.3147973945860273,0.00494446718661,-63.66659595568127,0.0,-0.32448909189963,-0.3051056972724246
tiiuae_Falcon3-10B-Base — log(1 + x) counts,profession_embedding_7,0.0507928022069893,0.0051436405756619,9.874873926324629,6.204897975415604e-23,0.0407107032329524,0.0608749011810262
tiiuae_Falcon3-10B-Base — log(1 + x) counts,profession_embedding_8,-0.0667740662868653,0.0054761513727311,-12.19361221813016,4.7305747824940815e-34,-0.0775079228471245,-0.0560402097266062
tiiuae_Falcon3-10B-Base — log(1 + x) counts,profession_embedding_9,0.0687189717447871,0.0056149254613469,12.238625822880088,2.73338497100177e-34,0.0577131027692212,0.0797248407203529
tiiuae_Falcon3-10B-Base — log(1 + x) counts,profession_embedding_10,0.1343722723830892,0.0061849022882635,21.72585210247753,3.389040007893449e-103,0.1222491863902472,0.1464953583759311
tiiuae_Falcon3-10B-Base — PPMI,Intercept,1.0174677006750692,0.0364370478237371,27.92398839766141,1.1759845989977773e-167,0.946047095871321,1.0888883054788174
tiiuae_Falcon3-10B-Base — PPMI,C(tense)[T.past perfect],0.0116730016526803,0.034375795580015,0.3395703708299526,0.7341844692117078,-0.0557073229776614,0.0790533262830221
tiiuae_Falcon3-10B-Base — PPMI,C(tense)[T.present continuous],0.0168945288099447,0.0343757955800149,0.4914658271870429,0.6231036335182908,-0.0504857958203967,0.0842748534402861
tiiuae_Falcon3-10B-Base — PPMI,C(tense)[T.present perfect],0.1247602713164606,0.0343757955800147,3.629305713843413,0.0002850537784247,0.0573799466861195,0.1921405959468017
tiiuae_Falcon3-10B-Base — PPMI,C(tense)[T.simple future],0.4759307418230371,0.0343757955800149,13.844937514689244,2.4015890781351713e-43,0.4085504171926957,0.5433110664533786
tiiuae_Falcon3-10B-Base — PPMI,C(tense)[T.simple past],0.1559773909548298,0.0343757955800149,4.537419085814858,5.735353739705688e-06,0.0885970663244883,0.2233577155851712
tiiuae_Falcon3-10B-Base — PPMI,C(syntactic_role)[T.subject],-0.2851397409284348,0.0198468748317291,-14.36698439154676,1.6040772172420159e-46,-0.3240417894918467,-0.2462376923650228
tiiuae_Falcon3-10B-Base — PPMI,"C(valence, Treatment(reference='-val'))[T.+val]",-0.1801524486220629,0.0198468748317291,-9.07711920135928,1.2398782611445916e-19,-0.2190544971854749,-0.1412504000586509
tiiuae_Falcon3-10B-Base — PPMI,log_frequency,-0.4289915920319431,0.013856417598602,-30.95977650639103,1.498454631323507e-204,-0.4561516882640193,-0.401831495799867
tiiuae_Falcon3-10B-Base — PPMI,lex_emb_norm,-0.2718756758682005,0.0148880747447806,-18.26130514044555,9.142381982586275e-74,-0.3010579331075738,-0.2426934186288271
tiiuae_Falcon3-10B-Base — PPMI,profession_embedding_1,0.146797755169585,0.0064540070868082,22.74521133849312,9.056509981077311e-113,0.1341471943509,0.15944831598827
tiiuae_Falcon3-10B-Base — PPMI,profession_embedding_2,0.0289584624996664,0.0057223297601692,5.060607080220082,4.224709907730634e-07,0.0177420693842086,0.0401748556151243
tiiuae_Falcon3-10B-Base — PPMI,profession_embedding_3,-0.2525456842621318,0.0064125614168726,-39.382965377553575,0.0,-0.2651150070280632,-0.2399763614962005
tiiuae_Falcon3-10B-Base — PPMI,profession_embedding_4,-0.2319249108312517,0.0054292062583631,-42.7180143458346,0.0,-0.2425667497763921,-0.2212830718861112
tiiuae_Falcon3-10B-Base — PPMI,profession_embedding_5,-0.1760513106160192,0.0057774573428497,-30.4721091249428,2.145640615074505e-198,-0.1873757598318356,-0.1647268614002028
tiiuae_Falcon3-10B-Base — PPMI,profession_embedding_6,0.0515570366863329,0.0061730024309792,8.352019501497987,7.2443520691039e-17,0.0394572757724333,0.0636567976002325
tiiuae_Falcon3-10B-Base — PPMI,profession_embedding_7,0.1075829990267522,0.0067926313553013,15.838191917008452,4.443216619788814e-56,0.0942686975511951,0.1208973005023093
tiiuae_Falcon3-10B-Base — PPMI,profession_embedding_8,-0.0291332176480767,0.0057440786317986,-5.071869574834499,3.982496684792672e-07,-0.0403922409341535,-0.0178741943619999
tiiuae_Falcon3-10B-Base — PPMI,profession_embedding_9,0.1472916804776339,0.0060824600467633,24.21580731237377,2.663734940122648e-127,0.1353693925542014,0.1592139684010665
tiiuae_Falcon3-10B-Base — PPMI,profession_embedding_10,-0.1960736650345707,0.0061579188891739,-31.84089764145508,6.820660132946907e-216,-0.2081438605543823,-0.1840034695147592
tiiuae_Falcon3-10B-Base — Raw counts,Intercept,1.8107279232841524,0.0298191127778262,60.72373570519588,0.0,1.7522791955218606,1.8691766510464445
tiiuae_Falcon3-10B-Base — Raw counts,C(tense)[T.past perfect],0.0116730016526819,0.0297740857969018,0.3920523952374914,0.6950246268489715,-0.0466874682942408,0.0700334715996047
tiiuae_Falcon3-10B-Base — Raw counts,C(tense)[T.present continuous],0.0168945288099514,0.0297740857968999,0.5674239311727411,0.5704340101803218,-0.0414659411369677,0.0752549987568707
tiiuae_Falcon3-10B-Base — Raw counts,C(tense)[T.present perfect],0.1247602713164669,0.0297740857969016,4.190230127215183,2.8013950710156505e-05,0.0663998013695445,0.1831207412633894
tiiuae_Falcon3-10B-Base — Raw counts,C(tense)[T.simple future],0.4759307418230404,0.0297740857969018,15.98473065032154,4.433123741643987e-57,0.4175702718761175,0.5342912117699633
tiiuae_Falcon3-10B-Base — Raw counts,C(tense)[T.simple past],0.1559773909548311,0.0297740857969017,5.238696227948063,1.6372773132969484e-07,0.0976169210079084,0.2143378609017537
tiiuae_Falcon3-10B-Base — Raw counts,C(semantic_role)[T.patient],0.0257705525093328,0.0171900764497161,1.4991528737359583,0.1338533462025027,-0.0079238805245559,0.0594649855432215
tiiuae_Falcon3-10B-Base — Raw counts,C(syntactic_role)[T.subject],-0.2851397409284332,0.0171900764497161,-16.587462060597254,2.730268909938032e-61,-0.3188341739623219,-0.2514453078945444
tiiuae_Falcon3-10B-Base — Raw counts,"C(valence, Treatment(reference='-val'))[T.+val]",-0.1801524486220597,0.0171900764497161,-10.48002602833304,1.2872882984956066e-25,-0.2138468816559484,-0.1464580155881711
tiiuae_Falcon3-10B-Base — Raw counts,"C(dominance, Treatment(reference='-dom'))[T.+dom]",-0.0243412110697809,0.0171900764497161,-1.4160036542584946,0.1567935446706277,-0.0580356441036696,0.0093532219641077
tiiuae_Falcon3-10B-Base — Raw counts,log_frequency,0.1100475779070848,0.0160963743913629,6.836792884622164,8.385931396218466e-12,0.078496920723874,0.1415982350902958
tiiuae_Falcon3-10B-Base — Raw counts,lex_emb_norm,-0.3012046332015453,0.010050305985405,-29.969697802131776,3.829482033976211e-192,-0.3209043339554016,-0.281504932447689
tiiuae_Falcon3-10B-Base — Raw counts,profession_embedding_1,-6.003711513793872e-05,3.5073024689467613e-06,-17.117746664138664,4.057034788409902e-65,-6.691181220605272e-05,-5.316241806982472e-05
tiiuae_Falcon3-10B-Base — Raw counts,profession_embedding_2,-0.0009669408175282,1.2685090298802784e-05,-76.22656163665674,0.0,-0.0009918049841799,-0.0009420766508765
tiiuae_Falcon3-10B-Base — Raw counts,profession_embedding_3,0.0007228528370403,6.181839107047231e-05,11.693168077058695,1.8448661794477356e-31,0.0006016820182671,0.0008440236558136
tiiuae_Falcon3-10B-Base — Raw counts,profession_embedding_4,0.0072851710999048,0.0001718410636577,42.39482080032046,0.0,0.0069483437897515,0.007621998410058
tiiuae_Falcon3-10B-Base — Raw counts,profession_embedding_5,0.0027422407784353,0.0002657040592142,10.320658203508977,6.7804321007318005e-25,0.0022214317141932,0.0032630498426775
tiiuae_Falcon3-10B-Base — Raw counts,profession_embedding_6,0.0022458398146841,0.0003026985358953,7.419394375466556,1.2344848374627988e-13,0.0016525175233599,0.0028391621060082
tiiuae_Falcon3-10B-Base — Raw counts,profession_embedding_7,-0.0012905221782601,0.0004360760204966,-2.9593972555295225,0.0030868476178328,-0.0021452789510581,-0.0004357654054621
tiiuae_Falcon3-10B-Base — Raw counts,profession_embedding_8,-0.0165749420998198,0.0005064776340926,-32.725911242879775,1.4488081729770222e-227,-0.0175676937478428,-0.0155821904517968
tiiuae_Falcon3-10B-Base — Raw counts,profession_embedding_9,-0.046117193455621,0.0006735507168001,-68.46877644894995,0.0,-0.0474374266487972,-0.0447969602624449
tiiuae_Falcon3-10B-Base — Raw counts,profession_embedding_10,-0.0059977042581525,0.0007691085032111,-7.798255035682038,6.6546294184203415e-15,-0.0075052411811585,-0.0044901673351464
tiiuae_Falcon3-10B-Base — TF-IDF,Intercept,-1.3127711904575086,0.1766769839932638,-7.4303463913984436,1.136751839207985e-13,-1.6590774263608763,-0.9664649545541408
tiiuae_Falcon3-10B-Base — TF-IDF,C(tense)[T.past perfect],0.0116730016526791,0.023957894171721,0.4872298695791667,0.6261019910072201,-0.0352870944688184,0.0586330977741767
tiiuae_Falcon3-10B-Base — TF-IDF,C(tense)[T.present continuous],0.0168945288099488,0.0239578941717209,0.7051758676641362,0.4807108718340654,-0.0300655673115484,0.0638546249314461
tiiuae_Falcon3-10B-Base — TF-IDF,C(tense)[T.present perfect],0.1247602713164623,0.0239578941717208,5.207480691843342,1.937488113449046e-07,0.0778001751949652,0.1717203674379594
tiiuae_Falcon3-10B-Base — TF-IDF,C(tense)[T.simple future],0.4759307418230368,0.0239578941717209,19.865299446259748,8.62575965405092e-87,0.4289706457015396,0.5228908379445341
tiiuae_Falcon3-10B-Base — TF-IDF,C(tense)[T.simple past],0.1559773909548305,0.0239578941717209,6.510480004496423,7.709891356718743e-11,0.1090172948333332,0.2029374870763278
tiiuae_Falcon3-10B-Base — TF-IDF,C(syntactic_role)[T.subject],-0.2851397409284359,0.0138320966492596,-20.614354291957525,3.143468881046579e-93,-0.312252165065353,-0.2580273167915189
tiiuae_Falcon3-10B-Base — TF-IDF,"C(valence, Treatment(reference='-val'))[T.+val]",-0.1801524486220605,0.0138320966492596,-13.024232926517506,1.3880061643511715e-38,-0.2072648727589778,-0.1530400244851432
tiiuae_Falcon3-10B-Base — TF-IDF,log_frequency,-0.1606163788939289,0.0076612486141263,-20.96477832579048,2.5593034822097986e-96,-0.1756332651340696,-0.1455994926537882
tiiuae_Falcon3-10B-Base — TF-IDF,lex_emb_norm,0.1623988369075913,0.0107908023069474,15.04974628281667,7.608187706209027e-51,0.1412476827230778,0.1835499910921047
tiiuae_Falcon3-10B-Base — TF-IDF,profession_embedding_1,3.0581679562708137,0.1829421619615892,16.716583664912143,3.2703220891573893e-62,2.699581285471873,3.4167546270697544
tiiuae_Falcon3-10B-Base — TF-IDF,profession_embedding_2,-4.431418263411723,0.0470321148611107,-94.2211141578052,0.0,-4.523606358861366,-4.33923016796208
tiiuae_Falcon3-10B-Base — TF-IDF,profession_embedding_5,-2.3655379531121032,0.1889079768793538,-12.52217080606848,8.252580356328186e-36,-2.7358182744453208,-1.995257631778886
tiiuae_Falcon3-10B-Base — TF-IDF,profession_embedding_7,-1.750852849221064,0.2606170677010047,-6.71810509060652,1.901936759101912e-11,-2.261690841175631,-1.2400148572664969
tiiuae_Falcon3-10B-Base — TF-IDF,profession_embedding_8,-1.601195478697086,0.2590677067687583,-6.18060621552612,6.537426030440528e-10,-2.108996553559371,-1.093394403834801
tiiuae_Falcon3-10B-Base — TF-IDF,profession_embedding_9,-6.335407883151024,0.3625270245048121,-17.475684445331407,9.098000511370552e-68,-7.046000550242829,-5.624815216059219
tiiuae_Falcon3-10B-Base — TF-IDF,profession_embedding_10,12.364863989496756,0.3177074788778336,38.91902083378828,0.0,11.742122539865004,12.98760543912851
tiiuae_Falcon3-3B-Base — log(1 + x) counts,Intercept,3.082161128606706,0.0694361840514956,44.38840023698447,0.0,2.946058601052762,3.2182636561606497
tiiuae_Falcon3-3B-Base — log(1 + x) counts,C(tense)[T.past perfect],-0.0024566065053166,0.0254304450946564,-0.0966010030958065,0.9230444476349556,-0.0523030648250546,0.0473898518144213
tiiuae_Falcon3-3B-Base — log(1 + x) counts,C(tense)[T.present continuous],-0.2344728952119229,0.0254304450946563,-9.220164819733824,3.3215175181023865e-20,-0.2843193535316606,-0.1846264368921852
tiiuae_Falcon3-3B-Base — log(1 + x) counts,C(tense)[T.present perfect],-0.0859031617432592,0.0254304450946563,-3.377965325558148,0.0007319517776863,-0.1357496200629969,-0.0360567034235216
tiiuae_Falcon3-3B-Base — log(1 + x) counts,C(tense)[T.simple future],0.1702886573311143,0.0254304450946563,6.696251547987918,2.2081899297549013e-11,0.1204421990113766,0.2201351156508521
tiiuae_Falcon3-3B-Base — log(1 + x) counts,C(tense)[T.simple past],0.0005509275670716,0.0254304450946563,0.0216640945536341,0.9827161706486696,-0.0492955307526661,0.0503973858868094
tiiuae_Falcon3-3B-Base — log(1 + x) counts,C(semantic_role)[T.patient],0.0181490479772665,0.0146822743210118,1.2361196624213289,0.2164319017300356,-0.0106298181517835,0.0469279141063165
tiiuae_Falcon3-3B-Base — log(1 + x) counts,C(syntactic_role)[T.subject],-0.2388118477581171,0.0146822743210118,-16.265317112101144,5.0726794060733535e-59,-0.2675907138871672,-0.2100329816290671
tiiuae_Falcon3-3B-Base — log(1 + x) counts,"C(valence, Treatment(reference='-val'))[T.+val]",-0.0516645059423539,0.0146822743210118,-3.518835352940975,0.0004346267248894,-0.080443372071404,-0.0228856398133038
tiiuae_Falcon3-3B-Base — log(1 + x) counts,"C(dominance, Treatment(reference='-dom'))[T.+dom]",0.0672359696118805,0.0146822743210118,4.579397451773465,4.697677484201661e-06,0.0384571034828305,0.0960148357409305
tiiuae_Falcon3-3B-Base — log(1 + x) counts,log_frequency,0.610130154162849,0.0259648227664777,23.498336948040567,4.179741854438315e-120,0.559236257064659,0.661024051261039
tiiuae_Falcon3-3B-Base — log(1 + x) counts,lex_emb_norm,-0.195101636014484,0.0095173584453752,-20.49955742806871,3.155714502188335e-92,-0.2137567012048721,-0.1764465708240959
tiiuae_Falcon3-3B-Base — log(1 + x) counts,profession_embedding_1,-0.1051303115150377,0.0040248464066583,-26.12032880090034,2.2747867800007123e-147,-0.113019451398594,-0.0972411716314815
tiiuae_Falcon3-3B-Base — log(1 + x) counts,profession_embedding_2,-0.0881251064017755,0.006133178816691,-14.368585856643984,1.5679947041902811e-46,-0.1001468087792117,-0.0761034040243394
tiiuae_Falcon3-3B-Base — log(1 + x) counts,profession_embedding_3,0.01282552368874,0.0033827494020461,3.7914495472180567,0.0001503105731363,0.0061949642766815,0.0194560831007986
tiiuae_Falcon3-3B-Base — log(1 + x) counts,profession_embedding_4,-0.3052318804554462,0.0042361774677129,-72.05361030831341,0.0,-0.3135352523702278,-0.2969285085406646
tiiuae_Falcon3-3B-Base — log(1 + x) counts,profession_embedding_5,-0.0632201680671721,0.0039042199732992,-16.192778198854306,1.6228189178481806e-58,-0.0708728669265815,-0.0555674692077627
tiiuae_Falcon3-3B-Base — log(1 + x) counts,profession_embedding_6,-0.3179880076897732,0.0041152656362103,-77.27034796776901,0.0,-0.3260543791687809,-0.3099216362107655
tiiuae_Falcon3-3B-Base — log(1 + x) counts,profession_embedding_7,0.042495582911089,0.0043627005906043,9.740659948704542,2.327307551683105e-22,0.0339442118146881,0.0510469540074898
tiiuae_Falcon3-3B-Base — log(1 + x) counts,profession_embedding_8,-0.0868391618275184,0.0045499997152673,-19.08553126632795,2.502001681876643e-80,-0.0957576597270912,-0.0779206639279456
tiiuae_Falcon3-3B-Base — log(1 + x) counts,profession_embedding_9,0.0334712245009907,0.0047453106673811,7.053537027842839,1.8143619296650168e-12,0.0241698957387377,0.0427725532632437
tiiuae_Falcon3-3B-Base — log(1 + x) counts,profession_embedding_10,0.068151374948764,0.0052072515018248,13.087782475050492,6.07821777715634e-39,0.057944591544857,0.0783581583526709
tiiuae_Falcon3-3B-Base — PPMI,Intercept,1.2106840643698955,0.0321053532148548,37.70972573538676,1.948093386002118e-298,1.1477540551775396,1.273614073562252
tiiuae_Falcon3-3B-Base — PPMI,C(tense)[T.past perfect],-0.002456606505319,0.0293909482929182,-0.0835837782719999,0.9333883913277998,-0.0600660847087741,0.0551528716981359
tiiuae_Falcon3-3B-Base — PPMI,C(tense)[T.present continuous],-0.2344728952119273,0.029390948292918,-7.977724736034631,1.5889133155926337e-15,-0.292082373415382,-0.1768634170084725
tiiuae_Falcon3-3B-Base — PPMI,C(tense)[T.present perfect],-0.085903161743261,0.0293909482929179,-2.9227761175695144,0.0034740265937109,-0.1435126399467155,-0.0282936835398065
tiiuae_Falcon3-3B-Base — PPMI,C(tense)[T.simple future],0.170288657331112,0.029390948292918,5.793915039214446,7.003265728810126e-09,0.1126791791276573,0.2278981355345667
tiiuae_Falcon3-3B-Base — PPMI,C(tense)[T.simple past],0.0005509275670704,0.029390948292918,0.0187448040661975,0.98504491548978,-0.0570585506363842,0.0581604057705252
tiiuae_Falcon3-3B-Base — PPMI,C(syntactic_role)[T.subject],-0.2388118477581171,0.0169688719086546,-14.073525278737968,1.0095679293808788e-44,-0.2720726955067556,-0.2055510000094786
tiiuae_Falcon3-3B-Base — PPMI,"C(valence, Treatment(reference='-val'))[T.+val]",-0.0516645059423541,0.0169688719086546,-3.0446635592790154,0.0023331232290961,-0.0849253536909926,-0.0184036581937155
tiiuae_Falcon3-3B-Base — PPMI,"C(dominance, Treatment(reference='-dom'))[T.+dom]",0.0672359696118802,0.0169688719086546,3.962312284152958,7.454347420621213e-05,0.0339751218632417,0.1004968173605186
tiiuae_Falcon3-3B-Base — PPMI,log_frequency,-0.4716072631799901,0.0118526138957093,-39.78930447997731,0.0,-0.4948396847770627,-0.4483748415829174
tiiuae_Falcon3-3B-Base — PPMI,lex_emb_norm,-0.2173147075652621,0.012217810893733,-17.786713958449862,4.1172523457944256e-70,-0.2412629552829461,-0.193366459847578
tiiuae_Falcon3-3B-Base — PPMI,profession_embedding_1,0.095140004993325,0.0054567241814867,17.43536998188603,1.8200479799444123e-67,0.0844442278560024,0.1058357821306476
tiiuae_Falcon3-3B-Base — PPMI,profession_embedding_2,-0.0538152319743618,0.0048128977776653,-11.18146165997877,6.403711028786467e-29,-0.0632490388340294,-0.0443814251146942
tiiuae_Falcon3-3B-Base — PPMI,profession_embedding_3,-0.2145284356905714,0.0053082409580495,-40.414223353077865,0.0,-0.2249331694447772,-0.2041237019363656
tiiuae_Falcon3-3B-Base — PPMI,profession_embedding_4,-0.2148078718355998,0.0044961594715202,-47.77585697220973,0.0,-0.2236208369190102,-0.2059949067521895
tiiuae_Falcon3-3B-Base — PPMI,profession_embedding_5,-0.1372219400925315,0.0049114916233926,-27.938954316640885,7.891565949825452e-168,-0.146849001690012,-0.1275948784950509
tiiuae_Falcon3-3B-Base — PPMI,profession_embedding_6,0.0612033886568851,0.0053161090288031,11.512816671983185,1.4925250075498524e-30,0.0507832326221164,0.0716235446916537
tiiuae_Falcon3-3B-Base — PPMI,profession_embedding_7,0.0953771830551682,0.0058979763784724,16.171170743120378,2.2922359414042666e-58,0.0838165032760142,0.1069378628343221
tiiuae_Falcon3-3B-Base — PPMI,profession_embedding_8,-0.0630881036049536,0.0049575656721376,-12.725621358788926,6.385122896116438e-37,-0.0728054753850273,-0.0533707318248798
tiiuae_Falcon3-3B-Base — PPMI,profession_embedding_9,0.1908350932746321,0.0051550925702,37.0187519769846,4.214949892128308e-288,0.1807305471368237,0.2009396394124405
tiiuae_Falcon3-3B-Base — PPMI,profession_embedding_10,-0.0768545842737014,0.0052180620843021,-14.728568390343217,8.699189277906892e-49,-0.0870825575569695,-0.0666266109904333
tiiuae_Falcon3-3B-Base — Raw counts,Intercept,1.6500680714461031,0.0252310715475478,65.39825581075927,0.0,1.6006124071202974,1.6995237357719093
tiiuae_Falcon3-3B-Base — Raw counts,C(tense)[T.past perfect],-0.0024566065053235,0.0252662010597841,-0.097228962102802,0.9225457641295088,-0.0519811285235908,0.0470679155129437
tiiuae_Falcon3-3B-Base — Raw counts,C(tense)[T.present continuous],-0.2344728952119197,0.0252662010597832,-9.280100900690408,1.9014147130723104e-20,-0.2839974172301852,-0.1849483731936541
tiiuae_Falcon3-3B-Base — Raw counts,C(tense)[T.present perfect],-0.0859031617432602,0.0252662010597834,-3.3999239355374877,0.0006756618520361,-0.1354276837615261,-0.0363786397249944
tiiuae_Falcon3-3B-Base — Raw counts,C(tense)[T.simple future],0.1702886573311142,0.0252662010597837,6.739780821350421,1.6394295773827517e-11,0.1207641353128477,0.2198131793493807
tiiuae_Falcon3-3B-Base — Raw counts,C(tense)[T.simple past],0.0005509275670694,0.0252662010597838,0.0218049229389826,0.9826038341159804,-0.0489735944511971,0.050075449585336
tiiuae_Falcon3-3B-Base — Raw counts,C(semantic_role)[T.patient],0.0181490479772686,0.0145874479832652,1.2441551118529608,0.2134603733767432,-0.0104439481414648,0.0467420440960022
tiiuae_Falcon3-3B-Base — Raw counts,C(syntactic_role)[T.subject],-0.2388118477581165,0.0145874479832652,-16.371050510828294,9.23025468358132e-60,-0.2674048438768501,-0.2102188516393829
tiiuae_Falcon3-3B-Base — Raw counts,"C(valence, Treatment(reference='-val'))[T.+val]",-0.0516645059423542,0.0145874479832653,-3.541709694637723,0.0003986525596376,-0.0802575020610878,-0.0230715098236206
tiiuae_Falcon3-3B-Base — Raw counts,"C(dominance, Treatment(reference='-dom'))[T.+dom]",0.0672359696118812,0.0145874479832652,4.609166023352013,4.07354277145498e-06,0.0386429734931476,0.0958289657306147
tiiuae_Falcon3-3B-Base — Raw counts,log_frequency,-0.0456797432613998,0.0134102985652246,-3.4063181396912148,0.000660043550358,-0.0719653975627149,-0.0193940889600847
tiiuae_Falcon3-3B-Base — Raw counts,lex_emb_norm,-0.2101037689924347,0.0082883394012874,-25.34932014967908,4.467019402659464e-139,-0.2263498222159753,-0.1938577157688941
tiiuae_Falcon3-3B-Base — Raw counts,profession_embedding_1,-3.05375784528041e-05,2.888487354490084e-06,-10.57216968782438,4.8705931460517983e-26,-3.6199330104682735e-05,-2.4875826800925465e-05
tiiuae_Falcon3-3B-Base — Raw counts,profession_embedding_2,-0.0009344090752352,1.0808933546906122e-05,-86.44785086154307,0.0,-0.0009555957691181,-0.0009132223813523
tiiuae_Falcon3-3B-Base — Raw counts,profession_embedding_3,0.0003884382605846,5.249104896005786e-05,7.400085696139031,1.4272585655829966e-13,0.0002855500541687,0.0004913264670005
tiiuae_Falcon3-3B-Base — Raw counts,profession_embedding_4,0.005795843829732,0.0001446540565671,40.0669291084876,0.0,0.0055123060318438,0.0060793816276203
tiiuae_Falcon3-3B-Base — Raw counts,profession_embedding_5,0.0020850489760895,0.0002240890305378,9.304556189499284,1.5128405235792124e-20,0.0016458099270269,0.002524288025152
tiiuae_Falcon3-3B-Base — Raw counts,profession_embedding_6,0.0042642064869244,0.000255586378876,16.68401307485844,5.5953782250864515e-62,0.0037632291845485,0.0047651837893003
tiiuae_Falcon3-3B-Base — Raw counts,profession_embedding_7,-0.0010600271855851,0.000368667376948,-2.8752942404627464,0.0040417389410823,-0.0017826556323341,-0.0003373987388361
tiiuae_Falcon3-3B-Base — Raw counts,profession_embedding_8,-0.016064629177621,0.0004285976067642,-37.48184526484777,5.206985710296244e-295,-0.0169047274402347,-0.0152245309150073
tiiuae_Falcon3-3B-Base — Raw counts,profession_embedding_9,-0.0369104050888279,0.0005821131076173,-63.40761718956618,0.0,-0.0380514105509115,-0.0357693996267443
tiiuae_Falcon3-3B-Base — Raw counts,profession_embedding_10,0.001044965153672,0.0006517439268362,1.6033370019182709,0.1088796490953182,-0.0002325243422161,0.0023224546495602
tiiuae_Falcon3-3B-Base — TF-IDF,Intercept,0.3274548659814636,0.1415009792457892,2.314152649167677,0.0206717195774726,0.0500974488574023,0.6048122831055249
tiiuae_Falcon3-3B-Base — TF-IDF,C(tense)[T.past perfect],-0.0024566065053215,0.0197012826682516,-0.1246927190827182,0.9007683592881206,-0.0410732783052089,0.0361600652945658
tiiuae_Falcon3-3B-Base — TF-IDF,C(tense)[T.present continuous],-0.2344728952119262,0.0197012826682515,-11.901402520850942,1.587053018650181e-32,-0.2730895670118134,-0.195856223412039
tiiuae_Falcon3-3B-Base — TF-IDF,C(tense)[T.present perfect],-0.0859031617432617,0.0197012826682514,-4.360282687669581,1.3069078172954e-05,-0.1245198335431487,-0.0472864899433747
tiiuae_Falcon3-3B-Base — TF-IDF,C(tense)[T.simple future],0.1702886573311131,0.0197012826682515,8.643531499882066,5.949229611745327e-18,0.1316719855312259,0.2089053291310003
tiiuae_Falcon3-3B-Base — TF-IDF,C(tense)[T.simple past],0.0005509275670694,0.0197012826682515,0.0279640456079166,0.9776911696933028,-0.0380657442328177,0.0391675993669566
tiiuae_Falcon3-3B-Base — TF-IDF,C(syntactic_role)[T.subject],-0.2388118477581161,0.0113745408518959,-20.995295622707264,1.3706120530006553e-96,-0.2611071936169884,-0.2165165018992438
tiiuae_Falcon3-3B-Base — TF-IDF,"C(valence, Treatment(reference='-val'))[T.+val]",-0.0516645059423534,0.0113745408518959,-4.542117929423211,5.609113592759775e-06,-0.0739598518012257,-0.0293691600834811
tiiuae_Falcon3-3B-Base — TF-IDF,"C(dominance, Treatment(reference='-dom'))[T.+dom]",0.0672359696118816,0.0113745408518959,5.91109307068641,3.4662544599405382e-09,0.0449406237530093,0.0895313154707539
tiiuae_Falcon3-3B-Base — TF-IDF,log_frequency,-0.2806764407660138,0.0065681337319601,-42.73305815931503,0.0,-0.2935507022512121,-0.2678021792808155
tiiuae_Falcon3-3B-Base — TF-IDF,lex_emb_norm,0.0279791476929698,0.0104338151704273,2.6815836044586527,0.0073348393363382,0.0075277272021418,0.0484305681837978
tiiuae_Falcon3-3B-Base — TF-IDF,profession_embedding_1,1.2962061778142373,0.1463646061580942,8.856008374143087,9.132506695084922e-19,1.009315519256498,1.5830968363719766
tiiuae_Falcon3-3B-Base — TF-IDF,profession_embedding_2,-4.064949154104255,0.0391399588305744,-103.856755999674,0.0,-4.141667760190603,-3.9882305480179063
tiiuae_Falcon3-3B-Base — TF-IDF,profession_embedding_4,-3.142638700781049,0.1233985181829818,-25.467394155584422,2.479266153114117e-140,-3.3845133115617854,-2.9007640900003127
tiiuae_Falcon3-3B-Base — TF-IDF,profession_embedding_6,-1.2474338533474,0.1744313137703093,-7.1514329989511936,8.95229725434489e-13,-1.5893383328128972,-0.9055293738819026
tiiuae_Falcon3-3B-Base — TF-IDF,profession_embedding_7,-1.516403528640034,0.2376767826683921,-6.3801079416146775,1.8173430717940414e-10,-1.9822760540644384,-1.0505310032156296
tiiuae_Falcon3-3B-Base — TF-IDF,profession_embedding_8,-1.809024502582636,0.2123979368670289,-8.517147243832081,1.7762576059129782e-17,-2.225347721587296,-1.3927012835779755
tiiuae_Falcon3-3B-Base — TF-IDF,profession_embedding_9,-9.31345206398716,0.3256904174647211,-28.596027284087945,1.5760562132915636e-175,-9.951840953248222,-8.675063174726095
tiiuae_Falcon3-3B-Base — TF-IDF,profession_embedding_10,8.616048264779929,0.2615982683012222,32.936182340698146,2.212826665770013e-230,8.10328700753009,9.128809522029767
tiiuae_Falcon3-7B-Base — log(1 + x) counts,Intercept,3.089728724396376,0.074872141585275,41.26673364721849,0.0,2.942971124560888,3.236486324231863
tiiuae_Falcon3-7B-Base — log(1 + x) counts,C(tense)[T.past perfect],0.0991968035657577,0.0266985007101527,3.715444722633269,0.0002035242844311,0.0468648173227106,0.1515287898088048
tiiuae_Falcon3-7B-Base — log(1 + x) counts,C(tense)[T.present continuous],0.0230376631583687,0.0266985007101525,0.8628822797382133,0.3882148913616658,-0.0292943230846779,0.0753696494014154
tiiuae_Falcon3-7B-Base — log(1 + x) counts,C(tense)[T.present perfect],0.2063871771678589,0.0266985007101524,7.730290903165858,1.1353346203181742e-14,0.1540551909248124,0.2587191634109054
tiiuae_Falcon3-7B-Base — log(1 + x) counts,C(tense)[T.simple future],0.5596610543415812,0.0266985007101526,20.96226527539652,2.6967074743673427e-96,0.5073290680985345,0.6119930405846279
tiiuae_Falcon3-7B-Base — log(1 + x) counts,C(tense)[T.simple past],0.1469842192038589,0.0266985007101525,5.50533607858982,3.7402970378462756e-08,0.0946522329608123,0.1993162054469056
tiiuae_Falcon3-7B-Base — log(1 + x) counts,C(semantic_role)[T.patient],-0.0494964905031614,0.015414386571966,-3.2110580769513155,0.0013250374337083,-0.0797103768478123,-0.0192826041585106
tiiuae_Falcon3-7B-Base — log(1 + x) counts,C(syntactic_role)[T.subject],-0.4373698582056553,0.015414386571966,-28.374133227013697,6.55247347047353e-173,-0.4675837445503061,-0.4071559718610045
tiiuae_Falcon3-7B-Base — log(1 + x) counts,"C(valence, Treatment(reference='-val'))[T.+val]",-0.1680643381273293,0.015414386571966,-10.903083125797938,1.3874265011875951e-27,-0.1982782244719801,-0.1378504517826784
tiiuae_Falcon3-7B-Base — log(1 + x) counts,"C(dominance, Treatment(reference='-dom'))[T.+dom]",0.0313505828009528,0.015414386571966,2.033852119549782,0.0419826703091374,0.0011366964563019,0.0615644691456037
tiiuae_Falcon3-7B-Base — log(1 + x) counts,log_frequency,0.7434930159458895,0.0274089215031628,27.12594933223092,1.5803062313898555e-158,0.689768527121136,0.7972175047706429
tiiuae_Falcon3-7B-Base — log(1 + x) counts,lex_emb_norm,-0.2275085145732058,0.0105077639852036,-21.651467894936506,1.6315325769807226e-102,-0.248104883121712,-0.2069121460246997
tiiuae_Falcon3-7B-Base — log(1 + x) counts,profession_embedding_1,-0.1157396688775878,0.0043184115029581,-26.801445114321385,6.941501229440226e-155,-0.1242042285102823,-0.1072751092448934
tiiuae_Falcon3-7B-Base — log(1 + x) counts,profession_embedding_2,-0.0684186108571242,0.0068185792814636,-10.034144655781986,1.2634831598974165e-23,-0.0817837732319158,-0.0550534484823325
tiiuae_Falcon3-7B-Base — log(1 + x) counts,profession_embedding_3,0.0228387558293746,0.00368956228024,6.190099013015937,6.156522989797003e-10,0.015606809564356,0.0300707020943932
tiiuae_Falcon3-7B-Base — log(1 + x) counts,profession_embedding_4,-0.3175444491406791,0.004425718220649,-71.74981173882982,0.0,-0.3262193416956208,-0.3088695565857374
tiiuae_Falcon3-7B-Base — log(1 + x) counts,profession_embedding_5,-0.0925445752045475,0.0042036547844047,-22.015265275322108,7.145991321644611e-106,-0.1007841990971481,-0.084304951311947
tiiuae_Falcon3-7B-Base — log(1 + x) counts,profession_embedding_6,-0.3033266534857347,0.0043204906045627,-70.20653005596245,0.0,-0.3117952883853419,-0.2948580185861274
tiiuae_Falcon3-7B-Base — log(1 + x) counts,profession_embedding_7,0.0350927438512696,0.0045868252366396,7.650769767931893,2.109087424499248e-14,0.0261020638955294,0.0440834238070099
tiiuae_Falcon3-7B-Base — log(1 + x) counts,profession_embedding_8,-0.0571135996249623,0.0047655093498999,-11.98478387754331,5.873806312933448e-33,-0.0664545200177407,-0.0477726792321839
tiiuae_Falcon3-7B-Base — log(1 + x) counts,profession_embedding_9,0.0682790069689061,0.0049735906515279,13.728312551803985,1.1867501269200486e-42,0.0585302244293933,0.0780277895084189
tiiuae_Falcon3-7B-Base — log(1 + x) counts,profession_embedding_10,0.1205735424360173,0.0053693874725138,22.4557350448702,5.217774596332509e-110,0.1100489547673797,0.131098130104655
tiiuae_Falcon3-7B-Base — PPMI,Intercept,0.984373928658409,0.0335533448513182,29.337579696461592,2.0678528439050572e-184,0.9186056972423852,1.0501421600744327
tiiuae_Falcon3-7B-Base — PPMI,C(tense)[T.past perfect],0.0991968035657597,0.0305196847162771,3.2502564979924187,0.0011553486263855,0.0393748783282424,0.159018728803277
tiiuae_Falcon3-7B-Base — PPMI,C(tense)[T.present continuous],0.0230376631583682,0.0305196847162769,0.754846040269925,0.4503522719408707,-0.0367842620791486,0.082859588395885
tiiuae_Falcon3-7B-Base — PPMI,C(tense)[T.present perfect],0.2063871771678563,0.0305196847162768,6.762428219246488,1.4030742225653113e-11,0.1465652519303396,0.266209102405373
tiiuae_Falcon3-7B-Base — PPMI,C(tense)[T.simple future],0.5596610543415815,0.0305196847162769,18.33770759902705,2.3139980249311602e-74,0.4998391291040647,0.6194829795790984
tiiuae_Falcon3-7B-Base — PPMI,C(tense)[T.simple past],0.1469842192038586,0.0305196847162769,4.8160464490469685,1.4774592878101803e-06,0.0871622939663417,0.2068061444413754
tiiuae_Falcon3-7B-Base — PPMI,C(semantic_role)[T.patient],-0.0494964905031615,0.017620548186525,-2.809021034942201,0.0049751543239806,-0.0840346951424837,-0.0149582858638394
tiiuae_Falcon3-7B-Base — PPMI,C(syntactic_role)[T.subject],-0.4373698582056566,0.017620548186525,-24.821580666833388,1.5643053144686395e-133,-0.4719080628449787,-0.4028316535663344
tiiuae_Falcon3-7B-Base — PPMI,"C(valence, Treatment(reference='-val'))[T.+val]",-0.1680643381273311,0.017620548186525,-9.537974434635052,1.65743448790171e-21,-0.2026025427666533,-0.1335261334880089
tiiuae_Falcon3-7B-Base — PPMI,log_frequency,-0.4725569180924454,0.0123111198471203,-38.38455997185186,1.1001014246873504e-308,-0.4966880615800372,-0.4484257746048535
tiiuae_Falcon3-7B-Base — PPMI,lex_emb_norm,-0.099817514871707,0.0131821167159969,-7.572191706554619,3.8658714787408544e-14,-0.1256559076332161,-0.0739791221101979
tiiuae_Falcon3-7B-Base — PPMI,profession_embedding_1,0.1221355773131886,0.0057363007155493,21.29169710055769,3.034752096658535e-99,0.1108917995436728,0.1333793550827045
tiiuae_Falcon3-7B-Base — PPMI,profession_embedding_2,-0.0139199742880403,0.0050821971187246,-2.7389678052341035,0.0061699382494348,-0.0238816373558283,-0.0039583112202523
tiiuae_Falcon3-7B-Base — PPMI,profession_embedding_3,-0.2308705142960808,0.0057852121186957,-39.90700938172852,0.0,-0.2422101637736267,-0.219530864818535
tiiuae_Falcon3-7B-Base — PPMI,profession_embedding_4,-0.2129029419230356,0.0047815606792816,-44.52582665018511,0.0,-0.2222753246371363,-0.2035305592089349
tiiuae_Falcon3-7B-Base — PPMI,profession_embedding_5,-0.1987406027639235,0.00505007486918,-39.353991358981695,0.0,-0.2086393027038621,-0.188841902823985
tiiuae_Falcon3-7B-Base — PPMI,profession_embedding_6,0.1031152846589807,0.0054883831072702,18.787916703990174,6.306632181375183e-78,0.0923574525591337,0.1138731167588277
tiiuae_Falcon3-7B-Base — PPMI,profession_embedding_7,0.1454141532543058,0.0060145135283036,24.1772094401324,6.574002845931217e-127,0.1336250478957462,0.1572032586128655
tiiuae_Falcon3-7B-Base — PPMI,profession_embedding_8,-0.0386657442169492,0.0051019837743003,-7.5785705967383805,3.681138654842022e-14,-0.0486661912971396,-0.0286652971367588
tiiuae_Falcon3-7B-Base — PPMI,profession_embedding_9,0.1522946188248827,0.0053612187846558,28.4067158872084,2.7094132436690167e-173,0.1417860427272206,0.1628031949225448
tiiuae_Falcon3-7B-Base — PPMI,profession_embedding_10,-0.1400393915805871,0.0055066283601615,-25.43105915658321,6.046278571191479e-140,-0.1508329863747262,-0.1292457967864479
tiiuae_Falcon3-7B-Base — Raw counts,Intercept,1.732996572376817,0.0263818296128103,65.68902148982559,0.0,1.6812852961762403,1.7847078485773935
tiiuae_Falcon3-7B-Base — Raw counts,C(tense)[T.past perfect],0.0991968035657571,0.0263213283091274,3.768685318641713,0.0001646880432249,0.0476041165483856,0.1507894905831285
tiiuae_Falcon3-7B-Base — Raw counts,C(tense)[T.present continuous],0.0230376631583657,0.0263213283091281,0.8752469817557191,0.3814524331484267,-0.028555023859007,0.0746303501757385
tiiuae_Falcon3-7B-Base — Raw counts,C(tense)[T.present perfect],0.2063871771678557,0.0263213283091271,7.84106237891837,4.742370921200088e-15,0.1547944901504849,0.2579798641852266
tiiuae_Falcon3-7B-Base — Raw counts,C(tense)[T.simple future],0.5596610543415791,0.0263213283091268,21.262644793937607,5.546038214319014e-99,0.5080683673242088,0.6112537413589494
tiiuae_Falcon3-7B-Base — Raw counts,C(tense)[T.simple past],0.1469842192038561,0.0263213283091268,5.584224985822232,2.3849279490210872e-08,0.0953915321864858,0.1985769062212263
tiiuae_Falcon3-7B-Base — Raw counts,C(semantic_role)[T.patient],-0.0494964905031619,0.0151966259847028,-3.257071046756417,0.0011279839933291,-0.0792835422408567,-0.0197094387654671
tiiuae_Falcon3-7B-Base — Raw counts,C(syntactic_role)[T.subject],-0.437369858205657,0.0151966259847028,-28.780721368408944,1.011962944422285e-177,-0.4671569099433518,-0.4075828064679622
tiiuae_Falcon3-7B-Base — Raw counts,"C(valence, Treatment(reference='-val'))[T.+val]",-0.1680643381273319,0.0151966259847028,-11.059319239448786,2.491986618032246e-28,-0.1978513898650267,-0.1382772863896371
tiiuae_Falcon3-7B-Base — Raw counts,"C(dominance, Treatment(reference='-dom'))[T.+dom]",0.0313505828009515,0.0151966259847028,2.062996275127748,0.0391287852445099,0.0015635310632567,0.0611376345386464
tiiuae_Falcon3-7B-Base — Raw counts,log_frequency,0.1386359342236593,0.0142806466911132,9.707959115740318,3.203187655876794e-22,0.1106443022479746,0.166627566199344
tiiuae_Falcon3-7B-Base — Raw counts,lex_emb_norm,-0.2591529706248133,0.0089061526877889,-29.09819533861488,1.605361628650693e-181,-0.2766100055720458,-0.2416959356775808
tiiuae_Falcon3-7B-Base — Raw counts,profession_embedding_1,-7.535945840830854e-05,3.1185558295761783e-06,-24.16485787863869,8.77705136460138e-127,-8.147216947561928e-05,-6.92467473409978e-05
tiiuae_Falcon3-7B-Base — Raw counts,profession_embedding_2,-0.0009151782719245,1.1203685625452376e-05,-81.68546516919882,0.0,-0.0009371387231269,-0.0008932178207221
tiiuae_Falcon3-7B-Base — Raw counts,profession_embedding_3,0.001034269431433,5.489173439950982e-05,18.841988557065417,2.3237638478443465e-78,0.000926675618558,0.001141863244308
tiiuae_Falcon3-7B-Base — Raw counts,profession_embedding_4,0.0065730026297546,0.0001522216307226,43.18047703568637,0.0,0.0062746315574853,0.006871373702024
tiiuae_Falcon3-7B-Base — Raw counts,profession_embedding_5,0.0042267367887514,0.0002348306805746,17.9990824810831,9.798230711648584e-72,0.0037664429288567,0.0046870306486461
tiiuae_Falcon3-7B-Base — Raw counts,profession_embedding_6,0.003712980453279,0.000267595229622,13.87536115095532,1.5797845399600882e-43,0.0031884644878577,0.0042374964187003
tiiuae_Falcon3-7B-Base — Raw counts,profession_embedding_7,-0.0026421423552313,0.0003845290730173,-6.871112070926337,6.6009268755651175e-12,-0.003395861463943,-0.0018884232465197
tiiuae_Falcon3-7B-Base — Raw counts,profession_embedding_8,-0.0163104822781971,0.0004474445735141,-36.45252002967976,9.430264221759391e-280,-0.0171875226603473,-0.0154334418960469
tiiuae_Falcon3-7B-Base — Raw counts,profession_embedding_9,-0.0408163725513982,0.0005936052965048,-68.76012190545116,0.0,-0.0419799039626838,-0.0396528411401126
tiiuae_Falcon3-7B-Base — Raw counts,profession_embedding_10,-0.0062532889311264,0.0006796268031763,-9.201062850817925,3.964851816315382e-20,-0.0075854319192422,-0.0049211459430107
tiiuae_Falcon3-7B-Base — TF-IDF,Intercept,1.4808993636547303,0.1927148021687857,7.684409017827867,1.624186140207202e-14,1.1031572444410964,1.858641482868364
tiiuae_Falcon3-7B-Base — TF-IDF,C(tense)[T.past perfect],0.0991968035657604,0.0224422109793184,4.420099412538947,9.929264444677618e-06,0.0552076120777995,0.1431859950537213
tiiuae_Falcon3-7B-Base — TF-IDF,C(tense)[T.present continuous],0.0230376631583713,0.0224422109793182,1.026532687871166,0.3046557960938204,-0.0209515283295892,0.067026854646332
tiiuae_Falcon3-7B-Base — TF-IDF,C(tense)[T.present perfect],0.2063871771678574,0.0224422109793182,9.196383429335684,4.1402867128275655e-20,0.1623979856798968,0.2503763686558179
tiiuae_Falcon3-7B-Base — TF-IDF,C(tense)[T.simple future],0.5596610543415835,0.0224422109793183,24.93787509872984,9.582317749312844e-135,0.5156718628536228,0.6036502458295443
tiiuae_Falcon3-7B-Base — TF-IDF,C(tense)[T.simple past],0.1469842192038563,0.0224422109793182,6.54945358722945,5.947519974810213e-11,0.1029950277158956,0.190973410691817
tiiuae_Falcon3-7B-Base — TF-IDF,C(semantic_role)[T.patient],-0.0494964905031615,0.0129570165501197,-3.820053043206456,0.0001339177713744,-0.0748936620501696,-0.0240993189561534
tiiuae_Falcon3-7B-Base — TF-IDF,C(syntactic_role)[T.subject],-0.4373698582056579,0.0129570165501197,-33.75544489843339,1.6913284754215056e-241,-0.462767029752666,-0.4119726866586498
tiiuae_Falcon3-7B-Base — TF-IDF,"C(valence, Treatment(reference='-val'))[T.+val]",-0.1680643381273292,0.0129570165501197,-12.970913286807177,2.7672461829844117e-38,-0.1934615096743373,-0.1426671665803211
tiiuae_Falcon3-7B-Base — TF-IDF,log_frequency,-0.2104844860340611,0.0086538018717615,-24.32277618013164,2.1646067822902252e-128,-0.2274468855047106,-0.1935220865634117
tiiuae_Falcon3-7B-Base — TF-IDF,lex_emb_norm,0.1668670156288167,0.0086415521339011,19.30984307485581,3.6673726756540054e-82,0.1499286269860182,0.1838054042716152
tiiuae_Falcon3-7B-Base — TF-IDF,profession_embedding_1,0.0079114871280196,0.1996315831915356,0.0396304382379664,0.9683882456138762,-0.3833882804461271,0.3992112547021663
tiiuae_Falcon3-7B-Base — TF-IDF,profession_embedding_2,-4.517836928441311,0.0469405453502945,-96.24594036406864,0.0,-4.609845538460453,-4.425828318422168
tiiuae_Falcon3-7B-Base — TF-IDF,profession_embedding_3,-0.4220315976809422,0.1112681928845354,-3.792922188633819,0.0001494223110718,-0.64012944231077,-0.2039337530511145
tiiuae_Falcon3-7B-Base — TF-IDF,profession_embedding_4,-1.7150537348115638,0.1554054290259917,-11.03599626834606,3.2247300558654163e-28,-2.019665396380601,-1.4104420732425265
tiiuae_Falcon3-7B-Base — TF-IDF,profession_embedding_5,-1.5348103583334525,0.1959027409067473,-7.834552754236578,4.9936056898608255e-15,-1.918801186630399,-1.1508195300365058
tiiuae_Falcon3-7B-Base — TF-IDF,profession_embedding_6,-1.218950675174555,0.1943155051202241,-6.273048949029481,3.6297318559165087e-10,-1.5998303474889533,-0.8380710028601566
tiiuae_Falcon3-7B-Base — TF-IDF,profession_embedding_9,-5.451399576728102,0.3516791375802043,-15.50106046732684,8.260609261466057e-54,-6.140729203813106,-4.762069949643098
tiiuae_Falcon3-7B-Base — TF-IDF,profession_embedding_10,10.342283601097169,0.294482947852387,35.120144227438786,1.5355973381684696e-260,9.765064770254,10.919502431940334
