,Group,C(semantic_role)[T.patient],C(syntactic_role)[T.subject],C(valence)[T.-val],C(dominance)[T.-dom]
Group,2.342713144070095,0.19720072561525256,-0.46349028093516637,0.1729331662934643,0.05412397511974649
C(semantic_role)[T.patient],0.19720072561525256,0.12166461606727413,-0.037872574737034675,0.0070703097479810455,0.0031373933468957942
C(syntactic_role)[T.subject],-0.46349028093516637,-0.037872574737034675,0.1220553417630101,-0.03123962853975664,-0.010336531993678502
C(valence)[T.-val],0.1729331662934643,0.0070703097479810455,-0.03123962853975664,0.12342821102244993,0.004698807241372955
C(dominance)[T.-dom],0.05412397511974649,0.0031373933468957942,-0.010336531993678502,0.004698807241372955,0.11578527627005486
