,Group,C(semantic_role)[T.patient],C(syntactic_role)[T.subject],C(valence)[T.-val],C(dominance)[T.-dom]
Group,2.3204384666315754,0.21360346954610515,-0.4492695735120507,0.16530535237688226,0.0600563527247806
C(semantic_role)[T.patient],0.21360346954610515,0.12138423950973183,-0.04003649624570446,0.007939586026474654,0.003856481549202264
C(syntactic_role)[T.subject],-0.4492695735120507,-0.04003649624570446,0.11555011441424287,-0.028310334142792527,-0.012135513230401847
C(valence)[T.-val],0.16530535237688226,0.007939586026474654,-0.028310334142792527,0.11978380699496388,0.004276020460654292
C(dominance)[T.-dom],0.0600563527247806,0.003856481549202264,-0.012135513230401847,0.004276020460654292,0.114603044661541
