term,coef,std_err,z,p_value,ci_low,ci_high
Intercept,2.1717167328919604,0.23274423415043732,9.330915289133403,1.0496054010739552e-20,1.7155464163477459,2.627887049436175
C(semantic_role)[T.patient],0.17175790284140813,0.020823688729528205,8.248197765166056,1.608011032738998e-16,0.1309442229062602,0.21257158277655605
C(syntactic_role)[T.subject],-0.4268211091100829,0.04110431133345137,-10.383852575647674,2.936793415411853e-25,-0.5073840789329691,-0.3462581392871967
C(valence)[T.-val],0.1504675452744539,0.0151490223454934,9.932492133343224,3.006458654018082e-23,0.12077600707629435,0.18015908347261347
