,Group,C(semantic_role)[T.patient],C(syntactic_role)[T.subject],C(valence)[T.-val],C(dominance)[T.-dom]
Group,1.9324598697698736,0.09174841123308886,-0.15834464500911888,0.07549572629290284,0.04515162218892204
C(semantic_role)[T.patient],0.09174841123308886,0.01115568809857208,-0.0026326476468624058,0.0030987136227484395,0.00041982826984465364
C(syntactic_role)[T.subject],-0.15834464500911888,-0.0026326476468624058,0.04929208346568578,-0.004131447087555706,-0.0028031282378900516
C(valence)[T.-val],0.07549572629290284,0.0030987136227484395,-0.004131447087555706,0.005579098189630481,0.0015653779799962519
C(dominance)[T.-dom],0.04515162218892204,0.00041982826984465364,-0.0028031282378900516,0.0015653779799962519,0.004080992937079452
