,Group,C(semantic_role)[T.patient],C(syntactic_role)[T.subject],C(valence)[T.-val],C(dominance)[T.-dom]
Group,1.512646670029159,0.06567816762950834,-0.017900845278353623,0.12241533578195896,-0.025942751592269785
C(semantic_role)[T.patient],0.06567816762950834,0.004676327212053897,0.0036669299806449647,0.006004162192174323,-0.0023549889668225063
C(syntactic_role)[T.subject],-0.017900845278353623,0.0036669299806449647,0.03957139666833521,0.002176295240285319,0.0026045125391805776
C(valence)[T.-val],0.12241533578195896,0.006004162192174323,0.002176295240285319,0.01432310605067549,-0.003992043972936646
C(dominance)[T.-dom],-0.025942751592269785,-0.0023549889668225063,0.0026045125391805776,-0.003992043972936646,0.004726285755611655
