,Group,C(semantic_role)[T.patient],C(syntactic_role)[T.subject],C(valence)[T.-val],C(dominance)[T.-dom]
Group,1.510080527319598,0.07431663592802715,-0.013238320552445972,0.11222142890619957,-0.015690177820421463
C(semantic_role)[T.patient],0.07431663592802715,0.005416669542904879,0.003618343963487755,0.00608129926503078,-0.001987956249684598
C(syntactic_role)[T.subject],-0.013238320552445972,0.003618343963487755,0.04021486203940821,0.002356399993836736,0.0027255057031855584
C(valence)[T.-val],0.11222142890619957,0.00608129926503078,0.002356399993836736,0.012434531202596149,-0.0028475759197827155
C(dominance)[T.-dom],-0.015690177820421463,-0.001987956249684598,0.0027255057031855584,-0.0028475759197827155,0.004284741292793191
