,Group,C(semantic_role)[T.patient],C(syntactic_role)[T.subject],C(valence)[T.-val],C(dominance)[T.-dom]
Group,2.334769661722317,0.11204131558218837,-0.21076836679331648,0.1107023563936333,-0.060151884986129237
C(semantic_role)[T.patient],0.11204131558218837,0.008057599372761872,-0.0116997902768974,0.006311211091531659,-0.003200818537847951
C(syntactic_role)[T.subject],-0.21076836679331648,-0.0116997902768974,0.06582365640170829,-0.006587445268776019,0.004332333609874988
C(valence)[T.-val],0.1107023563936333,0.006311211091531659,-0.006587445268776019,0.013255775356003759,-0.006680512932545588
C(dominance)[T.-dom],-0.060151884986129237,-0.003200818537847951,0.004332333609874988,-0.006680512932545588,0.006685480760468751
