,Group,C(semantic_role)[T.patient],C(syntactic_role)[T.subject]
Group,1.3590487432667961,0.04086596064013877,0.003993190311467958
C(semantic_role)[T.patient],0.04086596064013877,0.004407715311438849,0.0008115917858252256
C(syntactic_role)[T.subject],0.003993190311467958,0.0008115917858252256,0.00672588387180275
