,Group,C(semantic_role)[T.patient],C(syntactic_role)[T.subject],C(valence)[T.-val],C(dominance)[T.-dom]
Group,2.4512213164265346,-0.07076922418143465,-0.27801198637151125,0.2721441456815649,-0.007313278016407408
C(semantic_role)[T.patient],-0.07076922418143465,0.08239681041491706,0.006055317116288773,-0.006443002414842858,-0.0002334004046107191
C(syntactic_role)[T.subject],-0.27801198637151125,0.006055317116288773,0.0623228893795405,-0.02567985250203079,-0.0008667415439724555
C(valence)[T.-val],0.2721441456815649,-0.006443002414842858,-0.02567985250203079,0.08883594197549738,0.000822827694362052
C(dominance)[T.-dom],-0.007313278016407408,-0.0002334004046107191,-0.0008667415439724555,0.000822827694362052,0.0729402748308446
