,Group,C(semantic_role)[T.patient],C(syntactic_role)[T.subject],C(valence)[T.-val],C(dominance)[T.-dom]
Group,2.53515314376455,-0.07533140780628778,-0.28632811795319196,0.23896877467733754,0.03501760402612571
C(semantic_role)[T.patient],-0.07533140780628778,0.09477761819865282,0.005793278079085465,-0.005234713652285537,-0.0018064157244769374
C(syntactic_role)[T.subject],-0.28632811795319196,0.005793278079085465,0.06889787040677961,-0.02105715095142879,-0.0063787082906867805
C(valence)[T.-val],0.23896877467733754,-0.005234713652285537,-0.02105715095142879,0.09220391914574749,0.004959144735279417
C(dominance)[T.-dom],0.03501760402612571,-0.0018064157244769374,-0.0063787082906867805,0.004959144735279417,0.083508877611211
