,Group,C(semantic_role)[T.patient],C(syntactic_role)[T.subject]
Group,0.816973383075298,0.008272678888615444,0.03879946843147729
C(semantic_role)[T.patient],0.008272678888615444,0.004437686479698809,0.0033344883056631424
C(syntactic_role)[T.subject],0.03879946843147729,0.0033344883056631424,0.0305425419831062
