,Group,C(semantic_role)[T.patient],C(syntactic_role)[T.subject],C(valence)[T.-val],C(dominance)[T.-dom]
Group,1.9609292877493676,0.05903421732334262,-0.06350881690219112,0.1327360847710298,0.016085100877911346
C(semantic_role)[T.patient],0.05903421732334262,0.0038867815723308105,-0.0013614557226425013,0.00479346418916746,0.0005140538948526773
C(syntactic_role)[T.subject],-0.06350881690219112,-0.0013614557226425013,0.0338661614661272,-0.004808761909991465,-0.0005045645229793083
C(valence)[T.-val],0.1327360847710298,0.00479346418916746,-0.004808761909991465,0.012454475872049512,0.0014232118995160818
C(dominance)[T.-dom],0.016085100877911346,0.0005140538948526773,-0.0005045645229793083,0.0014232118995160818,0.0031581017107887807
