,Group,C(semantic_role)[T.patient],C(syntactic_role)[T.subject],C(valence)[T.-val],C(dominance)[T.-dom]
Group,2.0023675901220077,0.053620466601618164,-0.05788478616703519,0.11161258884327036,0.039672262058458876
C(semantic_role)[T.patient],0.053620466601618164,0.0033418968073276483,-0.0014611084523124763,0.003409449837192259,0.0012276156725710456
C(syntactic_role)[T.subject],-0.05788478616703519,-0.0014611084523124763,0.033353672750932185,-0.004683089499083876,0.0001001368119878454
C(valence)[T.-val],0.11161258884327036,0.003409449837192259,-0.004683089499083876,0.010104109379429174,0.0010218888293358794
C(dominance)[T.-dom],0.039672262058458876,0.0012276156725710456,0.0001001368119878454,0.0010218888293358794,0.006361916195853916
