random_term,Group,C(semantic_role)[T.patient],C(syntactic_role)[T.subject]
Group,0.8175567330674746,0.008318384372223635,0.0389041482875355
C(semantic_role)[T.patient],0.008318384372223635,0.004415685066505001,0.0033432167301762077
C(syntactic_role)[T.subject],0.0389041482875355,0.0033432167301762077,0.030499190090119248
