,Group,C(semantic_role)[T.patient],C(syntactic_role)[T.subject]
Group,0.8185405106772736,0.0083302640442518,0.038842686535731266
C(semantic_role)[T.patient],0.0083302640442518,0.0044217595904236014,0.003336398565565951
C(syntactic_role)[T.subject],0.038842686535731266,0.003336398565565951,0.030476090026586567
