,Group,C(semantic_role)[T.patient],C(syntactic_role)[T.subject],C(valence)[T.-val],C(dominance)[T.-dom]
Group,1.6622204643659013,0.11301084727224632,-0.03243661808803576,0.07637704199189009,0.0624705026770637
C(semantic_role)[T.patient],0.11301084727224632,0.011574833801305657,0.0029093977818397863,0.005011168628666659,0.0054188814051307835
C(syntactic_role)[T.subject],-0.03243661808803576,0.0029093977818397863,0.01951240844279377,-0.004476875838518504,-0.00021648125065019502
C(valence)[T.-val],0.07637704199189009,0.005011168628666659,-0.004476875838518504,0.0060075290950090685,0.0015529691666924523
C(dominance)[T.-dom],0.0624705026770637,0.0054188814051307835,-0.00021648125065019502,0.0015529691666924523,0.004398804206585278
