,Group,C(semantic_role)[T.patient],C(syntactic_role)[T.subject],C(valence)[T.-val],C(dominance)[T.-dom]
Group,2.5314865947972103,-0.05476388065586368,-0.2782263614111961,0.21888605118916765,0.049186966106714435
C(semantic_role)[T.patient],-0.05476388065586368,0.07004004865924476,0.003340254999847651,-0.002725715094660072,-0.0016727037915423323
C(syntactic_role)[T.subject],-0.2782263614111961,0.003340254999847651,0.055967094905737494,-0.019364774434412858,-0.007571063232149998
C(valence)[T.-val],0.21888605118916765,-0.002725715094660072,-0.019364774434412858,0.06929838143137496,0.005758437135127915
C(dominance)[T.-dom],0.049186966106714435,-0.0016727037915423323,-0.007571063232149998,0.005758437135127915,0.06305687185952345
