,Group,C(semantic_role)[T.patient],C(syntactic_role)[T.subject],C(valence)[T.-val],C(dominance)[T.-dom]
Group,2.450294553733084,-0.051778492493911255,-0.2707102840047354,0.25026492922487265,0.009109022452107369
C(semantic_role)[T.patient],-0.051778492493911255,0.0602284071265101,0.003712475248634506,-0.0036402306390471177,-0.0006175493865772336
C(syntactic_role)[T.subject],-0.2707102840047354,0.003712475248634506,0.05086191980572939,-0.02357976785556907,-0.002576002124916004
C(valence)[T.-val],0.25026492922487265,-0.0036402306390471177,-0.02357976785556907,0.06702752864745407,0.0024891085654870295
C(dominance)[T.-dom],0.009109022452107369,-0.0006175493865772336,-0.002576002124916004,0.0024891085654870295,0.05376844340901624
