,Group,C(semantic_role)[T.patient],C(syntactic_role)[T.subject],C(valence)[T.-val],C(dominance)[T.-dom]
Group,1.8538878290647192,0.09491567396422704,-0.1552586479373464,0.06999825016310648,0.03668125915160526
C(semantic_role)[T.patient],0.09491567396422704,0.010830663541056409,-0.002931923501660082,0.0036892248642961564,0.000801751353692589
C(syntactic_role)[T.subject],-0.1552586479373464,-0.002931923501660082,0.04858470268019824,-0.003437749739129594,-0.002590551914716024
C(valence)[T.-val],0.06999825016310648,0.0036892248642961564,-0.003437749739129594,0.004835161171942954,0.001045546372147301
C(dominance)[T.-dom],0.03668125915160526,0.000801751353692589,-0.002590551914716024,0.001045546372147301,0.003152160594053597
