,Group,C(semantic_role)[T.patient],C(syntactic_role)[T.subject],C(valence)[T.-val],C(dominance)[T.-dom]
Group,1.865002785836258,0.08131872565694381,-0.14208314412118755,0.061131612371955746,0.04613124207620224
C(semantic_role)[T.patient],0.08131872565694381,0.0089338004484777,-0.0012922744788148996,0.0023086542136942076,0.0013902912923728797
C(syntactic_role)[T.subject],-0.14208314412118755,-0.0012922744788148996,0.0464699741491853,-0.003488905857951593,-0.0016832285903321219
C(valence)[T.-val],0.061131612371955746,0.0023086542136942076,-0.003488905857951593,0.004149131614727781,0.0006648624274710135
C(dominance)[T.-dom],0.04613124207620224,0.0013902912923728797,-0.0016832285903321219,0.0006648624274710135,0.004531956042237779
