,Group,C(semantic_role)[T.patient],C(syntactic_role)[T.subject],C(valence)[T.-val],C(dominance)[T.-dom]
Group,2.336718576919677,0.11211768651961601,-0.21031777346406264,0.11090505831310038,-0.06029322702851168
C(semantic_role)[T.patient],0.11211768651961601,0.008088605721677274,-0.011672835757673944,0.00631970673000917,-0.003204620068288403
C(syntactic_role)[T.subject],-0.21031777346406264,-0.011672835757673944,0.06576557866118736,-0.006570957624066487,0.004321300811388571
C(valence)[T.-val],0.11090505831310038,0.00631970673000917,-0.006570957624066487,0.013308003924221757,-0.006694061013617034
C(dominance)[T.-dom],-0.06029322702851168,-0.003204620068288403,0.004321300811388571,-0.006694061013617034,0.006715347200195564
