,Group,C(semantic_role)[T.patient],C(syntactic_role)[T.subject],C(valence)[T.-val],C(dominance)[T.-dom]
Group,1.9609904542250667,0.05905670264778529,-0.0636616594933338,0.13276959440381836,0.01608836877003219
C(semantic_role)[T.patient],0.05905670264778529,0.003902745192304395,-0.001370003449494963,0.004796204948429596,0.0005138671794620397
C(syntactic_role)[T.subject],-0.0636616594933338,-0.001370003449494963,0.03389789794564927,-0.004822845554047832,-0.0005067623846416365
C(valence)[T.-val],0.13276959440381836,0.004796204948429596,-0.004822845554047832,0.012474431836254254,0.0014248465091431602
C(dominance)[T.-dom],0.01608836877003219,0.0005138671794620397,-0.0005067623846416365,0.0014248465091431602,0.003173157621024122
