,Group,C(semantic_role)[T.patient],C(syntactic_role)[T.subject],C(valence)[T.-val],C(dominance)[T.-dom]
Group,2.0012793166313574,0.053601201617252354,-0.057880638491003146,0.11148111507480343,0.03963590882788799
C(semantic_role)[T.patient],0.053601201617252354,0.003356668644012415,-0.0014542069196160333,0.0034075360568523966,0.0012247259811827222
C(syntactic_role)[T.subject],-0.057880638491003146,-0.0014542069196160333,0.033389941815786736,-0.004673727705248843,0.00010415779950008055
C(valence)[T.-val],0.11148111507480343,0.0034075360568523966,-0.004673727705248843,0.010101934933265055,0.0010208301179327516
C(dominance)[T.-dom],0.03963590882788799,0.0012247259811827222,0.00010415779950008055,0.0010208301179327516,0.006380684507819439
