,Group,C(semantic_role)[T.patient],C(syntactic_role)[T.subject],C(valence)[T.-val],C(dominance)[T.-dom]
Group,1.2832126402639343,0.17997937932594252,-0.21358235345988544,0.07682970564523733,0.10533148510555347
C(semantic_role)[T.patient],0.17997937932594252,0.028756469457193422,-0.029693289204385284,0.010279768610054384,0.018870117804009465
C(syntactic_role)[T.subject],-0.21358235345988544,-0.029693289204385284,0.08526441775388931,-0.008915634032341626,-0.01808116847020549
C(valence)[T.-val],0.07682970564523733,0.010279768610054384,-0.008915634032341626,0.00663314132592416,0.006813099338108186
C(dominance)[T.-dom],0.10533148510555347,0.018870117804009465,-0.01808116847020549,0.006813099338108186,0.014281129373831398
