,Group,C(semantic_role)[T.patient],C(syntactic_role)[T.subject],C(valence)[T.-val],C(dominance)[T.-dom]
Group,1.5887528502061943,0.1427188075536961,-0.007854304085289407,0.15212022425991456,-0.004323065256417012
C(semantic_role)[T.patient],0.1427188075536961,0.01800381403151382,0.007097367569548221,0.015060665721236401,0.001995920529324848
C(syntactic_role)[T.subject],-0.007854304085289407,0.007097367569548221,0.053734458550011126,0.0015391713145140459,0.009750195459813649
C(valence)[T.-val],0.15212022425991456,0.015060665721236401,0.0015391713145140459,0.018578033195263906,-0.0022731173093240987
C(dominance)[T.-dom],-0.004323065256417012,0.001995920529324848,0.009750195459813649,-0.0022731173093240987,0.006318668824714106
