,Group,C(semantic_role)[T.patient],C(syntactic_role)[T.subject],C(valence)[T.-val],C(dominance)[T.-dom]
Group,1.6023064637814737,0.12685505877339076,0.01009950273944854,0.13602081067252214,0.012879401173764182
C(semantic_role)[T.patient],0.12685505877339076,0.015402688363787383,0.009596863292839205,0.011352211242508533,0.0044059048356170465
C(syntactic_role)[T.subject],0.01009950273944854,0.009596863292839205,0.053334395439308686,0.002156745669163433,0.010812306262336967
C(valence)[T.-val],0.13602081067252214,0.011352211242508533,0.002156745669163433,0.015528956602268138,-0.0016034786021903388
C(dominance)[T.-dom],0.012879401173764182,0.0044059048356170465,0.010812306262336967,-0.0016034786021903388,0.007955499509980955
