,Group,C(semantic_role)[T.patient],C(syntactic_role)[T.subject],C(valence)[T.-val],C(dominance)[T.-dom]
Group,1.8717442690667692,0.09560720783165694,-0.15796631304184613,0.07046721832155628,0.036685961246316935
C(semantic_role)[T.patient],0.09560720783165694,0.010896125081529115,-0.00309762240734703,0.003669274331142334,0.0008034039850451163
C(syntactic_role)[T.subject],-0.15796631304184613,-0.00309762240734703,0.049240251573410235,-0.0034469295897240765,-0.0026135362115493528
C(valence)[T.-val],0.07046721832155628,0.003669274331142334,-0.0034469295897240765,0.0048444734718914965,0.0010456219590536647
C(dominance)[T.-dom],0.036685961246316935,0.0008034039850451163,-0.0026135362115493528,0.0010456219590536647,0.003156174783714753
