,Group,C(semantic_role)[T.patient],C(syntactic_role)[T.subject],C(valence)[T.-val],C(dominance)[T.-dom]
Group,1.854412472731649,0.09494290677891974,-0.1552851834310325,0.0700446442860009,0.036688438414327895
C(semantic_role)[T.patient],0.09494290677891974,0.010833091984546826,-0.00293315963430281,0.003691703883064828,0.0008021523953240839
C(syntactic_role)[T.subject],-0.1552851834310325,-0.00293315963430281,0.0485874783735789,-0.003440073598207667,-0.0025909278758296504
C(valence)[T.-val],0.0700446442860009,0.003691703883064828,-0.003440073598207667,0.004840375262769669,0.0010462292841045269
C(dominance)[T.-dom],0.036688438414327895,0.0008021523953240839,-0.0025909278758296504,0.0010462292841045269,0.003153243225798098
