,Group,C(semantic_role)[T.patient],C(syntactic_role)[T.subject]
Group,0.8185959058815017,0.008332216992112456,0.038836609344049346
C(semantic_role)[T.patient],0.008332216992112456,0.004421965629295243,0.003336383022454071
C(syntactic_role)[T.subject],0.038836609344049346,0.003336383022454071,0.0304713555711399
