,Group,C(semantic_role)[T.patient],C(syntactic_role)[T.subject],C(valence)[T.-val],C(dominance)[T.-dom]
Group,1.8818732185861384,0.08192905082710893,-0.14299892389273686,0.06279783702181756,0.04625479188471672
C(semantic_role)[T.patient],0.08192905082710893,0.008953178938579501,-0.0013421236764304665,0.0023655141048364524,0.0013898078127148098
C(syntactic_role)[T.subject],-0.14299892389273686,-0.0013421236764304665,0.04650545157000898,-0.0035820142844770093,-0.0016868246351700001
C(valence)[T.-val],0.06279783702181756,0.0023655141048364524,-0.0035820142844770093,0.004316447202005198,0.0006804201180975244
C(dominance)[T.-dom],0.04625479188471672,0.0013898078127148098,-0.0016868246351700001,0.0006804201180975244,0.004540717106993816
