,Group,C(semantic_role)[T.patient],C(syntactic_role)[T.subject],C(valence)[T.-val],C(dominance)[T.-dom]
Group,1.9134278904724233,0.09805164761670038,-0.15831179352969402,0.07537099031083591,0.037543067259666614
C(semantic_role)[T.patient],0.09805164761670038,0.010998701735501376,-0.0030991363259658565,0.003974220996432141,0.0008469701333431694
C(syntactic_role)[T.subject],-0.15831179352969402,-0.0030991363259658565,0.04873664238053157,-0.003711233582975702,-0.002632349600609602
C(valence)[T.-val],0.07537099031083591,0.003974220996432141,-0.003711233582975702,0.0053226428259345445,0.0011256184723848076
C(dominance)[T.-dom],0.037543067259666614,0.0008469701333431694,-0.002632349600609602,0.0011256184723848076,0.003166816817860352
