,Group,C(semantic_role)[T.patient],C(syntactic_role)[T.subject],C(valence)[T.-val],C(dominance)[T.-dom]
Group,2.3301350033414927,0.21463466072443482,-0.4514305190000019,0.1660959723821195,0.06034836601817019
C(semantic_role)[T.patient],0.21463466072443482,0.12364098818400153,-0.040244940395610364,0.007924805825758377,0.003864391999471184
C(syntactic_role)[T.subject],-0.4514305190000019,-0.040244940395610364,0.11700948865637767,-0.02840857670241124,-0.012209140758196096
C(valence)[T.-val],0.1660959723821195,0.007924805825758377,-0.02840857670241124,0.12219163001671841,0.004298777452515919
C(dominance)[T.-dom],0.06034836601817019,0.003864391999471184,-0.012209140758196096,0.004298777452515919,0.11691557504810211
