,Group,C(semantic_role)[T.patient],C(syntactic_role)[T.subject],C(valence)[T.-val],C(dominance)[T.-dom]
Group,2.3483090895853795,0.19774575785132634,-0.46476653315646105,0.17341028223530014,0.05427478138315761
C(semantic_role)[T.patient],0.19774575785132634,0.12297960251803995,-0.03798609774711805,0.007058741928730926,0.0031408631752471118
C(syntactic_role)[T.subject],-0.46476653315646105,-0.03798609774711805,0.12292880984288411,-0.03131243125804976,-0.010365907403824695
C(valence)[T.-val],0.17341028223530014,0.007058741928730926,-0.03131243125804976,0.12478336372762026,0.004716057982737168
C(dominance)[T.-dom],0.05427478138315761,0.0031408631752471118,-0.010365907403824695,0.004716057982737168,0.117126301200073
